precision,recall,threshold
0.15293604967861424,1.0,0.0027044334917130245
0.15367941672322816,1.0,0.005698870231816272
0.15366425083751176,0.9998575295626158,0.00570859497350805
0.1548236228463015,0.9998575295626158,0.007166276879342413
0.15480497705612425,0.9997150591252315,0.007167109314445158
0.15485963983050846,0.9997150591252315,0.007209561407476531
0.15484098783959746,0.9995725886878473,0.007211674387499392
0.15756378009342437,0.9995725886878473,0.00912132110009518
0.15754839868840678,0.999430118250463,0.009122445005901265
0.15793858069164265,0.999430118250463,0.009425712051689628
0.15792673316371333,0.9992876478130788,0.009426921000528448
0.1592064644997276,0.9992876478130788,0.010283387158604244
0.15920183423758824,0.9991451773756945,0.01028505449267826
0.16037778997438712,0.9991451773756945,0.011108820268171147
0.1603585885151051,0.9990027069383103,0.011114088054536573
0.16148868059234012,0.9990027069383103,0.011833035699195363
0.1614693689543989,0.998860236500926,0.011833380643521987
0.16185331394140867,0.998860236500926,0.01209056586302414
0.16183396435497277,0.9987177660635418,0.012095942795820288
0.16310291072384187,0.9987177660635418,0.012853501630809417
0.16309102755026061,0.9985752956261575,0.012854394140817307
0.1633304593013772,0.9985752956261575,0.013001837688086307
0.16331096196868009,0.9984328251887733,0.013002390933254561
0.16345189504373178,0.9984328251887733,0.013065813207714928
0.16343238326258339,0.998290354751389,0.01307003102565959
0.1636881818394188,0.998290354751389,0.01321956077187856
0.16367246816960634,0.9981478843140048,0.013221109692218748
0.16410568724819638,0.9981478843140048,0.013482476347727613
0.16408610714202057,0.9980054138766206,0.013485433459868218
0.16439802863177658,0.9980054138766206,0.013676223301747578
0.16437841770517966,0.9978629434392363,0.013678119615513353
0.16454447211389372,0.9978629434392363,0.0137845288159456
0.16452870970773423,0.9977204730018521,0.01378483636150803
0.16459058005076618,0.9977204730018521,0.013821709320712555
0.16457481314342123,0.9975780025644678,0.013824483908136976
0.1664804203618726,0.9975780025644678,0.014976548718374326
0.16646851816625452,0.9974355321270836,0.01497741141878559
0.1667500297725378,0.9974355321270836,0.015109425975127938
0.16673018292682926,0.9972930616896993,0.01511098001108582
0.16704849179075984,0.9972930616896993,0.01523264142877348
0.16702861370307615,0.9971505912523152,0.015236004688464047
0.16736411678901936,0.9971505912523152,0.015399102880610614
0.16734420584437323,0.997008120814931,0.015401620860464814
0.16774533774389952,0.997008120814931,0.015609916834410285
0.16773342922210235,0.9968656503775467,0.015611197661877104
0.16791859655859273,0.9968656503775467,0.015680892685559004
0.1678986272439282,0.9967231799401625,0.015681023759412518
0.16803170409511228,0.9967231799401625,0.0157454628186344
0.1680117211894125,0.9965807095027782,0.015747338936134645
0.16852173075069865,0.9965807095027782,0.01599978875835661
0.1685098180942055,0.996438239065394,0.016002477292761882
0.16890048057185636,0.996438239065394,0.01620595431981102
0.16889264581572275,0.9962957686280097,0.016208003316799724
0.16891712360201938,0.9962957686280097,0.016212656677973964
0.1689052082326795,0.9961532981906255,0.016215349938279725
0.16924045117877717,0.9961532981906255,0.01638606490706466
0.16922034226514657,0.9960108277532412,0.016394076142181906
0.16992780924138937,0.9960108277532412,0.01680027583916207
0.1699158928484613,0.995868357315857,0.01680540303761849
0.1700150800214039,0.995868357315857,0.016880236844142082
0.17001143301953345,0.9957258868784727,0.016883024871747043
0.17049252311370233,0.9957258868784727,0.017259128525083448
0.17047228727556596,0.9955834164410885,0.01726548881036303
0.17067213755373192,0.9955834164410885,0.01737060828626448
0.17065188188457123,0.9954409460037043,0.01737981239795424
0.1713171832091016,0.9954409460037043,0.017738848148130173
0.17130106419498797,0.99529847556632,0.017739175936444453
0.17190383621644234,0.99529847556632,0.018047270673578832
0.17190037899296157,0.9951560051289358,0.018048749753500754
0.17262257809410833,0.9951560051289358,0.018465823817920397
0.17260639612475903,0.9950135346915515,0.018467721488127208
0.1727472853644661,0.9950135346915515,0.01855764418162532
0.17272682299396458,0.9948710642541673,0.018565163953251924
0.1729321446260525,0.9948710642541673,0.018657478307732313
0.17291166200252606,0.994728593816783,0.018660373521860223
0.1731260383346971,0.994728593816783,0.01877142784442496
0.17310982716294293,0.9945861233793988,0.018773747270234592
0.17408977556109725,0.9945861233793988,0.019256481395028384
0.17406917878251327,0.9944436529420145,0.01926050359106132
0.17431696718445633,0.9944436529420145,0.019389214047343055
0.17429634624509877,0.9943011825046303,0.019393032025909678
0.17435730881654882,0.9943011825046303,0.019419814849374873
0.1743366811572478,0.994158712067246,0.019423686350650234
0.17492229018349545,0.994158712067246,0.019691761736112128
0.17491476133172884,0.9940162416298618,0.01969191494336919
0.17513429389025553,0.9940162416298618,0.019848757230390892
0.17511358787057257,0.9938737711924776,0.019863808208551107
0.17597941525188568,0.9938737711924776,0.020405025617784876
0.1759763851044505,0.9937313007550933,0.020408331218018157
0.17647505313227407,0.9937313007550933,0.020720372316285963
0.17646314617545103,0.9935888303177091,0.020724191857495307
0.17653461587140867,0.9935888303177091,0.02076018546532841
0.17651377075739166,0.9934463598803248,0.020764240717602807
0.17673298694715497,0.9934463598803248,0.020912963155748532
0.17671212044406143,0.9933038894429406,0.02091550421607211
0.1775536710214684,0.9933038894429406,0.02141487476799749
0.17753724691200815,0.9931614190055563,0.021416769497120666
0.17847816068411082,0.9931614190055563,0.02195391438734187
0.1784571267634483,0.9930189485681721,0.02195674763819076
0.17864465860159934,0.9930189485681721,0.02208722475465966
0.17862360630526722,0.9928764781307878,0.022098755627319153
0.17909642269736842,0.9928764781307878,0.022374023068384336
0.17907532574336307,0.9927340076934036,0.022375067285629973
0.17922732650856527,0.9927340076934036,0.02247556692838598
0.1792062144712812,0.9925915372560193,0.022479788644290948
0.17931691246493192,0.9925915372560193,0.0225326101975964
0.17929578914856378,0.9924490668186351,0.022534513322840323
0.1795360824742268,0.9924490668186351,0.022658074976310873
0.17951493595195753,0.9923065963812508,0.022659545065035876
0.180440414507772,0.9923065963812508,0.02308755730159906
0.18041918184408923,0.9921641259438666,0.023090468166628724
0.1804939999481637,0.9921641259438666,0.02313746302583758
0.1804515175863767,0.9918791850690981,0.02314054059415959
0.1810521935869763,0.9918791850690981,0.023451216529102717
0.1810308956621242,0.9917367146317139,0.023461618527486894
0.1810450206767406,0.9917367146317139,0.023467629461125194
0.18102372034956304,0.9915942441943296,0.023469041433924278
0.18215603653589468,0.9915942441943296,0.024146241044502564
0.18213463149078726,0.9914517737569455,0.024146376259667732
0.18225865591116233,0.9914517737569455,0.024227959813256563
0.18224201152435832,0.9913093033195612,0.024229406581703698
0.18263425901622132,0.9913093033195612,0.02442768448791966
0.1826128041578077,0.991166832882177,0.024431348705319825
0.1830500447297795,0.991166832882177,0.02466648751925583
0.18303818119622134,0.9910243624447928,0.02467241586103867
0.1832648329644852,0.9910243624447928,0.02481432964954425
0.18324331445132394,0.9908818920074085,0.02481541649954988
0.1833399235534467,0.9908818920074085,0.02485275029462985
0.18331839510729162,0.9907394215700243,0.024854141726317825
0.18370581708670153,0.9907394215700243,0.025059924452919477
0.18368425223892426,0.99059695113264,0.02506618750092118
0.1844394928112897,0.99059695113264,0.025589264616890803
0.18441785818500145,0.9904544806952558,0.025594169615243394
0.18447168709865733,0.9904544806952558,0.025629359946862034
0.18445004643757462,0.9903120102578715,0.02563032262473221
0.18461661044859368,0.9903120102578715,0.025724374185517433
0.1845949535192563,0.9901695398204873,0.025728185203404755
0.18521973189776936,0.9901695398204873,0.026098071768638247
0.18522269904310046,0.990027069383103,0.02609974652105131
0.18579220362547458,0.990027069383103,0.026471605273746094
0.18577043394561643,0.9898845989457188,0.0264743089188952
0.18595439460443208,0.9898845989457188,0.026569754336527734
0.18593260712469556,0.9897421285083345,0.026571264201204682
0.1859475374732334,0.9897421285083345,0.0265787315018544
0.18592574747718088,0.9895996580709503,0.026579428008701483
0.1860253354401564,0.9895996580709503,0.026637159073238815
0.18600353527237667,0.989457187633566,0.026640174461018965
0.18602346386671667,0.989457187633566,0.026652571511767045
0.18600166072911364,0.9893147171961818,0.02665330630022949
0.18614625777396526,0.9893147171961818,0.026722590683377994
0.18613941018766755,0.9891722467587976,0.026725572486720424
0.18651443922095365,0.9891722467587976,0.02693091939884237
0.18649759557262982,0.9890297763214133,0.026936642883751537
0.18652265033048526,0.9890297763214133,0.026954139759315304
0.18650079264852085,0.9888873058840291,0.02695541345535554
0.18721005502211674,0.9888873058840291,0.02734025562141188
0.18718813216453137,0.9887448354466448,0.02734615277151844
0.18762334748168374,0.9887448354466448,0.027590538993830356
0.18760138423272413,0.9886023650092606,0.02759174508426826
0.1880385886943797,0.9886023650092606,0.02788380563091096
0.18803187164615967,0.9884598945718763,0.027887683537652502
0.18875316266289413,0.9884598945718763,0.02829140785514669
0.18873109152247253,0.9883174241344921,0.028291451424028603
0.18907574477363787,0.9883174241344921,0.0285485844167019
0.18905364151766246,0.9881749536971078,0.02855291586766635
0.1890315370567231,0.9880324832597236,0.028558428813107033
0.18916043860127651,0.9880324832597236,0.028637813575334754
0.18913832137694006,0.9878900128223393,0.02863927376606519
0.18931906296073828,0.9878900128223393,0.028734206958072918
0.1893227744401966,0.9877475423849551,0.028736058517535232
0.18955570745044428,0.9877475423849551,0.02885462377726865
0.18953354842237655,0.9876050719475709,0.02886002023238185
0.19002713890183393,0.9876050719475709,0.029115592678823854
0.19000493448105707,0.9874626015101866,0.029118564256089125
0.19005182483753325,0.9874626015101866,0.029162771615937267
0.19001261449021006,0.9871776606354181,0.029173390276136062
0.1901481888035126,0.9871776606354181,0.02927039698960278
0.19013639981337652,0.9870351901980339,0.029271061944315935
0.1902878488244342,0.9870351901980339,0.02934493014726375
0.1902656082621474,0.9868927197606496,0.029346695473034642
0.190401583244001,0.9868927197606496,0.0294772375892858
0.19036753992907607,0.9866077788858811,0.029478415608333117
0.19039894421379672,0.9866077788858811,0.02948302745082353
0.1903819186669966,0.9864653084484969,0.029484945088273467
0.19041333223331408,0.9864653084484969,0.02949298128084869
0.19039106759804192,0.9863228380111126,0.02949301364355739
0.1907688068338385,0.9863228380111126,0.029736496112622735
0.19075176366843033,0.9861803675737284,0.029738115576957727
0.19084642955610698,0.9861803675737284,0.029813773608770036
0.19082411977170585,0.9860378971363442,0.029818401512402625
0.19105062662176336,0.9860378971363442,0.029919468936518125
0.19102829537612145,0.98589542669896,0.02992230428903234
0.19110742888704776,0.98589542669896,0.03000318902604631
0.1910956444886348,0.9857529562615758,0.030003811887811073
0.19112731692494683,0.9857529562615758,0.030020413089067666
0.1911049723756906,0.9856104858241915,0.030022474424350444
0.1914328407770214,0.9856104858241915,0.03018671798252353
0.19141046572764756,0.9854680153868073,0.03018745856327614
0.19154828168702057,0.9854680153868073,0.03025424825798235
0.1915258931044032,0.985325544949423,0.030260733460333575
0.1915311972084522,0.985325544949423,0.030265420605113273
0.19150880691259556,0.9851830745120388,0.030266534229721167
0.1915830886019837,0.9851830745120388,0.030286147468395738
0.1915606904385892,0.9850406040746545,0.030292273566437045
0.19179450192793143,0.9850406040746545,0.03038931464214355
0.19177740172552502,0.9848981336372703,0.03039012871623753
0.19190517169586097,0.9848981336372703,0.030462996576187045
0.1918827383265782,0.984755663199886,0.030464765972296567
0.19224564721588697,0.984755663199886,0.03063707290149202
0.19222852692478862,0.9846131927625018,0.030637542925447358
0.19305008519791056,0.9846131927625018,0.03118847182406557
0.1930275434381809,0.9844707223251176,0.031191360197982063
0.1932434699927289,0.9844707223251176,0.03129585175958
0.19323712032220172,0.9843282518877333,0.031298154624302556
0.19344271474969202,0.9843282518877333,0.031359203934930184
0.19342013159736804,0.9841857814503491,0.031367006114326385
0.19354477193768913,0.9841857814503491,0.03147363480738756
0.19352217645905131,0.9840433110129648,0.031486968781098516
0.19373387187254573,0.9840433110129648,0.03161230377383658
0.19371125634624556,0.9839008405755806,0.03161304132400805
0.1939887640449438,0.9839008405755806,0.031761512571533014
0.19398246994044274,0.9837583701381963,0.031765758910070024
0.1942607961738641,0.9837583701381963,0.03191415863926575
0.1942381273914022,0.9836158997008121,0.03191520250588938
0.19459398517432847,0.9836158997008121,0.03211931830805589
0.194582252790619,0.9834734292634278,0.03212000600078726
0.19462065465617864,0.9834734292634278,0.03214820895643086
0.1946089212203237,0.9833309588260436,0.03215214289981018
0.19487816585255668,0.9833309588260436,0.03230498275570883
0.19485543257284843,0.9831884883886594,0.03230747695917895
0.19534633566393977,0.9831884883886594,0.03259121432251538
0.1953063073264636,0.9829035475138909,0.03259182950951006
0.1957551854268933,0.9829035475138909,0.03290455274144463
0.19574347332576617,0.9827610770765066,0.032910430336071037
0.19603830960297838,0.9827610770765066,0.0330967116325532
0.19601546069459444,0.9826186066391224,0.03309767084828925
0.19607118489879463,0.9826186066391224,0.033125023278910024
0.19605390345141296,0.9824761362017381,0.03312593617839014
0.19612639003441312,0.9824761362017381,0.033165167548346135
0.19610352673492606,0.9823336657643539,0.03316596577316885
0.1961593172119488,0.9823336657643539,0.03319577874914746
0.19613644769410224,0.9821911953269696,0.0331968664567758
0.19650542998033235,0.9821911953269696,0.03340781092058258
0.19648252665184426,0.9820487248895854,0.033411138184746905
0.19673488026942945,0.9820487248895854,0.03358244698396466
0.1967119534193401,0.9819062544522011,0.033584842261309214
0.1969761925176484,0.9819062544522011,0.033745158431390934
0.19695324111123813,0.9817637840148169,0.033745467914352664
0.19726897973205085,0.9817637840148169,0.033916903901371885
0.19724599925567549,0.9816213135774327,0.03391910763084739
0.19760238614202133,0.9816213135774327,0.03408819243069866
0.19758503986691905,0.9814788431400484,0.034099202349049916
0.19772114115148384,0.9814788431400484,0.034135695371211264
0.19770378874856487,0.9813363727026642,0.03413859168614638
0.19781166537434308,0.9813363727026642,0.03419996950804262
0.19778862722573234,0.9811939022652799,0.03420611765220806
0.19776558775381256,0.9810514318278957,0.03420909442507411
0.19781671933352485,0.9810514318278957,0.034236664260780765
0.1977936740498147,0.9809089613905114,0.03423669074705227
0.19803831329459817,0.9809089613905114,0.034387424984937985
0.1980209412035439,0.9807664909531272,0.03439486134876467
0.19877569877569878,0.9807664909531272,0.03484351517480272
0.19875830205024544,0.9806240205157429,0.03484533835752121
0.19901691484747722,0.9806240205157429,0.03497443292010517
0.1989937543372658,0.9804815500783587,0.03497986240072268
0.19900526285350761,0.9804815500783587,0.034987233219221384
0.19898209999710822,0.9803390796409744,0.03499734534253624
0.19902814334885605,0.9803390796409744,0.035040310232573535
0.19900497512437812,0.9801966092035903,0.035041566986467106
0.19909711772195857,0.9801966092035903,0.03509964210619112
0.19907970133703767,0.9800541387662061,0.03509967907007839
0.19926423729795492,0.9800541387662061,0.03522565708346408
0.19924104168477158,0.9799116683288218,0.03522589665148321
0.19946060377577357,0.9799116683288218,0.03533667600508749
0.19944895591647333,0.9797691978914376,0.0353390022607703
0.1995936729066899,0.9797691978914376,0.03547152492540396
0.19957044174841818,0.9796267274540533,0.035473434313164826
0.20017467248908297,0.9796267274540533,0.035842009151991205
0.20015138723106932,0.9794842570166691,0.0358489498258247
0.20016304189594433,0.9794842570166691,0.035852697627816565
0.20014558159848594,0.9793417865792848,0.03586989573860421
0.20016306563391764,0.9793417865792848,0.03587296721058811
0.20014560279557367,0.9791993161419006,0.03587822952933558
0.20051931380557825,0.9791993161419006,0.03610623053075319
0.20049598832968635,0.9790568457045163,0.03610908429999616
0.20058377116170462,0.9790568457045163,0.03615878174138761
0.2005897121504058,0.9789143752671321,0.03617321633931468
0.20068931273183982,0.9789143752671321,0.03620658823230398
0.20067768884734474,0.9787719048297479,0.036207570157763574
0.20095945708769672,0.9787719048297479,0.03637767280654079
0.2009478395693766,0.9786294343923636,0.036380154705992006
0.2013601852666139,0.9786294343923636,0.036615916592739
0.20133677298311445,0.9784869639549794,0.03661884112012601
0.20131335932690334,0.9783444935175951,0.03662094161579442
0.20175696321541897,0.9783444935175951,0.03690294970621933
0.20174536479299504,0.9782020230802109,0.036903463124921626
0.20182245737801294,0.9782020230802109,0.03696077020502908
0.20179899467944384,0.9780595526428266,0.0369703727484432
0.20228658985767747,0.9780595526428266,0.0372226603136885
0.20226904376012966,0.9779170822054424,0.03722328795694789
0.20228096543188048,0.9779170822054424,0.03723716885315099
0.2022872638311669,0.9777746117680581,0.03723818194946233
0.20297527505027801,0.9777746117680581,0.03753966607414568
0.20295770482105885,0.9776321413306739,0.03753999172439774
0.20334261838440112,0.9776321413306739,0.037727083181937834
0.20331901022373686,0.9774896708932896,0.03773070660591981
0.2034154585075158,0.9774896708932896,0.03778206963486842
0.20339184060721063,0.9773472004559054,0.03779198521740125
0.20344009489916964,0.9773472004559054,0.03781815124342782
0.2034345711235022,0.9772047300185212,0.037818647152940574
0.2036338805925838,0.9772047300185212,0.03795285473970923
0.203610236921798,0.9770622595811369,0.03795650109291082
0.2043078023058361,0.9770622595811369,0.03843791012754038
0.20428409700291963,0.9769197891437527,0.03843901323024063
0.20442417195838178,0.9769197891437527,0.038557671133240524
0.20440045316319838,0.9767773187063684,0.0385919727724431
0.20444311912926794,0.9767773187063684,0.03861509845861462
0.20441939524065128,0.9766348482689842,0.038621499767607786
0.20452918009308987,0.9766348482689842,0.038671334965012134
0.2045054453229897,0.9764923778315999,0.03867141815526264
0.20455427224162115,0.9764923778315999,0.03869178070792737
0.2045305318450427,0.9763499073942157,0.03869832986508523
0.20464046822742474,0.9763499073942157,0.03879819287525092
0.20461671693492997,0.9762074369568314,0.0388029240438301
0.20475123263110712,0.9762074369568314,0.03889743278095149
0.20472746832416924,0.9760649665194472,0.038908150357602374
0.20484377335924653,0.9760649665194472,0.03898776684587431
0.20481999760794165,0.9759224960820629,0.038988237143474824
0.2050345715226436,0.9759224960820629,0.03913466884408142
0.20501077586206898,0.9757800256446787,0.039140975713056095
0.2052380809685056,0.9757800256446787,0.03924361791254323
0.20521426430925982,0.9756375552072944,0.039253970583953954
0.20522656437305203,0.9756375552072944,0.0392605257747163
0.20520889528262304,0.9754950847699102,0.03927405399496598
0.20565267015077793,0.9754950847699102,0.03957839543455118
0.205628810861142,0.975352614332526,0.039603872687949376
0.205758595816302,0.975352614332526,0.039683322684227806
0.20573472393375614,0.9752101438951417,0.03968926869474638
0.2059327897951202,0.9752101438951417,0.039798895684681444
0.20590889945243396,0.9750676734577575,0.039799645208774444
0.2061073300006023,0.9750676734577575,0.03992783564778906
0.2060958347137307,0.9749252030203732,0.0399295889383868
0.20615792486367607,0.9749252030203732,0.03996417971620283
0.20613400819474573,0.974782732582989,0.03996437660774723
0.20615264093524963,0.974782732582989,0.03998519809574637
0.20612872122453899,0.9746402621456048,0.03999470081366602
0.20655193236714975,0.9746402621456048,0.04023554029202326
0.20652797487846855,0.9744977917082206,0.04024336855578349
0.20664028277091326,0.9744977917082206,0.04030361779024951
0.20661631419939577,0.9743553212708363,0.04030440641943672
0.20682251186984002,0.9743553212708363,0.04042505392162875
0.20679955234263936,0.9740703803960679,0.04042509985631491
0.20681206328080098,0.9740703803960679,0.040428993303417385
0.20678806945368747,0.9739279099586836,0.04043382447333982
0.2069445705809342,0.9739279099586836,0.04054448530361362
0.20692056187938968,0.9737854395212994,0.04054452571102552
0.2069330911292764,0.9737854395212994,0.04054916097818476
0.2069341408024224,0.9736429690839151,0.04055797997474241
0.207159962411713,0.9736429690839151,0.040673892406734094
0.2071359282163211,0.9735004986465309,0.040687027453762445
0.20721130519165454,0.9735004986465309,0.040737872517874
0.20719354643052101,0.9733580282091466,0.04074894368035688
0.20813404417364814,0.9733580282091466,0.04140337012626058
0.20810991957104558,0.9732155577717624,0.04141348086905183
0.20856104784294568,0.9732155577717624,0.04167794615971072
0.20854325058776832,0.9730730873343781,0.04169387644703004
0.20889405431857108,0.9730730873343781,0.04195648784266274
0.20886985777641842,0.9729306168969939,0.04195817641390156
0.20913851713471962,0.9729306168969939,0.04211832789562156
0.209114296214627,0.9727881464596096,0.04213164711489865
0.20919758571034652,0.9727881464596096,0.04217814350142235
0.2091733562105521,0.9726456760222254,0.042179856897091056
0.20919258464838364,0.9726456760222254,0.04220317841352113
0.20916835202549489,0.9725032055848412,0.042205963814057675
0.20921964077729419,0.9725032055848412,0.04224187609131913
0.20919540229885059,0.9723607351474569,0.04224355850040657
0.20951006876227898,0.9723607351474569,0.042484752656410926
0.20948580199539524,0.9722182647100727,0.042488410828939394
0.2094615337385645,0.9720757942726884,0.0424884870975794
0.20955159705159704,0.9720757942726884,0.042550981136358974
0.20952731963512392,0.9719333238353042,0.04255143976117757
0.2095852534562212,0.9719333238353042,0.04258291240841909
0.20958028636391568,0.9717908533979199,0.04258386462562805
0.20968981524178426,0.9717908533979199,0.04263894824047242
0.20966551893753074,0.9716483829605357,0.0426397721131006
0.20991074176669744,0.9716483829605357,0.04276630556701446
0.20988148376173618,0.9713634420857672,0.042777203199326735
0.21003665937586644,0.9713634420857672,0.042863386242560704
0.21003173429460517,0.971220971648383,0.042868279584878786
0.21004467724541673,0.971220971648383,0.04288511379978399
0.2100203364762433,0.9710785012109987,0.042892277251501236
0.21037037037037037,0.9710785012109987,0.04312744473161682
0.21034599833328188,0.9709360307736145,0.04313119094928494
0.21104298278211323,0.9709360307736145,0.043595820314169406
0.21101855006038833,0.9707935603362302,0.04359596095889616
0.21147042393395815,0.9707935603362302,0.0438978383543172
0.21144595139815647,0.970651089898846,0.04391677142460946
0.21178116257382654,0.970651089898846,0.044135167475267904
0.2117566601386428,0.9705086194614617,0.04414257040628425
0.21202029319306545,0.9705086194614617,0.04429843208805587
0.21199576693227093,0.9703661490240775,0.044298921259835755
0.2121542486917518,0.9703661490240775,0.04437337751978625
0.2121297075039716,0.9702236785866932,0.044395100148092934
0.2123546103713867,0.9702236785866932,0.04455922946502306
0.2123300486466259,0.970081208149309,0.044560157539109274
0.21264170388182754,0.970081208149309,0.04476061195856227
0.21261711430356028,0.9699387377119247,0.0447613685538222
0.2126768923182656,0.9699387377119247,0.044802989263834136
0.21266558360409898,0.9697962672745405,0.04480739920624956
0.212945004066821,0.9697962672745405,0.045001644421814375
0.21293370459593905,0.9696537968371562,0.04500739530292263
0.21300701051577367,0.9696537968371562,0.045057064932455454
0.21299571191586592,0.969511326399772,0.045071209302204436
0.21381889021554704,0.969511326399772,0.0456657537318158
0.21380762341702542,0.9693688559623878,0.04566599282479902
0.21386138613861386,0.9693688559623878,0.04569587614113045
0.21383667567737474,0.9692263855250035,0.04569862507416331
0.2139711895326162,0.9692263855250035,0.045779112783873324
0.2139531957725214,0.9690839150876194,0.045786290705684046
0.2140946145856284,0.9690839150876194,0.04583592399221224
0.21407661556863608,0.9689414446502351,0.0458377535345224
0.21423846275003938,0.9689414446502351,0.04599131184352269
0.21421370967741934,0.9687989742128509,0.04599191064897762
0.21470068199040163,0.9687989742128509,0.046312791811082187
0.21467588645764263,0.9686565037754666,0.04631927587977956
0.21465108935901484,0.9685140333380824,0.04632133066718978
0.2150313152400835,0.9685140333380824,0.0465752073331531
0.2150064846740265,0.9683715629006981,0.046582605333876474
0.21507451824193904,0.9683715629006981,0.046625405932950906
0.21504968039997469,0.9682290924633139,0.04663289167969695
0.21511094229734434,0.9682290924633139,0.046688113607266005
0.2150860977462649,0.9680866220259297,0.04670438933319022
0.2151542017604965,0.9680866220259297,0.046743313949666764
0.21513616212792908,0.9679441515885454,0.04674944830622763
0.21519749136866112,0.9679441515885454,0.04681450057762647
0.2151862645717182,0.9678016811511612,0.04682101236665455
0.21522035294490385,0.9678016811511612,0.04684153018956168
0.21519548824535834,0.9676592107137769,0.046841688857781213
0.2152295845612701,0.9676592107137769,0.04685715125890627
0.2152047154265433,0.9675167402763927,0.04686613155024714
0.21537534489867116,0.9675167402763927,0.04697738323205135
0.21535045987947987,0.9673742698390084,0.046977722386299096
0.21540511388871264,0.9673742698390084,0.047015619509185674
0.2153802227086704,0.9672317994016242,0.04703502930302395
0.21543489988258813,0.9672317994016242,0.04705211173504685
0.21541000253871542,0.9670893289642399,0.047053292223892026
0.21611639975803112,0.9670893289642399,0.04742746788270636
0.2161052028274852,0.9669468585268557,0.047429088170445444
0.21626358219418157,0.9669468585268557,0.04751261488135553
0.21624549886874223,0.9668043880894714,0.0475197328057286
0.2163696074992826,0.9668043880894714,0.047573208443025324
0.2163446208787705,0.9666619176520872,0.04757821597046113
0.21637221761591938,0.9666619176520872,0.047589883270832675
0.216354126801888,0.966519447214703,0.04760446712899271
0.21642314808907037,0.966519447214703,0.047642291787602646
0.21639814962513956,0.9663769767773187,0.0476452060361978
0.21684782608695652,0.9663769767773187,0.04794241423449215
0.21682278845231626,0.9662345063399345,0.04794270027268067
0.21684358613633456,0.9662345063399345,0.0479585444462694
0.2168185451638689,0.9660920359025502,0.04796200598127166
0.21682547803287075,0.9660920359025502,0.047971107226114945
0.2168073676132003,0.965949565465166,0.047973027820552315
0.21687671933977354,0.965949565465166,0.04800795942662512
0.21685860524632117,0.9658070950277817,0.048008511961671864
0.21694188428059397,0.9658070950277817,0.048049501121730294
0.21691682401510545,0.9656646245903975,0.048050135732319504
0.2172366270311849,0.9656646245903975,0.04820342469975048
0.21721153846153846,0.9655221541530132,0.048208052431933046
0.21739269904407518,0.9655221541530132,0.048296709860961934
0.21736759375100248,0.965379683715629,0.04829957760209545
0.21761192112531313,0.965379683715629,0.048436257554762205
0.2175867938465491,0.9652372132782447,0.048436468565145434
0.2175616649537513,0.9650947428408605,0.048439014579248804
0.2176245703087352,0.9650947428408605,0.0484836197234884
0.21760642570281125,0.9649522724034763,0.048511599594312074
0.21785139916371823,0.9649522724034763,0.0486841734245586
0.21784025476887445,0.964809801966092,0.04868560201353451
0.2179875104615979,0.964809801966092,0.04877423907716609
0.21796233703524867,0.9646673315287078,0.048775070127105774
0.2180746561886051,0.9646673315287078,0.04883395565914991
0.21804947178562226,0.9645248610913235,0.04883714634171017
0.21823222229385597,0.9645248610913235,0.04894642110232362
0.21822109029949385,0.9643823906539393,0.04896496266154969
0.21838301716350497,0.9643823906539393,0.04908747782901134
0.21835779964510404,0.964239920216555,0.04909031064869572
0.2185834705939347,0.964239920216555,0.04927196255425791
0.21857235142118864,0.9640974497791708,0.04928032608969196
0.21861471861471862,0.9640974497791708,0.049289045614630156
0.21858947436435885,0.9639549793417865,0.04929500735273785
0.2189927498705334,0.9639549793417865,0.04956251617189978
0.21896747046447645,0.9638125089044023,0.04956417503714321
0.219671385894272,0.9638125089044023,0.04999340310908283
0.21964604643610977,0.963670038467018,0.04999624639992959
0.2196745802344841,0.963670038467018,0.05003375455002256
0.2196492367651835,0.9635275680296338,0.05003746480987578
0.21981343647414436,0.9635275680296338,0.05012025231016078
0.21978807774816356,0.9633850975922497,0.050127599618292974
0.21983094928478544,0.9633850975922497,0.050143455129758506
0.21980558535713124,0.9632426271548654,0.05014934811528412
0.21999869842509437,0.9632426271548654,0.050241326398504094
0.21997331684618138,0.9631001567174812,0.050242114288685226
0.22071307300509338,0.9631001567174812,0.05069340303169506
0.22069483445438517,0.9629576862800969,0.050699668994799156
0.22077413032827045,0.9629576862800969,0.05074216546459639
0.22074867707584764,0.9628152158427127,0.050747632637240116
0.22082802339639904,0.9628152158427127,0.05082048290410043
0.220809777458253,0.9626727454053284,0.05082070771477243
0.2208964006669064,0.9626727454053284,0.05090811719279787
0.2208709297763829,0.9625302749679442,0.050908368820806876
0.22132678132678132,0.9625302749679442,0.051166767435145796
0.22130127113091339,0.9623878045305599,0.051166926871736455
0.22151898734177214,0.9623878045305599,0.05135207255236745
0.22149345751483948,0.9622453340931757,0.051372757639169764
0.22151525090193505,0.9622453340931757,0.05138808515488056
0.22148971760306996,0.9621028636557915,0.051394865927544345
0.2215696568016274,0.9621028636557915,0.05149374739478413
0.22152584085315832,0.961817922781023,0.051498492687014036
0.22160582983193278,0.961817922781023,0.05154876111386717
0.22158027771394806,0.9616754523436387,0.05154998371203378
0.22161665243942477,0.9616754523436387,0.05156084477443189
0.22159837142106645,0.9615329819062545,0.05156772063663185
0.22163475747922892,0.9615329819062545,0.05159157187410784
0.22160919540229884,0.9613905114688702,0.05159378609152106
0.22163103097185272,0.9613905114688702,0.05160539909924685
0.22161274429298736,0.961248041031486,0.05161000057507316
0.22164914586070958,0.961248041031486,0.05163188758647986
0.22162357501889024,0.9611055705941017,0.05163422645148815
0.22174741963053055,0.9611055705941017,0.051730647634361124
0.22172912557527943,0.9609631001567175,0.051736054909030126
0.22221124069315412,0.9609631001567175,0.05200954379313469
0.222185615919349,0.9608206297193332,0.052023733793869445
0.22227349131538182,0.9608206297193332,0.05207308420434136
0.22224785761371127,0.960678159281949,0.05207410924250173
0.22230647500989054,0.960678159281949,0.05209710052626811
0.2222808347894893,0.9605356888445648,0.05210535408081082
0.22228816353445432,0.9605356888445648,0.052111343791903894
0.2222625210194863,0.9603932184071805,0.052112849043008995
0.22243120174222927,0.9603932184071805,0.05220065003826147
0.2224202224202224,0.9602507479697963,0.05220146514845816
0.22247895692358474,0.9602507479697963,0.052244036382963495
0.22245329108074205,0.960108277532412,0.05224597426339622
0.22292424743632153,0.960108277532412,0.05251964625731023
0.22289854113599525,0.9599658070950278,0.05252586194962009
0.22310519519221217,0.9599658070950278,0.05262775132081528
0.2230794701986755,0.9598233366576435,0.052635749689512214
0.22333090234038322,0.9598233366576435,0.052774666962721005
0.22330515498093817,0.9596808662202593,0.0527783321550522
0.22374277552647312,0.9596808662202593,0.053040047567646555
0.22371699053313404,0.959538395782875,0.0530416763049533
0.22388803935908516,0.959538395782875,0.05313490355356271
0.22386968085106382,0.9593959253454908,0.05315048101379503
0.22392179031024506,0.9593959253454908,0.05317727491410159
0.22389598297419527,0.9592534549081065,0.053180898822492544
0.22400026615210594,0.9592534549081065,0.05325324097037109
0.22397444854775925,0.9591109844707223,0.05325444708839314
0.22430280211908174,0.9591109844707223,0.053486788343849435
0.22427695588431293,0.958968514033338,0.05348720742650943
0.2242511079270934,0.9588260435959538,0.05349393343784824
0.22466283883028443,0.9588260435959538,0.0537610462963862
0.22463695543314974,0.9586835731585696,0.0537824635735182
0.22471947635586428,0.9586835731585696,0.05383797587524707
0.22470859356734912,0.9585411027211853,0.05383827549239247
0.22471609886439545,0.9585411027211853,0.053842676297955014
0.22469020341360768,0.9583986322838011,0.05384618988541058
0.22493061824990804,0.9583986322838011,0.05401051656352458
0.22493478697077118,0.9582561618464168,0.05401379748178924
0.22503262069657734,0.9582561618464168,0.054105380379211775
0.22501422022953124,0.9581136914090326,0.05410760954484985
0.2252478563772776,0.9581136914090326,0.05429066033428704
0.22522190587841232,0.9579712209716483,0.05429560321335002
0.2254786895141008,0.9579712209716483,0.05451289564354624
0.2254527162977867,0.9578287505342642,0.054526637388665276
0.22577070320370743,0.9578287505342642,0.05472550048661214
0.22574470228700003,0.95768628009688,0.05472782465318883
0.22611679224973089,0.95768628009688,0.0549303455738654
0.22610597140454164,0.9575438096594957,0.05493400966561552
0.2262962962962963,0.9575438096594957,0.055002461690023895
0.22627024478938684,0.9574013392221115,0.05501844057186799
0.22624419152804903,0.9572588687847272,0.05502075250090099
0.22652641515795152,0.9572588687847272,0.05519109393267641
0.22650797397080144,0.957116398347343,0.05519144598433175
0.22651561130217818,0.957116398347343,0.05519223424262908
0.2264895302963887,0.9569739279099587,0.055193390664292664
0.22646344753169678,0.9568314574725745,0.05520443762639193
0.22643736300792447,0.9566889870351902,0.05520720234518706
0.2264831866167493,0.9566889870351902,0.05522848910670389
0.22645709660010793,0.956546516597806,0.05523893572837691
0.22677835573870161,0.956546516597806,0.05538556297871397
0.22675223779766931,0.9564040461604217,0.055387862476642874
0.22675989731117416,0.9564040461604217,0.055388206047962234
0.22673377698206262,0.9562615757230375,0.055399761938390905
0.22673829312791405,0.9561191052856532,0.055403989766513194
0.22675361535342614,0.9561191052856532,0.05542214294425544
0.22673514901669256,0.955976634848269,0.05542467869714464
0.22679645778408708,0.955976634848269,0.05543869816960461
0.22677032279871556,0.9558341644108848,0.05543931605997631
0.2270927123176387,0.9558341644108848,0.055629780555818076
0.22707423580786026,0.9556916939735005,0.05563899119453019
0.2273821226399105,0.9556916939735005,0.05587284044130831
0.22738676430702467,0.9555492235361163,0.0558755409730671
0.22764917520874348,0.9555492235361163,0.05601466429975924
0.22762295916635553,0.955406753098732,0.05602000972366767
0.2276615969581749,0.955406753098732,0.056051916808061535
0.22764310450193523,0.9552642826613478,0.05605217090176665
0.22761688113265202,0.9551218122239635,0.05605371501679298
0.2276864556446135,0.9551218122239635,0.05609842272270099
0.22766022484121862,0.9549793417865793,0.05611094867329436
0.2281639321941589,0.9549793417865793,0.056395060154353846
0.22813765871259828,0.954836871349195,0.05639609839401019
0.22816872638137065,0.954836871349195,0.056429135163073324
0.22814244859049435,0.9546944009118108,0.05643185493520945
0.22825901829205983,0.9546944009118108,0.056552269189125676
0.22823272925466684,0.9545519304744265,0.05655690500402537
0.22868455184654243,0.9545519304744265,0.05687419719338457
0.22865822439157593,0.9544094600370423,0.05687545329062612
0.22892389707138708,0.9544094600370423,0.05708977415975299
0.22889754630578907,0.954266989599658,0.057113320168827426
0.2289053689210895,0.954266989599658,0.057113687720358346
0.22888683823780717,0.9541245191622738,0.057115485825765935
0.22900424018602106,0.9541245191622738,0.05722376481712732
0.2289778750470198,0.9539820487248896,0.05722804732941355
0.22899353647276086,0.9539820487248896,0.05722895167871362
0.2289671682626539,0.9538395782875053,0.057229286450663795
0.2289749991449776,0.9538395782875053,0.05722950185101707
0.22894862849716122,0.9536971078501211,0.0572333305789849
0.22900345523587973,0.9536971078501211,0.05726800573353206
0.22897707834416695,0.9535546374127368,0.0572697807331385
0.2289849122446885,0.9535546374127368,0.057276514328994305
0.22895853291364446,0.9534121669753526,0.057280547393006295
0.22909962341663814,0.9534121669753526,0.05738083137739821
0.22908891704043552,0.9532696965379683,0.05738103078858582
0.22930089102124743,0.9532696965379683,0.057563964061173936
0.22927447822063812,0.9531272261005841,0.05756924019471714
0.2297863570790685,0.9531272261005841,0.057924830646973874
0.2297599010751211,0.9529847556631998,0.057933025149343315
0.22973344325364112,0.9528422852258156,0.05793327534410881
0.22983607684112856,0.9528422852258156,0.057970101002201235
0.22980960890782873,0.9526998147884314,0.057981127811323724
0.2299518569463549,0.9526998147884314,0.058066624117327936
0.22992537570067748,0.9525573443510471,0.05808207427789777
0.22993328289428433,0.9525573443510471,0.05810151530902008
0.22990679918836193,0.9524148739136629,0.05810309659745617
0.23046955802247812,0.9524148739136629,0.05858777176352098
0.23045097227968556,0.9522724034762786,0.058589245880325234
0.23053045457680899,0.9522724034762786,0.05862451585806443
0.23050391473804022,0.9521299330388945,0.058630809569307024
0.23094201396088188,0.9521299330388945,0.05891867585461641
0.23091543698379238,0.9519874626015102,0.05894251856703627
0.23088885816975394,0.951844992164126,0.058943414862581846
0.23100062236359864,0.951844992164126,0.05902991783377798
0.23097403270979566,0.9517025217267417,0.059029935576087
0.23099000657007504,0.9517025217267417,0.0590390562256207
0.23097140090604143,0.9515600512893575,0.0590400257794973
0.23101134477033758,0.9515600512893575,0.05905955645637615
0.23098474629033933,0.9514175808519733,0.059060894946324036
0.23104868006781304,0.9514175808519733,0.05910884676954166
0.2310220745969137,0.951275110414589,0.059119002290880796
0.23131019192129149,0.951275110414589,0.059317132501974824
0.2312835614065477,0.9511326399772048,0.05933169014897937
0.23130760169080453,0.9511326399772048,0.05935256012015148
0.23128096739544715,0.9509901695398205,0.05935427568450996
0.23143332639900147,0.9509901695398205,0.05941322092816346
0.23142272616942336,0.9508476991024363,0.05941481463033529
0.23143075109230876,0.9508476991024363,0.05942483736600337
0.23140409890071784,0.950705228665052,0.05943493811396139
0.23149240269201415,0.950705228665052,0.059486461793630645
0.2314657415437988,0.9505627582276678,0.059489597656955814
0.23151393178111662,0.9505627582276678,0.059520299590862503
0.23148726490387952,0.9504202877902835,0.05955042285739326
0.231591737545565,0.9504202877902835,0.059608319496193815
0.23158114019859732,0.9502778173528993,0.05960841553297504
0.23159722222222223,0.9502778173528993,0.05961749952047356
0.23157054064377236,0.950135346915515,0.059622533741674776
0.23159466592582303,0.950135346915515,0.05963201396230318
0.23157602278252415,0.9499928764781308,0.059634298583040535
0.2316484280006948,0.9499928764781308,0.05967508204182594
0.23165392633773454,0.9498504060407466,0.05968426261335941
0.23183920436763222,0.9498504060407466,0.05975797484063317
0.2318124913061622,0.9497079356033623,0.05975804647303912
0.23185280511982193,0.9497079356033623,0.059774886707639356
0.23182608695652174,0.9495654651659781,0.05978029261634301
0.23198746954403063,0.9495654651659781,0.05984300691405743
0.23196073653799296,0.9494229947285938,0.05984332126216415
0.232033426183844,0.9494229947285938,0.05986676490453732
0.23200668546954978,0.9492805242912096,0.05986728940439538
0.23206324881582613,0.9492805242912096,0.05988018630563324
0.23203650168924803,0.9491380538538253,0.05989373811780442
0.2325467746439542,0.9491380538538253,0.06023301498951468
0.23255245609747582,0.9489955834164411,0.06024111802161118
0.2326255500454006,0.9489955834164411,0.06028612520435575
0.2326149977297335,0.9488531129790568,0.06028797578030999
0.23269627196813528,0.9488531129790568,0.06031416590203056
0.23266946191474494,0.9487106425416726,0.060319227586193555
0.23267759180963696,0.9487106425416726,0.060326516548328525
0.23265077922985533,0.9485681721042883,0.06033720531521956
0.232691433963583,0.9485681721042883,0.06037396345506484
0.2326646162449322,0.9484257016669041,0.06037501993980928
0.23268901394666014,0.9484257016669041,0.060408985029678036
0.232662192393736,0.9482832312295199,0.060409677328681445
0.23268659325292781,0.9482832312295199,0.06041335540971844
0.23265976786463433,0.9481407607921356,0.06041802097891978
0.232667901968325,0.9481407607921356,0.060429440150642305
0.23264107405076567,0.9479982903547514,0.060429907447971165
0.23280386257084879,0.9479982903547514,0.060524354168925584
0.23277701969840103,0.9478558199173671,0.060528262408294
0.23310325496653936,0.9478558199173671,0.0607793067869388
0.23307638402242467,0.9477133494799829,0.06078091379848633
0.23315807921486154,0.9477133494799829,0.06085097591889454
0.23313119983175015,0.9475708790425986,0.0608588835033131
0.23317206562894405,0.9475708790425986,0.06088874692498348
0.23314518108193388,0.9474284086052144,0.06089220058726575
0.2333251464860882,0.9474284086052144,0.060962538844928506
0.2332982456140351,0.9472859381678301,0.060965222647019146
0.233388325318544,0.9472859381678301,0.06103417307001599
0.2333614153327717,0.9471434677304459,0.06104029757069878
0.2333859926276988,0.9471434677304459,0.06106112585869179
0.23335907878107007,0.9470009972930616,0.06107469568541823
0.23370367765979888,0.9470009972930616,0.061293485049485064
0.23367673429204316,0.9468585268556774,0.06129448615744691
0.23377537022054945,0.9468585268556774,0.06138114047131252
0.2337566398142611,0.9467160564182932,0.061384609885435405
0.23372968409202843,0.946573585980909,0.06138596101474934
0.23394366197183097,0.946573585980909,0.06148458663415982
0.23391668720729603,0.9464311155435248,0.06148958643870765
0.23423010472127218,0.9464311155435248,0.061673533385266634
0.2342031029619182,0.9462886451061405,0.06168642063212146
0.23447594168108166,0.9462886451061405,0.06181751035835732
0.23444891619007271,0.9461461746687563,0.06182598854843103
0.23448202810535979,0.9461461746687563,0.06185711572801085
0.23445499805797818,0.946003704231372,0.06186570468422389
0.23450467949849904,0.946003704231372,0.06191125458775708
0.23447764356855266,0.9458612337939878,0.06192450126342565
0.23471804843556657,0.9458612337939878,0.0620036616524471
0.23469099137321453,0.9457187633566035,0.06200368032748659
0.2351982425681182,0.9457187633566035,0.06226493295677349
0.23517114307986678,0.9455762929192193,0.062267047486764544
0.23521281496969912,0.9455762929192193,0.06230057593433787
0.23517527380994577,0.9452913520444508,0.06230663201958378
0.23519194640388502,0.9452913520444508,0.06231434328747141
0.23516483516483516,0.9451488816070666,0.06233014510239956
0.235256569381893,0.9451488816070666,0.06237505584802307
0.2352294488970849,0.9450064111696823,0.062376330610689895
0.2353212473835456,0.9450064111696823,0.06240425460173316
0.23529411764705882,0.9448639407322981,0.06241236116730201
0.2353275140160386,0.9448639407322981,0.062422527089876376
0.2353170800951063,0.9447214702949138,0.06242285561310502
0.23535048802129546,0.9447214702949138,0.06244121424060033
0.23532334776744515,0.9445789998575296,0.06244428786830388
0.23534005395428084,0.9445789998575296,0.06245250079983122
0.235312910439814,0.9444365294201453,0.06245456251610283
0.23534632726239926,0.9444365294201453,0.06247773688006825
0.2353191791521693,0.9442940589827611,0.06248134438459989
0.2354111170307228,0.9442940589827611,0.06252877668772833
0.2353923205342237,0.9441515885453768,0.06252959702353164
0.2354006820119352,0.9441515885453768,0.06254448742602488
0.23537352136691414,0.9440091181079926,0.06254518247280333
0.2354738974377199,0.9440091181079926,0.0625870507549658
0.23544672684625773,0.9438666476706083,0.06259564792093236
0.23541955432348866,0.9437241772332241,0.062597739020048
0.23542792152402617,0.9437241772332241,0.06260269006684889
0.23540074640127953,0.9435817067958399,0.06261353214535238
0.23560172174593574,0.9435817067958399,0.0627127278819225
0.23557452863749556,0.9434392363584556,0.0627238122617043
0.2356751370204285,0.9434392363584556,0.06282211485205445
0.2356479339431256,0.9432967659210714,0.0628261054024578
0.23567309745853207,0.9432967659210714,0.06283564795991045
0.23564589043533976,0.9431542954836871,0.06285276649490498
0.23575498575498577,0.9431542954836871,0.06294958060575488
0.23572776808290893,0.9430118250463029,0.06295232355972406
0.23597147950089126,0.9430118250463029,0.06310152819563747
0.23594424043637918,0.9428693546089186,0.06310303511721554
0.23623902334547012,0.9428693546089186,0.06333703235329073
0.23621175882625925,0.9427268841715344,0.06334402701011622
0.23618449236041697,0.9425844137341501,0.06334661770447717
0.23659836212137467,0.9425844137341501,0.06363361347858558
0.23657106072527,0.9424419432967659,0.06364157968823173
0.23660490736104156,0.9424419432967659,0.06368871988956003
0.23657760131630717,0.9422994728593816,0.06369719516652572
0.23658606381456573,0.9422994728593816,0.06370424542634326
0.23656721757172497,0.9421570024219974,0.06370727076167265
0.23653990627124102,0.9420145319846132,0.06371538291365189
0.23663302555293106,0.9420145319846132,0.06377483420116782
0.23660570487813606,0.9418720615472289,0.06377666083196992
0.2367836676217765,0.9418720615472289,0.06389238270409565
0.2367563308141409,0.9417295911098447,0.06389377306027716
0.236728992048141,0.9415871206724604,0.06389994995816609
0.23676291466647562,0.9415871206724604,0.06392599808682288
0.2367525348428935,0.9414446502350762,0.06393189389309659
0.2368883312421581,0.9414446502350762,0.06402949811586059
0.23686097368609738,0.9413021797976919,0.06403054406027192
0.2369034386317186,0.9413021797976919,0.06407051172621452
0.2368845698712662,0.9411597093603077,0.06407313386983086
0.23689306462023954,0.9411597093603077,0.06408886715530884
0.23686569840415994,0.9410172389229234,0.06409117476962019
0.23699318263365626,0.9410172389229234,0.06419171020251524
0.23696580429868314,0.9408747684855393,0.06419481578921456
0.23700832615561299,0.9408747684855393,0.06422890426674212
0.23698094246850662,0.9407322980481551,0.06424932248601188
0.23700646087580762,0.9407322980481551,0.06426481377382681
0.23697907318999245,0.9405898276107708,0.06426776445654465
0.23701310357206964,0.9405898276107708,0.064289352588889
0.23698571120844403,0.9404473571733866,0.06429019163117859
0.23702825954253295,0.9404473571733866,0.06432852718590008
0.23700086182131572,0.9403048867360023,0.06433237993644833
0.2370093726433727,0.9403048867360023,0.06433392666835838
0.23698197227608991,0.9401624162986181,0.06434918341532184
0.23700750637503143,0.9401624162986181,0.06435586138340325
0.23698010200416636,0.9400199458612338,0.06435892309875625
0.23705673121833795,0.9400199458612338,0.06439587575060282
0.23702931876976144,0.9398774754238496,0.06440664894708137
0.23700190435126298,0.9397350049864653,0.06441857113029764
0.23711266086706448,0.9397350049864653,0.06448055688395835
0.23708523564726605,0.9395925345490811,0.06448491264094425
0.23746939363387584,0.9395925345490811,0.06477880681702312
0.2374419358323431,0.9394500641116968,0.06478485926434309
0.2376301848715269,0.9394500641116968,0.06494509260143153
0.23760271010523282,0.9393075936743126,0.06494641117067187
0.23778266671475456,0.9393075936743126,0.0650879450882402
0.23775517564740675,0.9391651232369284,0.06509107943461974
0.2378495399603103,0.9391651232369284,0.06511134363820041
0.23782203940246807,0.9390226527995441,0.06511353035782087
0.23782886426792738,0.9388801823621599,0.06511649327513251
0.23795768036397777,0.9388801823621599,0.0651967402947867
0.2379301628570397,0.9387377119247756,0.0651978715260276
0.23800751336512066,0.9387377119247756,0.06526164585825414
0.23798858463983816,0.9385952414873914,0.0652866475050704
0.2381348273992409,0.9385952414873914,0.06537312131993762
0.23810728744939272,0.9384527710500071,0.06537832444096692
0.23824508101851852,0.9384527710500071,0.0654437222085047
0.23821752812240027,0.9383103006126229,0.06544922167713897
0.23825199869768116,0.9383103006126229,0.06546654797133829
0.23825891887980316,0.9381678301752386,0.06547511976754801
0.23841419261404778,0.9381678301752386,0.06561558820063838
0.23838661790796192,0.9380253597378544,0.06561561166237717
0.23842114792685135,0.9380253597378544,0.06564684128861822
0.23839356847975665,0.9378828893004701,0.06565467809146702
0.23854042106026016,0.9378828893004701,0.06570622533836186
0.23855605088615853,0.9377404188630859,0.06570952722867937
0.238703126133314,0.9377404188630859,0.06576327401385768
0.23867551590323868,0.9375979484257017,0.0657765407725342
0.23870148712368516,0.9375979484257017,0.06578975963245341
0.23867387282817656,0.9374554779883174,0.0657916337622891
0.23883847549909257,0.9374554779883174,0.0658931667168188
0.23880922127427845,0.9371705371135489,0.06589556938236904
0.23906959840087225,0.9371705371135489,0.06612230552057012
0.23906800915997237,0.9370280666761647,0.06612313451647235
0.23910277383938633,0.9370280666761647,0.06616605560170381
0.23907511088489783,0.9368855962387804,0.06617275258480572
0.2390838029449191,0.9368855962387804,0.06618679423931216
0.23907352192567813,0.9367431258013962,0.0661899908133334
0.23922139348735674,0.9367431258013962,0.06625220870112103
0.23919371270557416,0.9366006553640119,0.06625983692610138
0.2392807745504841,0.9366006553640119,0.06633589540573924
0.23925308484694063,0.9364581849266277,0.06633654918675118
0.23927050343999126,0.9364581849266277,0.06636346136405595
0.23924281033855116,0.9363157144892434,0.06637720674153084
0.23932993445010925,0.9363157144892434,0.0664407144848542
0.23930223241924323,0.9361732440518592,0.06644072268971239
0.23927452837060237,0.936030773614475,0.06644385692725309
0.23930939025278647,0.936030773614475,0.06646694604538282
0.23929911478634658,0.9358883031770907,0.0664721371690371
0.2393688736654156,0.9358883031770907,0.06652055960925696
0.23934115589242766,0.9357458327397065,0.06653501329300851
0.23951571730727153,0.9357458327397065,0.06664245635713227
0.23948798366215673,0.9356033623023222,0.06667151333974737
0.23966278602970695,0.9356033623023222,0.06677387307610803
0.23963503649635037,0.935460891864938,0.06678709160692557
0.2401521524450459,0.935460891864938,0.06708235886584808
0.24013314312886352,0.9353184214275538,0.06708600985242494
0.2404409610313507,0.9353184214275538,0.06729240318363226
0.24041314141303152,0.9351759509901696,0.06729668475597775
0.24069524403212203,0.9351759509901696,0.06753057600829947
0.24068505207569313,0.9350334805527853,0.06753236154179175
0.2407380236226249,0.9350334805527853,0.06756933470602237
0.24071017204064415,0.9348910101154011,0.06758205608767989
0.24077199677111616,0.9348910101154011,0.0676660860633533
0.24074413826000807,0.9347485396780169,0.06766966906726422
0.24077947814598702,0.9347485396780169,0.06772695351221832
0.24075161479741633,0.9346060692406326,0.06774080483993808
0.24072374940360405,0.9344635988032484,0.06774643645564668
0.2409536754711436,0.9344635988032484,0.06790885143034527
0.24092578986039676,0.9343211283658641,0.06791084599843221
0.24094349327650819,0.9343211283658641,0.06791589194284983
0.24099529550132315,0.9341786579284799,0.06793325358263275
0.24106617647058823,0.9341786579284799,0.06796368255804584
0.24103827346593626,0.9340361874910956,0.06797077360073175
0.2411180581095991,0.9340361874910956,0.0680313659080856
0.24109014675052412,0.9338937170537114,0.0680328506272469
0.24106223333823745,0.9337512466163271,0.06803564158456292
0.24111544404385254,0.9337512466163271,0.06806873542911487
0.24110526509437433,0.9336087761789429,0.0680715260249596
0.2411230084262428,0.9336087761789429,0.06809923843029245
0.24109508389755666,0.9334663057415586,0.06810104911588348
0.2412904176180305,0.9334663057415586,0.06822290915531767
0.2412713612256924,0.9333238353041744,0.06823305519517107
0.24152042471611856,0.9333238353041744,0.0684930643845738
0.24149246027356855,0.9331813648667902,0.06849721838215977
0.2415102687953984,0.9331813648667902,0.06851899827364745
0.24148230088495576,0.9330388944294059,0.06852609161243692
0.2415268301678038,0.9330388944294059,0.06854129936530329
0.24149885667920631,0.9328964239920217,0.06855321754844955
0.24152558002286895,0.9328964239920217,0.06857994714293915
0.2414976023607525,0.9327539535546374,0.06858330971032206
0.2414696226345494,0.9326114831172532,0.06858873557904455
0.24159439010887618,0.9326114831172532,0.06866208261299332
0.2415663984646047,0.9324690126798689,0.06866257213676201
0.24195933456561922,0.9324690126798689,0.06891396928709032
0.24193130984509595,0.9323265422424847,0.06891454249980215
0.24228960716798104,0.9323265422424847,0.06920993195831852
0.24226155213270142,0.9321840718051004,0.06922427782479978
0.2422794934459009,0.9321840718051004,0.06922557619964113
0.24225143491945936,0.9320416013677162,0.0692369936264565
0.24226040586579767,0.9320416013677162,0.06924175635558698
0.24223234455430878,0.9318991309303319,0.06926259863613675
0.24224131545811423,0.9318991309303319,0.06926348439097207
0.2422311937479166,0.9317566604929477,0.06926659065867825
0.2424736764051609,0.9317566604929477,0.06942555234481602
0.24244558970746358,0.9316141900555635,0.06942693045089805
0.2428597957288765,0.9316141900555635,0.06971743479143737
0.24283167434259398,0.9314717196181792,0.06972446359964413
0.24297606659729448,0.9314717196181792,0.06978856299479672
0.24294793176496823,0.931329249180795,0.06978979672162818
0.2431919642857143,0.931329249180795,0.0699272164860913
0.24316380817738756,0.9311867787434107,0.06993443903024948
0.24356251164523943,0.9311867787434107,0.07016469012249855
0.24353432212864276,0.9310443083060265,0.07016882904262452
0.24359786781973386,0.9310443083060265,0.07022328917693726
0.2435696712144934,0.9309018378686422,0.07022560090320898
0.24357875116495806,0.9309018378686422,0.07022689552595501
0.24356871225113713,0.930759367431258,0.07023785835477526
0.24365046805653973,0.930759367431258,0.07029606884375879
0.2436586093703372,0.9306168969938737,0.07031416958833384
0.24390426048317837,0.9306168969938737,0.0704849442131825
0.24387602688573562,0.9304744265564895,0.07050382798311765
0.24399447080360145,0.9304744265564895,0.07053935250903236
0.243966225808862,0.9303319561191052,0.07054356907841708
0.24401180822839205,0.9303319561191052,0.07058361027581204
0.24398355754857998,0.930189485681721,0.07058836217363279
0.24405651913875598,0.930189485681721,0.07065479774649211
0.244028260625771,0.9300470152443367,0.0706582304025373
0.24438454627133874,0.9300470152443367,0.07091863873796908
0.24435625772153793,0.9299045448069525,0.07091969543030113
0.2448788174382832,0.9299045448069525,0.07118001624868797
0.24485048587401043,0.9297620743695684,0.07118101591771869
0.24495158021169583,0.9297620743695684,0.07124556128177627
0.24492323861716903,0.9296196039321841,0.0712490652802969
0.24509803921568626,0.9296196039321841,0.07135461572823328
0.24515256275364497,0.9294771334947999,0.07136157575438422
0.24518020218722988,0.9294771334947999,0.07137839982878627
0.24515183403487673,0.9293346630574156,0.0713852581158007
0.24522556390977443,0.9293346630574156,0.07142255307485967
0.2452064064967291,0.9291921926200314,0.07142550569435098
0.24517802759709742,0.9290497221826471,0.07142743812729453
0.24560280215434446,0.9290497221826471,0.07168636693652625
0.2455743879472693,0.9289072517452629,0.07168643459536911
0.24614919963757173,0.9289072517452629,0.07206222070748879
0.24612073847547852,0.9287647813078787,0.07206661182739006
0.24646502835538753,0.9287647813078787,0.07231948827750467
0.24643653824341186,0.9286223108704944,0.07232882837326275
0.24657637890595446,0.9286223108704944,0.07244256406077837
0.24654787576135892,0.9284798404331102,0.07244378583669764
0.24672522147346104,0.9284798404331102,0.0725874628892522
0.2466967023814031,0.9283373699957259,0.07259105145140447
0.24675275495133867,0.9283373699957259,0.07262795712394186
0.24672422934181626,0.9281948995583417,0.07263004165156954
0.24679899992423668,0.9281948995583417,0.07269122765234957
0.24677046634087207,0.9280524291209574,0.07269521636305526
0.2468452764409413,0.9280524291209574,0.07273366079999502
0.24681673487949068,0.9279099586835732,0.07273806519342388
0.24695711523148675,0.9279099586835732,0.07285442289945865
0.24692856059457,0.9277674882461889,0.07285720270109325
0.2470690898053648,0.9277674882461889,0.07291135390528276
0.2470405220822583,0.9276250178088047,0.07292834789870732
0.24719058466211086,0.9276250178088047,0.07303886622776008
0.24716200311325412,0.9274825473714204,0.07305319982899691
0.2471807722975282,0.9274825473714204,0.07307670621740504
0.2471521871202916,0.9273400769340362,0.07308111110054256
0.2474528588807786,0.9273400769340362,0.07327227671477535
0.24742424818461772,0.927197606496652,0.07328206262090936
0.24740504163339797,0.9270551360592677,0.0732886622247327
0.24750855838721947,0.9270551360592677,0.07344433986582123
0.2474799345733957,0.9269126656218835,0.07345366060821266
0.24774380259700696,0.9269126656218835,0.07360595208513702
0.2477151561309977,0.9267701951844992,0.07360809879688589
0.24781896453198218,0.9267701951844992,0.07368613384417196
0.24779030783297776,0.926627724747115,0.07369072235001783
0.24786585365853658,0.926627724747115,0.073740656734051
0.24783718891726056,0.9264852543097307,0.07375191824755471
0.24785608110683385,0.9264852543097307,0.07378845573489697
0.24782741271535294,0.9263427838723465,0.07379016074999079
0.2478463063200427,0.9263427838723465,0.07379343138113557
0.2478176342774368,0.9262003134349622,0.07381131707433145
0.24786487723044076,0.9262003134349622,0.07384089593341171
0.24783619933656156,0.926057842997578,0.07384390656216645
0.24788345663946304,0.926057842997578,0.07387623286565034
0.24785477289195681,0.9259153725601937,0.07389867813607309
0.24795879435330026,0.9259153725601937,0.07394621335804974
0.24793010034720897,0.9257729021228095,0.07394703344208817
0.2479868717322444,0.9257729021228095,0.07399856913567496
0.24796763482309836,0.9256304316854252,0.07399907087024699
0.24815706046369504,0.9256304316854252,0.07411425769579391
0.24812834224598931,0.925487961248041,0.07412940424212418
0.24809962183429465,0.9253454908106568,0.07412979009454627
0.24824185904295978,0.9253454908106568,0.07424788682786258
0.24821312540610785,0.9252030203732725,0.07424833103302333
0.24831752829611503,0.9252030203732725,0.0743031139766379
0.2482887843677106,0.9250605499358883,0.0743039808413797
0.24865009765251025,0.9250605499358883,0.07456847357640536
0.24862132352941177,0.924918079498504,0.07456894586231458
0.2488595852340246,0.924918079498504,0.07469994537931707
0.24884032969139352,0.9247756090611198,0.0747053494330672
0.24906949081002264,0.9247756090611198,0.07483802011010336
0.24904067536454336,0.9246331386237355,0.07484382827018404
0.24941393489873565,0.9246331386237355,0.07506647205216974
0.24941384479378867,0.9244906681863513,0.07508202536963626
0.24952893674293405,0.9244906681863513,0.07516419852061304
0.24950007691124443,0.924348197748967,0.07516955317704589
0.2499133315357652,0.924348197748967,0.07533655684329123
0.249884437596302,0.9242057273115828,0.0753461671515152
0.24985554143071767,0.9240632568741987,0.07534928503147627
0.24990367573399092,0.9240632568741987,0.07538306598552427
0.24988440197287298,0.9239207864368144,0.07538404229538691
0.24985549689800007,0.9237783159994302,0.07538477255583399
0.2499614494988435,0.9237783159994302,0.07546073145561284
0.24993253402212884,0.9236358455620459,0.07547394793617815
0.24990361631583005,0.9234933751246617,0.07547855006737399
0.24993252361673415,0.9234933751246617,0.07548956117587648
0.2499132379593568,0.9233509046872774,0.0754913745391331
0.24993251320812926,0.9233509046872774,0.07550745866275031
0.24992286331379204,0.9232084342498932,0.07551798897790468
0.2501544163063619,0.9232084342498932,0.07570474808535727
0.2501254680924989,0.9230659638125089,0.07570870964801477
0.2501351247007953,0.9230659638125089,0.07570895159473066
0.25013514557108657,0.9229234933751247,0.07571521517703692
0.2502511009812254,0.9229234933751247,0.07579836743356035
0.25022213637241647,0.9227810229377404,0.07580450891445781
0.2502318034306908,0.9227810229377404,0.07582092607825494
0.25020283583819497,0.9226385525003562,0.07582915739961613
0.2502125028977668,0.9226385525003562,0.07583039505231803
0.2501835323210077,0.922496082062972,0.07584096670976066
0.25028023655830856,0.922496082062972,0.07589521357988709
0.250260930070741,0.9223536116255877,0.07590783498985017
0.25031898851641343,0.9223536116255877,0.07593550550643338
0.2502900007733354,0.9222111411882035,0.07594028866724177
0.2504837086912778,0.9222111411882035,0.07610432355636634
0.2504547037653342,0.9220686707508192,0.07611850084255747
0.25042569659442726,0.921926200313435,0.07611895628203469
0.25044508088861367,0.921926200313435,0.07612268057960767
0.25041606997716453,0.9217837298760507,0.07612325521169871
0.25044514980258575,0.9217837298760507,0.07613604833418561
0.2504161344017342,0.9216412594386665,0.07613921980354503
0.25104781123874575,0.9216412594386665,0.07648856162557008
0.25101874490627546,0.9214987890012822,0.07649258570292139
0.251106452364314,0.9214987890012822,0.07656359380273238
0.2510968743933217,0.921356318563898,0.07658067760563592
0.2510677952939349,0.9212138481265137,0.07659110642524322
0.2510582113315988,0.9210713776891295,0.07659563919609065
0.25124358775066064,0.9210713776891295,0.07674000566249868
0.25121448836034355,0.9209289072517453,0.0767542908347043
0.25126331337946045,0.9209289072517453,0.07679194057452636
0.25124397449852276,0.920786436814361,0.07680348087223432
0.25125374178750537,0.920786436814361,0.07681098861423005
0.2512539367782573,0.9206439663769768,0.07682306361500876
0.2512248230811105,0.9205014959395925,0.07682870054874813
0.2512834474175482,0.9205014959395925,0.07687110753294372
0.2512543269417759,0.9203590255022083,0.0768795888071996
0.25146950056444395,0.9203590255022083,0.07701053970588141
0.25144036125817504,0.920216555064824,0.07702962907444183
0.25187178287318673,0.920216555064824,0.07728186223281625
0.25186225186225186,0.9200740846274398,0.07728486677037069
0.25188189866999494,0.9200740846274398,0.07728771132452426
0.2518527186207973,0.9199316141900555,0.07730131676016694
0.25200015610974513,0.9199316141900555,0.07739280746681505
0.25197096245414097,0.9197891437526713,0.07739418996659708
0.2520004684023576,0.9197891437526713,0.07739939061254955
0.2519519050593379,0.9195042028779028,0.07740540998707574
0.2519617411672848,0.9195042028779028,0.077406996944513
0.25193253689388617,0.9193617324405186,0.07740726771119244
0.25204077647150724,0.9193617324405186,0.07748180665817345
0.25201156159675026,0.9192192620031343,0.07748239582455643
0.2521691550066443,0.9192192620031343,0.07758662184691069
0.25213992573773697,0.9190767915657501,0.07759763037960554
0.2521793518627106,0.9190767915657501,0.07762355214940947
0.25215011727912434,0.9189343211283658,0.07764662259710128
0.2526340527202225,0.9189343211283658,0.07799603792296746
0.2526047786917352,0.9187918506909816,0.07800183122631185
0.2526344654679359,0.9187918506909816,0.07801117597818608
0.25260518686829114,0.9186493802535973,0.0780252267223943
0.25262498041059395,0.9186493802535973,0.07805181344160557
0.2525956979978843,0.9185069098162132,0.07805437250756819
0.25272442179537435,0.9185069098162132,0.07813034002173413
0.2526951272100043,0.918364439378829,0.0781465778266808
0.2527446675031368,0.918364439378829,0.0781644001763867
0.25273518685541746,0.9182219689414447,0.07816510873326427
0.2531024191014766,0.9182219689414447,0.0783927052383704
0.253073086439147,0.9180794985040605,0.07841700710301147
0.2531128481087238,0.9180794985040605,0.07846034472003048
0.25308351009505853,0.9179370280666762,0.078462353228911
0.2533123648515825,0.9179370280666762,0.07862070825789573
0.2532830069985059,0.917794557629292,0.07862786244235456
0.2535421914357683,0.917794557629292,0.07876573690317729
0.2535128114299209,0.9176520871919077,0.07876855426827378
0.25357269398842563,0.9176520871919077,0.0788079719620249
0.25354330708661416,0.9175096167545235,0.07881702888067418
0.2535632726986377,0.9175096167545235,0.07883136351711766
0.25353388195456156,0.9173671463171392,0.07884695019384295
0.2540139650479309,0.9173671463171392,0.07906261749493465
0.25398453526905473,0.917224675879755,0.07906480973718383
0.25410483107041365,0.917224675879755,0.07911175045942329
0.25407538977698835,0.9170822054423707,0.07911390177675248
0.2541054792357493,0.9170822054423707,0.07912912720757247
0.25410677618069816,0.9167972645676022,0.07914784584152383
0.25429756965026673,0.9167972645676022,0.07923956536169162
0.2542680999051533,0.916654794130218,0.07924356556446104
0.25440885725583234,0.916654794130218,0.07930680339206438
0.25437937443157105,0.9165123236928338,0.0793174742789847
0.25444980618621943,0.9165123236928338,0.07935580257364884
0.2544706440892546,0.9163698532554495,0.07937207214642775
0.25451092117758783,0.9163698532554495,0.07938242635384198
0.25450156318018125,0.9162273828180653,0.07938741019770634
0.25456200767921466,0.9162273828180653,0.07943382129635149
0.2545324994062228,0.916084912380681,0.07943434660323857
0.25469381288124854,0.916084912380681,0.07953058832535366
0.2546642899584076,0.9159424419432968,0.07953094942379717
0.2548156956004756,0.9159424419432968,0.07965841460855894
0.2547861587855246,0.9157999715059125,0.07966870746007781
0.25483666349508405,0.9157999715059125,0.07968630470144403
0.2548071204852714,0.9156575010685283,0.07968976889352417
0.25554671968190856,0.9156575010685283,0.08010579693473498
0.25551711797685794,0.915515030631144,0.08010589250100572
0.2555984248836562,0.915515030631144,0.08015499638846575
0.25556881463802705,0.9153725601937598,0.08017002978244257
0.25565016711761895,0.9153725601937598,0.08027162683978728
0.2556408929921605,0.9152300897563755,0.0802840819368988
0.255966848627326,0.9152300897563755,0.0805439343198098
0.2559372011475932,0.9150876193189913,0.08055621724595265
0.25590755130504084,0.914945148881607,0.08055802217702011
0.25600956747059994,0.914945148881607,0.0806161439847061
0.2560207336523126,0.9148026784442228,0.0806296670779282
0.2561535085969601,0.9148026784442228,0.08067369254294887
0.25612383308066705,0.9146602080068386,0.08068330933338415
0.25622605363984674,0.9146602080068386,0.0807242874121078
0.25621682034087734,0.9145177375694543,0.0807259078787346
0.2565342498601231,0.9145177375694543,0.08095416851125745
0.25650453618960073,0.9143752671320701,0.08096019612356548
0.2565660603637817,0.9143752671320701,0.08104222242309993
0.2565363396497961,0.9142327966946858,0.08105556563288038
0.2568957924656712,0.9142327966946858,0.08132060194742212
0.25686604211706304,0.9140903262573016,0.0813361641904051
0.2568362893862353,0.9139478558199173,0.081339776468542
0.25684657270980144,0.9139478558199173,0.08134491276463868
0.25681681681681684,0.9138053853825331,0.08137797424408877
0.25685795522806454,0.9138053853825331,0.08139292873141794
0.2568384797148464,0.9136629149451488,0.08139463667409037
0.2568487664210189,0.9136629149451488,0.08140765088982682
0.25681900108142747,0.9135204445077646,0.08141416789576666
0.2568704430734717,0.9135204445077646,0.08145820202173756
0.25684067144745804,0.9133779740703803,0.08145822629903551
0.25692301526870515,0.9133779740703803,0.08150298648505144
0.2568932350112215,0.9132355036329961,0.0815190079423098
0.2569653237121668,0.9132355036329961,0.08156466104546958
0.2569458365072365,0.9130930331956119,0.08156617122393645
0.2569664408002887,0.9130930331956119,0.08157399513890999
0.25693664795509225,0.9129505627582276,0.0815821300380146
0.2569171545432673,0.9128080923208435,0.0815851549604317
0.25710272873194223,0.9128080923208435,0.0816747104636551
0.2570729162486456,0.9126656218834592,0.08168290892781695
0.25715547348560874,0.9126656218834592,0.08172648950914418
0.2571256523484544,0.912523151446075,0.08172811885955132
0.2571359749488137,0.912523151446075,0.08174785470673052
0.25710615063433434,0.9123806810086907,0.0817491023885495
0.2572714125020087,0.9123806810086907,0.08182857576137573
0.25724157325941105,0.9122382105713065,0.08184169784842757
0.257551989059169,0.9122382105713065,0.08203157472561824
0.2575221238938053,0.9120957401339223,0.08203323093668204
0.25770871910474197,0.9120957401339223,0.08213614330162382
0.2576892109500805,0.911953269696538,0.08213928605677664
0.25801120561086704,0.911953269696538,0.08235014954466749
0.2579916958922885,0.9118107992591538,0.08235102236586403
0.2581477896095515,0.9118107992591538,0.08247159804490158
0.2581178653543625,0.9116683288217695,0.08247205371514103
0.25826371231383943,0.9116683288217695,0.08257085598109297
0.2582337746206006,0.9115258583843853,0.08257118054394692
0.2583693413560554,0.9115258583843853,0.08262647377713032
0.25836025848142163,0.911383387947001,0.08263966732447299
0.2584750899026223,0.911383387947001,0.08271075243659852
0.2584451268789397,0.9112409175096168,0.08272357660169398
0.2585286984640259,0.9112409175096168,0.08276212277062411
0.258509176166222,0.9110984470722325,0.0827685002447473
0.25859280226445613,0.9110984470722325,0.08284809685224512
0.25856282097941685,0.9109559766348483,0.08286307148808408
0.25889784184313885,0.9109559766348483,0.0830617285194691
0.2588678328474247,0.910813506197464,0.08306319284389278
0.2589936801166748,0.910813506197464,0.08312512091601443
0.25896365919863873,0.9106710357600798,0.08312671095132963
0.2589846440581824,0.9106710357600798,0.08313911087666197
0.2589546191247974,0.9105285653226955,0.08314803405728298
0.2590175893653238,0.9105285653226955,0.0831853375220192
0.2589875572488145,0.9103860948853113,0.08318562546390104
0.2590295512586647,0.9103860948853113,0.08323273627514449
0.25899951353980866,0.9102436244479271,0.08323375999940988
0.25904151800194614,0.9102436244479271,0.08327010779581276
0.2590114746786685,0.9101011540105428,0.08327152715634117
0.25906399545786357,0.9101011540105428,0.08331243036004493
0.25903394573549093,0.9099586835731586,0.08332109668901566
0.2591075050709939,0.9099586835731586,0.08336286094686335
0.25907744736094773,0.9098162131357743,0.08336872813945499
0.25909847040207734,0.9098162131357743,0.08337462847081493
0.25906840866672076,0.9096737426983901,0.08337759949255313
0.25908943353351727,0.9096737426983901,0.083387408496994
0.259059367771781,0.9095312722610058,0.08341207552909914
0.25913297613248903,0.9095312722610058,0.08343922924513432
0.2591029023746702,0.9093888018236216,0.08344559589008638
0.25927129452861614,0.9093888018236216,0.08355364170332316
0.25924120562190267,0.9092463313862373,0.08355746711645216
0.2593570935099768,0.9092463313862373,0.08363262880227751
0.25934807348398636,0.9091038609488531,0.08363386226058167
0.25940078864994515,0.9091038609488531,0.08367670559795816
0.2593706805431336,0.9089613905114688,0.08368050166803206
0.25938122535268526,0.9089613905114688,0.08368465589494764
0.2593511140022768,0.9088189200740846,0.083686964646346
0.2593722046027486,0.9088189200740846,0.0837203366473891
0.2593330622204148,0.9085339791993161,0.08372487636762078
0.2598085149724995,0.9085339791993161,0.08406115233604833
0.25977835723598436,0.9083915087619319,0.08406878853226504
0.2598630583632214,0.9083915087619319,0.08412738347577299
0.2598328917872427,0.9082490383245476,0.08420755117863403
0.25999184339314846,0.9082490383245476,0.08427819378564556
0.25996166238427343,0.9081065678871634,0.08430423551939611
0.2600889541763578,0.9081065678871634,0.08441268941161593
0.26005876111972576,0.9079640974497791,0.08441597377137988
0.2600285655988574,0.9078216270123949,0.08441860996069188
0.26003917727717923,0.9078216270123949,0.08442075507515341
0.2600089784924295,0.9076791565750106,0.08442401745506373
0.2601894960385526,0.9076791565750106,0.08451660672110718
0.26018053343136055,0.9075366861376264,0.08453969251951775
0.26030811981529156,0.9075366861376264,0.0846300590329254
0.26027789129546386,0.9073942157002421,0.08463179283234895
0.2603523688836202,0.9073942157002421,0.08467665293247803
0.2603221322868122,0.907251745262858,0.08473572641911378
0.2605671263144973,0.907251745262858,0.08486854561899053
0.2605368688108683,0.9071092748254738,0.08489065063875716
0.2606221858370856,0.9071092748254738,0.08498064126144492
0.2605919194400098,0.9069668043880895,0.08498608287390161
0.2606025871950221,0.9069668043880895,0.08499930819390965
0.26057231751750115,0.9068243339507053,0.08500463224269394
0.26059365404298873,0.9068243339507053,0.08501355157193687
0.2605633802816901,0.906681863513321,0.08503584385047365
0.26067010731547474,0.906681863513321,0.08510851995995676
0.2606718557968046,0.9065393930759368,0.08510905429860799
0.26085352355183866,0.9065393930759368,0.08520850552332741
0.2608232207281076,0.9063969226385525,0.08521326414865722
0.2610158365471404,0.9063969226385525,0.08529247912004626
0.2609855167603496,0.9062544522011683,0.08530896576414093
0.2610176446450554,0.9062544522011683,0.08532422086199994
0.26100874133048796,0.906111981763784,0.08532817017357076
0.26123387825515487,0.906111981763784,0.0854504862022813
0.2612035325528856,0.9059695113263998,0.08545077683207143
0.2613216076271883,0.9059695113263998,0.08552050664819781
0.2613019891500904,0.9058270408890156,0.0855260001717444
0.26155998025341454,0.9058270408890156,0.0856508907224634
0.2615296005265973,0.9056845704516313,0.08565702324559912
0.2615403604048383,0.9056845704516313,0.08567178267290838
0.26150997737091136,0.9055421000142471,0.08568224402239488
0.2617469011242433,0.9055421000142471,0.08581949874216978
0.2617164978173132,0.9053996295768628,0.08582294630498614
0.2618782709028722,0.9053996295768628,0.08593755970565872
0.2618478529629935,0.9052571591394786,0.08593995670843961
0.2619882076444151,0.9052571591394786,0.0860490009730987
0.26195777667821213,0.9051146887020943,0.08607085889661434
0.2620982713808325,0.9051146887020943,0.08612117336184544
0.2620678273784966,0.9049722182647101,0.0861439586707615
0.2622517649973164,0.9049722182647101,0.08628989221742636
0.26222130470685384,0.9048297478273258,0.08629413435952885
0.2623621266575784,0.9048297478273258,0.08636099584569519
0.2623316533090969,0.9046872773899416,0.08636964014770364
0.26270064537481386,0.9046872773899416,0.0866768831105779
0.2626810095159288,0.9045448069525573,0.08668895740415027
0.26271361774320356,0.9045448069525573,0.08670824848870613
0.2626831084995448,0.9044023365151731,0.08671999792986694
0.26273746947560117,0.9044023365151731,0.08676196766002957
0.2627069536423841,0.9042598660777889,0.08677657148326351
0.2627830911273962,0.9042598660777889,0.08685074192221877
0.26275256707519046,0.9041173956404046,0.08685331928314571
0.2628722919514519,0.9041173956404046,0.0869917197603326
0.2628417564208782,0.9039749252030204,0.08699909355483866
0.2628853165396089,0.9039749252030204,0.08704534864405403
0.2628547752227056,0.9038324547656361,0.08709051064383674
0.2629855324793765,0.9038324547656361,0.08719072566094782
0.2629549788574745,0.9036899843282519,0.08722636330256056
0.2632496368541191,0.9036899843282519,0.08743104443152558
0.26321905868681,0.9035475138908676,0.08743386034875252
0.26352530541012215,0.9035475138908676,0.08770081565496661
0.2634947018491585,0.9034050434534834,0.08770298809781953
0.2636919366241111,0.9034050434534834,0.0878192854261135
0.26366131581136154,0.9032625730160991,0.08782356382566169
0.26371615157439376,0.9032625730160991,0.08788520740263556
0.2636855241264559,0.9031201025787149,0.08788522282539318
0.26370746318329313,0.9031201025787149,0.08790353084088759
0.26367683155135835,0.9029776321413306,0.08790380871548326
0.26386344712739385,0.9029776321413306,0.08802556606226912
0.263832799034098,0.9028351617039464,0.08802863201121348
0.263876743701853,0.9028351617039464,0.08807318216816462
0.2638460897809611,0.9026926912665622,0.0881063911824267
0.26390103711108337,0.9026926912665622,0.08811824055773228
0.263870376541153,0.9025502208291779,0.08812381722701457
0.2641674659105125,0.9025502208291779,0.08833381998753304
0.26413678065054214,0.9024077503917937,0.08833536434299315
0.26419186652763293,0.9024077503917937,0.08834730756645687
0.264161174605823,0.9022652799544094,0.08836005227013037
0.2641942347002628,0.9022652799544094,0.08839871836272697
0.26416353775552776,0.9021228095170252,0.08840272357913495
0.26424070441931313,0.9021228095170252,0.0884598667764545
0.26420999916534516,0.9019803390796409,0.08846209055007415
0.26438653637350706,0.9019803390796409,0.08857488455417906
0.26435581541031533,0.9018378686422567,0.08858163540956039
0.2644994150091927,0.9018378686422567,0.08864253089201773
0.2644686807906063,0.9016953982048724,0.08864505715493125
0.2656007385958286,0.9016953982048724,0.08932740417167075
0.26556991774383076,0.9015529277674883,0.0893429604578443
0.26568141741540013,0.9015529277674883,0.08939136583454804
0.26565058571608513,0.901410457330104,0.08939601939246417
0.26571752551341815,0.901410457330104,0.08943541051242945
0.2656866862662747,0.9012679868927198,0.08944548019143857
0.2657201663376318,0.9012679868927198,0.08946836364904431
0.2656893220196589,0.9011255164553356,0.08947072010374951
0.26565847511027096,0.9009830460179513,0.08947817001150403
0.2657031217175749,0.9009830460179513,0.08949446088445678
0.265672268907563,0.9008405755805671,0.08951562371022659
0.26568343207697803,0.9008405755805671,0.08951754105074784
0.2656525758467098,0.9006981051431828,0.08952525356221296
0.2658872019178197,0.9006981051431828,0.0896872917349094
0.2658563257065949,0.9005556347057986,0.08968960995622474
0.26593462072447305,0.9005556347057986,0.08973992721070148
0.26590373611578594,0.9004131642684143,0.08974170439630895
0.26602685524266534,0.9004131642684143,0.08985739246609645
0.26599595891564237,0.9002706938310301,0.08987044489826207
0.26597625663046226,0.9001282233936458,0.08990052394641619
0.2663350476351066,0.9001282233936458,0.09014275321414962
0.26630411871337634,0.8999857529562616,0.0901480565428073
0.26636026311350985,0.8999857529562616,0.09018250391865901
0.2663293274298967,0.8998432825188774,0.0901828785678715
0.2663630229419703,0.8998432825188774,0.09019536089145645
0.2663320821559614,0.8997008120814931,0.0902026176660263
0.26637701944573333,0.8997008120814931,0.09023806175580197
0.26634607272420485,0.8995583416441089,0.09023869544367176
0.2663151233916895,0.8994158712067246,0.0902463888024331
0.26632635842051977,0.8994158712067246,0.09025465226631085
0.2662954056448551,0.8992734007693404,0.09027085444063478
0.2663178768828319,0.8992734007693404,0.09029529356418674
0.26628691983122366,0.8991309303319561,0.09029827216659833
0.266376836062806,0.8991309303319561,0.09031825135091334
0.26634586973956353,0.8989884598945719,0.0903222777532676
0.26651461395506,0.8989884598945719,0.09045197479380189
0.26648363252375923,0.8988459894571876,0.09045293441793067
0.26653992395437265,0.8988459894571876,0.09045796805652782
0.26650893573872997,0.8987035190198034,0.09047274752498077
0.2665201960452932,0.8987035190198034,0.09047402731552617
0.26648920437740314,0.8985610485824191,0.09047498259145469
0.2666356641582819,0.8985610485824191,0.09058450696582161
0.26660465902845304,0.8984185781450349,0.09058679629796734
0.26692063492063495,0.8984185781450349,0.0907950356374929
0.2668896037927531,0.8982761077076507,0.09079578100771216
0.2669122004910677,0.8982761077076507,0.09081144708627185
0.26688116506498455,0.8981336372702664,0.0908213249854806
0.26691506478109917,0.8981336372702664,0.09083313303440661
0.2669292338965824,0.8979911668328822,0.09083894787111327
0.2669518444792681,0.8979911668328822,0.09084288084283221
0.26692079627276577,0.8978486963954979,0.09085871052195472
0.26699995763250434,0.8978486963954979,0.09088895754433295
0.26698021270285155,0.8977062259581137,0.09089937611807185
0.2670141537418425,0.8977062259581137,0.09091535211214623
0.26698309107089885,0.8975637555207294,0.090917029426918
0.26707363601678746,0.8975637555207294,0.09096439284636083
0.26704256401560117,0.8974212850833452,0.09097364373132531
0.2671331636980492,0.8974212850833452,0.09102260733779154
0.2671020823614233,0.8972788146459609,0.09102554403176032
0.26766968421947385,0.8972788146459609,0.09135359327462773
0.2676385583134988,0.8971363442085767,0.09135758824825989
0.2677182092598104,0.8971363442085767,0.09140733515938676
0.267687074829932,0.8969938737711924,0.09140966611325117
0.26783511294508017,0.8969938737711924,0.0915161215329462
0.2678039649451204,0.8968514033338082,0.09154461706858716
0.2678837397336057,0.8968514033338082,0.09159189575113784
0.2678525831985701,0.896708932896424,0.09160289081849542
0.2678639826360812,0.896708932896424,0.09160597156042982
0.2678328226081035,0.8965664624590397,0.09160656592991616
0.26796968148526656,0.8965664624590397,0.09169968347875616
0.2679385087084274,0.8964239920216555,0.0917018857126727
0.26790733327655225,0.8962815215842712,0.09170959090890968
0.268272921108742,0.8962815215842712,0.09189046310469944
0.26824171606465097,0.896139051146887,0.09189951741606756
0.2682531559194814,0.896139051146887,0.09190578989619361
0.26822194737066574,0.8959965807095028,0.09193073689662001
0.26835929165777683,0.8959965807095028,0.09195251048999313
0.26832807032516853,0.8958541102721186,0.09195395700242696
0.2683853344146144,0.8958541102721186,0.09201492255359635
0.26835410619771216,0.8957116398347343,0.09203298155628298
0.2683655611047082,0.8957116398347343,0.09203747574382704
0.2683343293776146,0.8955691693973501,0.09203964746284843
0.2683916143631783,0.8955691693973501,0.09208412279104504
0.2683405927064651,0.8952842285225816,0.09210085901075378
0.26868479562168635,0.8952842285225816,0.09231728713916036
0.268645227505987,0.8949992876478131,0.09232719707492461
0.2687026818940074,0.8949992876478131,0.09234824289199112
0.2686714004619728,0.8948568172104289,0.09235039292566977
0.26876337184424476,0.8948568172104289,0.09240432577939535
0.26873208096195816,0.8947143467730446,0.092407768312353
0.2687007874015748,0.8945718763356604,0.09241159636347503
0.2686694911627509,0.8944294058982761,0.09241677778194061
0.26869248876524715,0.8944294058982761,0.09245841140616386
0.26866118815271356,0.8942869354608919,0.09245875700377451
0.26887984579139,0.8942869354608919,0.09263473205655029
0.26884852638793694,0.8941444650235076,0.09265342544863876
0.2689867992456712,0.8941444650235076,0.09273851403523616
0.26895546697526895,0.8940019945861234,0.09274055646545797
0.2689669952850407,0.8940019945861234,0.09274210687038865
0.2689702477921633,0.8938595241487391,0.09276560975714167
0.2689817792068596,0.8938595241487391,0.0927670935399301
0.26895043731778423,0.8937170537113549,0.09277539930780733
0.268961968871929,0.8937170537113549,0.09277858240473352
0.26896522149320296,0.8935745832739707,0.0927808351784224
0.2690344443014627,0.8935745832739707,0.09283677647739892
0.26900308853809196,0.8934321128365864,0.09284062118864066
0.269257191927866,0.8934321128365864,0.0930353315530206
0.26926049987116724,0.8932896423992022,0.09304576118735873
0.26946879834966475,0.8932896423992022,0.09319930489980936
0.26946056307758437,0.8931471719618179,0.09320396566768659
0.26942916093535074,0.8930047015244337,0.093221275824553
0.26947549441100604,0.8930047015244337,0.09327522126652966
0.26944408616019605,0.8928622310870494,0.09329133604618718
0.2695483870967742,0.8928622310870494,0.09336585639693448
0.2695169684717622,0.8927197606496652,0.09337493167350992
0.26967936302991175,0.8927197606496652,0.09352947857470927
0.26964792975811314,0.8925772902122809,0.09354089379592641
0.26983374967697477,0.8925772902122809,0.09364563920830415
0.2698023000387647,0.8924348197748967,0.09365351381106715
0.2699185590554574,0.8924348197748967,0.09367600514506808
0.2699568965517241,0.8922923493375124,0.09368836936279101
0.27037644620963563,0.8922923493375124,0.09396208916919313
0.2702819394672078,0.8918649380253597,0.09398392903702801
0.27034030057004665,0.8918649380253597,0.09402864042724084
0.2703204629869569,0.8917224675879755,0.09404100890478671
0.27057755490229984,0.8917224675879755,0.0942009864947613
0.27055771725032424,0.8915799971505912,0.09420637892033223
0.2705811138014528,0.8915799971505912,0.09421009692353263
0.2705495740908894,0.891437526713207,0.09421688359979198
0.2707017392056762,0.891437526713207,0.094284463541697
0.27067018560982997,0.8912950562758227,0.09429434664953884
0.2709750075800234,0.8912950562758227,0.09449311133602865
0.2709669034829319,0.8911525858384385,0.09449416439490886
0.2710608424336973,0.8911525858384385,0.09456637931845686
0.27102925243770315,0.8910101154010542,0.09457101977672318
0.27113500390184686,0.8910101154010542,0.09461595786597822
0.271103403425103,0.89086764496367,0.09462236670572725
0.27127982646420823,0.89086764496367,0.09468733995533114
0.27124821033450475,0.8907251745262857,0.09468898565504538
0.2712952918203515,0.8907251745262857,0.09472386345228845
0.2712636695018226,0.8905827040889015,0.09474474095688744
0.271393218425737,0.8905827040889015,0.0948215555703639
0.2713615838832928,0.8904402336515174,0.09482355598302693
0.27162103433289875,0.8904402336515174,0.09499434775665852
0.2715893780694511,0.8902977632141331,0.09500782737031754
0.2717310953602644,0.8902977632141331,0.09504998520021411
0.2716994259871282,0.8901552927767489,0.09505401257071436
0.2718767677646752,0.8901552927767489,0.09515652635168434
0.2718450826805918,0.8900128223393646,0.09516065719416868
0.27201079857180177,0.8900128223393646,0.09524261230418643
0.27197909862834746,0.8898703519019804,0.09524727784223432
0.272109436263832,0.8898703519019804,0.09532630436559439
0.2720777240447872,0.8897278814645961,0.0953490400952673
0.2722319093286835,0.8897278814645961,0.09545977793132776
0.27220018309429356,0.8895854110272119,0.09546107375110903
0.27250905599441366,0.8895854110272119,0.09564061423217485
0.272489197328794,0.8894429405898276,0.09564856182563748
0.2725486772024797,0.8894429405898276,0.09567220329575299
0.27252881592734896,0.8893004701524434,0.09567456540996973
0.2726121325937896,0.8893004701524434,0.09568627874971583
0.27258036338225017,0.8891579997150592,0.09573369260453843
0.27259226905437867,0.8891579997150592,0.09573768104164018
0.2725604961998777,0.8890155292776749,0.0957581145741841
0.272572402044293,0.8890155292776749,0.09575918575784638
0.2725406255460423,0.8888730588402907,0.09576230097758028
0.27267164896639134,0.8888730588402907,0.09581865201749498
0.27263986013986014,0.8887305884029064,0.09583517936270654
0.2726636943788793,0.8887305884029064,0.09584435902897931
0.272631901035975,0.8885881179655222,0.09585452506499025
0.2727153476169655,0.8885881179655222,0.09595402209287322
0.27268354541081813,0.8884456475281379,0.09595826498676883
0.2727670370046365,0.8884456475281379,0.09602010725453257
0.2727471566054243,0.8883031770907537,0.09602772420895167
0.27285457966828586,0.8883031770907537,0.09606560704228884
0.27282275711159737,0.8881607066533694,0.09607241968040249
0.27283469736093485,0.8881607066533694,0.09608372660147385
0.27280287114845936,0.8880182362159852,0.09609175878624657
0.27286258372367905,0.8880182362159852,0.09611141428607364
0.2728307503721215,0.887875765778601,0.09614969646719372
0.2728426951534521,0.887875765778601,0.09616225922391859
0.2728108581436077,0.8877332953412167,0.09617908212772364
0.27284669615098306,0.8877332953412167,0.09618305599506827
0.2728148537397092,0.8875908249038325,0.09618804618449045
0.2728626489138052,0.8875908249038325,0.09624453530500515
0.2728308002277605,0.8874483544664482,0.09624542747348001
0.27291447599018576,0.8874483544664482,0.0963190018252025
0.27288261841125183,0.887305884029064,0.09632891245595629
0.27290653345602733,0.887305884029064,0.09635533669218181
0.272874671340929,0.8871634135916797,0.09635628887656439
0.27289858883337714,0.8871634135916797,0.09636775049129444
0.27287868162692847,0.8870209431542955,0.09637424122502265
0.2729265298965457,0.8870209431542955,0.09643078346780823
0.2728946560869756,0.8868784727169112,0.09643528873832917
0.27286277948268306,0.886736002279527,0.09643649332910444
0.27283090008330046,0.8865935318421427,0.09643872532905154
0.2729984645755648,0.8865935318421427,0.09652251750144995
0.2729665701500395,0.8864510614047585,0.09653018342303057
0.2730025009872318,0.8864510614047585,0.09661397191357848
0.27297060114085125,0.8863085909673742,0.09662208351792616
0.2729386984948879,0.88616612052999,0.09663751368514717
0.2729866140004389,0.88616612052999,0.0966562279189891
0.2729547050561798,0.8860236500926058,0.09665767402955552
0.2730026338893766,0.8860236500926058,0.09670112127351543
0.27297071864436545,0.8858811796552215,0.0967169156194322
0.27299468762347984,0.8858811796552215,0.09674003393398763
0.2729747530186608,0.8857387092178373,0.09675994697532989
0.2731426562980537,0.8857387092178373,0.09685944758991075
0.27311072056239016,0.885596238780453,0.09685974451733712
0.27307878202029967,0.8854537683430688,0.09686460118801338
0.2731387887843896,0.8854537683430688,0.09694764462999984
0.27314285714285713,0.8853112979056845,0.0969481218951152
0.27323894116612435,0.8853112979056845,0.09705232445630595
0.2732189973614776,0.8851688274683003,0.09705682474735686
0.273243029290175,0.8851688274683003,0.09706227601920381
0.2732230823363828,0.885026357030916,0.09709238850593532
0.27327115959880344,0.885026357030916,0.09712806290575714
0.2732391887730412,0.8848838865935318,0.0971368886278783
0.2734557301985647,0.8848838865935318,0.09727178507113168
0.27342374075378656,0.8847414161561477,0.09727914133924793
0.2736164962989073,0.8847414161561477,0.09739207841576956
0.27358448997576557,0.8845989457187634,0.0973936114234694
0.27362065926317647,0.8845989457187634,0.09740733221126832
0.2735886474813803,0.8844564752813792,0.09741899071834101
0.2737092720779507,0.8844564752813792,0.0975019655283357
0.2736772486772487,0.8843140048439949,0.09750334729436431
0.27368931610741215,0.8843140048439949,0.09751479504483278
0.27366935661683645,0.8841715344066107,0.09751985976642098
0.27369349503858875,0.8841715344066107,0.09755385651345869
0.27367353239536013,0.8840290639692264,0.09755624970353363
0.2739635303986931,0.8840290639692264,0.09774224199633051
0.27394356868459396,0.8838865935318422,0.09777790103860366
0.2743675924287989,0.8838865935318422,0.09803146906828467
0.2743355004201495,0.8837441230944579,0.09803975059246738
0.2743155380600646,0.8836016526570737,0.09804248502194295
0.27452195467422097,0.8836016526570737,0.09818859377779783
0.2744898410871586,0.8834591822196894,0.09820773408065527
0.27450199203187253,0.8834591822196894,0.0982110705428069
0.274469874717783,0.8833167117823052,0.09821889183292942
0.2744941780670297,0.8833167117823052,0.09823133428455015
0.2744620561409723,0.883174241344921,0.09825229953531081
0.27454714557774923,0.883174241344921,0.09830432539814851
0.27451501461599787,0.8830317709075367,0.09830640493046088
0.27466099441637865,0.8830317709075367,0.09837664370750807
0.2746288499889209,0.8828893004701525,0.09840736918365307
0.2749578489661904,0.8828893004701525,0.09870346812779096
0.27492567777432664,0.8827468300327682,0.0987296188155677
0.27489350372736954,0.882604359595384,0.09873068348015293
0.27494230427835964,0.882604359595384,0.09877649049998903
0.2749101238293906,0.8824618891579997,0.09881064937342021
0.27493452882950864,0.8824618891579997,0.09882452061457092
0.27490234375,0.8823194187206155,0.09882665023332753
0.2749389567147614,0.8823194187206155,0.0988571667806042
0.2749067661161428,0.8821769482832312,0.09885996416998556
0.2751021858894615,0.8821769482832312,0.0989888056322074
0.2750699782289954,0.882034477845847,0.09901643755831155
0.2751922478552696,0.882034477845847,0.09910526259363042
0.27516002844950216,0.8818920074084627,0.09911977765452296
0.2752211995909475,0.8818920074084627,0.09917212511039852
0.27518897287683414,0.8817495369710785,0.09917412560306213
0.27536038441003735,0.8817495369710785,0.09927923003995641
0.2753281423804227,0.8816070665336943,0.0992801774553488
0.27530814755484356,0.88146459609631,0.09928275171830575
0.2753449043168669,0.88146459609631,0.0993265027965602
0.27533716116971557,0.8813221256589258,0.09933084142574324
0.2756438820069513,0.8813221256589258,0.09955640445890697
0.2756238859180036,0.8811796552215415,0.09955697924695187
0.27578365363178314,0.8811796552215415,0.09964175151075971
0.2757513600285383,0.8810371847841573,0.0996712597691758
0.2760221389037672,0.8810371847841573,0.09982026813698172
0.2759898227915904,0.880894714346773,0.09983775076461335
0.27602678571428574,0.880894714346773,0.09985574946042193
0.27599446403857314,0.8807522439093888,0.09985650819204431
0.2760437597678053,0.8807522439093888,0.09986953881549293
0.27602375742419505,0.8806097734720045,0.09986986986431572
0.27606074140241177,0.8806097734720045,0.09989371409432549
0.2760284068069141,0.8804673030346203,0.0998989965980634
0.27629990611168237,0.8804673030346203,0.1000213003393704
0.2762799016320143,0.880324832597236,0.10003183181192765
0.2763169662820857,0.880324832597236,0.10004547348730068
0.2762846026564107,0.8801823621598518,0.10004667500583854
0.27637111926277175,0.8801823621598518,0.10011833620270882
0.276338746476983,0.8800398917224675,0.10012332689902495
0.276474800823561,0.8800398917224675,0.10025136657895473
0.27644241529027347,0.8798974212850833,0.10027196575572715
0.27656620840983387,0.8798974212850833,0.10038949687635913
0.27653381101656965,0.8797549508476991,0.10038970322336149
0.27658335572874676,0.8797549508476991,0.10039959183093748
0.27655095184770434,0.8796124804103148,0.10043061181590494
0.2767368892873151,0.8796124804103148,0.10055594626329253
0.27670446904836615,0.8794700099729306,0.10056565252037263
0.27682855733440964,0.8794700099729306,0.1006261006050403
0.2767961252130236,0.8793275395355463,0.10062722128409095
0.27700731565010545,0.8793275395355463,0.10080617622686487
0.27697486535008975,0.8791850690981622,0.10081438341539245
0.2770992366412214,0.8791850690981622,0.10087701773881134
0.2770667744398042,0.8790425986607779,0.10087798673456641
0.2772161567147414,0.8790425986607779,0.10093151551219948
0.27718368080517614,0.8789001282233937,0.10093168604394767
0.27730828014024994,0.8789001282233937,0.10103199007042801
0.2772757923128793,0.8787576577860094,0.10103635695217392
0.27740049471553857,0.8787576577860094,0.10112866319167671
0.2773804704718212,0.8786151873486252,0.10113256225988021
0.27761771855586564,0.8786151873486252,0.10130131899857485
0.2775851978571107,0.878472716911241,0.10132673452689663
0.27759769493967223,0.878472716911241,0.10134867118728932
0.2775651704110576,0.8783302464738567,0.10135382313988102
0.2776276681977844,0.8783302464738567,0.10141638619478022
0.2775951362305787,0.8781877760364725,0.10144980131845559
0.2776201414223303,0.8781877760364725,0.10148375283297967
0.2775876047202955,0.8780453055990882,0.10148525059412536
0.2776626419174626,0.8780453055990882,0.10152027006519257
0.27763009686866413,0.877902835161704,0.10152755684454381
0.27769265434880575,0.877902835161704,0.10159105815938445
0.2776726158283757,0.8777603647243197,0.10160980234168018
0.27768513093252806,0.8777603647243197,0.10163079982910429
0.27765257369512303,0.8776178942869355,0.10163615518238531
0.27774020469813787,0.8776178942869355,0.10172249944977198
0.27770763820001804,0.8774754238495512,0.10172295903101411
0.27774520856820745,0.8774754238495512,0.10175132603117162
0.27772516123212915,0.877332953412167,0.10175919082684055
0.27776274244474514,0.877332953412167,0.10180709064877375
0.2777301637421625,0.8771904829747827,0.10182567636592799
0.2776975821003248,0.8770480125373985,0.1018330603803663
0.27787307032590053,0.8770480125373985,0.10190105911891424
0.27784047307362436,0.8769055421000143,0.10190238766105014
0.2779910573144844,0.8769055421000143,0.10202147634387951
0.27798355768362093,0.87676307166263,0.10202644824886266
0.27800867365377663,0.87676307166263,0.10205519704633866
0.277976056019878,0.8766206012252458,0.10208293160601209
0.2783155418852904,0.8766206012252458,0.10230857176145557
0.2782828968200118,0.8764781307878615,0.10232213674470704
0.2783710407239819,0.8764781307878615,0.10237179171121702
0.2783383863523236,0.8763356603504773,0.1023803339705429
0.2784265797573782,0.8763356603504773,0.10241872649347315
0.27839391607441943,0.876193189913093,0.10241900924007093
0.27858307664431964,0.876193189913093,0.10255712036485387
0.27855039637599094,0.8760507194757088,0.10255943377394493
0.2786008789814689,0.8760507194757088,0.10258802903684999
0.2785934384629328,0.8759082490383245,0.1025925659133544
0.27871973887025114,0.8759082490383245,0.10268745319999016
0.27869967355821545,0.8757657786009403,0.1026913827484123
0.2786669689412832,0.875623308163556,0.1026920504318096
0.2787175184798875,0.875623308163556,0.10274248043752601
0.27868480725623584,0.8754808377261718,0.10274360801745458
0.27876066049718745,0.8754808377261718,0.10277158771274844
0.278727940842898,0.8753383672887876,0.10277345957478534
0.2788291354663036,0.8753383672887876,0.10289916598983934
0.2787964055550513,0.8751958968514033,0.10290137534399488
0.2789483244028699,0.8751958968514033,0.10298462059073497
0.2789155805821716,0.8750534264140191,0.10299154852052368
0.27895358343173765,0.8750534264140191,0.1030114898994348
0.2789208339010764,0.8749109559766348,0.10301470136026909
0.2790095411176738,0.8749109559766348,0.10308969751589814
0.27897678222545325,0.8747684855392506,0.10308986902653948
0.2790909090909091,0.8747684855392506,0.10318912996892908
0.2790581390063185,0.8746260151018663,0.10318916103170599
0.27908351138791654,0.8746260151018663,0.10320077310657158
0.279073998271706,0.8741986037897136,0.10321024064229457
0.2791374761168229,0.8741986037897136,0.10323642618359778
0.2791046813156817,0.8740561333523293,0.10323997207342471
0.27914277914277913,0.8740561333523293,0.10325069542837198
0.27910997861400555,0.8739136629149451,0.10326220337129471
0.2790771751001092,0.8737711924775609,0.1032629496719943
0.27914068544900095,0.8737711924775609,0.10332781206323127
0.2791078743741466,0.8736287220401766,0.1033383421630325
0.27919683103401177,0.8736287220401766,0.10338250480210717
0.27916401056370094,0.8734862516027925,0.10338342325419678
0.2791767223714767,0.8734862516027925,0.10338627950886183
0.279143897996357,0.8733437811654082,0.10339986752989434
0.2792965190450155,0.8733437811654082,0.10349211767070512
0.2792636806852873,0.873201310728024,0.10352609129468354
0.2793273174733388,0.873201310728024,0.10355561789485676
0.2792944715373046,0.8730588402906397,0.10357974119556446
0.2793072014585232,0.8730588402906397,0.10358162470155187
0.27927435161128583,0.8729163698532555,0.10358582577914152
0.2793125455871627,0.8729163698532555,0.10359996313747649
0.2792796899931616,0.8727738994158712,0.10360388893558681
0.27962388168705493,0.8727738994158712,0.10381990484082802
0.2796037615265224,0.872631428978487,0.10383744625808361
0.27974423384334324,0.872631428978487,0.10394931350771486
0.2797113364392071,0.8724889585411028,0.1039504307044946
0.2799286922338529,0.8724889585411028,0.10411956137115311
0.27990857142857145,0.8723464881037185,0.10411977690890108
0.28004939626783754,0.8723464881037185,0.10423602238404091
0.28001646617573067,0.8722040176663343,0.104242751391089
0.2809030008259154,0.8722040176663343,0.10483878283650123
0.2808700041297664,0.87206154722895,0.1048420844728656
0.28090867370353373,0.87206154722895,0.10484574948716174
0.2808756712102437,0.8719190767915658,0.10484936516772556
0.2808426656875344,0.8717766063541815,0.10485200501010673
0.2810877853828839,0.8717766063541815,0.10509045594673865
0.2810547592796766,0.8716341359167973,0.10510108903155747
0.2810934987365036,0.8716341359167973,0.10515267450810363
0.2810604668259511,0.871491665479413,0.10516076043679394
0.2811896662682725,0.871491665479413,0.10525271845787205
0.2811566220751161,0.8713491950420288,0.10526226998639909
0.28116954762780433,0.8713491950420288,0.10527619477308146
0.2811494252873563,0.8712067246046445,0.10528213186429933
0.2813305115936695,0.8712067246046445,0.10542870643659252
0.28129744651483785,0.8710642541672603,0.10543127634586912
0.2813233331799567,0.8710642541672603,0.10544288994113535
0.2813161527841693,0.870921783729876,0.1054606884424639
0.2813808975834292,0.870921783729876,0.1054801603832491
0.28134781808138465,0.8707793132924918,0.10549287488642053
0.281451464358077,0.8707793132924918,0.10552581558248669
0.2814183743955791,0.8706368428551076,0.10552711987605573
0.28166482300884954,0.8706368428551076,0.10569877723494107
0.28163171237612356,0.8704943724177233,0.10570967271620746
0.28212587154268826,0.8704943724177233,0.10611347671160636
0.2821057492495959,0.8703519019803391,0.10612205988191369
0.2823012939001848,0.8703519019803391,0.10626671312493653
0.28228117201220077,0.8702094315429548,0.10627195645340552
0.28232031430552346,0.8702094315429548,0.10628531022047796
0.2822871406119996,0.8700669611055706,0.10629652140186345
0.28233934350439205,0.8700669611055706,0.1063257270077375
0.2823061630218688,0.8699244906681863,0.10632716919728986
0.2825805257312107,0.8699244906681863,0.10645456067796483
0.28254732262692644,0.8697820202308021,0.10645828183803596
0.28256039988891973,0.8697820202308021,0.10648500896021901
0.28255334907188817,0.8696395497934178,0.10648592124786989
0.2825664290343487,0.8696395497934178,0.10648816788114372
0.2825986293758103,0.8694970793560336,0.10651112863554828
0.2826771653543307,0.8694970793560336,0.1065683460295648
0.2826439390430312,0.8693546089186494,0.10657463537410235
0.2826107096535112,0.8692121384812651,0.1065820406104291
0.28316160772301124,0.8692121384812651,0.10689153815584422
0.28312833604084475,0.8690696680438809,0.10691221313210664
0.28333875238051,0.8690696680438809,0.1070389785770084
0.28330546265328876,0.8689271976064966,0.10704179403203122
0.28327216983323267,0.8687847271691124,0.10704827595792922
0.28337748036618804,0.8687847271691124,0.10710282688815714
0.2833441769681197,0.8686422567317281,0.10710355229906217
0.28354183137236666,0.8686422567317281,0.10724733598471349
0.28350851083620127,0.8684997862943439,0.10725947693511553
0.28350155821200984,0.8683573158569596,0.1072657533600917
0.283620288506282,0.8683573158569596,0.10737930195899324
0.28358695146353946,0.8682148454195754,0.10738041130009951
0.2839701770736254,0.8682148454195754,0.10752994530170924
0.2839897459799581,0.8680723749821911,0.10753918493895588
0.2841884328358209,0.8680723749821911,0.10764813751253036
0.28415504454498813,0.867929904544807,0.10765013325329094
0.2841948124650121,0.867929904544807,0.1076707488520426
0.2841614182411943,0.8677874341074228,0.10767543718461868
0.2841280209013716,0.8676449636700385,0.10768831163964668
0.284141277469323,0.8676449636700385,0.10768982622019653
0.2841078760731616,0.8675024932326543,0.10769658523616009
0.2841874358256324,0.8675024932326543,0.10775815383524424
0.28415402567094517,0.86736002279527,0.10776383531935353
0.2841206123973114,0.8672175523578858,0.10778329484938526
0.2842532922387223,0.8672175523578858,0.10780659383434328
0.284219866436277,0.8670750819205015,0.10781203830789854
0.2841864375116757,0.8669326114831173,0.10781375342301304
0.28416627744044837,0.866790141045733,0.10781505911674455
0.28417955065626604,0.866790141045733,0.10784640947954169
0.2841461136023916,0.8666476706083488,0.10785920302128661
0.284385226741468,0.8666476706083488,0.10796017887640759
0.2843517696011969,0.8665052001709646,0.10796035616628537
0.2845513240385515,0.8665052001709646,0.10815416237248708
0.2845178496233566,0.8663627297335803,0.10816067416374037
0.28462438567751,0.8663627297335803,0.10821352808232011
0.28459090058041564,0.8662202592961961,0.10821645967925528
0.2847108405525638,0.8662202592961961,0.10825319741892965
0.2847040089921319,0.8660777888588118,0.10825868016301698
0.28471734344995553,0.8660777888588118,0.10826936927192829
0.28469717551173357,0.8659353184214276,0.10827048038567468
0.2847905538375035,0.8659353184214276,0.10830429455458346
0.28477038425492035,0.8657928479840433,0.10832179675334828
0.2847368667697643,0.8656503775466591,0.10832787403911522
0.28475021089136754,0.8656503775466591,0.10833673695465901
0.2847166893190233,0.8655079071092748,0.10835613647112094
0.2849036251934531,0.8655079071092748,0.10843666140929488
0.284870087233843,0.8653654366718906,0.10844243333940591
0.28505725549089544,0.8653654366718906,0.10858770312229193
0.28502370113108366,0.8652229662345063,0.10860908463939294
0.2850638377769433,0.8652229662345063,0.10864539961904139
0.2850302774257147,0.8650804957971221,0.10864616950691279
0.2850570395756068,0.8650804957971221,0.10864753242167118
0.28502347417840374,0.8649380253597378,0.10864792792380233
0.28515735086895255,0.8649380253597378,0.10869712046823746
0.2851303735024665,0.8646530844849694,0.10870043364416354
0.2852509870276368,0.8646530844849694,0.1087309582648461
0.2852173913043478,0.8645106140475851,0.10874168799483754
0.28527102627991163,0.8645106140475851,0.10876230828135017
0.28523742360131643,0.8643681436102009,0.10877044650311658
0.28527766022476136,0.8643681436102009,0.10880561166727407
0.28524405153766574,0.8642256731728166,0.10880575984767733
0.28525746531859864,0.8642256731728166,0.1088112782950728
0.28525068196782993,0.8640832027354324,0.10881137865230764
0.28526409858426227,0.8640832027354324,0.10881147997274275
0.2852304797742239,0.8639407322980481,0.10881726642246656
0.28532442478708886,0.8639407322980481,0.10886135016162746
0.2852907961603614,0.8637982618606639,0.10887968578898659
0.28530422097783636,0.8637982618606639,0.10888179754223226
0.2852705882352941,0.8636557914232796,0.10891057611227918
0.2852503765060241,0.8635133209858954,0.10891453211688203
0.2852772286548056,0.8635133209858954,0.1089270514270709
0.28527044202796215,0.8633708505485111,0.10893403663919665
0.28544512482336315,0.8633708505485111,0.10903543346814004
0.2854249104955719,0.8632283801111269,0.10905706717083478
0.2854921547377845,0.8632283801111269,0.10909820729666045
0.2854584864762982,0.8630859096737427,0.10910279104833595
0.28548539114043353,0.8630859096737427,0.10910442000973324
0.28551899688884697,0.8629434392363584,0.10911267156131439
0.28562670942186175,0.8629434392363584,0.10919112624727773
0.2855930205140297,0.8628009687989742,0.10920651079014149
0.2856469034479506,0.8628009687989742,0.1092309258611241
0.2856132075471698,0.8626584983615899,0.10924050364920222
0.28573450993346233,0.8626584983615899,0.10928445473139692
0.2857142857142857,0.8625160279242057,0.10930270806034152
0.2857412564308302,0.8625160279242057,0.10932960979827581
0.28570754271688853,0.8623735574868214,0.10933252103825351
0.28567382582015577,0.8622310870494373,0.10933494055669082
0.28583573418977,0.8622310870494373,0.10946089614192457
0.2858290033065659,0.862088616612053,0.1094609642123077
0.2858425055505692,0.862088616612053,0.10946108207995656
0.2858087679516251,0.8619461461746688,0.1094719948379886
0.2861873226111637,0.8619461461746688,0.10964660551757378
0.28616709244015515,0.8618036757372846,0.10965558128179129
0.28630253691783414,0.8618036757372846,0.10973422876427383
0.28626875562076964,0.8616612052999003,0.10973470427874364
0.28630941109638325,0.8616612052999003,0.10975415761129907
0.2862891771612537,0.8615187348625161,0.10977574314002418
0.28625538563514985,0.8613762644251318,0.10979634715510629
0.28637741568776054,0.8613762644251318,0.1098977146996574
0.28634361233480177,0.8612337939877476,0.10990369669335
0.2863707423373916,0.8612337939877476,0.10992805150943133
0.2863504998341782,0.8610913235503633,0.10993611604363934
0.28645907388975783,0.8610913235503633,0.10996749123581302
0.28642525357853826,0.8609488531129791,0.10998492704264087
0.2864388301654264,0.8609488531129791,0.10998688176326245
0.28640500568828214,0.8608063826755948,0.10998755024998436
0.28641190972880715,0.8606639122382106,0.10998938185294543
0.2865069954944273,0.8606639122382106,0.11009149262306174
0.2864731549990514,0.8605214418008263,0.11009833544644587
0.2868813527120737,0.8605214418008263,0.11037314835609605
0.28684748016909706,0.8603789713634421,0.11037692973820962
0.28725681396565667,0.8603789713634421,0.11063230725884193
0.28722290933307965,0.8602365009260579,0.11063333414924478
0.28729124042441834,0.8602365009260579,0.11068204672232722
0.2872709969069712,0.8600940304886736,0.11068611147224477
0.2873120121835142,0.8600940304886736,0.11073571450861047
0.2872780924277759,0.8599515600512894,0.11074540531936056
0.2873327938306279,0.8599515600512894,0.11079014864451556
0.2872988669903837,0.8598090896139051,0.11079210641193588
0.2874493927125506,0.8598090896139051,0.11093121103908356
0.28741545203391444,0.8596666191765209,0.1109359561319853
0.2874291430476826,0.8596666191765209,0.1109380019575347
0.2873951981707317,0.8595241487391366,0.1109506302835588
0.2875321704317987,0.8595241487391366,0.11105176120330659
0.2875119161105815,0.8593816783017524,0.11105474510852982
0.2875530342756352,0.8593816783017524,0.111071568504238
0.2875190694126621,0.8592392078643681,0.11108830125934108
0.28762876764593664,0.8592392078643681,0.11118021381570915
0.28767711464147705,0.8590967374269839,0.11121951927877088
0.2876431297709924,0.8589542669895996,0.11124084560389974
0.2877666937139039,0.8589542669895996,0.11132630042192919
0.2877326968973747,0.8588117965522154,0.11132904554186442
0.28769869683517113,0.8586693261148312,0.11133864183834967
0.28786359077231694,0.8586693261148312,0.11148948161117808
0.2878295758502102,0.8585268556774469,0.1114898330877305
0.28789833261669295,0.8585268556774469,0.11155839730336076
0.28786430960344006,0.8583843852400627,0.1115590928854287
0.2879193347988149,0.8583843852400627,0.11157192534322292
0.2878853046594982,0.8582419148026784,0.11158612301392529
0.2878512712674441,0.8580994443652942,0.11160235530769576
0.2879751374611523,0.8580994443652942,0.11166124128399908
0.287941092091422,0.8579569739279099,0.11166364325720295
0.28809261828445676,0.8579569739279099,0.11179745105746
0.2880585589895704,0.8578145034905257,0.11182214348725518
0.2880861244019139,0.8578145034905257,0.11182551648342826
0.2880520599071726,0.8576720330531414,0.11184495773245473
0.2881209916722504,0.8576720330531414,0.11186821977479858
0.2880869190638013,0.8575295626157572,0.11190896961843805
0.2881144990665837,0.8575295626157572,0.11191743504850635
0.2880804212541886,0.857387092178373,0.11192459125341422
0.28814938951400526,0.857387092178373,0.11197186654288115
0.28811530358168935,0.8572446217409887,0.11197644493548307
0.2881428981898286,0.8572446217409887,0.11201346457354587
0.2881088070494708,0.8571021513036045,0.11201833038322571
0.28835737909217274,0.8571021513036045,0.11228927899328019
0.2883232671843543,0.8569596808662202,0.11230385692421406
0.28835091083413233,0.8569596808662202,0.1123053388191435
0.2883167937101491,0.856817210428836,0.11231397626576092
0.2883306165500048,0.856817210428836,0.11231605029775318
0.2883103183736095,0.8566747399914518,0.11231944736146966
0.28836562440053715,0.8566747399914518,0.11236258217953157
0.2883314948923313,0.8565322695540676,0.11236492604588365
0.2883453237410072,0.8565322695540676,0.1123672654911677
0.28831118998513117,0.8563897991166833,0.11236931014974451
0.28833884971458723,0.8563897991166833,0.1123803097818545
0.2883323738246018,0.8562473286792991,0.11238062417740587
0.2883738784127441,0.8562473286792991,0.11242081534341548
0.2883397312859885,0.8561048582419148,0.11242651964285234
0.2884504608294931,0.8561048582419148,0.11248177071930557
0.28844399635124107,0.8559623878045306,0.11248548490038184
0.28892949889391173,0.8559623878045306,0.11296704927098276
0.28889530130332325,0.8558199173671464,0.11297308157789392
0.28895088748857567,0.8558199173671464,0.11304957075298885
0.28891668270155857,0.8556774469297621,0.1130626297301764
0.28893058161350843,0.8556774469297621,0.11306782775058086
0.2888963725584528,0.8555349764923779,0.11307252862943533
0.28923032463153836,0.8555349764923779,0.11339249394755
0.2891960888203844,0.8553925060549936,0.11339312850173107
0.28925181866358335,0.8553925060549936,0.11340670064863759
0.28921757564077855,0.8552500356176094,0.11340700532896009
0.289748045178106,0.8552500356176094,0.11382175549169386
0.2897137616450258,0.8551075651802251,0.1138457218624751
0.28978370027037464,0.8551075651802251,0.11389520289357384
0.28974940852686976,0.8549650947428409,0.11389530571166684
0.28995941244684964,0.8549650947428409,0.11401796930444684
0.2899251026818072,0.8548226243054566,0.11402311353362446
0.2901073397156948,0.8548226243054566,0.11413004869962151
0.2900730138774721,0.8546801538680724,0.11413492093447647
0.29010106871705593,0.8546801538680724,0.1141594377629121
0.29006673759551216,0.8545376834306881,0.11416223600920218
0.2901228596304537,0.8545376834306881,0.11420434367498121
0.290088521259614,0.8543952129933039,0.11420561866581676
0.29036943785406477,0.8543952129933039,0.11437765071265957
0.2903350765059074,0.8542527425559197,0.11438537542940984
0.290363196125908,0.8542527425559197,0.11441053172500737
0.29032882948326794,0.8541102721185354,0.11441492657255475
0.2904132151334593,0.8541102721185354,0.11446818650515114
0.29037883925976166,0.8539678016811512,0.11447322373145474
0.29054774600096944,0.8539678016811512,0.11458500369714049
0.29051335498569975,0.8538253312437669,0.11460038794598768
0.2906683480453972,0.8538253312437669,0.11473259242658619
0.2906339428626861,0.8536828608063827,0.11474928498165558
0.2908314323156822,0.8536828608063827,0.1149437863211534
0.29079700999902924,0.8535403903689984,0.11494514291677611
0.290811125673511,0.8535403903689984,0.11498259365535177
0.29080493251772016,0.8533979199316142,0.11498807029554259
0.2908190513181531,0.8533979199316142,0.11499825915775841
0.2907987375576596,0.8532554494942299,0.1150128949672423
0.29084110334110336,0.8532554494942299,0.11502183707178566
0.29080666310524017,0.8531129790568457,0.115029133983927
0.2908772952491985,0.8531129790568457,0.1151147743027742
0.29084284673305805,0.8529705086194614,0.11513482926526308
0.2909842041312272,0.8529705086194614,0.11524391725188197
0.29094974239331195,0.8528280381820772,0.11525198598989109
0.29103461688059123,0.8528280381820772,0.1153220826543362
0.29100014586473477,0.852685567744693,0.11532230940543188
0.29119836520216025,0.852685567744693,0.11543655470758633
0.2911638769949397,0.8525430973073087,0.1154544295699311
0.29112938543136585,0.8524006268699245,0.11545487672146383
0.29110905640177137,0.8522581564325402,0.1154565770433551
0.2911515623479023,0.8522581564325402,0.11546875063530086
0.2911170601119494,0.852115685995156,0.11547177084790919
0.2911595755038458,0.852115685995156,0.11550247521718558
0.29112506693929213,0.8519732155577717,0.11550898316453109
0.29119594857810677,0.8519732155577717,0.11555562063334891
0.29117561118145513,0.8518307451203875,0.11555936098587598
0.2912465293000146,0.8518307451203875,0.1155947584216693
0.2912120031176929,0.8516882746830032,0.1155958917786173
0.2912971445278238,0.8516882746830032,0.11566176547976313
0.29126260903464746,0.851545804245619,0.11566567797224794
0.29137620045824597,0.851545804245619,0.11570431342204862
0.29134165366614667,0.8514033338082347,0.11571080368452731
0.29138427032034714,0.8514033338082347,0.11578336419894031
0.291406554818572,0.8512608633708505,0.11583249389420906
0.29147763305527097,0.8512608633708505,0.11584741814797155
0.2914430676163528,0.8511183929334664,0.11585053196607407
0.2915568570034163,0.8511183929334664,0.11590592359894973
0.2915222802479379,0.8509759224960821,0.1159082620693697
0.29159343878148797,0.8509759224960821,0.11592520196516448
0.2916158015528102,0.8508334520586979,0.11593484184449009
0.29164428383063923,0.8508334520586979,0.11598634645423384
0.29160968939245946,0.8506909816213136,0.11599079864742023
0.29162393162393163,0.8506909816213136,0.11600018352058672
0.2915893328123474,0.8505485111839294,0.11600805937065599
0.2916890604387551,0.8505485111839294,0.11605467302921829
0.2916544512850581,0.8504060407465451,0.11607569171847157
0.29191118935837246,0.8504060407465451,0.11630377495901494
0.2918765589083973,0.8502635703091609,0.11631779127801481
0.29200508856052454,0.8502635703091609,0.11637257073787972
0.2919704457601409,0.8501210998717766,0.11637500025017071
0.29201331114808654,0.8501210998717766,0.11642213969719295
0.2919929522317933,0.8499786294343924,0.11642368932410434
0.2920215369554577,0.8499786294343924,0.11642811173761962
0.2920440636474908,0.8498361589970082,0.11644576305720993
0.2921584953715041,0.8498361589970082,0.11652611365111536
0.29212382445141066,0.8496936885596239,0.11653562138150145
0.2921320791691162,0.8495512181222397,0.11653684473909998
0.2920973984616138,0.8494087476848554,0.11655535364858903
0.2923265506251532,0.8494087476848554,0.11676649971921775
0.29229185054427775,0.8492662772474712,0.11677706715363811
0.29234919077979404,0.8492662772474712,0.11682500674098166
0.2923144832998185,0.8491238068100869,0.11682932044594886
0.29232882087502454,0.8491238068100869,0.11683103819039171
0.2922941089910237,0.8489813363727027,0.11683601406849412
0.29232278636252146,0.8489813363727027,0.11685633898874172
0.29228806907378335,0.8488388659353184,0.11685850239247444
0.2923741289626067,0.8488388659353184,0.11690083421890148
0.2923394022672621,0.8486963954979342,0.11692347375975602
0.2923046721633294,0.8485539250605499,0.11692692017015847
0.2924625583108274,0.8485539250605499,0.11706056445468631
0.29244217453223986,0.8484114546231657,0.1170721504540455
0.29252836862013065,0.8484114546231657,0.11715616780140932
0.2924936136765573,0.8482689841857814,0.1171670605839921
0.2926229911043397,0.8482689841857814,0.11721096525756158
0.29258822372948,0.8481265137483972,0.11721841069510183
0.29263137197070244,0.8481265137483972,0.11724200244794732
0.29259659817127126,0.847984043311013,0.1172568673801674
0.29275490630072304,0.847984043311013,0.11736647947285882
0.2927201180521397,0.8478415728736287,0.11736706419317854
0.29283535085129414,0.8478415728736287,0.11741459813302693
0.2928005511539786,0.8476991024362445,0.1174224486187195
0.2927657480314961,0.8475566319988602,0.11743137541890332
0.29303975173636765,0.8475566319988602,0.11758395946048646
0.29301936055963346,0.847414161561476,0.11758401913568461
0.2932215923095884,0.847414161561476,0.11771622157876596
0.2931867481759022,0.8472716911240917,0.11771985529915975
0.29341819617130455,0.8472716911240917,0.11790401103070902
0.2933629410313348,0.8469867502493232,0.1179086265909681
0.293464310395893,0.8469867502493232,0.11797097026963689
0.2934294318013526,0.846844279811939,0.11797423284965827
0.2934584053320168,0.846844279811939,0.11798565482495033
0.2934235212797472,0.8467018093745547,0.11800724847084844
0.29356846473029047,0.8467018093745547,0.11806804179055894
0.2935335671590179,0.8465593389371705,0.11807002214738212
0.29357707509881426,0.8465593389371705,0.11809672957998583
0.2935421710558822,0.8464168684997863,0.11810030987336509
0.2935507783543366,0.846274398062402,0.11810854154421069
0.2936088181503633,0.846274398062402,0.11815205529259971
0.2935739001482946,0.8461319276250178,0.11816155165748353
0.2936174420329263,0.8461319276250178,0.11819579452459546
0.2935825175516662,0.8459894571876335,0.11820071745666184
0.29368415846481033,0.8459894571876335,0.11827702442031383
0.2936492234642398,0.8458469867502493,0.11828131556827046
0.2936637483306129,0.8458469867502493,0.11828252560142326
0.29362880886426596,0.845704516312865,0.11829404224444999
0.2936578608884931,0.845704516312865,0.1183159329510624
0.2936229159451838,0.8455620458754808,0.11831728347245037
0.29389917797365556,0.8455620458754808,0.1184963780396188
0.29386421036993016,0.8454195754380966,0.11852391911970946
0.2938292393026941,0.8452771050007124,0.11852417509854189
0.2939456995640111,0.8452771050007124,0.11856906433530656
0.2939398444081066,0.8451346345633282,0.1185758034966465
0.2939689776500322,0.8451346345633282,0.11861173243175373
0.29393398751115074,0.8449921641259439,0.11861614856959211
0.2939485552857214,0.8449921641259439,0.11862163891268858
0.293913560666138,0.8448496936885597,0.11863046331547207
0.2939426985228512,0.8448496936885597,0.1186458051197657
0.2939076984087642,0.8447072232511754,0.11865026091358126
0.2941701810965021,0.8447072232511754,0.11880002194154539
0.29413515927359335,0.8445647528137912,0.11880152922634088
0.29420814928780586,0.8445647528137912,0.11883160696515498
0.29417311891999204,0.8444222823764069,0.11883333503653692
0.29426074868434116,0.8444222823764069,0.11888365897971526
0.2942257087532893,0.8442798119390227,0.11889995439112842
0.29426954017280765,0.8442798119390227,0.11892540392364043
0.2942344937180315,0.8441373415016384,0.11892780908610523
0.2943660572337043,0.8441373415016384,0.1190621008069706
0.294360248447205,0.8439948710642542,0.11906684387347773
0.29432518386006756,0.84385240062687,0.11907085692493659
0.2943983299368756,0.84385240062687,0.11909415215833735
0.29436325678496866,0.8437099301894857,0.11910014454342392
0.29440715883668905,0.8437099301894857,0.119122499547084
0.29437207914885155,0.8435674597521015,0.11912255710973514
0.2944306315266037,0.8435674597521015,0.119171197517815
0.29441018500099464,0.8434249893147172,0.11917131347287897
0.2945127108104074,0.8434249893147172,0.11922842580343702
0.29447761194029853,0.843282518877333,0.11925462245187933
0.29449226329668143,0.843282518877333,0.11926129794780127
0.2944571599164096,0.8431400484399487,0.11927854337172093
0.2945011196815128,0.8431400484399487,0.11931027397227834
0.2944660097541555,0.8429975780025645,0.11931765573126099
0.294480664908177,0.8429975780025645,0.11934187167195696
0.2944455504678479,0.8428551075651802,0.11934295209345916
0.294489521628752,0.8428551075651802,0.11936791343127659
0.2944690595907801,0.842712637127796,0.11936983134477687
0.2944837200039829,0.842712637127796,0.11937655935634896
0.2944485934777197,0.8425701666904117,0.11939824989721046
0.2945512501245144,0.8425701666904117,0.11945162047208481
0.2945161129650844,0.8424276962530275,0.11945265639859545
0.2946041552488665,0.8424276962530275,0.1195149477385855
0.29454853498106437,0.842142755378259,0.1195160913020406
0.2945925741340643,0.842142755378259,0.11953895664997055
0.2945574162679426,0.8420002849408748,0.11956636396885206
0.29463083902487663,0.8420002849408748,0.11961049478248313
0.29463974071303917,0.8418578145034905,0.1196458681833327
0.29468382206263716,0.8418578145034905,0.11968260853702446
0.2946486459528203,0.8417153440661063,0.11969121097946252
0.2946927374301676,0.8417153440661063,0.11980229815835011
0.2946575547463461,0.841572873628722,0.11981533246378163
0.2948634752658114,0.841572873628722,0.11993013729112946
0.29482827476038337,0.8414304031913378,0.11995867577808904
0.29490188245868076,0.8414304031913378,0.11999471244032792
0.2948666733246779,0.8412879327539535,0.12001788823069981
0.29483146067415733,0.8411454623165693,0.12002312526702308
0.2948609099535534,0.8411454623165693,0.12006254774280556
0.294825691739087,0.841002991879185,0.12006485142741666
0.2949582771198721,0.841002991879185,0.12016211458093588
0.29492304617229664,0.8408605214418008,0.12016714521097956
0.2950262434391402,0.8408605214418008,0.12022838612030495
0.29500574913762934,0.8407180510044165,0.12023189788334697
0.29503524823758814,0.8407180510044165,0.12026735952473787
0.295,0.8405755805670323,0.12027124479778911
0.2952066446512559,0.8405755805670323,0.12039936684933839
0.2951713785339004,0.840433110129648,0.12042419923346859
0.2951861489191353,0.840433110129648,0.12043165034166885
0.29515087824650954,0.8402906396922638,0.12044094649645361
0.2951156040436393,0.8401481692548796,0.12044330430764204
0.2952781533223174,0.8401481692548796,0.12049203625040507
0.29524286429644464,0.8400056988174953,0.12049239970064747
0.2952724358974359,0.8400056988174953,0.12051748045453144
0.29526671675432004,0.8398632283801112,0.12052735862018554
0.2953998797354179,0.8398632283801112,0.12060680704796388
0.29537937255688085,0.8397207579427269,0.12062268647896819
0.29540898155573375,0.8397207579427269,0.12062821169199538
0.29537366548042704,0.8395782875053427,0.12063451424347119
0.2958184830078811,0.8395782875053427,0.12081052725677997
0.2957831325301205,0.8394358170679584,0.12081700789369895
0.295842538662382,0.8394358170679584,0.12084684407198214
0.29580718051719807,0.8392933466305742,0.12085022146620711
0.2960004019696513,0.8392933466305742,0.1209466893689413
0.2959650268830712,0.83915087619319,0.12095501449305929
0.296009649210976,0.83915087619319,0.12097640940216965
0.29600402111083185,0.8390084057558057,0.12100961660865177
0.29609331791442506,0.8390084057558057,0.12108272500868612
0.29605792437650846,0.8388659353184215,0.1211049734424639
0.29611748139207406,0.8388659353184215,0.12113694556131475
0.29608208016898857,0.8387234648810372,0.12114965963429239
0.2960615663196016,0.838580994443653,0.1211517287592528
0.296165844822381,0.838580994443653,0.12119049199506525
0.2961304282191919,0.8384385240062687,0.12120740851381338
0.29633919129865555,0.8384385240062687,0.12134365927708353
0.29630375667237385,0.8382960535688845,0.12135273809992021
0.29634852681944096,0.8382960535688845,0.12136379666614393
0.2963130855243276,0.8381535831315002,0.12137588174537821
0.29635786610246334,0.8381535831315002,0.12138526749527927
0.29632241813602017,0.838011112694116,0.12138537647332055
0.29659136748688986,0.838011112694116,0.1215568101488838
0.29657085224407465,0.8378686422567317,0.12156447092306613
0.2966905458581374,0.8378686422567317,0.12161113563200317
0.2966550628121689,0.8377261718193475,0.1216310492573649
0.2967448902346707,0.8377261718193475,0.12170098829902393
0.2967093973957808,0.8375837013819633,0.12170192916218944
0.2968742109781346,0.8375837013819633,0.12184590708992635
0.29683870316129685,0.837441230944579,0.12185523534312515
0.2968686868686869,0.837441230944579,0.12185589991927162
0.2968331733925956,0.8372987605071948,0.12185771180406245
0.29686316108501287,0.8372987605071948,0.12186211857619918
0.29682764194786826,0.8371562900698105,0.12186501792350142
0.2969926712155673,0.8371562900698105,0.12197672231858843
0.29695713708046906,0.8370138196324263,0.12197811862484029
0.2970021738031444,0.8370138196324263,0.1220163991611378
0.29696663296258846,0.836871349195042,0.12203290401134573
0.29717697055549935,0.836871349195042,0.12220123549053807
0.2971414115861371,0.8367288787576578,0.12220325439040763
0.2972165991902834,0.8367288787576578,0.12220759504896699
0.29718103142871605,0.8365864083202735,0.12226895016016578
0.29721111504783115,0.8365864083202735,0.12227431374221003
0.2971755416076129,0.8364439378828893,0.1222927046036241
0.2973109839469286,0.8364439378828893,0.12238972004408163
0.29730551053484605,0.836301467445505,0.12239043286088695
0.2973356296221254,0.836301467445505,0.12242134800954035
0.29731509625126645,0.8361589970081208,0.12242861485561322
0.29733015856932976,0.8361589970081208,0.122434962075909
0.2972740170247264,0.8358740561333523,0.12245003384096889
0.2972384089181657,0.8357315856959681,0.12245565116497059
0.29734387672343876,0.8357315856959681,0.12250195362217202
0.2973233296157356,0.8355891152585838,0.12250372047851196
0.29728770595690746,0.8354466448211996,0.12250947243368644
0.2973630831643002,0.8354466448211996,0.1225436058932566
0.29732745068208327,0.8353041743838153,0.12255034963343583
0.2974028609110277,0.8353041743838153,0.12263515802139763
0.2973672196012783,0.8351617039464311,0.12263847866035207
0.2974728509083528,0.8351617039464311,0.12268592339407723
0.29748248908740227,0.8350192335090468,0.12268832248599965
0.29754289775611736,0.8350192335090468,0.12270639854691459
0.29750723460425443,0.8348767630716626,0.1227133937137718
0.29755255407738396,0.8348767630716626,0.12272822450113223
0.2975168841720408,0.8347342926342783,0.12273980562285688
0.2976982876886337,0.8347342926342783,0.12286475315825303
0.29766260162601627,0.8345918221968941,0.12286603045887205
0.29769285496493547,0.8345918221968941,0.12288284942026859
0.29765716318544494,0.8344493517595098,0.12288651385994949
0.29771768413561733,0.8344493517595098,0.12291284602790896
0.29768198454656364,0.8343068813221256,0.12292660643891039
0.29772738827596723,0.8343068813221256,0.12298666267376697
0.2977068185284995,0.8341644108847415,0.12301473610718504
0.29793405251373906,0.8341644108847415,0.1231017032075388
0.29789832578494735,0.8340219404473572,0.1231161683758582
0.29803482333774567,0.8340219404473572,0.12320083391864137
0.29799908354971744,0.833879470009973,0.12320764645630787
0.2979633401221996,0.8337369995725887,0.12320780344851863
0.2980088608239548,0.8337369995725887,0.1232472785316446
0.2979731106131595,0.8335945291352045,0.12326121907493016
0.2979373567608862,0.8334520586978202,0.1232787954420005
0.29831718510963795,0.8334520586978202,0.12358819216003894
0.29828140139731757,0.833309588260436,0.12358947664516107
0.29844882130829675,0.833309588260436,0.12368807822797538
0.29841302240138795,0.8331671178230518,0.12368907574402915
0.2984739447761956,0.8331671178230518,0.12371538405374839
0.29843813801551655,0.8330246473856675,0.12371771421862318
0.29852956193199226,0.8330246473856675,0.12376289492815487
0.29849374521317334,0.8328821769482833,0.12376604039925883
0.29867674858223064,0.8328821769482833,0.12393462005397177
0.2986409155937053,0.832739706510899,0.12394299947035942
0.2987324951446387,0.832739706510899,0.12398615267810334
0.29871191985279083,0.8325972360735148,0.12399955278523862
0.29867607217706893,0.8324547656361305,0.12400871599549594
0.2988593933814127,0.8324547656361305,0.12409221874717255
0.2988235294117647,0.8323122951987463,0.12410003324040497
0.29891526811297586,0.8323122951987463,0.12415650657048982
0.29887939415647546,0.832169824761362,0.12416274687457078
0.29912428944538333,0.832169824761362,0.12434104843797528
0.2990883949605654,0.8320273543239778,0.12434933837939374
0.2991037131882202,0.8320273543239778,0.12437552974180979
0.2990678139725466,0.8318848838865935,0.12437554040540452
0.29923640649823197,0.8318848838865935,0.12448850739720689
0.29921582696940185,0.8317424134492093,0.1245200538361828
0.29936926311471207,0.8317424134492093,0.12462185448889988
0.29933333333333334,0.831599943011825,0.12466674960212072
0.29953302201467646,0.831599943011825,0.12473400523723628
0.2994970748229498,0.8314574725744408,0.12474072755018145
0.299512445470875,0.8314574725744408,0.12477397324390395
0.29949186470256123,0.8313150021370566,0.12478172941776314
0.29959950708564387,0.8313150021370566,0.12484976758298762
0.2995635430038511,0.8311725316996723,0.12485095164559981
0.29957892574715006,0.8311725316996723,0.12487471033312963
0.2995429569147024,0.8310300612622881,0.12488372482034318
0.29958911145351824,0.8310300612622881,0.12489413701280414
0.29961469303878757,0.8308875908249038,0.12489884294406645
0.2998611753817677,0.8308875908249038,0.12514089195970882
0.29982517482517484,0.8307451203875196,0.12514216364463862
0.2999948551731234,0.8307451203875196,0.12525973774408158
0.29995883926733896,0.8306026499501353,0.12528934674801834
0.2999897087578471,0.8306026499501353,0.12531316837935255
0.29995368702722175,0.8304601795127511,0.12531820547902037
0.2999691230959243,0.8304601795127511,0.12532683045064613
0.2999485331960885,0.8303177090753668,0.1253322656224702
0.30008753411255856,0.8303177090753668,0.1254142412408392
0.3000514933058702,0.8301752386379826,0.1254198714243224
0.3000154487872702,0.8300327682005983,0.12542167199502097
0.300061804697157,0.8300327682005983,0.12544514349553013
0.30002575328354364,0.8298902977632141,0.12545433503802647
0.30045907051116727,0.8298902977632141,0.12565846850345058
0.3004384833634253,0.8297478273258299,0.12566263663414468
0.30051599587203304,0.8297478273258299,0.12569779602914247
0.3004954071627619,0.8296053568884456,0.1257018698595512
0.3004593074263302,0.8294628864510614,0.12570338201807407
0.3006454944487477,0.8294628864510614,0.1257709602214547
0.3006093782276389,0.8293204160136771,0.12577903281749597
0.30071808648034304,0.8293204160136771,0.12585573757169416
0.30069749418754843,0.8291779455762929,0.12585793847669538
0.30091515433534977,0.8291779455762929,0.12605644599555096
0.30087900723888317,0.8290354751389086,0.12608287456598175
0.30091012514220705,0.8290354751389086,0.1260892313581679
0.30087397217769046,0.8288930047015244,0.12609384378454574
0.3008895324782789,0.8288930047015244,0.12611762295471937
0.3008689355539464,0.8287505342641401,0.12611908392541654
0.30088449800858635,0.8287505342641401,0.12611952458319042
0.30084833436788744,0.828608063826756,0.12613110040754524
0.3008794619762028,0.828608063826756,0.12613879873373995
0.30084329246210356,0.8284655933893718,0.1261395718662091
0.3008899927558729,0.8284655933893718,0.12615310708868444
0.30085381630012936,0.8283231229519875,0.12616167461398053
0.30091610165105326,0.8283231229519875,0.12616873255969657
0.300879917184265,0.8281806525146033,0.1261860494022921
0.30092664492416005,0.8281806525146033,0.12619594018250851
0.3009060315816723,0.828038182077219,0.12620924883745976
0.30112429407802704,0.828038182077219,0.12629148523756922
0.3010880829015544,0.8278957116398348,0.12630665585745782
0.30105186797243383,0.8277532412024505,0.12631079238266812
0.3011611030478955,0.8277532412024505,0.1263669769125268
0.3011248768855943,0.8276107707650663,0.12639288426166126
0.3013123087297059,0.8276107707650663,0.1264875568459339
0.30127606598194834,0.827468300327682,0.1265049116093467
0.30130732517119735,0.827468300327682,0.12653793356273857
0.3012710765239948,0.8273258298902978,0.1265430855685544
0.3012348241153886,0.8271833594529135,0.12655325842732018
0.30125045400300937,0.8271833594529135,0.12656882165462066
0.3012298272014945,0.8270408890155293,0.12657328787868505
0.30132364391383337,0.8270408890155293,0.1266928790336209
0.3013186584985983,0.8268984185781451,0.12670061349795989
0.30133430247650694,0.8268984185781451,0.1267081197255606
0.3012980269989616,0.8267559481407608,0.12670904201331365
0.30157987735162667,0.8267559481407608,0.12687604733380248
0.30154357881606986,0.8266134777033766,0.12687611153429867
0.30159060193367293,0.8266134777033766,0.12692708030604663
0.3015856511567455,0.8264710072659923,0.1269425029141414
0.30161701242655853,0.8264710072659923,0.12696227089694342
0.30158069883527455,0.8263285368286081,0.12697904415793496
0.3015963808434299,0.8263285368286081,0.12697935151032777
0.3015600624024961,0.8261860663912238,0.12698012766034655
0.30162280245500883,0.8261860663912238,0.12701124607484826
0.3015864759427828,0.8260435959538396,0.12701244016280236
0.30155014565126925,0.8259011255164553,0.12701271160142127
0.3018799145966776,0.8259011255164553,0.12723233203124648
0.30184355796271223,0.8257586550790711,0.12724266859338204
0.3018386374290328,0.8256161846416868,0.12724408216201555
0.3018022710699031,0.8254737142043026,0.12725190702026357
0.3018808940759652,0.8254737142043026,0.1273259755588332
0.3018445185493956,0.8253312437669184,0.12733044368061341
0.3018602469907769,0.8253312437669184,0.12733086402104726
0.301823866597186,0.8251887733295341,0.12733945197988863
0.3019654866795266,0.8251887733295341,0.12738999976366328
0.30192909280500524,0.8250463028921499,0.12739039638740665
0.30194483549715834,0.8250463028921499,0.1274126608025492
0.3019084367504432,0.8249038324547656,0.12741738418177825
0.3020817029269056,0.8249038324547656,0.12753693158478807
0.30204528853177504,0.8247613620173814,0.12754527028481083
0.3021556448666423,0.8247613620173814,0.12764792649268442
0.30211921912516965,0.8246188915799971,0.12767475733350273
0.3021507621632909,0.8246188915799971,0.12770178715085423
0.30214587793035036,0.8244764211426129,0.12770448680477153
0.30217743198788577,0.8244764211426129,0.12774613154895884
0.30214099216710183,0.8243339507052286,0.1277509184039245
0.3024094496419798,0.8243339507052286,0.12790610731084887
0.3023729876646456,0.8241914802678444,0.12791221181733844
0.3027369302422942,0.8241914802678444,0.12811781683151188
0.30270043960644755,0.8240490098304601,0.12812370000267131
0.3027479717351479,0.8240490098304601,0.1281451571215235
0.30271147403685095,0.8239065393930759,0.12815906976805322
0.30274316825463304,0.8239065393930759,0.12818855991541356
0.3027066645725355,0.8237640689556917,0.12819406126028554
0.3031510512242437,0.8237640689556917,0.12852238404904937
0.30313040742488595,0.8236215985183074,0.1285298357116761
0.303178099433606,0.8236215985183074,0.1285522667226059
0.30314155346934496,0.8234791280809232,0.12856454803302575
0.30318925723877466,0.8234791280809232,0.1285898068071632
0.3031527041913655,0.8233366576435389,0.12859419815283324
0.3031686077011856,0.8233366576435389,0.12859443908226012
0.3031797670269703,0.8231941872061547,0.12865094335602215
0.3034504490310383,0.8231941872061547,0.128772870379067
0.30341386554621846,0.8230517167687704,0.12879381393389872
0.30354140395124,0.8230517167687704,0.12893347385060597
0.30352075669994744,0.8229092463313863,0.1289580698894962
0.3034841557622576,0.822766775894002,0.12896431353428442
0.30375552282768775,0.822766775894002,0.12907956801149575
0.3037188995844511,0.8226243054566178,0.12911920507690244
0.3038147855827414,0.8226243054566178,0.12917466467194652
0.30374151449771086,0.8223393645818493,0.1291803852830725
0.3037048731712451,0.8221968941444651,0.1291837211739551
0.3040088500237054,0.8221968941444651,0.12934690704081558
0.3039721841744811,0.8220544237070808,0.1293555103088786
0.3040042149631191,0.8220544237070808,0.129361313860134
0.3039675430739238,0.8219119532696966,0.12936916986724523
0.3040155986509275,0.8219119532696966,0.12937567340623102
0.3039789196310935,0.8217694828323123,0.1293878809714697
0.30409110080134966,0.8217694828323123,0.12946086757664307
0.304054410291559,0.8216270123949281,0.1294829960025555
0.30401771591268584,0.8214845419575438,0.12948870806667798
0.304081847906339,0.8214845419575438,0.1295352083931216
0.3040451452982438,0.8213420715201596,0.12954241083832324
0.3041895314478683,0.8213420715201596,0.1295833997620106
0.3041528151548731,0.8211996010827753,0.12959074591664047
0.3041688654353562,0.8211996010827753,0.12959951109971807
0.3041321441764737,0.8210571306453911,0.129619932602722
0.3041963578780681,0.8210571306453911,0.1296981259007846
0.3041596283783784,0.8209146602080069,0.12969838082220175
0.3042078031782905,0.8209146602080069,0.12973875926489942
0.30417106652587117,0.8207721897706226,0.12974278868976355
0.30439606889992604,0.8207721897706226,0.12984661042225346
0.30435931307793923,0.8206297193332384,0.1298596878332635
0.3044719314938154,0.8206297193332384,0.1299766860921749
0.30443516413807686,0.8204872488958541,0.12998123828854938
0.3044995505736795,0.8204872488958541,0.1300300598242526
0.3044627749576988,0.8203447784584699,0.13003101045714402
0.30460773422208115,0.8203447784584699,0.13014410415317493
0.3045341516321888,0.8200598375837014,0.1301444031308063
0.3044973544973545,0.8199173671463171,0.13014992580336474
0.30454569508387574,0.8199173671463171,0.13015397563045716
0.30450889077053345,0.8197748967089329,0.13019752641655208
0.30486383384550175,0.8197748967089329,0.13041446531071701
0.30482700153658665,0.8196324262715486,0.13042040954591705
0.3048431538787622,0.8196324262715486,0.13043234074396928
0.304806316570399,0.8194899558341644,0.13043689965692074
0.3049679232278246,0.8194899558341644,0.13057235585142116
0.3049310710498409,0.8193474853967802,0.13058569980578277
0.3048942149636778,0.8192050149593959,0.1305910924884586
0.30495889684433836,0.8192050149593959,0.1305947865008784
0.30492203245995547,0.8190625445220117,0.13060453256357532
0.30513242396900375,0.8190625445220117,0.1306747533530406
0.3050955414012739,0.8189200740846274,0.13067784747694086
0.30517653305017256,0.8189200740846274,0.13073817405183333
0.30513964107465225,0.8187776036472432,0.13077974064145403
0.3051720475785896,0.8187776036472432,0.1307996789223303
0.3051351494875471,0.8186351332098589,0.13080084538463346
0.3052324037184595,0.8186351332098589,0.13084686432684975
0.3051954951126222,0.8184926627724747,0.13085110841784628
0.30524414218160567,0.8184926627724747,0.13088243690340806
0.3052072263549416,0.8183501923350904,0.13088965455276227
0.30528833377624237,0.8183501923350904,0.13091898608349223
0.3052514085255661,0.8182077218977062,0.13094064132441816
0.3052838613650861,0.8182077218977062,0.1309433705375617
0.3052469299877731,0.8180652514603219,0.13095102236038828
0.30532808678081463,0.8180652514603219,0.13095149395952294
0.305291145971816,0.8179227810229377,0.13095225378643685
0.3053723404255319,0.8179227810229377,0.1309744650614048
0.30533539018032874,0.8177803105855534,0.13098361036603254
0.3052984360038302,0.8176378401481692,0.13099444853773276
0.30526147789540886,0.817495369710785,0.13102022234940083
0.3053426990208599,0.817495369710785,0.13107480547493586
0.30532197977647685,0.8173528992734008,0.13108288042662805
0.3055170944722548,0.8173528992734008,0.1312020443569068
0.3054801086435533,0.8172104288360166,0.13120324774242945
0.30575692963752665,0.8172104288360166,0.13145483377125616
0.3057199211045365,0.8170679583986323,0.13146192269630352
0.3058014290284739,0.8170679583986323,0.1315032637705841
0.3057644110275689,0.8169254879612481,0.13150662332616692
0.3057807167235495,0.8169254879612481,0.1315134343316791
0.30574369366967097,0.8167830175238638,0.13151359295754475
0.30576,0.8167830175238638,0.13152344268963717
0.3057229718918342,0.8166405470864796,0.13152479735936404
0.3058861198569828,0.8166405470864796,0.13159882745972926
0.3058654000106741,0.8164980766490954,0.1316000070427378
0.30606141522029373,0.8164980766490954,0.13173081733713507
0.30602435377056186,0.8163556062117111,0.1317352016060566
0.30607339351530366,0.8163556062117111,0.13173917628661327
0.3060363247863248,0.8162131357743269,0.1317553983797373
0.3065439563379528,0.8162131357743269,0.13207666839645898
0.3065068493150685,0.8160706653369426,0.13210345206339288
0.3065396553569517,0.8160706653369426,0.13212340789267596
0.3065025421461065,0.8159281948995584,0.13214752834012156
0.3065353529947011,0.8159281948995584,0.13216875782712528
0.30649823359383366,0.8157857244621741,0.13217587975602385
0.3066459594066299,0.8157857244621741,0.13220902544532653
0.3066088260497001,0.8156432540247899,0.13221903227909335
0.3065716887151197,0.8155007835874056,0.13222773103116137
0.30658810926620245,0.8155007835874056,0.13224704781726088
0.3065509668434303,0.8153583131500214,0.1322750980498936
0.3066495204415153,0.8153583131500214,0.1323067365596687
0.30661236737755865,0.8152158427126371,0.13231061311784895
0.30672741892254085,0.8152158427126371,0.13239485288888217
0.3066902541009971,0.8150733722752529,0.13239793235839764
0.30672313960969333,0.8150733722752529,0.13241443763780372
0.3066859685807731,0.8149309018378686,0.13241701121322824
0.306768207658479,0.8149309018378686,0.13251625350535587
0.3067310270850094,0.8147884314004844,0.13252398588193587
0.30686269249342707,0.8147884314004844,0.13258701821278382
0.3068254990341275,0.8146459609631002,0.13259117747179588
0.30695726862787204,0.8146459609631002,0.13273988256841102
0.3069200622751919,0.8145034905257159,0.13274365957538958
0.3069695017182131,0.8145034905257159,0.13277779387659544
0.3069322880309295,0.8143610200883317,0.13282496237660243
0.3070147169405951,0.8143610200883317,0.13289068847251678
0.3069774936885642,0.8142185496509474,0.13289687466273975
0.30699398366996133,0.8142185496509474,0.1329031070609495
0.30695675530486166,0.8140760792135632,0.13291001255268695
0.30717127190624666,0.8140760792135632,0.13311061903018057
0.30713402505241655,0.8139336087761789,0.13311459484820923
0.3072166057216606,0.8139336087761789,0.1331592224508471
0.30719586963536627,0.8137911383387947,0.13316670123523253
0.30724544134258513,0.8137911383387947,0.13317373903024501
0.3072247027812147,0.8136486679014104,0.13317742718347944
0.3073735199138859,0.8136486679014104,0.13335819949689232
0.3073693276632395,0.8135061974640262,0.13336931060823726
0.30733204134366926,0.813363727026642,0.13338634135869573
0.30736513405836113,0.813363727026642,0.1334145662700203
0.30732784149033543,0.8132212565892577,0.13341575895429067
0.3074768368886016,0.8132212565892577,0.1335124377030445
0.3074395302483435,0.8130787861518735,0.13352020950430413
0.30758866012719627,0.8130787861518735,0.13361239183860943
0.30755133940602597,0.8129363157144892,0.13361403328491683
0.30763424627992236,0.8129363157144892,0.13370431633221277
0.30759691594327926,0.812793845277105,0.13370496907749907
0.3075595815809339,0.8126513748397207,0.13370904769459127
0.30757616608250204,0.8126513748397207,0.13371425214919236
0.30753882657463333,0.8125089044023365,0.13371886328518232
0.3076383644406085,0.8125089044023365,0.1338133394286588
0.3076176089771256,0.8123664339649522,0.13382376245780264
0.30796651363759114,0.8123664339649522,0.13403007254356283
0.30792913470886896,0.812223963527568,0.13403593950527692
0.3082621390721315,0.812223963527568,0.13419167816939293
0.3082247336830152,0.8120814930901837,0.13419385013338614
0.3082039911308204,0.8119390226527995,0.13421649553222745
0.3085544125609096,0.8119390226527995,0.13444630939510677
0.3085169743895176,0.8117965522154154,0.13446361766327933
0.30856709628506446,0.8117965522154154,0.13447837755985714
0.30852965069049554,0.8116540817780311,0.13448752067333347
0.30878048780487805,0.8116540817780311,0.13470391328116654
0.30874302130196757,0.8115116113406469,0.13470736558820168
0.30882671871611367,0.8115116113406469,0.13477590598854974
0.30878924253104156,0.8113691409032626,0.1347860681403345
0.3090238211514461,0.8113691409032626,0.13505505490233868
0.30898632515736923,0.8112266704658784,0.13506617075149396
0.30910374029640086,0.8112266704658784,0.13514437619597797
0.3090662323561346,0.8110842000284941,0.1351459803360933
0.30920052139908755,0.8110842000284941,0.13518930733162127
0.3091630003802075,0.8109417295911099,0.13521571080783296
0.3091254752851711,0.8107992591537256,0.13525285470625278
0.30919265456916223,0.8107992591537256,0.1352865126559578
0.3091719191480113,0.8106567887163414,0.13529103780955717
0.30918871923056024,0.8106567887163414,0.135294368617668
0.30915117921965,0.8105143182789571,0.13531502242760596
0.30911363512852563,0.8103718478415729,0.1353272617730289
0.3091304347826087,0.8103718478415729,0.13535419508686264
0.3090928854829067,0.8102293774041887,0.13536393597930735
0.30910968583541687,0.8102293774041887,0.13537673027834124
0.3090721313257596,0.8100869069668044,0.13538143814233236
0.30912253995868216,0.8100869069668044,0.1354054378003373
0.3090849779807536,0.8099444365294202,0.1354067083361918
0.3091522105606613,0.8099444365294202,0.1354608941511868
0.30914431812000215,0.8096594956546517,0.1354658513087939
0.3092452522174457,0.8096594956546517,0.13549805789180844
0.3092244897959184,0.8095170252172674,0.13551204769653777
0.3094434157499183,0.8095170252172674,0.1356420839443826
0.3094058057839987,0.8093745547798832,0.13564996495581794
0.30962502725092655,0.8093745547798832,0.13576712182600006
0.3095873984847659,0.8092320843424989,0.1357706619234666
0.3096042734110978,0.8092320843424989,0.1357769890624061
0.3095666394112837,0.8090896139051147,0.1357806754422229
0.3097016960244315,0.8090896139051147,0.13581757356744598
0.30966404886561955,0.8089471434677304,0.13581757879471848
0.3096978291698484,0.8089471434677304,0.13582204038362325
0.30966017563955706,0.8088046730303462,0.13584288024803612
0.30994758680934703,0.8088046730303462,0.13607889407552043
0.30987222889592664,0.8085197321555777,0.136079840148002
0.30979685452162514,0.8082347912808092,0.1360821680797778
0.3097591611599585,0.808092320843425,0.1360936946028718
0.3097760786455489,0.808092320843425,0.13610041102409873
0.30975143403441685,0.8078073799686565,0.1361267373296587
0.30978528110145875,0.8078073799686565,0.13614813386900504
0.3097475685717408,0.8076649095312722,0.13617594025798585
0.30988302175576693,0.8076649095312722,0.1362782282703113
0.309862234856768,0.807522439093888,0.13628029100793018
0.3098961180973209,0.807522439093888,0.13632338138645664
0.3098753280839895,0.8073799686565037,0.13633484141301308
0.3102315651174249,0.8073799686565037,0.1365771720046549
0.310193802693529,0.8072374982191195,0.13658901253475036
0.3106700296085097,0.8072374982191195,0.13683582506608236
0.31063223117837363,0.8070950277817353,0.13683898980377363
0.3107856045644064,0.8070950277817353,0.13688073872839512
0.31074779173753225,0.806952557344351,0.1369326988238728
0.31070997476132994,0.8068100869069668,0.13694492999207322
0.31072702331961594,0.8068100869069668,0.1369472988632878
0.31068920105355574,0.8066676164695825,0.13695502824239045
0.310740354535975,0.8066676164695825,0.13699656445944164
0.3107025246981339,0.8065251460321983,0.1370085956908695
0.31080487537059404,0.8065251460321983,0.1370939936080616
0.31076703453577115,0.806382675594814,0.13709727670107233
0.31078409839666155,0.806382675594814,0.13710222477195536
0.3107462522651145,0.8062402051574298,0.1371036493750687
0.3108315939800066,0.8062402051574298,0.1371265860184101
0.3108108108108108,0.8060977347200456,0.13713303755252584
0.3107729495138164,0.8059552642826614,0.1371468772273381
0.31085833608088803,0.8059552642826614,0.1371640257665637
0.31082046491179866,0.8058127938452772,0.13718601636197103
0.31087171595031327,0.8058127938452772,0.13722478881913347
0.3108338371901281,0.8056703234078929,0.1372272258851988
0.31086801165411465,0.8056703234078929,0.13724804082101352
0.3108301264431006,0.8055278529705087,0.13725942773998842
0.3108984933465303,0.8055278529705087,0.13730954644133306
0.3108776946766388,0.8053853825331244,0.13731890883746697
0.3110145246478873,0.8053853825331244,0.13743121104273842
0.31097661623108663,0.8052429120957402,0.13743133395428953
0.3110793109141945,0.8052429120957402,0.13751374139888645
0.31105851268784057,0.8051004416583559,0.13752245964812815
0.31107563580314873,0.8051004416583559,0.13754135499269465
0.31103770988164053,0.8049579712209717,0.13755170115352758
0.3111062166180276,0.8049579712209717,0.13758998980821954
0.311068281938326,0.8048155007835874,0.1375974910558653
0.3110303430805661,0.8046730303462032,0.13760789604939092
0.31104747218856704,0.8046730303462032,0.13761711314291758
0.31100952800572784,0.8045305599088189,0.13762501255086795
0.3110780587230761,0.8045305599088189,0.13766273762194087
0.31105724202523277,0.8043880894714347,0.13766694873069923
0.31119440004409415,0.8043880894714347,0.13777728510404993
0.3111564325873663,0.8042456190340505,0.13778900951446374
0.3112593736215262,0.8042456190340505,0.13783353517718086
0.31122139509236285,0.8041031485966662,0.13785094913021187
0.3113415710503089,0.8041031485966662,0.1379120601297138
0.31130358029458816,0.803960678159282,0.13791286390130583
0.3113551092474068,0.803960678159282,0.137919239963511
0.3113171108536114,0.8038182077218977,0.13791944557344785
0.31152338357904036,0.8038182077218977,0.13812208993243436
0.31148536720044173,0.8036757372845135,0.1381415110382619
0.31150256778397484,0.8036757372845135,0.13815264983232442
0.31146454605699136,0.8035332668471292,0.13816217253830407
0.3115505717284428,0.8035332668471292,0.13819533931390487
0.31151254005082313,0.803390796409745,0.1382110692659538
0.3116158267020336,0.803390796409745,0.13825000087852554
0.31159500386868577,0.8032483259723607,0.13826812410102188
0.31162944948043336,0.8032483259723607,0.13829507031854152
0.31159139903819577,0.8031058555349765,0.13830735065400307
0.31169477467514517,0.8031058555349765,0.13836217836026596
0.3116567131165671,0.8029633850975922,0.13844541545407768
0.3116186473483382,0.802820914660208,0.13846524008113392
0.31179106955126434,0.802820914660208,0.13851146168074585
0.31175298804780877,0.8026784442228238,0.13853224498394695
0.312098382450698,0.8026784442228238,0.13870947860949112
0.3120602736690488,0.8025359737854395,0.13871599137824284
0.31202216066481997,0.8023935033480553,0.13871647626923933
0.31198404343730957,0.802251032910671,0.1387213474175552
0.3120359082345118,0.802251032910671,0.13874080042676554
0.3119977833194791,0.8021085624732868,0.13877244566698152
0.3120496619000111,0.8021085624732868,0.13878690723804527
0.312011529294385,0.8019660920359025,0.1387917424571614
0.3122884882108183,0.8019660920359025,0.13899669687246474
0.3122503328894807,0.8018236215985183,0.13900677191332045
0.31230231396703845,0.8018236215985183,0.13905584424222048
0.3122641509433962,0.801681151161134,0.13907761988738224
0.31235081876214266,0.801681151161134,0.1391821361808629
0.31231264571999556,0.8015386807237498,0.1391822947490065
0.3123646660374216,0.8015386807237498,0.1392281032507538
0.31232648528595225,0.8013962102863655,0.13922924399376777
0.312343828085957,0.8013962102863655,0.13923998384368902
0.3123056419369169,0.8012537398489813,0.13925225691961823
0.3123229855056367,0.8012537398489813,0.13925381990798352
0.3122847939575697,0.801111269411597,0.13926587359155398
0.31224659816717576,0.8009687989742128,0.13928487298392533
0.31229863348516834,0.8009687989742128,0.1393045729319564
0.3122604299761124,0.8008263285368286,0.13931646101939996
0.31227777777777777,0.8008263285368286,0.1393477925467097
0.3122395688649369,0.8006838580994443,0.13940852226763045
0.31232633099922197,0.8006838580994443,0.13951293880564772
0.3122881120435725,0.8005413876620602,0.13951563265862874
0.3123054690973766,0.8005413876620602,0.13952169039430026
0.31226724473347783,0.8003989172246759,0.13953485762385426
0.3127888202215912,0.8003989172246759,0.1399269140209168
0.3127679714906175,0.8002564467872917,0.13993332550156934
0.3128028067049062,0.8002564467872917,0.13994994143247289
0.31276453553129874,0.8001139763499074,0.139960281276984
0.31299113860558436,0.8001139763499074,0.14013700292867987
0.31295284806599044,0.7999715059125232,0.14015544566643426
0.31297029151106404,0.7999715059125232,0.14015553226298186
0.3129319955406912,0.799829035475139,0.14016104166865392
0.3130716038367165,0.799829035475139,0.140276927934441
0.3130332942947967,0.7996865650377547,0.1402978249346028
0.31326040852773746,0.7996865650377547,0.14050660233203918
0.31322207958921694,0.7995440946003705,0.14051038757386586
0.31332700575065603,0.7995440946003705,0.1405998641971607
0.3132886655499721,0.7994016241629862,0.14062509200671644
0.3134286671880237,0.7994016241629862,0.14071542235862858
0.31339031339031337,0.799259153725602,0.14072027154168762
0.313565479850204,0.799259153725602,0.14082612171077552
0.313527110117384,0.7991166832882177,0.14083892271910453
0.3135796947503774,0.7991166832882177,0.14088127254035607
0.31354131723135414,0.7989742128508335,0.140882586027413
0.3137518182835403,0.7989742128508335,0.1409732864344964
0.3137452428923215,0.798689271976065,0.1409750767486614
0.3138682044678349,0.798689271976065,0.14103377107104118
0.31382978723404253,0.7985468015386807,0.14104066573254592
0.313847359874573,0.7985468015386807,0.14104420867096656
0.31380893717101577,0.7984043311012965,0.14105046638684388
0.3138265106120849,0.7984043311012965,0.14109135727483627
0.31378808243727596,0.7982618606639122,0.14109834623605794
0.313749649957995,0.798119390226528,0.14111652763449728
0.3139078785161941,0.798119390226528,0.1412276984471488
0.31386943121322497,0.7979769197891438,0.14123195615052705
0.31397499859857614,0.7979769197891438,0.14132342308514623
0.31393653997084875,0.7978344493517595,0.14132373183274013
0.3139893467900196,0.7978344493517595,0.14133762750433573
0.31395088034092183,0.7976919789143753,0.14136210148612774
0.31403892534634587,0.7976919789143753,0.14141590153417571
0.3140004487323312,0.797549508476991,0.14141914106782794
0.3139619678016492,0.7974070380396068,0.14144577229332733
0.3140852974186307,0.7974070380396068,0.14156040505247355
0.31408205646292864,0.7972645676022225,0.141575530508664
0.3141349500392949,0.7972645676022225,0.14159720484018565
0.31411408039523914,0.7971220971648383,0.1416016096589968
0.3142022800022463,0.7971220971648383,0.14167629241941715
0.3141814097163718,0.796979626727454,0.14170304038816806
0.3141605347413357,0.7968371562900698,0.14171431305641946
0.3142134831460674,0.7968371562900698,0.1417570103346224
0.31417495364908143,0.7966946858526855,0.1417995914549868
0.3143338954468803,0.7966946858526855,0.1418716057476386
0.3142953510596436,0.7965522154153013,0.14188121250777191
0.314419075469576,0.7965522154153013,0.1420059855523684
0.31438051853101623,0.7964097449779171,0.14201502955459927
0.31443356958038027,0.7964097449779171,0.14203960424824968
0.3143950047814592,0.7962672745405328,0.14205630719337203
0.31443037974683546,0.7962672745405328,0.14207322903699926
0.31442718883637183,0.7961248041031486,0.14207507336512834
0.3144625773776027,0.7961248041031486,0.14213932125000736
0.3144239968484439,0.7959823336657643,0.14216734052587238
0.3149379932356257,0.7959823336657643,0.14268360749876868
0.31489937426010484,0.7958398632283801,0.14268765075835557
0.31516587677725116,0.7958398632283801,0.1428779434327381
0.3151272357952942,0.7956973927909958,0.14288516542021895
0.31508859045254484,0.7955549223536116,0.14288915498702576
0.3152130962461191,0.7955549223536116,0.14299181448652462
0.315210027100271,0.7954124519162273,0.1430042495393937
0.3152456239412761,0.7954124519162273,0.14303366136105758
0.3152425594397696,0.7952699814788431,0.14303652869258027
0.31536723163841807,0.7952699814788431,0.1431477063996
0.3153463668211097,0.7951275110414588,0.14318849950327847
0.31538200723327303,0.7951275110414588,0.14321440655598816
0.3153433173212772,0.7949850406040746,0.14321704209933414
0.3154146176021706,0.7949850406040746,0.1432361735930438
0.315375918598078,0.7948425701666905,0.14324572057342558
0.31557214774591325,0.7948425701666905,0.14333881841473395
0.3155334313836407,0.7947000997293062,0.14338655976407377
0.31555128132601684,0.7947000997293062,0.14339551192168662
0.3155125594025798,0.794557629291922,0.14340539072125752
0.31567328918322296,0.794557629291922,0.14348932644134718
0.3156345522472546,0.7944151588545377,0.14350390813216407
0.3157060355565621,0.7944151588545377,0.1435423179499774
0.31566728950795536,0.7942726884171535,0.14354457415744368
0.31586402266288954,0.7942726884171535,0.14370017847696806
0.31582525922148563,0.7941302179797692,0.14371386073111977
0.3158789527371642,0.7941302179797692,0.1437423655933326
0.3158401813544914,0.793987747542385,0.1437479559617135
0.3158580820675584,0.793987747542385,0.1437479759200381
0.3158372066659109,0.7938452771050007,0.14375593205736248
0.31598049223091756,0.7938452771050007,0.14386232998423096
0.3159417002211762,0.7937028066676165,0.14387455485898068
0.3161030413073082,0.7937028066676165,0.1440316849319548
0.3160642342393463,0.7935603362302323,0.14404410961210945
0.31613598955672856,0.7935603362302323,0.14408216860773787
0.3161510076639228,0.793417865792848,0.1440853904279602
0.31651037226484796,0.793417865792848,0.14417681184149897
0.3164715243833125,0.7932753953554638,0.14421760736878336
0.31677760710018776,0.7932753953554638,0.14447623723480385
0.31675675675675674,0.7931329249180795,0.14450910214414892
0.31681083541998634,0.7931329249180795,0.14457225719640318
0.31677195378749073,0.7929904544806953,0.1445730799712333
0.31704260651629074,0.7929904544806953,0.14473500138986325
0.317003702648818,0.792847984043311,0.14474676130373237
0.3169647943488664,0.7927055136059268,0.14474765772507986
0.31700091157702825,0.7927055136059268,0.14477109079232048
0.3169619964674378,0.7925630431685425,0.1447902226025493
0.3171065382203728,0.7925630431685425,0.1448863166349782
0.3170676091665717,0.7924205727311583,0.14490355431008117
0.31733896274319623,0.7924205727311583,0.1450756649189522
0.317300011411617,0.792278102293774,0.145076452803518
0.3173905598995491,0.792278102293774,0.14512665280043113
0.317351598173516,0.7921356318563898,0.14515726681033417
0.3173697128831554,0.7921356318563898,0.1451583858216735
0.31733074551889484,0.7919931614190056,0.14516819360066702
0.3174213441443499,0.7919931614190056,0.1452409202496396
0.31745487777016224,0.7918506909816213,0.14525037330928672
0.31741589078654253,0.7917082205442371,0.14525788836811498
0.3175065706776368,0.7917082205442371,0.14532457486532258
0.31746757328152675,0.7915657501068528,0.14535137076134824
0.3176490766680007,0.7915657501068528,0.14544592161303804
0.31761006289308175,0.7914232796694686,0.14546129415943101
0.31768271760265354,0.7914232796694686,0.14551610446989896
0.31766186227407917,0.7912808092320843,0.1455335234193499
0.3176228336097924,0.7911383387947001,0.1455394350492735
0.3175838004804942,0.7909958683573158,0.1455416346823875
0.3176564824350612,0.7909958683573158,0.14558267443046552
0.3176719697836786,0.7908533979199316,0.1455832783076281
0.31781747394938736,0.7908533979199316,0.14565241289520836
0.31777841397079876,0.7907109274825473,0.14565398011923736
0.31788762242969243,0.7907109274825473,0.1456868734932977
0.3178485508076527,0.7905684570451631,0.1456990752973514
0.31792139337687636,0.7905684570451631,0.145769249553065
0.31788231249641896,0.7904259866077789,0.1457725600137017
0.3180463196514561,0.7904259866077789,0.14588410164410792
0.3180072235280628,0.7902835161703946,0.14588592898260672
0.3182078935291418,0.7902835161703946,0.14595579671424888
0.31818703384968444,0.7901410457330104,0.14596761168887323
0.31822354831305943,0.7901410457330104,0.14600836621087734
0.31818442646468126,0.7899985752956261,0.14601276776896963
0.31820268564214393,0.7899985752956261,0.1460274587915657
0.3181635581061693,0.7898561048582419,0.14602888235980982
0.3181818181818182,0.7898561048582419,0.1460330469495653
0.3181426849566665,0.7897136344208576,0.14605841611288717
0.31825228225297125,0.7897136344208576,0.14609250370039112
0.31821313734497014,0.7895711639834734,0.14609582881911917
0.31826796071900304,0.7895711639834734,0.14613520613766057
0.3182288077188146,0.7894286935460891,0.14613640335356168
0.31835679402470557,0.7894286935460891,0.14617066946845347
0.318335919094409,0.789286223108705,0.14618294485203195
0.3184274054489022,0.789286223108705,0.14619860307387408
0.31838822785537735,0.7891437526713208,0.14620551984422953
0.31847976080956764,0.7891437526713208,0.14627838870609525
0.3184771982287653,0.7890012822339365,0.14628341581979096
0.31843800322061194,0.7888588117965523,0.1462994223607465
0.31851127473538887,0.7888588117965523,0.14636922116737433
0.3184720704136225,0.788716341359168,0.1463881011916911
0.31861870503597123,0.788716341359168,0.14642986650961312
0.3185794865891562,0.7885738709217838,0.1464430793462762
0.3186161639419756,0.7885738709217838,0.1464648719134568
0.3185769385757872,0.7884314004843995,0.1464828212257498
0.3185952792170409,0.7884314004843995,0.1464838546572628
0.31855604813172894,0.7882889300470153,0.1464935108741104
0.31861107912011977,0.7882889300470153,0.1465042293306489
0.31853259617599633,0.7880039891722468,0.14651749269654385
0.3186610589387567,0.7880039891722468,0.14657596293150016
0.31862180225858494,0.7878615187348625,0.14657896529249595
0.31858254105445116,0.7877190482974783,0.14658154425608144
0.31869272004150095,0.7877190482974783,0.14663004943516272
0.3186534470832373,0.787576577860094,0.1466309326360051
0.31861416959704847,0.7874341074227098,0.1466429673929417
0.3185748875821515,0.7872916369853256,0.14665898477534742
0.3187770406691664,0.7872916369853256,0.1467173081806229
0.3187561299255755,0.7871491665479413,0.14672373218945098
0.3188113098672822,0.7871491665479413,0.1467680176549907
0.3187720006924808,0.7870066961105571,0.14676932858318914
0.3187510821261615,0.7868642256731728,0.14677766055816233
0.3187878787878788,0.7868642256731728,0.14680737557608567
0.3187669572244992,0.7867217552357886,0.14681189273828135
0.31878535965823807,0.7867217552357886,0.1468250131272282
0.31874603082962877,0.7865792847984043,0.1468251864709216
0.3188380688380688,0.7865792847984043,0.14691774724016532
0.31879872942535376,0.7864368143610201,0.1469181396437157
0.31900138696255204,0.7864368143610201,0.14705379544271782
0.3189620297058314,0.7862943439236358,0.14706092105455978
0.3189226678996648,0.7861518734862516,0.14707253837824893
0.3188833015432634,0.7860094030488673,0.14707823799812778
0.31928931072400024,0.7860094030488673,0.14735633640212975
0.31924991318439633,0.7858669326114831,0.14735989763286347
0.3193608151922186,0.7858669326114831,0.1474578627134751
0.3193398957730168,0.7857244621740989,0.1474976125144783
0.31959898006490495,0.7857244621740989,0.1477298948727875
0.3195595479571139,0.7855819917367146,0.14775377741235765
0.3197077752652635,0.7855819917367146,0.14786931463099945
0.31966832888785807,0.7854395212993304,0.14787403878311997
0.3198723527705251,0.7854395212993304,0.14796430448951114
0.31983288847626784,0.7852970508619461,0.14796595976373647
0.31985144780363256,0.7852970508619461,0.14798220013802083
0.31981197771587744,0.7851545804245619,0.14798455427580845
0.3197725030468342,0.7850121099871776,0.14798469322039265
0.3197910621009867,0.7850121099871776,0.14799111771079873
0.31975158163561435,0.7848696395497934,0.14799723231206646
0.31980726808313015,0.7848696395497934,0.14801894686542744
0.31978634463539246,0.7847271691124091,0.14804651873566735
0.3198420533070089,0.7847271691124091,0.14810054159604955
0.31980255516840883,0.7845846986750249,0.14811517206291225
0.3198582796073648,0.7845846986750249,0.1481829347478304
0.31981877323420077,0.7844422282376406,0.14818735103183447
0.31991168438789147,0.7844422282376406,0.14825522818249914
0.31987216734456714,0.7842997578002564,0.1482754567003955
0.3200581395348837,0.7842997578002564,0.14834819365358945
0.3200186057328914,0.7841572873628722,0.14835189044126618
0.32020478212810516,0.7841572873628722,0.14844242941402605
0.3201652315569002,0.7840148169254879,0.1484467319675166
0.32061291074341647,0.7840148169254879,0.1486301752320263
0.32057332634154867,0.7838723464881037,0.14865580924604252
0.32068543451652387,0.7838723464881037,0.1487131561933006
0.32064583819072046,0.7837298760507194,0.14873870275998544
0.3207580174927114,0.7837298760507194,0.1488041879185488
0.3207184092366902,0.7835874056133353,0.14881220752565563
0.3207558173441418,0.7835874056133353,0.14882145729658278
0.3207162020296279,0.783444935175951,0.14883273803937316
0.3207910395519776,0.783444935175951,0.14892109192977276
0.32075141473659646,0.7833024647385668,0.14898377116383224
0.3208450046685341,0.7833024647385668,0.14900925963892112
0.3208053691275168,0.7831599943011825,0.14901342819926913
0.32082409244776466,0.7831599943011825,0.14901936048652784
0.32078445105935915,0.7830175238637983,0.14902363431553983
0.32134713208209087,0.7830175238637983,0.1493592402493046
0.32130744942112033,0.7828750534264141,0.14936689284139765
0.3213450292397661,0.7828750534264141,0.1493906729369213
0.3213053394935376,0.7827325829890298,0.1493989385184893
0.32132413147736577,0.7827325829890298,0.1493998893510719
0.3212844358659414,0.7825901125516456,0.1494056043283792
0.3213408213408213,0.7825901125516456,0.14944746591504343
0.32130111741648626,0.7824476421142613,0.14946084723103756
0.3213951310861423,0.7824476421142613,0.14952660312296379
0.32135541639843157,0.7823051716768771,0.14953716281113608
0.3216000937097341,0.7823051716768771,0.14970688569367838
0.32156035846072745,0.7821627012394928,0.14972183244222176
0.3218242569904449,0.7821627012394928,0.14988105519255
0.3217844999413765,0.7820202308021086,0.1499000100271528
0.3221055102400094,0.7820202308021086,0.1501788676028927
0.3220657276995305,0.7818777603647243,0.1501828733770591
0.3221413477342099,0.7818777603647243,0.150208644236195
0.32210155562078074,0.7817352899273401,0.15022141599668745
0.3222718195700693,0.7817352899273401,0.15027814323676794
0.32223201174743027,0.7815928194899558,0.15028492818332106
0.32225093984962405,0.7815928194899558,0.15028669062527097
0.32221112612348,0.7814503490525716,0.15033633883253625
0.32217130771942193,0.7813078786151874,0.15034026019322239
0.32215041128084604,0.7811654081778031,0.15034924378570003
0.3222261401034321,0.7811654081778031,0.15035704185020665
0.3221863062004114,0.7810229377404189,0.15038254894720043
0.3222241815082584,0.7810229377404189,0.15043414877851374
0.3221843404655537,0.7808804673030346,0.15043675636614443
0.3222411664412958,0.7808804673030346,0.15047522917500072
0.3222013170272813,0.7807379968656504,0.15048825591537154
0.32244777875845837,0.7807379968656504,0.1506787693416646
0.32240790867364955,0.7805955264282661,0.1506787724839904
0.3225217800800565,0.7805955264282661,0.15076489152761874
0.32250088308018365,0.7804530559908819,0.1507668970106588
0.32255785196961667,0.7804530559908819,0.15083400332699518
0.32251796019314566,0.7803105855534976,0.1508419654803941
0.32253695306519053,0.7803105855534976,0.15086114063297756
0.32249705535924617,0.7801681151161134,0.15087271074247455
0.3225920471281296,0.7801681151161134,0.15099837255084106
0.3225521385648639,0.7800256446787291,0.15100750728196125
0.3225711424026395,0.7800256446787291,0.1510148153916351
0.3225502327499853,0.7798831742413449,0.1510267622293402
0.3225103123158515,0.7797407038039607,0.1510346105204592
0.3224703871766162,0.7795982333665764,0.15104461034513755
0.32244946071786407,0.7794557629291922,0.15104627301711215
0.3225635280938624,0.7794557629291922,0.15111569017345355
0.32252358490566035,0.7793132924918079,0.15115132273764845
0.3225806451612903,0.7793132924918079,0.15119349277425573
0.32254069355980186,0.7791708220544237,0.1511954384934726
0.3225787424796508,0.7791708220544237,0.15122670555320206
0.3225578102878716,0.7790283516170394,0.1512327589455232
0.32269105930953085,0.7790283516170394,0.15130312792917927
0.32265108593012276,0.7788858811796552,0.15130591651808004
0.3228225568349572,0.7788858811796552,0.15144244328849746
0.32280162995334555,0.7787434107422709,0.1514636884842394
0.3229351293867423,0.7787434107422709,0.15159118680482464
0.3228951255539143,0.7786009403048867,0.151598879415519
0.3232580149059506,0.7786009403048867,0.15180064594438483
0.32321798284531206,0.7784584698675024,0.15180256391690944
0.3232371036441079,0.7784584698675024,0.15181926248842378
0.3231970656096551,0.7783159994301182,0.15182030271390365
0.3232544378698225,0.7783159994301182,0.15185262741722347
0.32321439138410557,0.778173528992734,0.15186204699355754
0.3232125946969697,0.7780310585553498,0.15186259528448925
0.3232317253625333,0.7780310585553498,0.1518717955698081
0.32319166568012314,0.7778885881179656,0.15187428473433542
0.3231516012549577,0.7777461176805813,0.15190378772150592
0.32311153208619464,0.7776036472431971,0.15191501379666625
0.323456204812137,0.7776036472431971,0.15207758286023954
0.3234161085758312,0.7774611768058128,0.1520882417704262
0.3234544484618576,0.7774611768058128,0.15212772048948497
0.3234143449911085,0.7773187063684286,0.15213472168366357
0.32356778555331517,0.7773187063684286,0.15215270105988102
0.3235276673981377,0.7771762359310443,0.1521892913633362
0.32362363550071194,0.7771762359310443,0.15222308471109586
0.3235835063779294,0.7770337654936601,0.15222353081783954
0.323814047378733,0.7770337654936601,0.15233294264849911
0.32377389858686617,0.7768912950562759,0.15233332604970443
0.3237337450270174,0.7767488246188916,0.15236370086936718
0.32375296912114016,0.7767488246188916,0.15237192963084192
0.3237897237897238,0.7766063541815074,0.1524082474395822
0.3238281946177152,0.7766063541815074,0.15242601694660704
0.32378802281368824,0.7764638837441231,0.1524361596207355
0.32398050172393295,0.7764638837441231,0.152600560337242
0.32394031270435764,0.7763214133067389,0.15262175852378845
0.3239980972767273,0.7763214133067389,0.15265728933391073
0.32395789974430633,0.7761789428693546,0.1526738996127636
0.3240157012013798,0.7761789428693546,0.15270391986980242
0.3239754951525605,0.7760364724319704,0.15274649941136242
0.32393528432072327,0.7758940019945861,0.1527545850072025
0.32416666666666666,0.7758940019945861,0.1529811597370759
0.3241264360973867,0.7757515315572019,0.15298202115017387
0.32414573163471844,0.7757515315572019,0.1530018091564905
0.3241054950288742,0.7756090611198176,0.15302042443169606
0.32406359792770795,0.7753241202450492,0.15302850963488734
0.32416011436740527,0.7753241202450492,0.15305746282514632
0.3241198546494311,0.7751816498076649,0.15307078769477578
0.3241584748287161,0.7751816498076649,0.15310198112850518
0.32411820781696854,0.7750391793702807,0.1531046851772545
0.3244468300829009,0.7750391793702807,0.15331245970171484
0.3244065370392461,0.7748967089328964,0.15331515795365266
0.324600143232275,0.7748967089328964,0.15344839987480108
0.32457920496597825,0.7747542384955122,0.15345237358613917
0.32467610006567554,0.7747542384955122,0.15350451324498302
0.3246357774062575,0.7746117680581279,0.15353497198856172
0.3246551621185884,0.7746117680581279,0.1535460623951187
0.3246148333930491,0.7744692976207437,0.15355671269265045
0.3246729976706683,0.7744692976207437,0.15360884765523808
0.32465205184875456,0.7743268271833594,0.15362043106696086
0.32461170848267623,0.7741843567459752,0.15362167908526564
0.3246311010215664,0.7741843567459752,0.15362887257376995
0.3245907515832238,0.7740418863085909,0.1536586054926022
0.3246877427837208,0.7740418863085909,0.1537494412735902
0.32470560105206525,0.7738994158712067,0.15377901891392987
0.3249386851707842,0.7738994158712067,0.15390013068765585
0.3248983010289543,0.7737569454338225,0.1539075660575899
0.3249955119382443,0.7737569454338225,0.1539581873430971
0.3249551166965889,0.7736144749964382,0.15398256986949993
0.3252665628369474,0.7736144749964382,0.15418989981492137
0.32522614269454264,0.773472004559054,0.1542225999802095
0.3252052004074052,0.7733295341216697,0.15424744152236874
0.32522468544038347,0.7733295341216697,0.15425060171882335
0.32518425310084487,0.7731870636842855,0.154250911484506
0.32520373921380635,0.7731870636842855,0.15425173207309936
0.3251633007730569,0.7730445932469012,0.15425299048630384
0.3251827879659595,0.7730445932469012,0.1542560882673601
0.3251423434222355,0.772902122809517,0.1542688052939997
0.3252398081534772,0.772902122809517,0.15429349973998252
0.3251993524791654,0.7727596523721327,0.154309026487446
0.3253944447777311,0.7727596523721327,0.1543942588279331
0.32535397168226543,0.7726171819347485,0.15441521621291215
0.32549066682672106,0.7726171819347485,0.1544954042898865
0.3254697160693919,0.7724747114973642,0.15451221974068194
0.32566520511742447,0.7724747114973642,0.1545882084730173
0.32564426022706794,0.7723322410599801,0.15459149108983136
0.3256833884049264,0.7723322410599801,0.15463906431115265
0.3256428743090603,0.7721897706225959,0.1546426639869161
0.3256820093738733,0.7721897706225959,0.15468800160829918
0.32564148789135267,0.7720473001852116,0.1547101732163843
0.325798112186617,0.7720473001852116,0.1547954159005462
0.32575757575757575,0.7719048297478274,0.1548004932876576
0.3262086820398579,0.7719048297478274,0.15506189854914368
0.32620739491749967,0.7717623593104431,0.15506384603449255
0.32624668754516983,0.7717623593104431,0.1551123025545737
0.3262061073300006,0.7716198888730589,0.15511253865548788
0.3261655222262378,0.7714774184356746,0.15511892781911513
0.326124932232998,0.7713349479982904,0.15513964421578216
0.32624284423018984,0.7713349479982904,0.15515539388394756
0.32622190080154284,0.7711924775609061,0.1551572658753772
0.3262808921036769,0.7711924775609061,0.1551720439405674
0.3262402797034179,0.7710500071235219,0.15517259547367265
0.326299288556614,0.7710500071235219,0.15519128118602904
0.32625866747060595,0.7709075366861377,0.15519258770289487
0.32623771332087076,0.7707650662487534,0.15519527731317895
0.3262573875286455,0.7707650662487534,0.15521556430590105
0.32623642943305187,0.7706225958113692,0.15522442330530808
0.32631515444015446,0.7706225958113692,0.1552851020684301
0.3262745098039216,0.7704801253739849,0.15529516994753986
0.3262338602630626,0.7703376549366007,0.15532903506532172
0.3263914040806471,0.7703376549366007,0.15545168517484229
0.326370441922241,0.7701951844992164,0.15548104054302578
0.32640985388238136,0.7701951844992164,0.15550667403702678
0.32636918060503595,0.7700527140618322,0.15552647363632954
0.32668479903294045,0.7700527140618322,0.15574412829009773
0.32664410058027077,0.7699102436244479,0.15577790165737404
0.3270790461203244,0.7699102436244479,0.15607666779570928
0.3270383148719811,0.7697677731870637,0.15608511785517096
0.3270581113801453,0.7697677731870637,0.1560989466202417
0.327037171570408,0.7696253027496794,0.15612906518603922
0.3271163860966453,0.7696253027496794,0.15619199596651942
0.3270756373766124,0.7694828323122952,0.1561962017148514
0.3271350696547547,0.7694828323122952,0.15625088034557355
0.32709431219334906,0.769340361874911,0.1562553806729264
0.32733224222585927,0.769340361874911,0.15640398693531046
0.32729146459747815,0.7691978914375267,0.15642338067380737
0.3274899915079461,0.7691978914375267,0.15650587147460043
0.32744919623900515,0.7690554210001425,0.1565072515240848
0.3275684204138601,0.7690554210001425,0.15663855764652038
0.32752761257434154,0.7689129505627582,0.15666898910768529
0.3276469159786304,0.7689129505627582,0.15674675921501635
0.3276060955618967,0.768770480125374,0.156748486479813
0.327565270188221,0.7686280096879897,0.15675884971023327
0.3275851599975712,0.7686280096879897,0.15678028428959284
0.327544328394462,0.7684855392506055,0.1567826903211432
0.3275841127171141,0.7684855392506055,0.15680238122738469
0.32754221844247355,0.768200598375837,0.1568026782317709
0.32770147076698675,0.768200598375837,0.1569126986627529
0.32766060900747584,0.7680581279384527,0.156919885425342
0.32774028816341416,0.7680581279384527,0.1569793446797622
0.32771934091323646,0.7679156575010685,0.1569896032507433
0.3277990634312473,0.7679156575010685,0.15705853128604072
0.32775818027004017,0.7677731870636842,0.15707117406809384
0.327817993795243,0.7677731870636842,0.15709821500580953
0.3277771018372065,0.7676307166263,0.15710065800818884
0.3280165591136004,0.7676307166263,0.15723178764618267
0.32797564687975644,0.7674882461889158,0.15724741600402461
0.3280555386395469,0.7674882461889158,0.15729354320912248
0.3280146163215591,0.7673457757515315,0.15731681194103023
0.32813451931278176,0.7673457757515315,0.15738102586910185
0.3280935843538658,0.7672033053141473,0.15739064465297228
0.32811357543261027,0.7672033053141473,0.15739139617508321
0.32809262644728826,0.767060834876763,0.15739744529054478
0.3284729424684278,0.767060834876763,0.1574958404978426
0.3284319707138499,0.7669183644393788,0.15752709615345611
0.3284520104948441,0.7669183644393788,0.1575277349308205
0.32841103246277764,0.7667758940019946,0.1575302768196655
0.32843107341185085,0.7667758940019946,0.15753333936057548
0.3283900891004516,0.7666334235646104,0.15754626052291196
0.3284702722500305,0.7666334235646104,0.15761069756385518
0.32844932844932845,0.7664909531272261,0.15762642262746973
0.3286499694563225,0.7664909531272261,0.15766235445663174
0.3286089559533264,0.7663484826898419,0.1576720190538743
0.3287294505897452,0.7663484826898419,0.15775038097269434
0.32868842439799534,0.7662060122524577,0.15775517065983968
0.32870851414950186,0.7662060122524577,0.1577585929292107
0.3286674816625917,0.7660635418150734,0.15776320892581472
0.32868757259001163,0.7660635418150734,0.15777512049903317
0.32864653380608877,0.7659210713776892,0.15778113359883517
0.3286666259093966,0.7659210713776892,0.15778127818641552
0.32864567410577805,0.7657786009403049,0.15778239797110627
0.32866576984224044,0.7657786009403049,0.15778438304257755
0.3286247171772763,0.7656361305029207,0.1577870801850269
0.3287252263273795,0.7656361305029207,0.15783799611585458
0.32868416223160213,0.7654936600655364,0.1578519841584376
0.3287847264716681,0.7654936600655364,0.15793067504648742
0.328743650939355,0.7653511896281522,0.15793171862811312
0.32870257037943695,0.7652087191907679,0.1579351192540608
0.32876293077064334,0.7652087191907679,0.15797125996579128
0.3287218413320274,0.7650662487533837,0.15797708664930565
0.32886275950762445,0.7650662487533837,0.1580957542002916
0.3288216560509554,0.7649237783159994,0.158100521553716
0.32930569185475955,0.7649237783159994,0.1583535771161112
0.329264552536343,0.7647813078786152,0.15836005050478916
0.3292847503373819,0.7647813078786152,0.15837127211700752
0.329243604686829,0.764638837441231,0.15837689985021797
0.32989120413055506,0.764638837441231,0.15880637648020185
0.32985001229407424,0.7644963670038467,0.158808780732902
0.3299108515216723,0.7644963670038467,0.15886563859365221
0.3298696507624201,0.7643538965664625,0.15886707164283273
0.3298284449363586,0.7642114261290782,0.15886910243382638
0.3300110741971207,0.7642114261290782,0.15895127686330063
0.3299698517196825,0.764068955691694,0.15897068998970143
0.3300917092386287,0.764068955691694,0.15900434059271196
0.3300504739628216,0.7639264852543097,0.15901657951294187
0.33021308042862424,0.7639264852543097,0.15923116170936183
0.3301718297715095,0.7637840148169255,0.1592356968479746
0.3301921655580192,0.7637840148169255,0.15924195879808115
0.33015090853095164,0.7636415443795412,0.15926721954523992
0.3302119270576639,0.7636415443795412,0.15930379560269373
0.33017066108064813,0.763499073942157,0.15931261531571272
0.3303131163708087,0.763499073942157,0.15940678242861706
0.3302718362818221,0.7633566035047727,0.15940903356772157
0.3304755443162894,0.7633566035047727,0.15956510575497126
0.33043424623735507,0.7632141330673885,0.15956879813512886
0.3304546295725125,0.7632141330673885,0.15958299693399325
0.33041332510795807,0.7630716626300043,0.15959721818118547
0.3304337096674687,0.7630716626300043,0.15962027771826612
0.3303923988153998,0.76292919219262,0.15962800827669124
0.33039185436593643,0.7627867217552358,0.1596528335251201
0.33045303049006297,0.7627867217552358,0.15971685045326914
0.33041170298129746,0.7626442513178515,0.1597266823922512
0.33075877409787446,0.7626442513178515,0.15993918733846138
0.3307174195143051,0.7625017808804673,0.159965218775706
0.33096283470409993,0.7625017808804673,0.16007346478164622
0.33092145949288804,0.762359310443083,0.1601193402520647
0.33096239485403267,0.762359310443083,0.1601454534065886
0.3309210119378982,0.7622168400056988,0.16016050687659011
0.3309824300915615,0.7622168400056988,0.1602289001808381
0.33094103817360637,0.7620743695683145,0.1602661216940055
0.33124845182065893,0.7620743695683145,0.16041176896546627
0.33120703536260604,0.7619318991309303,0.1604230722977755
0.3313096270598439,0.7619318991309303,0.16048974468426333
0.3312681989963447,0.761789428693546,0.16050241400122212
0.33128872366790585,0.761789428693546,0.1605373284663335
0.3312678150948073,0.7616469582561618,0.1605461002979069
0.3316171453383785,0.7616469582561618,0.16070793442298878
0.331575682382134,0.7615044878187776,0.16072524604744834
0.33184329794499284,0.7615044878187776,0.16093534945653548
0.3318224153989444,0.7613620173813933,0.16095476667824699
0.33188423798285926,0.7613620173813933,0.16098470988828467
0.33184274268678965,0.7612195469440092,0.16099510274317655
0.33180124223602486,0.7610770765066249,0.16100809724496745
0.33186308007703297,0.7610770765066249,0.16111275383601822
0.33182157057654077,0.7609346060692407,0.16111426337606083
0.33184218701460083,0.7609346060692407,0.16113188199236655
0.33180067105753697,0.7607921356318564,0.16113535771906942
0.3318212887590878,0.7607921356318564,0.16114481928784835
0.33177976634352474,0.7606496651944722,0.16118153883315334
0.33173823876701264,0.760507194757088,0.16122190909850304
0.3316967060285892,0.7603647243197037,0.16122926115688543
0.33165516812729195,0.7602222538823195,0.16128591568774867
0.3317170210120602,0.7602222538823195,0.1613187402045486
0.3316754740441405,0.7600797834449352,0.16132488960077934
0.3317992412463462,0.7600797834449352,0.16139147634937007
0.33175768130364475,0.759937313007551,0.16141164338851113
0.33171611619083163,0.7597948425701667,0.1614261298048628
0.33198456175298807,0.7597948425701667,0.16158996633910674
0.33194297453775756,0.7596523721327825,0.16160969093261474
0.33190138214419124,0.7595099016953982,0.16162031647318328
0.3320874602877967,0.7595099016953982,0.16175484725465583
0.33210791949654184,0.759367431258014,0.1617677940725446
0.33235642576541746,0.759367431258014,0.16188545027704626
0.3323147917186331,0.7592249608206297,0.16188817281877493
0.33235624298365973,0.7592249608206297,0.16189028240061354
0.33231460113515876,0.7590824903832455,0.16189200704498155
0.3323975294778215,0.7590824903832455,0.16196856532786533
0.332355877214874,0.7589400199458612,0.1619880800697845
0.3323973542992637,0.7589400199458612,0.1620249239794224
0.3323556942277691,0.758797549508477,0.16203589001038507
0.33233476876989326,0.7586550790710928,0.1620404034421491
0.33248001998001997,0.7586550790710928,0.1621303855502558
0.33243833905713394,0.7585126086337085,0.1621344420885408
0.3324590982889971,0.7585126086337085,0.1621821899184958
0.33241741085368137,0.7583701381963243,0.1621927124061417
0.33245893448254327,0.7583701381963243,0.16221270929205556
0.33241723922548405,0.75822766775894,0.16221777688169045
0.3323755387594478,0.7580851973215558,0.16224900433170017
0.3323963018490755,0.7580851973215558,0.16224917563523078
0.3323544113971507,0.7578002564467873,0.16226543064718862
0.33260380190095046,0.7578002564467873,0.1623948957887503
0.33256206616221623,0.757657786009403,0.1623974180086238
0.33252032520325203,0.7575153155720188,0.16240301191638648
0.3326035280870762,0.7575153155720188,0.1624344706977255
0.3325825825825826,0.7573728451346345,0.16245173387369297
0.332603391103047,0.7573728451346345,0.1624685453008653
0.3325616318358153,0.7572303746972503,0.1624725374410005
0.3325198673424692,0.757087904259866,0.16249048990864975
0.3324780976220275,0.7569454338224818,0.16250902319492785
0.3327904791731914,0.7569454338224818,0.16270796065648813
0.3327486845402155,0.7568029633850976,0.16273781092438536
0.33276952953705446,0.7568029633850976,0.16276264411069535
0.33272772835484277,0.7566604929477133,0.16277587108790667
0.33281112921418726,0.7566604929477133,0.1628752898358071
0.3327693175408911,0.7565180225103291,0.16291450071731944
0.3328318916886047,0.7565180225103291,0.16294341997310896
0.33279007083307216,0.7563755520729448,0.1629448694815388
0.33293615953844224,0.7563755520729448,0.1631690355540011
0.33289432423957355,0.7562330816355606,0.16321971892150985
0.33291520321123935,0.7562330816355606,0.16322600291477812
0.3328733613498087,0.7560906111981763,0.16324151499464548
0.33324960753532185,0.7560906111981763,0.1634374755464689
0.3332077367495604,0.7559481407607921,0.16343869205278486
0.33322866294040066,0.7559481407607921,0.16345610119786422
0.3332076894082171,0.7556631998860236,0.1634903361126244
0.3333333333333333,0.7556631998860236,0.16355762273096547
0.33329143359939667,0.7555207294486395,0.16357097628727285
0.3334171644137064,0.7555207294486395,0.16364609446001474
0.33337525150905434,0.7553782590112552,0.1636579848192524
0.3336059900585163,0.7553782590112552,0.1639589065280993
0.3335640573873647,0.755235788573871,0.16397076402195346
0.3337110481586402,0.755235788573871,0.16413109310513924
0.3336691009821204,0.7550933181364867,0.1641359843658801
0.3337111195063594,0.7550933181364867,0.16416422984514012
0.33366916441030164,0.7549508476991025,0.16417748106598917
0.33371119088103784,0.7549508476991025,0.16418277838480752
0.3336692278624512,0.7548083772617182,0.16419037875143777
0.33404791929382094,0.7548083772617182,0.1644442977434075
0.3340059272337474,0.754665906824334,0.164444636449706
0.33402698953209736,0.754665906824334,0.16445669926970002
0.3340060544904137,0.7545234363869497,0.16447463747392777
0.3340692613385479,0.7545234363869497,0.164540500444261
0.33402725208175627,0.7543809659495655,0.16460349709893957
0.3339852375244464,0.7542384955121813,0.16460485193646818
0.33394321766561513,0.754096025074797,0.16464170481858081
0.3339853609288238,0.754096025074797,0.16471348535573957
0.3339433331229886,0.7539535546374128,0.16471348658120813
0.33390130001262147,0.7538110842000285,0.16474880457921912
0.3338592615967182,0.7536686137626443,0.1647710184531594
0.33400681904280843,0.7536686137626443,0.1648312279255336
0.3339858550138924,0.75352614332526,0.16484118076608578
0.33415466262319937,0.75352614332526,0.1649884608595167
0.3341125924053832,0.7533836728878758,0.1649957218320204
0.3341548183254344,0.7533836728878758,0.16500251116636644
0.3341127401415571,0.7532412024504915,0.16503365262246122
0.3340706566390697,0.7530987320131073,0.16503955384695995
0.33415512990707374,0.7530987320131073,0.16515603173263685
0.3341130357820205,0.752956261575723,0.1651768616766492
0.3344301714864266,0.752956261575723,0.16535873278899163
0.33438805214529804,0.7528137911383388,0.16541822457594868
0.3343459274729447,0.7526713207009545,0.16543674780249604
0.33457884737175425,0.7526713207009545,0.1656441724405882
0.3345367027677497,0.7525288502635703,0.1656536840898048
0.33449455282493035,0.7523863798261861,0.16569679380114904
0.33453693145825414,0.7523863798261861,0.16574532195507097
0.3345159655347187,0.7522439093888018,0.16579226453853696
0.33453716023569663,0.7522439093888018,0.16582415028246497
0.33449499429730073,0.7521014389514176,0.1658428874749334
0.33445282301501805,0.7519589685140333,0.16585440507435725
0.3345800316957211,0.7519589685140333,0.16593037112298287
0.33453784709014833,0.7518164980766491,0.16593880724699378
0.33462270133164235,0.7518164980766491,0.1659758956122308
0.3345383054287164,0.7515315572018806,0.16597602585379054
0.33470812182741116,0.7515315572018806,0.1660970206949003
0.33466590519703027,0.7513890867644963,0.16610178441466172
0.334623683208529,0.7512466163271121,0.16610199587190957
0.33453922315308454,0.7509616754523436,0.16610314604365778
0.3344761904761905,0.7505342641401909,0.1661091053004404
0.33460365853658536,0.7505342641401909,0.1661742971145888
0.3345613923648606,0.7503917937028066,0.16617924206304183
0.33494435612082674,0.7503917937028066,0.16636411247156158
0.33490206054439076,0.7502493232654224,0.16639616661435433
0.33494466352881314,0.7502493232654224,0.16640604531110423
0.3349236641221374,0.7501068528280381,0.16641329426285661
0.33496628069728973,0.7501068528280381,0.16642818160893486
0.3349239676783101,0.749964382390654,0.16645631533099056
0.33507320178230426,0.749964382390654,0.16652648330548864
0.3350308740212617,0.7498219119532697,0.16652776032772532
0.3350735340930795,0.7498219119532697,0.16656233540564727
0.33505253104106975,0.7496794415158855,0.16657411639819442
0.33507386653082016,0.7496794415158855,0.16658365566844585
0.33503152263898617,0.7495369710785013,0.16660192698023676
0.3350955414012739,0.7495369710785013,0.16662624628276612
0.3350531881011529,0.749394500641117,0.16666020607212334
0.33530949193599796,0.749394500641117,0.16682569107496897
0.33528849218999046,0.7492520302037328,0.1668574729573369
0.3352461106860495,0.7491095597663485,0.16686242028716025
0.33520372377733854,0.7489670893289643,0.16692979167805314
0.33535340648124523,0.7489670893289643,0.16696934529390658
0.335311004784689,0.74882461889158,0.16696942206501797
0.33541799617102747,0.74882461889158,0.16705695894816142
0.3354183953532904,0.7486821484541958,0.16706621803486074
0.3354826353421859,0.7486821484541958,0.16710310696174244
0.3354402094107131,0.7485396780168115,0.1671044847562461
0.3354616268675776,0.7485396780168115,0.16713781485455356
0.3354191941766171,0.7483972075794273,0.16714542670520616
0.33554774832321943,0.7483972075794273,0.1672303743414017
0.33550530215919255,0.748254737142043,0.1672323419774584
0.33552673608892863,0.748254737142043,0.1672452404904218
0.33548428315870177,0.7481122667046588,0.1672669586249444
0.3354418248035269,0.7479697962672746,0.1672710394463018
0.33550613496932513,0.7479697962672746,0.16733842481922329
0.33546366715664344,0.7478273258298903,0.16733899952337775
0.33567819914305813,0.7478273258298903,0.1674775968169003
0.3356571794051807,0.7476848553925061,0.16748884637268627
0.3359149971196313,0.7476848553925061,0.16758981977370313
0.3358724875176034,0.7475423849551218,0.16759005652503914
0.3361952969821234,0.7475423849551218,0.1677996775127159
0.3361527617582981,0.7473999145177376,0.16780664356636013
0.33615330385182335,0.7472574440803533,0.16780903857431217
0.33619639766681625,0.7472574440803533,0.16783439340183717
0.33615384615384614,0.7471149736429691,0.16788760113732049
0.3362616223148445,0.7471149736429691,0.1679429273918801
0.3363053239255933,0.7469725032055848,0.16794592358017102
0.3365859921679399,0.7469725032055848,0.16813008008961913
0.33654340010272216,0.7468300327682006,0.16813430864613543
0.3367379713496499,0.7468300327682006,0.16819935307863793
0.3366953616857253,0.7466875623308163,0.1682310516690274
0.336911802519928,0.7466875623308163,0.16833416574999485
0.33686917389906784,0.7465450918934321,0.16837315209190698
0.3369558227766703,0.7465450918934321,0.16838951398702914
0.3369131832797428,0.7464026214560479,0.16840119004962106
0.33687053829828284,0.7462601510186636,0.16840176081621974
0.33719582850521435,0.7462601510186636,0.16858910645258454
0.33726172076249356,0.7461176805812794,0.16860917878573148
0.3373051655287904,0.7461176805812794,0.1686205286193613
0.3372624798711755,0.7459752101438951,0.16863979909456436
0.3372197887142489,0.7458327397065109,0.1686407177816088
0.33717709205694774,0.7456902692691266,0.16864593213799633
0.33719881458574924,0.7456902692691266,0.16867697635585013
0.3371561110753173,0.7455477988317424,0.1686790827717209
0.3372212914035314,0.7455477988317424,0.16878056971000255
0.337200309358082,0.7454053283943581,0.16878107469821937
0.3374395356336666,0.7454053283943581,0.1688838002156198
0.33739680082559337,0.7452628579569739,0.16889883164981048
0.33750564552551776,0.7452628579569739,0.16892307627106234
0.3374628984385082,0.7451203875195896,0.16892392218539218
0.3377898340114965,0.7451203875195896,0.1690639339159684
0.3377470611032166,0.7449779170822054,0.16906577871366962
0.3378998384491115,0.7449779170822054,0.16914909173555245
0.33787888580107284,0.7448354466448212,0.16916290114068888
0.33792256479865557,0.7448354466448212,0.16917752105596698
0.337879767291532,0.7446929762074369,0.1691845325850885
0.3381639386685644,0.7446929762074369,0.1692592271123913
0.33812111801242234,0.7445505057700527,0.16926857512070287
0.338252427184466,0.7445505057700527,0.1693302705960805
0.3382095928539064,0.7444080353326684,0.16936056475016223
0.3384286547056157,0.7444080353326684,0.16945745064618017
0.3383858012695945,0.7442655648952843,0.1694718658031026
0.3384296449857476,0.7442655648952843,0.16949867183627243
0.3383867832847425,0.7441230944579,0.16951045771868992
0.338452566096423,0.7441230944579,0.16954538260438942
0.33840969477026767,0.7439806240205158,0.1695491924285371
0.3384316267012314,0.7439806240205158,0.1695556611935676
0.3383887484606909,0.7438381535831315,0.16956594575550288
0.3386960752513785,0.7438381535831315,0.16974700221259453
0.33865317244063836,0.7436956831457473,0.16975028736247702
0.33867514435865825,0.7436956831457473,0.16975501388723563
0.33867618429591173,0.743553212708363,0.16979289062103015
0.33863326627295737,0.7434107422709788,0.16980606827197228
0.3386772246381515,0.7434107422709788,0.16982027622893023
0.3386342983253278,0.7432682718335946,0.16982352760756567
0.3385913664394677,0.7431258013962103,0.16986183661586154
0.3387892959210185,0.7431258013962103,0.16997092066046965
0.338746346216304,0.7429833309588261,0.16997581681185817
0.33885640025990904,0.7429833309588261,0.17001992549111192
0.33883545619963606,0.7428408605214418,0.17002030603513937
0.3389235569422777,0.7428408605214418,0.17004389952563678
0.33888058246115843,0.7426983900840576,0.17006760871180834
0.3390569105691057,0.7426983900840576,0.1701964661169782
0.33901391960452715,0.7425559196466733,0.17020270673092405
0.3389709230469004,0.7424134492092891,0.17028769611821004
0.338927920895134,0.7422709787719048,0.17030120621915418
0.3388849131481361,0.7421285083345206,0.17030335095938248
0.3391938529660741,0.7421285083345206,0.17040673723241795
0.3391729078476066,0.7419860378971364,0.17042408788188662
0.3392833876221498,0.7419860378971364,0.17048919774785048
0.3392403413903186,0.7418435674597521,0.17049138839772277
0.33937300397575443,0.7418435674597521,0.17057688106643987
0.3393520630988853,0.7417010970223679,0.17059027013369668
0.3395291201982652,0.7417010970223679,0.17068335030737736
0.33948604226454476,0.7415586265849836,0.17068457083305094
0.33966327329678936,0.7415586265849836,0.17077517110569684
0.3396201788161587,0.7414161561475994,0.17077667206889893
0.3398419643440214,0.7414161561475994,0.17087593785695268
0.33979885057471265,0.7412736857102151,0.1708899109434012
0.3400875874240146,0.7412736857102151,0.17109363550898252
0.3400444502549353,0.7411312152728309,0.17109448153366708
0.3402891345587754,0.7411312152728309,0.17124057587957667
0.3402459767107157,0.7409887448354466,0.17124913198274833
0.34064710505632695,0.7409887448354466,0.17143015258751915
0.3406262282195729,0.7408462743980624,0.17143969140901605
0.3405830330822142,0.7407038039606781,0.17149100666204692
0.3406499803433364,0.7407038039606781,0.1715433615873158
0.34060677544066575,0.7405613335232939,0.17155167396032528
0.3405635648754915,0.7404188630859097,0.17156061140597975
0.34052034864670033,0.7402763926485254,0.17159389794936972
0.34067663257277736,0.7402763926485254,0.1717505872043327
0.3406334010884532,0.7401339222111412,0.17175537850093534
0.3407451134723862,0.7401339222111412,0.1717698318753403
0.3407242193649961,0.7399914517737569,0.17177018125958282
0.3410598200801103,0.7399914517737569,0.17191023614165263
0.341016548463357,0.7398489813363727,0.17191622259426945
0.34124063608884214,0.7398489813363727,0.17197721040791575
0.34119734507458765,0.7397065108989884,0.17199752073432806
0.341331930839524,0.7397065108989884,0.17206257490906082
0.34128862590401055,0.7395640404616042,0.1720713789102596
0.341311065816293,0.7395640404616042,0.1721068849761711
0.3412677538137822,0.7394215700242199,0.1721069356255119
0.34122443611494707,0.7392790995868357,0.17213277158284804
0.3412693193028609,0.7392790995868357,0.1721639484051631
0.3412259931596948,0.7391366291494514,0.17217675362520832
0.3411826613168454,0.7389941587120672,0.17217780227281992
0.34129490722463485,0.7389941587120672,0.17228078051062762
0.34125156280844904,0.738851688274683,0.17230817554158048
0.3412740194788102,0.738851688274683,0.17232508718286382
0.3412306679828891,0.7387092178372988,0.1723307970295002
0.3413429888084266,0.7387092178372988,0.1724559664655306
0.3412996247284219,0.7385667473999146,0.1724594607796168
0.3418623054603007,0.7385667473999146,0.172784586801127
0.3418189012728352,0.7384242769625303,0.17281076709850413
0.34179803443044654,0.7382818065251461,0.17282443752939775
0.341820580474934,0.7382818065251461,0.17282862787012804
0.34177716208193154,0.7381393360877618,0.17287291086751821
0.341980198019802,0.7381393360877618,0.17301800450426938
0.3419367615024094,0.7379968656503776,0.17302514870922728
0.341893319250066,0.7378543952129933,0.1730476555143179
0.3419836238774432,0.7378543952129933,0.173107806965819
0.3419401703757512,0.7377119247756091,0.17311039133197495
0.34200792602377805,0.7377119247756091,0.17321855473312456
0.3419644626461457,0.7375694543382249,0.17323766228857695
0.34216787838731,0.7375694543382249,0.17334707878256753
0.34212439685372464,0.7374269839008406,0.17334911161366504
0.3422375033060037,0.7374269839008406,0.17345273828405502
0.3421957671957672,0.7371420430260721,0.1734621349755661
0.34239957646747404,0.7371420430260721,0.17356901039744388
0.3424013767540376,0.7369995725886879,0.17357617382542193
0.34235784735553054,0.7368571021513036,0.1735951382014496
0.34240317775571005,0.7368571021513036,0.1736190393612356
0.3423596398305085,0.7367146317139194,0.173628146614347
0.3424730114577124,0.7367146317139194,0.1737075303141166
0.3424294608557425,0.7365721612765351,0.17371524836273047
0.34252020670465083,0.7365721612765351,0.1738035365556523
0.34247664480222617,0.7364296908391509,0.17381202741305254
0.34256743322950495,0.7364296908391509,0.1738360832739573
0.3425238600212089,0.7362872204017666,0.1738440908503492
0.34259197878687436,0.7362872204017666,0.17389891153422715
0.34254839565102096,0.7361447499643824,0.17391478709129984
0.3426619802374163,0.7361447499643824,0.17397555742093482
0.3426183844011142,0.7360022795269981,0.17398105125503693
0.34266383656142213,0.7360022795269981,0.174034635567996
0.3426429613904737,0.7358598090896139,0.17405195976857876
0.34266569362436144,0.7358598090896139,0.17405784638666308
0.3426448145444894,0.7357173386522297,0.17407000319751484
0.3428040361125863,0.7357173386522297,0.17416364486762254
0.342760406293567,0.7355748682148454,0.1742024776712169
0.3427831629265702,0.7355748682148454,0.17422540922458146
0.34273952592789325,0.7354323977774612,0.1742312467538627
0.3428305771402006,0.7354323977774612,0.17428426680389525
0.34278692879914985,0.7352899273400769,0.1742849124634391
0.3429008039332935,0.7352899273400769,0.17433518820576158
0.34285714285714286,0.7351474569026927,0.17435646301994792
0.34281347597847034,0.7350049864653084,0.17435969407126006
0.34292741292209517,0.7350049864653084,0.17441233824118188
0.3428837332978794,0.7348625160279242,0.1744278151726412
0.3431346460883449,0.7348625160279242,0.17451235763377004
0.34309094537954893,0.7347200455905399,0.1745780200781681
0.3432507987220447,0.7347200455905399,0.1745977092980199
0.3431633604047397,0.7344351047157714,0.17461018871865183
0.3432547609535224,0.7344351047157714,0.17468871560892024
0.3432110275021642,0.7342926342783872,0.17470933140945236
0.343233883857219,0.7342926342783872,0.17477775259927683
0.3431901431901432,0.734150163841003,0.1747782257627788
0.34314639669641667,0.7340076934036187,0.17477886728291833
0.34321497568449805,0.7340076934036187,0.17480987096878986
0.34317121918720855,0.7338652229662345,0.17482791741744266
0.3432398214166722,0.7338652229662345,0.1749045045261334
0.3431960549113688,0.7337227525288502,0.17491988437932482
0.3432418021860837,0.7337227525288502,0.17495582935515766
0.3431980270612544,0.733580282091466,0.17496004880688645
0.34322090387948273,0.733580282091466,0.17496286639386918
0.34317712152523167,0.7334378116540817,0.17496557018072822
0.3433144381460487,0.7334378116540817,0.17502659758620107
0.343295530353569,0.7331528707793132,0.1750300704759831
0.34331843351791314,0.7331528707793132,0.17505391108615784
0.34329752452125173,0.7330104003419291,0.17505874293156798
0.34327660994327663,0.7328679299045449,0.17506318373734317
0.34359762206933403,0.7328679299045449,0.1752907726956425
0.34355377421509686,0.7327254594671606,0.1752912830984573
0.34357672523214644,0.7327254594671606,0.17530479927749082
0.34353287012292893,0.7325829890297764,0.17534390068050135
0.3435558228101824,0.7325829890297764,0.17535233044375198
0.3435119604436723,0.7324405185923921,0.17538836393926427
0.3435349148012028,0.7324405185923921,0.17540024605778473
0.34360791655522865,0.7321555777176236,0.17540075155402116
0.34356402540956205,0.7320131072802394,0.1754008956602344
0.3435870001337435,0.7320131072802394,0.1754367507476323
0.3435890575881212,0.7318706368428551,0.17544378165406307
0.3439801794562743,0.7318706368428551,0.1756225712267478
0.3439362485769772,0.7317281664054709,0.17562980299801406
0.3441667225088789,0.7317281664054709,0.17573548949725923
0.3441227717464147,0.7315856959680866,0.17576039495506104
0.3441689008042895,0.7315856959680866,0.17577255487410645
0.3441040423677683,0.7313007550933182,0.17579028330719226
0.34412711182622685,0.7313007550933182,0.175803343413014
0.3441062089312056,0.7311582846559339,0.17581108821819122
0.3444064156768002,0.7311582846559339,0.1759093168391761
0.34436241610738255,0.7310158142185497,0.1759338680588484
0.34468628241300553,0.7310158142185497,0.1761795813222589
0.3446422573060128,0.7308733437811654,0.1762058511751575
0.3445982262832572,0.7307308733437812,0.17621165110052514
0.3447603683538348,0.7307308733437812,0.17628007816312657
0.34471632159182575,0.7305884029063969,0.17628098643026563
0.3448322237912716,0.7305884029063969,0.17633677746241375
0.34478816408876933,0.7304459324690127,0.1763398685315382
0.3448809363648594,0.7304459324690127,0.17637413177723218
0.34483686511940803,0.7303034620316284,0.1763746668998433
0.34488326717351814,0.7303034620316284,0.17639475880937594
0.3448391871888037,0.7301609915942442,0.1763987062767315
0.3449088094757386,0.7301609915942442,0.17647482990870708
0.3448647193431148,0.73001852115686,0.17649603043881443
0.34491114701130854,0.73001852115686,0.17652160604629258
0.34486704813194213,0.7298760507194757,0.17652813111017376
0.3449599353578884,0.7298760507194757,0.17658631672434835
0.3449158249158249,0.7297335802820915,0.17659511685326515
0.3451017383102008,0.7297335802820915,0.17669166124056218
0.34505761067313523,0.7295911098447072,0.17671089161820977
0.3452902703796103,0.7295911098447072,0.17679375120905502
0.3452461227242077,0.729448639407323,0.17679856764533142
0.3452019691145728,0.7293061689699387,0.17681585429578658
0.34522524952792016,0.7293061689699387,0.17687928861782423
0.3451810885546638,0.7291636985325545,0.1768943196942067
0.3452043707001214,0.7291636985325545,0.17690315542942825
0.3451602023608769,0.7290212280951702,0.17691462539331865
0.3452300634192417,0.7290212280951702,0.17697437633713467
0.3451858848930571,0.728878757657786,0.17704392331934019
0.34523247182670896,0.728878757657786,0.17704671891228163
0.34518828451882844,0.7287362872204017,0.17704782936220292
0.3453047998379801,0.7287362872204017,0.17714432051080076
0.34526059951390764,0.7285938167830175,0.17716127252931985
0.34528391060698127,0.7285938167830175,0.17716458143751
0.34523970290344363,0.7284513463456332,0.17717225470893688
0.34528633171258777,0.7284513463456332,0.1772145551944202
0.3452421152157763,0.728308875908249,0.17722384737554636
0.3454287451854855,0.728308875908249,0.17729501980412601
0.3453845114204622,0.7281664054708648,0.17729632305114482
0.3454311976209786,0.7281664054708648,0.17731037786799878
0.3454103014735704,0.7280239350334805,0.17731210028979666
0.34543365105117285,0.7280239350334805,0.17732110640119228
0.34545946311447695,0.7278814645960963,0.17732153453891103
0.3455762987012987,0.7278814645960963,0.17737607185615442
0.34553203003449906,0.727738994158712,0.17739570246548358
0.3457425206443753,0.727738994158712,0.17756104696521094
0.3456982332633859,0.7275965237213278,0.17760114158201878
0.3457450409586352,0.7275965237213278,0.17761929871970675
0.34570074475287743,0.7274540532839436,0.17762976433098424
0.34565644254858147,0.7273115828465594,0.17764509489404937
0.3457500846596681,0.7273115828465594,0.17766535940400846
0.3457057707938228,0.7271691124091751,0.17767210551761972
0.3456614509246088,0.7270266419717909,0.17767270604862656
0.34573170731707314,0.7270266419717909,0.17772452421346346
0.3456873771935768,0.7268841715344067,0.17774044889723262
0.3460155985079688,0.7268841715344067,0.17801196067624533
0.34597124253933803,0.7267417010970224,0.17802823209963614
0.3462295527048123,0.7267417010970224,0.17831895420923585
0.34618517512897096,0.7265992306596382,0.17833924729914274
0.34630270930943163,0.7265992306596382,0.17853849188300355
0.3462583186201277,0.7264567602222539,0.1785840512718751
0.3464229906923025,0.7264567602222539,0.17864496816620748
0.3463785840467455,0.7263142897848697,0.17864934931448936
0.34640211999728204,0.7263142897848697,0.1786595357602385
0.34638124362895006,0.7261718193474854,0.1786657901757953
0.34642832868891454,0.7261718193474854,0.17870146548053434
0.34638390429581295,0.7260293489101012,0.17870488129834844
0.3464074502073278,0.7260293489101012,0.17872881037396132
0.34636301835486066,0.7258868784727169,0.17878127621319306
0.34652791947221656,0.7258868784727169,0.1789255808830969
0.34648347163651205,0.7257444080353327,0.1789281650700045
0.34681372549019607,0.7257444080353327,0.17910840099408712
0.34676925171920747,0.7256019375979484,0.17910896462622705
0.3467928639520632,0.7256019375979484,0.17916217237208404
0.3467483827034389,0.7254594671605642,0.17916658371546276
0.34670389539634977,0.72531699672318,0.17918579566362922
0.346659402029558,0.7251745262857957,0.17918971509134374
0.3470375673280153,0.7251745262857957,0.17940838372827003
0.3469930451384154,0.7250320558484115,0.17941377685701476
0.3470167064439141,0.7250320558484115,0.17941976210276753
0.3469721767594108,0.7248895854110272,0.1794555036279696
0.3469958398690582,0.7248895854110272,0.1794584278589133
0.3469513026872187,0.724747114973643,0.17946019293418072
0.3470933406113537,0.724747114973643,0.17962466081825745
0.3470487888092801,0.7246046445362587,0.17966686063523055
0.3470961577833891,0.7246046445362587,0.17969479049754314
0.34705159705159705,0.7244621740988745,0.179702976737983
0.3472886217729818,0.7244621740988745,0.17991897888214206
0.34724404070760195,0.7243197036614902,0.1799270537277177
0.34719945355191256,0.724177233224106,0.17993066186914175
0.3473655436342514,0.724177233224106,0.18005206726107034
0.34732094040459266,0.7240347627867217,0.18005222658116213
0.3473684210526316,0.7240347627867217,0.1800731825776346
0.3473238088727869,0.7238922923493375,0.18010142132045892
0.34730293293224856,0.7237498219119533,0.18010596761721215
0.34735042735042737,0.7237498219119533,0.18013347057589518
0.3473057986870897,0.723607351474569,0.18015988618925668
0.34728491314457666,0.7234648810371848,0.18017074511811282
0.3474750239496373,0.7234648810371848,0.18026592495329857
0.34743037021829876,0.7233224105998005,0.18026921966737916
0.34747792758880297,0.7233224105998005,0.18028876932163831
0.34743326488706366,0.7231799401624163,0.18033569268384547
0.347457047025806,0.7231799401624163,0.180337888236603
0.34741237677984665,0.723037469725032,0.18038478422904838
0.347367700417608,0.7228949992876478,0.18040131571329715
0.3474628500992947,0.7228949992876478,0.18043801073613322
0.34741816189563074,0.7227525288502635,0.18046330977947078
0.3474419560304089,0.7227525288502635,0.1804633464592922
0.3473972602739726,0.7226100584128793,0.18046378383339765
0.34742105623672853,0.7226100584128793,0.1804750119579514
0.34737635292505825,0.722467587975495,0.18048129681781816
0.34742395176760754,0.722467587975495,0.18049353876865457
0.3473792394655704,0.7223251175381108,0.1805155894297536
0.34759358288770054,0.7223251175381108,0.1806556879303844
0.34754885155982174,0.7221826471007265,0.18070198447132332
0.3475726823916621,0.7221826471007265,0.18071425793447232
0.3475279434958513,0.7220401766633423,0.1807147071979374
0.34748319846385956,0.7218977062259582,0.18071903541022843
0.3476500857632933,0.7218977062259582,0.18078335077990088
0.34762917724559117,0.7217552357885739,0.18079909109306408
0.34777236218850827,0.7217552357885739,0.18092415407922527
0.3477275847864891,0.7216127653511897,0.18093577835917274
0.34768280123583933,0.7214702949138054,0.18096674126915904
0.3476618828538076,0.7213278244764212,0.18098527654631438
0.3476857574508996,0.7213278244764212,0.1809855155393868
0.34764095872536227,0.7211853540390369,0.18098827794426633
0.34766483516483515,0.7211853540390369,0.18100728206183572
0.3476200288481352,0.7210428836016527,0.18101223866619556
0.34766778869272513,0.7210428836016527,0.1810451864607349
0.34762297334432535,0.7209004131642684,0.18105379699922622
0.34767074343823,0.7209004131642684,0.18105507517131483
0.34764980758658603,0.7207579427268842,0.18106095993772792
0.3476975945017182,0.7207579427268842,0.18111973671623974
0.34765275963983777,0.7206154722895,0.18112359801522535
0.34763181411974975,0.7204730018521157,0.1811264324435558
0.3479188166494668,0.7204730018521157,0.1812436796879374
0.34787395073620475,0.7203305314147315,0.18126158658161187
0.34782907864859286,0.7201880609773472,0.18127797377221286
0.3480206540447504,0.7201880609773472,0.18146654521740663
0.3479757642522721,0.720045590539963,0.181469992526431
0.3480716253443526,0.720045590539963,0.18150047203405817
0.34802672360355397,0.7199031201025787,0.18152685625004003
0.3480506956881113,0.7199031201025787,0.18152873209155312
0.3480057863194875,0.7197606496651945,0.1815683457036588
0.3480537375129177,0.7197606496651945,0.1815820520811356
0.34800881907124154,0.7196181792278102,0.18158695046567952
0.3481767422623561,0.7196181792278102,0.1816330692475188
0.3481318075279195,0.719475708790426,0.18166775746118471
0.34825184470036546,0.719475708790426,0.18183171989993102
0.34820689655172415,0.7193332383530417,0.18186877593803116
0.3482549317147193,0.7193332383530417,0.18190779024753612
0.3482099744774781,0.7191907679156575,0.18190936697655374
0.34823399558498896,0.7191907679156575,0.18192463387917926
0.3481890307002415,0.7190482974782733,0.18193621016625294
0.34821305367738375,0.7190482974782733,0.181944308530219
0.3481680811426206,0.718905827040889,0.18194689737076877
0.3482161341522324,0.718905827040889,0.18201046988075745
0.3481711525189786,0.7187633566035048,0.18202036929715573
0.3482432525712708,0.7187633566035048,0.1820343578222719
0.3482703859697576,0.7186208861661205,0.18204494613740124
0.3482253832343599,0.7184784157287363,0.18205206009747965
0.3484660033167496,0.7184784157287363,0.18214842125842085
0.3484209798908161,0.718335945291352,0.18215828509054213
0.3485655029381265,0.718335945291352,0.18223216919723598
0.3485204646017699,0.7181934748539678,0.18226714717772038
0.3485445619857568,0.7181934748539678,0.18230369827078366
0.34849951597289447,0.7180510044165835,0.18231129075815283
0.348620045652625,0.7180510044165835,0.1824039400395552
0.3485749861649142,0.7179085339791993,0.18241051249951165
0.3487679955703212,0.7179085339791993,0.18247733337702052
0.34874705800913747,0.717766063541815,0.18249342538338442
0.3488436504639247,0.717766063541815,0.18256699570557847
0.34882271468144044,0.7176235931044308,0.18256908802392563
0.3489918935772189,0.7176235931044308,0.1827229208454191
0.34894678492239467,0.7174811226670466,0.18272987359878265
0.3490919173714127,0.7174811226670466,0.1828102470978508
0.3490709927897948,0.7173386522296623,0.18282712583256674
0.3490258614712612,0.7171961817922781,0.1828276138743968
0.34914689970869744,0.7171961817922781,0.1829331207482315
0.3491017548727197,0.7170537113548938,0.18293615520892847
0.349805393383375,0.7170537113548938,0.18341402207879576
0.3497602001807187,0.7169112409175096,0.1834233033796012
0.3498088286409454,0.7169112409175096,0.18348512272056067
0.34976362625139046,0.7167687704801253,0.18349681578664773
0.34971841757630534,0.7166263000427411,0.18350979773899403
0.34967320261437906,0.7164838296053568,0.1835275611825259
0.3497461575909312,0.7164838296053568,0.18359315444597563
0.349700931979413,0.7163413591679726,0.18361005408812248
0.3498225840116886,0.7163413591679726,0.18367648761839545
0.3497773448371834,0.7161988887305885,0.18372736808515786
0.3499234303215927,0.7161988887305885,0.18386305951345738
0.34987817612252003,0.7160564182932042,0.18389909723896583
0.34990253411306044,0.7160564182932042,0.18390900499523416
0.34985727215762724,0.71591394785582,0.18394955316183306
0.3500766336909572,0.71591394785582,0.1841000200505904
0.35003135233052324,0.7157714774184357,0.18410269244067728
0.3500557413600892,0.7157714774184357,0.1841058991574216
0.35003484320557493,0.7156290069810515,0.18410853736428862
0.3500836353498745,0.7156290069810515,0.18417488570338644
0.3500383355405311,0.7154865365436672,0.18417688763050813
0.35006273525721454,0.7154865365436672,0.1841813921163873
0.35001742767514815,0.715344066106283,0.1841886088754332
0.3500906428671036,0.715344066106283,0.1842519615010366
0.3500453245938219,0.7152015956688987,0.18427782832088313
0.3500697350069735,0.7152015956688987,0.1842879756215404
0.35002440895459935,0.7150591252315145,0.18429882319861787
0.35031758218747816,0.7150591252315145,0.1844828919503803
0.3502722323049002,0.7149166547941302,0.18448343683146762
0.3502268760907504,0.714774184356746,0.1845135086757288
0.35064299692479733,0.714774184356746,0.18481029463613677
0.350597609561753,0.7146317139193618,0.1848185308132354
0.3508428341610128,0.7146317139193618,0.18496124797594668
0.3507974258533856,0.7144892434819775,0.18499064448462527
0.35075201119272476,0.7143467730445933,0.1850190080902993
0.3507765496012313,0.7143467730445933,0.18502340783402998
0.3507311271251662,0.714204302607209,0.18505784491935234
0.3507802113218109,0.714204302607209,0.185083295820852
0.35073477956613014,0.7140618321698248,0.18508517182980672
0.3507838745800672,0.7140618321698248,0.18510361666834696
0.35073843354098133,0.7139193617324405,0.18512867525568308
0.3508120974516942,0.7139193617324405,0.18516358711118125
0.3507666456626759,0.7137768912950563,0.185174499513102
0.3508157692038373,0.7137768912950563,0.18518733764504014
0.3507703081232493,0.713634420857672,0.1852117933585598
0.3508194424989494,0.713634420857672,0.18521693311827042
0.35077397212299505,0.7134919504202878,0.1852733549540761
0.3508722763259301,0.7134919504202878,0.18540298765049418
0.3508267937219731,0.7133494799829035,0.1854193627960189
0.35085137691822577,0.7133494799829035,0.18542379664357164
0.3508058864751226,0.7132070095455193,0.1854243933527878
0.35105189340813464,0.7132070095455193,0.18556806069542633
0.35100638193421696,0.713064539108135,0.1855741621676604
0.35096086407630805,0.7129220686707508,0.18557880068698943
0.351010101010101,0.7129220686707508,0.18559125352850442
0.3509645738337425,0.7127795982333666,0.1856070040988432
0.3510877192982456,0.7127795982333666,0.18570853932427744
0.3510421783984841,0.7126371277959823,0.18571646695238805
0.35099663110612017,0.7124946573585981,0.18571689460752813
0.3510212676352916,0.7124946573585981,0.18571832958776843
0.3509757124806963,0.7123521869212138,0.18572310072347017
0.351000351000351,0.7123521869212138,0.18574981802599008
0.35095478798090424,0.7122097164838296,0.18577483291070687
0.35100407246173293,0.7122097164838296,0.18581830116066
0.3509585001053297,0.7120672460464453,0.18585000652523342
0.3509129213483146,0.7119247756090611,0.18585052749467212
0.35086733618933913,0.7117823051716768,0.18585062707065997
0.35082174462705434,0.7116398347342926,0.18585305159886018
0.35087103118853613,0.7116398347342926,0.185884211940896
0.3508254302774851,0.7114973642969084,0.1859048811273564
0.35131902919451286,0.7114973642969084,0.18618862656401242
0.3512733924299986,0.7113548938595241,0.1862236264449434
0.35152069839481836,0.7113548938595241,0.1863363524096562
0.3514750404844047,0.7112124234221399,0.18637177685090062
0.3515245405253151,0.7112124234221399,0.1864077597765543
0.3514788732394366,0.7110699529847556,0.18640954110143992
0.35143319952109303,0.7109274825473714,0.18641916811021814
0.3513875193689252,0.7107850121099871,0.186436405446034
0.3515360766629087,0.7107850121099871,0.18649280067059737
0.35149038122753856,0.710642541672603,0.18652328235263838
0.3515151515151515,0.710642541672603,0.18653139631822613
0.3514694481640708,0.7105000712352187,0.18656038331784133
0.35142373837045393,0.7103576007978345,0.18658343012914835
0.3513780221329386,0.7102151303604503,0.18659316276388335
0.35160107208350966,0.7102151303604503,0.18679838667320298
0.3515553361077802,0.710072659923066,0.18680605849357038
0.3515095936794582,0.7099301894856818,0.18681373469326795
0.3516336179521558,0.7099301894856818,0.1868615831026795
0.35161267555931963,0.7097877190482975,0.18688989895147895
0.35193557502119244,0.7097877190482975,0.1870673436409138
0.3519146531015967,0.7096452486109133,0.18709405316284666
0.3520141342756184,0.7096452486109133,0.18712804205590752
0.35196833698494595,0.709502778173529,0.1871332410847614
0.3519932145886344,0.709502778173529,0.1871383034667072
0.35197228898628585,0.7093603077361448,0.18714332641337303
0.3521963641508099,0.7093603077361448,0.1873608326573738
0.3521505376344086,0.7092178372987605,0.18736724614131747
0.35230007077140835,0.7092178372987605,0.18752426456351176
0.35225422889093355,0.7090753668613763,0.1875343760694071
0.3523040985347207,0.7090753668613763,0.18760560538089743
0.3522582472037378,0.708932896423992,0.18760719174330726
0.3523081280090626,0.708932896423992,0.1876484241198044
0.3522622672236777,0.7087904259866078,0.1876975374897041
0.3523870236577419,0.7087904259866078,0.18776832939815402
0.3523411489693278,0.7086479555492236,0.1877738872735066
0.35294117647058826,0.7086479555492236,0.1880323907876483
0.352895259721828,0.7085054851118393,0.18806799359733373
0.3529954571266326,0.7085054851118393,0.18816149694299147
0.35297458469402243,0.7083630146744551,0.18816626813445808
0.3532253481102586,0.7083630146744551,0.18830650117377332
0.3531793960923623,0.7082205442370708,0.18831457283114528
0.35322958857386483,0.7082205442370708,0.18833235394330947
0.35318362706083,0.7080780737996866,0.18842287224694168
0.353284048905317,0.7080780737996866,0.188470684809207
0.35323807492713444,0.7079356033623023,0.188472727586131
0.35331342434584756,0.7079356033623023,0.1885056175003045
0.35326743937993316,0.7077931329249181,0.1885294147465957
0.35329256151329824,0.7077931329249181,0.18853771800431027
0.3532465685228647,0.7076506624875338,0.18854628441569066
0.3537749287749288,0.7076506624875338,0.18874742592681432
0.35372889806966307,0.7075081920501496,0.18879462008043812
0.3539053591790194,0.7075081920501496,0.1888733661453512
0.35388453314326446,0.7073657216127653,0.18887368251766667
0.3539097583576876,0.7073657216127653,0.188880763453602
0.3538637011690904,0.7072232511753811,0.1888925313358101
0.3538428632539569,0.7070807807379969,0.18892672467092927
0.3537967914438503,0.7069383103006126,0.18893073688308967
0.3538472509448763,0.7069383103006126,0.18895743471029727
0.3538011695906433,0.7067958398632284,0.18896159867177315
0.35397788084195503,0.7067958398632284,0.1890876097535157
0.35393178250321106,0.7066533694258441,0.18908961119008338
0.35388567758509953,0.7065108989884599,0.18909169955612085
0.3538395660862118,0.7063684285510756,0.1890981014225516
0.3540164227061764,0.7063684285510756,0.18923724878727097
0.35397029420165665,0.7062259581136914,0.1892492873002467
0.35394943579488647,0.7060834876763071,0.18925784631239698
0.354,0.7060834876763071,0.18927569717404327
0.3539791398771253,0.7059410172389229,0.18932759234720942
0.3541815582558971,0.7059410172389229,0.189375538145956
0.35416070917929654,0.7057985468015386,0.1894130485083527
0.35443943621664165,0.7057985468015386,0.18961128549388095
0.3543932455638237,0.7056560763641544,0.1896300600311854
0.35434704830053665,0.7055136059267701,0.1896353833965849
0.3544231319782422,0.7055136059267701,0.1896701551496888
0.35437692362751416,0.7053711354893859,0.18972095652909227
0.3546053573986535,0.7053711354893859,0.18979147568124474
0.3545591290022205,0.7052286650520017,0.18980248336150282
0.354512893982808,0.7050861946146174,0.18981792344807952
0.35466532893793895,0.7050861946146174,0.18990248704544727
0.35461907833440837,0.7049437241772333,0.1899197130635097
0.35464449541284404,0.7049437241772333,0.18993402428030617
0.35459823668554225,0.704801253739849,0.1899374625976792
0.35480169260560857,0.704801253739849,0.190037104659917
0.35475541529192367,0.7046587833024648,0.19005007338454144
0.35493362038033727,0.7046587833024648,0.19016757258451325
0.3549382716049383,0.7045163128650805,0.19017627993521766
0.3549637499102721,0.7045163128650805,0.1901947887172248
0.35491744436468053,0.7043738424276963,0.1902009765637078
0.35499389674732534,0.7043738424276963,0.19021647210448006
0.3549475800660635,0.704231371990312,0.19023468496384688
0.35499856363114046,0.704231371990312,0.19025244335964367
0.3549522373051785,0.7040889015529278,0.19026475700191833
0.35518183124910163,0.7040889015529278,0.1904566413975549
0.35513548479839,0.7039464311155436,0.1904768422827881
0.35516101207590567,0.7039464311155436,0.19047780136122902
0.35511465746531523,0.7038039606781593,0.1904921315614948
0.35514018691588783,0.7038039606781593,0.19049574024933744
0.35509382414264146,0.7036614902407751,0.19051705617485803
0.35504745470232957,0.7035190198033908,0.19052647098564626
0.35507298482778454,0.7035190198033908,0.19054323377468776
0.3550266072199051,0.7033765493660066,0.19057428558453038
0.35510321513342447,0.7033765493660066,0.19061354171969488
0.3550104309042515,0.7030916084912381,0.19063343430697113
0.3552148564025049,0.7030916084912381,0.1907002113033309
0.35527073732718895,0.7029491380538538,0.19071870919691342
0.35529632029956076,0.7029491380538538,0.1907201901247639
0.3552498919775313,0.7028066676164696,0.19074016215078796
0.355203456967951,0.7026641971790853,0.1907442935131529
0.35528021898861833,0.7026641971790853,0.19076799249336282
0.3552337727829407,0.7025217267417011,0.19080266638924398
0.35521291159305424,0.7023792563043169,0.1908463216720633
0.3551664504971898,0.7022367858669326,0.19085145033211315
0.35519204438999785,0.7022367858669326,0.19087671438991943
0.35514557509368694,0.7020943154295484,0.19087804160223615
0.35520149953139646,0.7019518449921641,0.1909021100195958
0.35576575926059645,0.7019518449921641,0.1913268909609804
0.35571923743500866,0.7018093745547799,0.19134895324494233
0.3558220167581624,0.7018093745547799,0.19142382942087713
0.35577548219316624,0.7016669041173956,0.19142656200158994
0.3558268911205838,0.7016669041173956,0.19143519403698162
0.3557803468208092,0.7015244336800114,0.19144439666337446
0.3558317675964735,0.7015244336800114,0.19145489862675574
0.35578521355785214,0.7013819632426271,0.19145881550811755
0.35573865278982364,0.7012394928052429,0.1914636188927436
0.3558158027904287,0.7012394928052429,0.19151175128623785
0.3557692307692308,0.7010970223678586,0.19151235626201368
0.35582067968185105,0.7010970223678586,0.19154137532727633
0.3557740979101887,0.7009545519304744,0.19155666537139832
0.355877034358047,0.7009545519304744,0.19161378835593076
0.3558304398148148,0.7008120814930902,0.19162045900416008
0.35585618172610867,0.7008120814930902,0.19162663717098719
0.35586107091172214,0.7006696110557059,0.19162788690078847
0.35581445835443953,0.7005271406183217,0.19168545674796153
0.356072126873778,0.7005271406183217,0.19176809014722257
0.3560254924681344,0.7003846701809374,0.1917797780091162
0.3559788513073079,0.7002421997435532,0.19179317971369172
0.3561594202898551,0.7002421997435532,0.191848142535076
0.35611276179433293,0.7000997293061689,0.1918634356744552
0.3561385708073634,0.7000997293061689,0.19186377784632805
0.3560919040371095,0.6999572588687847,0.19187238536042386
0.3561693489923155,0.6999572588687847,0.19193917346324518
0.3561226709200319,0.6998147884314004,0.19194720664045953
0.35617431658327897,0.6998147884314004,0.19197615769216325
0.3561276287164612,0.6996723179940162,0.19198930464647238
0.35608093407788816,0.699529847556632,0.1919918226550446
0.356391086593598,0.699529847556632,0.19210713177399802
0.3563443670150987,0.6993873771192478,0.19212917918660452
0.35637023593466427,0.6993873771192478,0.19215391060019868
0.35632350805866125,0.6992449066818636,0.1921539927018269
0.35642701525054465,0.6992449066818636,0.19222613999290009
0.35638027452974075,0.6991024362444793,0.1922577319983012
0.35640615920976176,0.6991024362444793,0.1922688396032445
0.35635941018377276,0.6989599658070951,0.19228430949857744
0.3563126543658289,0.6988174953697108,0.19228728384986546
0.35633853977479113,0.6988174953697108,0.19230408450967468
0.35629177564661435,0.6986750249323266,0.19230961259453966
0.3562450047228075,0.6985325544949423,0.19232815332007283
0.35629678075721244,0.6985325544949423,0.19236962685422376
0.35625,0.6983900840575581,0.1924314470050375
0.3563276877226139,0.6983900840575581,0.19243183913493797
0.35628089560918874,0.6982476136201738,0.1924337414727029
0.35635861266632735,0.6982476136201738,0.1924465438092206
0.3563118091913903,0.6981051431827896,0.19246363159600877
0.35638955560404395,0.6981051431827896,0.1925009647326188
0.3563427407622927,0.6979626727454054,0.19250631077955987
0.3566021254913379,0.6979626727454054,0.19257996630702295
0.3565552886365291,0.6978202023080211,0.19258653591040767
0.35665914221218964,0.6978202023080211,0.1926799255543294
0.35661229245557824,0.6976777318706369,0.19268997871751295
0.35669021778716586,0.6976777318706369,0.19272046541677632
0.35664335664335667,0.6975352614332526,0.1927509285671606
0.3566953227451552,0.6975352614332526,0.1927820034533049
0.3566484517304189,0.6973927909958684,0.1927852644525676
0.3570386579139314,0.6973927909958684,0.19296309709484918
0.3569917572397695,0.6972503205584841,0.1929649956572404
0.3570438462099657,0.6972503205584841,0.19301992548998476
0.35699693564862106,0.6971078501210999,0.1930220378761032
0.35741417092768446,0.6971078501210999,0.19336838485159916
0.35736722916210095,0.6969653796837156,0.19340341518853382
0.35741944911229634,0.6969653796837156,0.1934186224514683
0.3573724974426421,0.6968229092463314,0.1934230295069916
0.35732553891121666,0.6966804388089471,0.19345785136061877
0.35750840766193887,0.6966804388089471,0.19350587963751775
0.3574614316004972,0.6965379683715629,0.19352147221714877
0.3574875694647558,0.6965379683715629,0.1935226907262341
0.3574405850091408,0.6963954979341787,0.19352481552492126
0.357466725171859,0.6963954979341787,0.1935284996213063
0.3574197323191692,0.6962530274967944,0.1935395507114135
0.3573727325921592,0.6961105570594102,0.19355984937384194
0.35745116687394834,0.6961105570594102,0.19360223545845937
0.3574041556921276,0.6959680866220259,0.19361634853636342
0.35745646129079467,0.6959680866220259,0.19365499134668654
0.35743559718969553,0.6958256161846417,0.19368345905449538
0.35738856766449534,0.6956831457472574,0.1937127011655769
0.35734153125457474,0.6955406753098732,0.19371924964373238
0.35736768904179783,0.6955406753098732,0.19372657602604612
0.3573206442166911,0.6953982048724889,0.193728527357882
0.3573991359742257,0.6953982048724889,0.1937894187954142
0.35735207967193905,0.6952557344351047,0.1938046954122989
0.3574044236121283,0.6952557344351047,0.193860091729675
0.35735735735735735,0.6951132639977204,0.1938775001733207
0.3573835335481981,0.6951132639977204,0.19388095617421736
0.3573364588674822,0.6949707935603362,0.19397912253249672
0.35788701393983857,0.6949707935603362,0.194200131218745
0.3578661579101849,0.694828323122952,0.19420866223714353
0.3578190357378733,0.6946858526855677,0.19421312542158842
0.3578715596330275,0.6946858526855677,0.19424732769241046
0.35782442748091603,0.6945433822481835,0.19427458317357116
0.3581398765794887,0.6945433822481835,0.19445321647619862
0.35809271912423773,0.6944009118107992,0.1944896444434841
0.35819798633056515,0.6944009118107992,0.19452932312934737
0.3581508158165515,0.694258441373415,0.19453426834934204
0.35817714075707463,0.694258441373415,0.19453893915292256
0.35818262020291136,0.6941159709360307,0.19455383944529744
0.3584197748841315,0.6941159709360307,0.19465009175021997
0.358372572101236,0.6939735004986465,0.19465520260767086
0.35839894047531456,0.6939735004986465,0.19465543472725436
0.35837809993376996,0.6938310300612622,0.19470654878467278
0.358510011778563,0.6938310300612622,0.19477752672181511
0.35846278436280643,0.6936885596238781,0.19478219379562497
0.3584155499926373,0.6935460891864939,0.19479386197336004
0.3586796345417035,0.6935460891864939,0.1949165461773337
0.3586852384110841,0.6934036187491096,0.1949499931098275
0.3587116745283019,0.6934036187491096,0.1949752400980588
0.358664406279944,0.6932611483117254,0.19498650005779045
0.3586171310629515,0.6931186778743411,0.19498916003033262
0.3588022715539494,0.6931186778743411,0.1951031535070179
0.3587549786104145,0.6929762074369569,0.1951294909576801
0.35894029960888496,0.6929762074369569,0.19529733719641354
0.35894596988485383,0.6928337369995726,0.19530837169974014
0.35892514395393477,0.6926912665621884,0.1953350852874016
0.35913724331511304,0.6926912665621884,0.19540850692795164
0.35908990175075717,0.6925487961248041,0.19543381878083535
0.3591164302600473,0.6925487961248041,0.19543617016713305
0.3590690801625416,0.6924063256874199,0.19546010441384853
0.35902172306782915,0.6922638552500356,0.1954798957440044
0.3591544090472319,0.6922638552500356,0.19550147401823748
0.3591070372560615,0.6921213848126514,0.19551726222664947
0.35913358468248685,0.6921213848126514,0.1955312054121257
0.3590862043471832,0.6919789143752672,0.1955319406560042
0.3590919174739333,0.6918364439378829,0.19554860329411233
0.35911847359858007,0.6918364439378829,0.195558052277941
0.3590710746246579,0.6916939735004987,0.19556175527563774
0.3590236686390533,0.6915515030631144,0.19557164148480788
0.359029370422431,0.6914090326257302,0.19557746419149408
0.3593483894853758,0.6914090326257302,0.1957861109106663
0.3593009478672986,0.6912665621883459,0.19578629769337155
0.3593275568392209,0.6912665621883459,0.19578889471888244
0.3592801066508665,0.6911240917509617,0.19579308197699843
0.3592326494333753,0.6909816213135774,0.1957958071824888
0.35918518518518516,0.6908391508761932,0.19580511852898588
0.3592916419679905,0.6908391508761932,0.1959223207694012
0.3592441645053724,0.6906966804388089,0.19592375006318719
0.35953722930881044,0.6906966804388089,0.19605769587231464
0.3594897278053846,0.6905542100014247,0.1960590649012912
0.35944221925530334,0.6904117395640404,0.1960734941820006
0.35957557319878314,0.6904117395640404,0.19616160747909828
0.3595280498664292,0.6902692691266562,0.1961981775589293
0.35974160974160974,0.6902692691266562,0.1962619696064334
0.3596940669785401,0.690126798689272,0.19626671129760195
0.36009515313708,0.690126798689272,0.1964111233512446
0.3600743494423792,0.6899843282518877,0.19642743293825995
0.3601011227600565,0.6899843282518877,0.19644477889594214
0.36005353955978586,0.6898418578145035,0.1964528958762751
0.3602410534930437,0.6898418578145035,0.19655562144973715
0.3602202544832205,0.6896993873771192,0.19655717140447285
0.3602738706556523,0.6896993873771192,0.19662337008504202
0.36022625781482587,0.689556916939735,0.19662376729742623
0.3603871928518243,0.689556916939735,0.19666248604076308
0.36033956363094793,0.6894144465023507,0.1966647637395218
0.3603932375065167,0.6894144465023507,0.1967282131346505
0.3603455980932519,0.6892719760649665,0.19672972914614514
0.36042613424718767,0.6892719760649665,0.19675927415823022
0.36037848308746834,0.6891295056275822,0.1967603869220014
0.36053965414430533,0.6891295056275822,0.19695841182330218
0.3605188608916058,0.688987035190198,0.19697317828036717
0.36057262153295555,0.688987035190198,0.19699673783147287
0.36052494221161735,0.6888445647528137,0.1970038496396583
0.36050413901111195,0.6887020943154295,0.19701717599748542
0.3606117120477434,0.6887020943154295,0.19708940485386026
0.36056401074306177,0.6885596238780453,0.19710243345498107
0.3607254814151366,0.6885596238780453,0.19720418934635128
0.36067776367843546,0.688417153440661,0.1972107698957455
0.36083936972593533,0.688417153440661,0.197359610751467
0.3607916355489171,0.6882746830032768,0.19737635629219033
0.3610612855007474,0.6882746830032768,0.19748391817352093
0.3610135286643247,0.6881322125658926,0.19748549060011403
0.3610737251383281,0.6879897421285084,0.19750160003837217
0.36110072534210724,0.6879897421285084,0.19751132078554826
0.3610529464552797,0.6878472716911241,0.1975194971655474
0.3611880002992444,0.6878472716911241,0.19753804991814322
0.36114020649408946,0.6877048012537399,0.19754595938938685
0.3612753536411945,0.6877048012537399,0.19762043261947335
0.3612816289863752,0.6875623308163556,0.1976317686393791
0.3613627854736054,0.6875623308163556,0.19770560951212043
0.36131496180919576,0.6874198603789714,0.19770647889459844
0.36139615010111603,0.6874198603789714,0.19772088333489776
0.36134831460674155,0.6872773899415872,0.19774651236249877
0.3615378850333508,0.6872773899415872,0.19786736783279193
0.3614900314795383,0.6871349195042029,0.19787816167856523
0.36167979002624673,0.6871349195042029,0.1979567762601596
0.3616319184040798,0.6869924490668187,0.1979613899732487
0.36190333233263283,0.6869924490668187,0.19809530358946967
0.3618346970948127,0.6867075081920502,0.19809867892931868
0.3618890307080111,0.6867075081920502,0.19813520053305164
0.3618411172848776,0.6865650377546659,0.19815695337387979
0.36186828865360066,0.6865650377546659,0.19819217775258938
0.36182036647641935,0.6864225673172817,0.19819352846856614
0.3618747183415953,0.6864225673172817,0.19825787201477418
0.3618267858484188,0.6862800968798974,0.19826375553446568
0.3618811509278041,0.6862800968798974,0.1982856341288978
0.36183320811419983,0.6861376264425132,0.19828890887620956
0.36178525809602524,0.685995156005129,0.19830372444296127
0.36186682699534045,0.685995156005129,0.19835357808910994
0.36184606133493685,0.6858526855677447,0.19835395998668034
0.3619821039175878,0.6858526855677447,0.19844068222188344
0.36193412543239584,0.6857102151303605,0.19844288917225705
0.36196134466421,0.6857102151303605,0.1984597269264956
0.361913357400722,0.6855677446929762,0.19849101544853176
0.3621039957859884,0.6855677446929762,0.19864458790735698
0.36205599036724867,0.685425274255592,0.19870926572380915
0.36208323925641606,0.685425274255592,0.19871796180060636
0.36203522504892366,0.6852828038182077,0.19873293596206348
0.3619872036130975,0.6851403333808235,0.19874742114344982
0.3622053174662951,0.6851403333808235,0.19895091162731265
0.36215727628803857,0.6849978629434392,0.19896375934025207
0.36229372315575314,0.6849978629434392,0.19908275664908862
0.3622456669178598,0.684855392506055,0.19909239011759622
0.36238220882020356,0.684855392506055,0.1992094306058921
0.3623341375150784,0.6847129220686707,0.19921850690538528
0.36255280627640313,0.6847129220686707,0.19930467816476521
0.36250471520181066,0.6845704516312865,0.19932901933196165
0.36261414232888084,0.6845704516312865,0.19938477848225877
0.36256603773584906,0.6844279811939022,0.19938679697889
0.36264814675020757,0.6844279811939022,0.19943366534618465
0.3626000301977956,0.684285510756518,0.19943432352404128
0.362551906379766,0.6841430403191338,0.19944514136829478
0.36257928118393234,0.6841430403191338,0.19945049852470634
0.36253114853129953,0.6840005698817495,0.1994658383197383
0.362585907408806,0.6840005698817495,0.19949383278342145
0.36253776435045315,0.6838580994443653,0.19951947711107335
0.3624896140191857,0.683715629006981,0.1995203624678108
0.3625443831683916,0.683715629006981,0.19954090663324073
0.36249622242369295,0.6835731585695968,0.19954561491903036
0.36257840247865186,0.6835731585695968,0.19955903568800576
0.36253022974607013,0.6834306881322125,0.19958778972306135
0.36248204973169074,0.6832882176948283,0.19959961565752038
0.36243386243386244,0.683145747257444,0.19961835211942816
0.3625708884688091,0.683145747257444,0.1996895985572617
0.3625226860254083,0.6830032768200598,0.19973740293547437
0.36265980785233376,0.6830032768200598,0.19980910870739818
0.36261159025571194,0.6828608063826755,0.199813144495639
0.36266646489104115,0.6828608063826755,0.19988592208428912
0.36261823685206207,0.6827183359452913,0.19989061470864747
0.36297530677170126,0.6827183359452913,0.2000749003137534
0.36292705098098627,0.6825758655079072,0.20007922503710215
0.3633123530749981,0.6825758655079072,0.2002673954185941
0.363264067950857,0.6824333950705229,0.2003232912840953
0.3632916192643155,0.6824333950705229,0.20032492726774878
0.36324332524271846,0.6822909246331387,0.20032541646341853
0.36319502389440944,0.6821484541957544,0.20032586838980446
0.3632501327668614,0.6821484541957544,0.2003459639574608
0.36320182094081943,0.6820059837583702,0.2003611882131884
0.3631535017831398,0.6818635133209859,0.2003843712270725
0.36318105934132644,0.6818635133209859,0.20038829458930868
0.3631327312741899,0.6817210428836017,0.20039489923247591
0.3630843958712811,0.6815785724462174,0.20042709725594457
0.3630636101411872,0.6814361020088332,0.20044839058712083
0.3631463062789462,0.6814361020088332,0.20046186551425368
0.3630979498861048,0.681293631571449,0.2004687500741705
0.36323585263957464,0.681293631571449,0.20053700265434715
0.36318748100881193,0.6811511611340647,0.2005634784087915
0.363139102028413,0.6810086906966805,0.20056728955261416
0.36309071569670265,0.6808662202592962,0.20057300469442452
0.3633115402159039,0.6808662202592962,0.20067619567343473
0.3632631338858055,0.680723749821912,0.2007092624461182
0.3634289191450521,0.680723749821912,0.20079678955407068
0.36338049596835537,0.6805812793845277,0.20079890853285862
0.3634357881923311,0.6805812793845277,0.2008236540149839
0.3634426603759227,0.6804388089471435,0.20082710884126342
0.3633942161339422,0.6802963385097592,0.20083619012796078
0.36344953569797533,0.6802963385097592,0.200896341298329
0.36340108091649537,0.680153868072375,0.20092430391579438
0.3634287454323995,0.680153868072375,0.20093219268815468
0.36338028169014086,0.6800113976349907,0.20093319997710535
0.36340794883508454,0.6800113976349907,0.20097467096354116
0.36335947612883573,0.6798689271976065,0.2009834522861439
0.36338714590313737,0.6798689271976065,0.20098593667059164
0.36333866422968547,0.6797264567602223,0.2009885105500069
0.3636710115100236,0.6797264567602223,0.20116145111520842
0.363622503430401,0.679583986322838,0.20117018026037944
0.3636502248989861,0.679583986322838,0.2012111661999222
0.3636017078377554,0.6794415158854538,0.20121407811452288
0.3637403706811075,0.6794415158854538,0.20131726396563765
0.36369183829138063,0.6792990454480695,0.20132276491338472
0.3637750820172427,0.6792990454480695,0.20135490309357149
0.36372653746375705,0.6791565750106853,0.20136659054428035
0.3636779855017169,0.679014104573301,0.20139898585880922
0.3637612578232331,0.679014104573301,0.2014329185127343
0.36374045801526717,0.6788716341359168,0.20143695555299837
0.3639905278435566,0.6788716341359168,0.2015556585972338
0.36394194041252864,0.6787291636985325,0.20156484652661644
0.3639975550122249,0.6787291636985325,0.20162341552322005
0.36394895698020935,0.6785866932611483,0.20162889318050442
0.36408805992967436,0.6785866932611483,0.2016978383024904
0.36403944652549497,0.678444222823764,0.20170247760164187
0.36420650095602297,0.678444222823764,0.2017642552687937
0.36415787058283616,0.6783017523863798,0.20177346714817462
0.3642135862913097,0.6783017523863798,0.2018012018838398
0.364164945298753,0.6781592819489956,0.2018217770044375
0.3642206748794858,0.6781592819489956,0.2018623748796613
0.36417202326293235,0.6780168115116113,0.2018741057291877
0.36428352725045926,0.6780168115116113,0.20190735148291955
0.36423486182347087,0.6778743410742271,0.20194032378350427
0.36426274689940286,0.6778743410742271,0.20198479828535723
0.3642140724293699,0.6777318706368428,0.20199925461951657
0.36440937643634136,0.6777318706368428,0.20213230921146808
0.3643606833678082,0.6775894001994586,0.20213296275889486
0.36441651980691137,0.6775894001994586,0.20217556889435717
0.364367816091954,0.6774469297620743,0.20218016533450645
0.36478711162255467,0.6774469297620743,0.2024320048618394
0.3647663623110565,0.6773044593246901,0.20243277516413513
0.36487834829994625,0.6773044593246901,0.20251151589005226
0.36482959778937674,0.6771619888873058,0.20252498941341407
0.3649976962064199,0.6771619888873058,0.20261481349550003
0.36494892865371326,0.6770195184499216,0.20262455112883043
0.3650049927029726,0.6770195184499216,0.20266525147363132
0.36498425136360146,0.6768770480125375,0.20267603794006575
0.3651525632157405,0.6768770480125375,0.2027540235111106
0.36510376633358954,0.6767345775751532,0.20275498072657064
0.3653003153118511,0.6767345775751532,0.20277463226389802
0.36527959387739406,0.676592107137769,0.20280033371052703
0.3654201292705448,0.676592107137769,0.2028396429262687
0.3653712966525587,0.6764496367003847,0.20284922002715963
0.3653224565183931,0.6763071662630005,0.20287002328571369
0.36535057338566923,0.6763071662630005,0.2028922693937953
0.36530172413793105,0.6761646958256162,0.2029202796841777
0.36544236544236547,0.6761646958256162,0.20300435894963373
0.36539350069305404,0.676022225388232,0.20301075487698628
0.3655060853489447,0.676022225388232,0.20306506765635077
0.36545720668669596,0.6758797549508477,0.20309338559744144
0.3657389561329119,0.6758797549508477,0.20320855971687757
0.36569005397070165,0.6757372845134635,0.20321453282850363
0.3657182512144344,0.6757372845134635,0.20321865425864707
0.36566933991363354,0.6755948140760792,0.20324419833487034
0.3656204210688671,0.675452343638695,0.20327630675697697
0.36570502931194077,0.675452343638695,0.2033205199904929
0.3656560981254339,0.6753098732013108,0.20332595489407584
0.3657125221819304,0.6753098732013108,0.20333296922986463
0.3656635802469136,0.6751674027639265,0.2033450113612552
0.36572001852137676,0.6751674027639265,0.2033847508502014
0.3656710658331404,0.6750249323265423,0.20339462887617699
0.3656221055881445,0.674882461889158,0.2033948567384892
0.3658480074142725,0.674882461889158,0.2035098903194815
0.36579902680157567,0.6747399914517738,0.20355141192173182
0.36582728255831914,0.6747399914517738,0.2035580802632991
0.36577829277713403,0.6745975210143895,0.20355814666610433
0.3657858136300417,0.6744550505770053,0.20360689758365963
0.3660686668728735,0.6744550505770053,0.20373076813544685
0.3660479505027069,0.674312580139621,0.20374051088923648
0.36599891716296695,0.6741701097022368,0.20375581250457606
0.3663105743923208,0.6741701097022368,0.2039437464380115
0.3662615158318495,0.6740276392648525,0.20395724638779705
0.3663466005885086,0.6740276392648525,0.20396885529446074
0.36629752962131185,0.6738851688274683,0.20399400662543343
0.36638264910921764,0.6738851688274683,0.2040565042137804
0.3663335657293361,0.673742698390084,0.20405822059523718
0.3662844747443446,0.6736002279526998,0.20406372925953978
0.3664548132072547,0.6736002279526998,0.20411162842046182
0.36640570498410974,0.6734577575153156,0.20411868904885416
0.3664625164741453,0.6734577575153156,0.20412245169248847
0.3664133974259575,0.6733152870779313,0.20413188153803583
0.366364270760642,0.6731728166405471,0.20415303096744503
0.36644951140065146,0.6731728166405471,0.20417349034316803
0.3664003722950438,0.6730303462031628,0.20418412418899423
0.3665709629859548,0.6730303462031628,0.20429002561366713
0.36652180661182676,0.6728878757657786,0.2043030399832987
0.36666407887586366,0.6728878757657786,0.20435791503329714
0.36661490683229814,0.6727454053283943,0.20438047776357013
0.3666433729326811,0.6727454053283943,0.20438900817306133
0.36659419164466533,0.6726029348910101,0.20439837158756693
0.3666226605575833,0.6726029348910101,0.20440794687453337
0.3665734700217459,0.6724604644536258,0.20440917209985598
0.3666019417475728,0.6724604644536258,0.2044263239857909
0.3665527419605406,0.6723179940162416,0.20443501669614242
0.3667236555797327,0.6723179940162416,0.20452138229640732
0.3666744384860496,0.6721755235788573,0.20454988102769905
0.36684550190498405,0.6721755235788573,0.20459842736221154
0.366796267496112,0.6720330531414731,0.20460055806306715
0.3668247919744926,0.6720330531414731,0.20462212027471716
0.36680407560084,0.6718905827040889,0.20465361365988463
0.36694677871148457,0.6718905827040889,0.20482140852531525
0.3668975177029025,0.6717481122667046,0.2048445332727276
0.3669260700389105,0.6717481122667046,0.20490264102227615
0.366962478592558,0.6716056418293204,0.2049072135457804
0.3669417626907506,0.6714631713919361,0.20491004200262516
0.3669703340341042,0.6714631713919361,0.20492038197274834
0.3669210403363962,0.671320700954552,0.2049216258330555
0.36694961451600344,0.671320700954552,0.20492512414888409
0.3669288885427214,0.6711782305171677,0.2049269959863831
0.36701464630726083,0.6711782305171677,0.2049569714534769
0.3669653291780288,0.6710357600797835,0.2049601461823201
0.36699392239364187,0.6710357600797835,0.20498383899452102
0.3669445959635315,0.6708932896423992,0.2049874844449257
0.36717348927875243,0.6708932896423992,0.2051035307987598
0.3671241422333125,0.670750819205015,0.2051138253265437
0.36715277236216176,0.670750819205015,0.20511919457760605
0.3671034160037436,0.6706083487676308,0.20513286240326975
0.3672752808988764,0.6706083487676308,0.2052593589578469
0.36728322797159135,0.6704658783302465,0.20526993168441174
0.3675413933145892,0.6704658783302465,0.20545155759555378
0.36749199406389127,0.6703234078928623,0.2054661084768477
0.36752069989064207,0.6703234078928623,0.20547746747455772
0.36747129130536677,0.670180937455478,0.2055066359470791
0.3675287131807172,0.670180937455478,0.20552572269396394
0.36747929363963117,0.6700384670180938,0.20552749432574305
0.3675941847741129,0.6700384670180938,0.20561124076783985
0.36754475103572265,0.6698959965807095,0.20562655524497928
0.367774736018772,0.6698959965807095,0.20574326062318593
0.3677252816020025,0.6697535261433253,0.20576943310396204
0.36798434442270056,0.6697535261433253,0.20590513352122455
0.36793486770001566,0.669611055705941,0.205962154258462
0.3682519783749902,0.669611055705941,0.20618619296423338
0.3682024761009246,0.6694685852685568,0.2062000947365407
0.368317918168992,0.6694685852685568,0.20636239441357185
0.3682684016618327,0.6693261148311725,0.20638487703683425
0.3682972718720602,0.6693261148311725,0.20639714585519875
0.3683921568627451,0.6691836443937883,0.20639828743327318
0.3684499529337935,0.6691836443937883,0.2064384866454939
0.36840040793912293,0.6690411739564041,0.2064579524511065
0.36845821890937624,0.6690411739564041,0.20648683297342413
0.368466488777272,0.6688987035190198,0.20648762658375444
0.36849540852366375,0.6688987035190198,0.2064901778892811
0.3684458398744113,0.6687562330816356,0.20650073198286273
0.3683962634429704,0.6686137626442513,0.2065677136498076
0.3685409140882676,0.6686137626442513,0.2066470042122045
0.3684913217623498,0.6684712922068671,0.2066505793701905
0.3686650428223462,0.6684712922068671,0.20670950689458806
0.3686154329718686,0.6683288217694828,0.20671516497448625
0.36864440078585464,0.6683288217694828,0.2067214675994042
0.36859478151524677,0.6681863513320986,0.20672682715768662
0.3686817074129392,0.6681863513320986,0.2067538379824855
0.36863207547169813,0.6680438808947143,0.20676824950180261
0.36858243572607907,0.6679014104573301,0.20678910123437552
0.36878539962240403,0.6679014104573301,0.20687259739270542
0.3687357406970341,0.6677589400199458,0.2068800640313805
0.36879376819576676,0.6677589400199458,0.206895787238605
0.3687440982058546,0.6676164695825616,0.2069032335750004
0.36877311717950734,0.6676164695825616,0.20691966502323664
0.3687234377459468,0.6674739991451774,0.20692421653472715
0.36892668714071974,0.6674739991451774,0.20699099868167598
0.3688769885021263,0.6673315287077931,0.20699483997193965
0.3691968156380547,0.6673315287077931,0.2071378547431373
0.3691470912817279,0.6671890582704089,0.2071561017809791
0.36917619235317306,0.6671890582704089,0.2071614717972292
0.369126458530432,0.6670465878330246,0.20717225309239296
0.3693885601577909,0.6670465878330246,0.2073665620270321
0.3693679476051448,0.6669041173956404,0.20744539543337304
0.3695720827411969,0.6669041173956404,0.20759466483886904
0.36952230556652194,0.6667616469582561,0.20762732594478808
0.36960985626283366,0.6667616469582561,0.2076862999146307
0.36956006634547034,0.6666191765208719,0.20769854462920923
0.36973528249703674,0.6666191765208719,0.20775839745468203
0.36968547494863285,0.6664767060834876,0.20776774865761777
0.3697439140056908,0.6664767060834876,0.20778316924281198
0.36969409532843256,0.6663342356461034,0.20779311788874902
0.3696442687747036,0.6661917652087191,0.20779589373387847
0.36967349197565025,0.6661917652087191,0.20780145089303653
0.3696236559139785,0.6660492947713349,0.20785448706159984
0.3698868581375109,0.6660492947713349,0.20797631087291235
0.36983699952524135,0.6659068243339507,0.2079795342688695
0.3700126662444585,0.6659068243339507,0.20814512625223444
0.3699920823436263,0.6657643538965664,0.2081590259521635
0.37007998732874,0.6657643538965664,0.2081765049119279
0.37003009662600983,0.6656218834591823,0.20819247715642852
0.37005940594059406,0.6656218834591823,0.20820096746450475
0.37000950570342206,0.665479413021798,0.20820782974430774
0.3700681350023768,0.665479413021798,0.20824277277756295
0.37001822359559466,0.6653369425844138,0.20827450992738747
0.3701942132382085,0.6653369425844138,0.20842152581466578
0.37014428412874584,0.6651944721470295,0.20842469479473072
0.37009434710219613,0.6650520017096453,0.20844746453730043
0.3702704846513841,0.6650520017096453,0.2085360922637311
0.37022052990639376,0.664909531272261,0.2085600053476953
0.3701705672352241,0.6647670608348768,0.2085702359830308
0.3701999365280863,0.6647670608348768,0.20857160150461895
0.3702087135941592,0.6646245903974926,0.20859892955738135
0.3704144830871844,0.6646245903974926,0.2086710868330501
0.37036448820773443,0.6644821199601083,0.20867679034984665
0.3703939008894536,0.6644821199601083,0.2086911802391287
0.37034389643396076,0.6643396495227241,0.20871490437314025
0.3702938840349484,0.6641971790853398,0.20871576926622548
0.37055877911135837,0.6641971790853398,0.20883760266622745
0.37051761151307944,0.6639122382105713,0.20884640365651297
0.37075344100564883,0.6639122382105713,0.20902011407987958
0.3707033736473584,0.6637697677731871,0.20904102193142204
0.37085091140651116,0.6637697677731871,0.20914286310903887
0.3708008278936475,0.6636272973358028,0.20915855577686107
0.37083034790223707,0.6636272973358028,0.20916197264608993
0.37078025477707005,0.6634848268984186,0.20919769838785865
0.3709574637565716,0.6634848268984186,0.2092602043067835
0.37090735282402615,0.6633423564610343,0.20929802928952052
0.3710255797274683,0.6633423564610343,0.20937590707738388
0.37097545425565825,0.6631998860236501,0.20939290262037222
0.37127133514117083,0.6631998860236501,0.2096474702612323
0.3712507977026165,0.6630574155862659,0.2096540915989704
0.3713989306519831,0.6630574155862659,0.20975962458479885
0.3713487629688747,0.6629149451488816,0.2097780619643038
0.3712985872775162,0.6627724747114974,0.20978481999527895
0.37153581982269784,0.6627724747114974,0.2098665742776796
0.37154497523566066,0.6626300042741131,0.20992011426723745
0.3716043464365612,0.6626300042741131,0.20997733220916698
0.3715541350379545,0.6624875338367289,0.21001719317760223
0.37164322250639387,0.6624875338367289,0.21007918354790006
0.3715929981616178,0.6623450633993446,0.21008792370931245
0.3715427657873701,0.6622025929619604,0.21014869237074588
0.37172104926423544,0.6622025929619604,0.21025466977341245
0.371670799008238,0.6620601225245761,0.21027502418265462
0.3717302615790737,0.6620601225245761,0.21027618051976196
0.37168,0.6619176520871919,0.21028125639455592
0.37173947831653065,0.6619176520871919,0.21030639064784964
0.37168920540929823,0.6617751816498076,0.2103085145316763
0.3717189500640205,0.6617751816498076,0.2103201102287957
0.3716686674669868,0.6616327112124234,0.21038151877557962
0.37178768713473703,0.6616327112124234,0.21041531741895877
0.37173738991192956,0.6614902407750392,0.2104399747194788
0.37168708463447836,0.6613477703376549,0.21044773541494247
0.3716367713004484,0.6612052999002707,0.2105158225947627
0.371875,0.6612052999002707,0.21066219058845873
0.37191407502404616,0.6610628294628864,0.21068166008357653
0.37200352761965844,0.6610628294628864,0.21075441287705707
0.37195317511225146,0.6609203590255022,0.21078207292154721
0.37198300056130224,0.6609203590255022,0.2107851768669502
0.3719326383319968,0.6607778885881179,0.21078630707166152
0.37188226802470126,0.6606354181507337,0.21081643812429085
0.3721508828250401,0.6606354181507337,0.2109433296851294
0.37210048960590736,0.6604929477133494,0.21096190448317562
0.3721901091843288,0.6604929477133494,0.2110035146640833
0.37213970293055,0.6603504772759652,0.21100558517463694
0.3721695840693753,0.6603504772759652,0.2110208602893625
0.37211916807195056,0.6602080068385809,0.2110222119292517
0.372508038585209,0.6602080068385809,0.2113132419833544
0.3725174881402267,0.6600655364011968,0.21132649291875946
0.3725774024929634,0.6600655364011968,0.21135669924752315
0.3726168449843134,0.6599230659638126,0.21135891920843525
0.3726468222043443,0.6599230659638126,0.21136681533139473
0.3725963472523936,0.6597805955264283,0.21136874009026368
0.37254586417766333,0.6596381250890441,0.21142778077374616
0.3726058264928376,0.6596381250890441,0.2114783212524271
0.3725853187379266,0.6594956546516598,0.21148140287997066
0.37253481445705544,0.6593531842142756,0.21148738452387922
0.3724843020447593,0.6592107137768913,0.211492713426859
0.37257428134310333,0.6592107137768913,0.21155038084698702
0.3725237558382992,0.6590682433395071,0.21155934658732248
0.37258376288659795,0.6590682433395071,0.21164729220661274
0.3725332259363673,0.6589257729021228,0.21166705803293556
0.37256323505719346,0.6589257729021228,0.2116769315966962
0.37251268831064205,0.6587833024647386,0.21168142973674786
0.3726627981947131,0.6587833024647386,0.2118259487339495
0.3726122350286129,0.6586408320273544,0.2118330495481652
0.37256166371110755,0.6584983615899701,0.21184250999572596
0.37259169689641275,0.6584983615899701,0.2118529166325685
0.37254111576910676,0.6583558911525859,0.21186867673881718
0.37266129032258066,0.6583558911525859,0.21195308204037241
0.3726106944108396,0.6582134207152016,0.21205193613197426
0.37264074850782386,0.6582134207152016,0.2120538757009667
0.3725901427764782,0.6580709502778174,0.21205476583620128
0.3729210398837397,0.6580709502778174,0.21230226152239662
0.3728704077513121,0.6579284798404331,0.21230838183636538
0.37281976744186046,0.6577860094030489,0.21231016201372727
0.37276911895340387,0.6576435389656646,0.21234614161713466
0.3728293352717874,0.6576435389656646,0.21242473879370488
0.3727786752827141,0.6575010685282804,0.21242518916210698
0.37289915966386555,0.6575010685282804,0.2124629083850103
0.3728484848484849,0.6573585980908961,0.21248925872983365
0.3729991915925627,0.6573585980908961,0.21255496647702618
0.3729485002829655,0.6572161276535119,0.21258631427768634
0.373371104815864,0.6572161276535119,0.21287064159184332
0.3733203820624899,0.6570736572161276,0.21288122402561183
0.37335060309236623,0.6570736572161276,0.21288916528770777
0.37329987046632124,0.6569311867787434,0.2129081389600105
0.3733300947291717,0.6569311867787434,0.21291782469011084
0.37327935222672065,0.6567887163413592,0.2129251495269971
0.37379388632125193,0.6567887163413592,0.21327170285452376
0.3737431073629582,0.6566462459039749,0.21327817583730385
0.37377341659232827,0.6566462459039749,0.21330449140962096
0.37372262773722625,0.6565037754665907,0.21330869916635012
0.373813579946459,0.6565037754665907,0.21332541283551476
0.37376277786792145,0.6563613050292064,0.21334533289515586
0.3738841097224477,0.6563613050292064,0.21343765820036217
0.37383329275221167,0.6562188345918222,0.21346034743573816
0.3739546967605748,0.6562188345918222,0.21351273076540694
0.3739038648911984,0.6560763641544379,0.2135235538470292
0.37405572252457153,0.6560763641544379,0.21360545827794422
0.3740352587537574,0.6559338937170537,0.21361184660136762
0.374065648358791,0.6559338937170537,0.21362540201368163
0.37401478833184365,0.6557914232796694,0.21363834544528937
0.3741363894984963,0.6557914232796694,0.21367689041918242
0.3740855145504796,0.6556489528422852,0.2136918942269054
0.37414634146341463,0.6556489528422852,0.21373392157945173
0.37409545491503376,0.655506482404901,0.21373903988480822
0.3741867273910215,0.655506482404901,0.2137930756811953
0.37413582757218383,0.6553640119675167,0.2138305205855839
0.37440989744424547,0.6553640119675167,0.21398430314196348
0.37435897435897436,0.6552215415301325,0.21400135059427872
0.37445041524181727,0.6552215415301325,0.21408683202254636
0.37439947886979885,0.6550790710927482,0.21413807554871184
0.3744299674267101,0.6550790710927482,0.2141426211876406
0.37437902109292287,0.654936600655364,0.21414845597816318
0.37432806646033556,0.6547941302179797,0.21415581722703
0.3742771035269203,0.6546516597805955,0.21415840536002842
0.37461275069297245,0.6546516597805955,0.2143584291333842
0.37459230267449445,0.6545091893432112,0.21437999665407417
0.374683957262866,0.6545091893432112,0.21443075726549282
0.3746329526916803,0.6543667189058271,0.2144457228565387
0.37469407733724913,0.6543667189058271,0.21446509285210577
0.3746430611079383,0.6542242484684428,0.21446872599945535
0.3746226030191758,0.6540817780310586,0.21446993244912382
0.3746837509181425,0.6540817780310586,0.2144807945144149
0.3746327130264447,0.6539393075936744,0.21448423160208252
0.37512258908139917,0.6539393075936744,0.21486840833049814
0.37507151614221496,0.6537968371562901,0.2148765852429135
0.3751328374070138,0.6537968371562901,0.21489406664100683
0.3750817527795945,0.6536543667189059,0.2149041338217213
0.375235135356179,0.6536543667189059,0.2150079193650498
0.37524541884816753,0.6535118962815216,0.21503509568253695
0.3753682487725041,0.6535118962815216,0.21507471187262348
0.375317129061298,0.6533694258441374,0.2150787364247435
0.3757168605603801,0.6533694258441374,0.21526929270190234
0.37566571077427285,0.6532269554067531,0.2152852239321363
0.3757888697647734,0.6532269554067531,0.2153073191037744
0.37573770491803277,0.6530844849693689,0.21535033328528705
0.37576850561521435,0.6530844849693689,0.2153560019939057
0.37571733070995245,0.6529420145319846,0.21536361975126464
0.37566614741329835,0.6527995440946004,0.21538700762094543
0.37625225817047137,0.6527995440946004,0.2156492943276793
0.3762010347376201,0.6526570736572161,0.21565307124997787
0.3762937407589946,0.6526570736572161,0.21567110205893308
0.37624250390207836,0.6525146032198319,0.21569412931671147
0.37639710716633795,0.6525146032198319,0.21577187913565518
0.3763458535382592,0.6523721327824477,0.21577656379806956
0.3764696209816657,0.6523721327824477,0.21594800985625584
0.3764183522446966,0.6522296623450634,0.21595673803214754
0.37660414610069104,0.6522296623450634,0.21605099006508408
0.3765528589058001,0.6520871919076792,0.2160528847822826
0.376501563271351,0.6519447214702949,0.2160843003477355
0.3766565149395012,0.6519447214702949,0.21618564139207846
0.37660520250246954,0.6518022510329107,0.21620603930480484
0.37663620647073354,0.6518022510329107,0.21621675345823155
0.37658488391239914,0.6516597805955264,0.21621802624749412
0.37659556946388867,0.6515173101581422,0.2162529136085649
0.3766576064574582,0.6515173101581422,0.21629111197325018
0.37663728478457864,0.6513748397207579,0.2163462203157668
0.37673038892551086,0.6513748397207579,0.21636875111084347
0.3766586994148191,0.6510898988459894,0.2163764888926989
0.37693830419003627,0.6510898988459894,0.21644812878792236
0.3768869091808958,0.6509474284086052,0.21644837429938962
0.3769490966091907,0.6509474284086052,0.2165595682145599
0.3768976897689769,0.650804957971221,0.2165794082683422
0.3768462744450862,0.6506624875338367,0.2165820742168691
0.3769395840211291,0.6506624875338367,0.21662858040934838
0.3768881551795295,0.6505200170964525,0.21662910157807516
0.37698150594451785,0.6505200170964525,0.2167026455894149
0.37693006357856496,0.6503775466590682,0.21670845840357744
0.377210378449843,0.6503775466590682,0.21693958589421627
0.37715891248657135,0.650235076221684,0.21697751406013513
0.3773148148148148,0.650235076221684,0.21707656920688162
0.37726333195535344,0.6500926057842997,0.2170950884594359
0.37770052148000993,0.6500926057842997,0.21732200550011727
0.37764900662251655,0.6499501353469155,0.21732316671260726
0.37768027154565775,0.6499501353469155,0.2173253894439515
0.3776287464812055,0.6498076649095312,0.21735751429074474
0.3778477342390854,0.6498076649095312,0.2174866772120332
0.37785880013258205,0.649665194472147,0.21750793504449525
0.3782035332172182,0.649665194472147,0.2176952120799028
0.3781519575315196,0.6495227240347627,0.21769722353697937
0.37827746432127446,0.6495227240347627,0.21774683904738276
0.37822587337150443,0.6493802535973785,0.217752773377881
0.37825726141078836,0.6493802535973785,0.21776103357463172
0.3782056602207652,0.6492377831599943,0.21777360187742953
0.37826844857640907,0.6492377831599943,0.21784199394811637
0.37827964131517766,0.64909531272261,0.2178693345234888
0.3785310734463277,0.64909531272261,0.21804783687911053
0.37847943498130454,0.6489528422852258,0.21807588013237286
0.37842778793418647,0.6488103718478416,0.21810454097868068
0.3784906914893617,0.6488103718478416,0.21817293078583982
0.3784390324993766,0.6486679014104574,0.21818488257325985
0.3785963745218693,0.6486679014104574,0.21825779782517735
0.3785446985446985,0.6485254309730731,0.2182899681182932
0.37873367168649635,0.6485254309730731,0.21834817163575024
0.37868197703444834,0.6483829605356889,0.2183564182685301
0.3787450066577896,0.6483829605356889,0.21838512684759484
0.3787248210421175,0.6482404900983046,0.2184165170658005
0.37875634729043534,0.6482404900983046,0.21848148074861254
0.37870462870462873,0.6480980196609204,0.2185164312653545
0.37873615852135545,0.6480980196609204,0.21853384200059756
0.378684429641965,0.6479555492235362,0.218536124589378
0.378632692147556,0.6478130787861519,0.2185672351176271
0.3787588504789671,0.6478130787861519,0.21862971770659181
0.37883333333333336,0.6476706083487677,0.21864159439431868
0.37878156513042754,0.6475281379113834,0.21866775926103796
0.37909750604720993,0.6475281379113834,0.2188170179669714
0.3790457123790457,0.6473856674739992,0.21882494817074746
0.37902552978474885,0.6472431970366149,0.2188479482011602
0.378973717146433,0.6471007265992307,0.21887137291722483
0.37925851703406815,0.6471007265992307,0.2190156341562887
0.37920668058455115,0.6469582561618464,0.21903670407309003
0.3793333890234734,0.6469582561618464,0.2191144867464595
0.37931322583340293,0.6468157857244622,0.21911922798897682
0.3797891919022921,0.6468157857244622,0.21937299719415368
0.37968540829986613,0.6465308448496937,0.21943513557104846
0.3797807347895221,0.6465308448496937,0.2194599396181907
0.37972882490793436,0.6463883744123095,0.2194830622663013
0.37967690633631873,0.6462459039749252,0.2195070385267888
0.3797086891009543,0.6462459039749252,0.21952743480804637
0.37968854655056933,0.646103433537541,0.21953967867664698
0.379584659186066,0.6458184926627725,0.21956601598984266
0.37953270245373083,0.6456760222253882,0.21957931120548063
0.3796916890080429,0.6456760222253882,0.21965903245105947
0.3796397151235861,0.645533551788004,0.21967291253545984
0.379587732528909,0.6453910813506197,0.21968103060414726
0.37965135769359704,0.6453910813506197,0.21972855010062525
0.3796311818943839,0.6452486109132355,0.2197405798330903
0.3796630061195406,0.6452486109132355,0.2197411150584964
0.379706498951782,0.6451061404758512,0.21974244999684908
0.3798339065514638,0.6451061404758512,0.21978915565664914
0.37978187919463086,0.644963670038467,0.21981980679336927
0.38016459523009744,0.644963670038467,0.21998630025807478
0.3801125388426976,0.6448211996010828,0.21998937775837343
0.38030417611965384,0.6448211996010828,0.22006268944765855
0.3802521008403361,0.6446787291636985,0.2200696380016596
0.38037995965030263,0.6446787291636985,0.2201201508825796
0.380327868852459,0.6445362587263143,0.22012244675114662
0.3803598453001513,0.6445362587263143,0.2202055649702851
0.3803077440511225,0.64439378828893,0.2202154983083585
0.38025563403969054,0.6442513178515458,0.22024252198052582
0.38026747413575573,0.6441088474141615,0.22028302679546735
0.380331454530159,0.6441088474141615,0.22029491330492637
0.38027932020864885,0.6439663769767773,0.2202967697220577
0.3804393569564851,0.6439663769767773,0.22041238991585385
0.3803350450374611,0.6436814361020088,0.22044635679352678
0.3804311215897609,0.6436814361020088,0.22046817738463598
0.38037894736842104,0.6435389656646245,0.22047053003047
0.3804109819774297,0.6435389656646245,0.22052715662876937
0.3803908355795148,0.6433964952272403,0.22053181761538934
0.3805190428041793,0.6433964952272403,0.22060258153178885
0.3804668408190781,0.6432540247898562,0.22060399314006304
0.3804146300353953,0.6431115543524719,0.2206082028334194
0.3806070826306914,0.6431115543524719,0.22073945535278694
0.3805548528543722,0.6429690839150877,0.22077282176114688
0.380502614268848,0.6428266134777034,0.22078085845427387
0.3805668016194332,0.6428266134777034,0.22080749099953711
0.3805145508224378,0.6426841430403192,0.2208331880182732
0.38046229120971825,0.6425416726029349,0.2208405788553341
0.3807513718868721,0.6425416726029349,0.22093789007675607
0.38073123364012496,0.6423992021655507,0.2209511083281333
0.38067893936834996,0.6422567317281664,0.22095556192251947
0.38083973979893554,0.6422567317281664,0.2210242928740416
0.38078742818519773,0.6421142612907822,0.22106120306591728
0.3811416490486258,0.6421142612907822,0.2211842756722827
0.3810893098782138,0.641971790853398,0.2211865100148767
0.38115378108611064,0.641971790853398,0.22120677963856022
0.3811336717428088,0.6418293204160137,0.22121298639671833
0.3810813097554785,0.6416868499786295,0.22121436916684536
0.38111355559316296,0.6416868499786295,0.2212161280134707
0.38106118304138104,0.6415443795412452,0.22121925342541537
0.38100880162491535,0.641401909103861,0.2212695794698917
0.3812992292707716,0.641401909103861,0.22141754063065897
0.38124682364899204,0.6412594386664767,0.2214383842616051
0.3811944091486658,0.6411169682290925,0.22144556415114963
0.38138825324180015,0.6411169682290925,0.22153468888171401
0.3813358196304458,0.6409744977917082,0.22154203675847245
0.3814328105129292,0.6409744977917082,0.22156268877092172
0.381380362896388,0.640832027354324,0.22156818418361168
0.38141270245060627,0.640832027354324,0.22157282518432211
0.38136024423337855,0.6406895569169397,0.2215793860305201
0.38142493638676844,0.6406895569169397,0.22159536052722487
0.3813724658580032,0.6405470864795555,0.22161190974327474
0.3813523373207771,0.6404046160421712,0.2216152958880533
0.3815141741639789,0.6404046160421712,0.22170450211251289
0.38146167557932265,0.640262145604787,0.221714373491661
0.38140916808149405,0.6401196751674028,0.22173717876908328
0.38135665166822313,0.6399772047300185,0.221740673586394
0.3813890303956529,0.6399772047300185,0.22174900611415926
0.38133650335399505,0.6398347342926343,0.22175382869597882
0.3814336674027518,0.6398347342926343,0.22180264366796845
0.3813811263059543,0.63969226385525,0.2218247145042968
0.38147833474936277,0.63969226385525,0.2218837864423271
0.3814257795904495,0.6395497934178658,0.22188641585629523
0.3813732154996601,0.6394073229804815,0.2219056189874363
0.3814056259029489,0.6394073229804815,0.2219066154150967
0.3813977214759395,0.639122382105713,0.2219076972623467
0.3814301504974067,0.639122382105713,0.22193884501510075
0.3813249425971596,0.6388374412309445,0.22194759164573283
0.38127232522537846,0.6386949707935603,0.22196789627425628
0.38121969890278135,0.6385525003561761,0.2219992219258824
0.38131699846860645,0.6385525003561761,0.22201911416087353
0.3812643580362461,0.6384100299187918,0.22203336129390308
0.3815240527884206,0.6384100299187918,0.22221058403686877
0.3814713896457766,0.6382675594814076,0.22221862394898706
0.3818941266729179,0.6382675594814076,0.22245954532630133
0.38184143222506395,0.6381250890440233,0.22249281913571115
0.38193911486313636,0.6381250890440233,0.22252261259960113
0.3819515523712044,0.6379826186066391,0.22253056075771027
0.38201672069612697,0.6379826186066391,0.2225620413479949
0.3819639962460541,0.6378401481692548,0.22257820894279784
0.38202918337742126,0.6378401481692548,0.22259201172517865
0.3819764464925755,0.6376976777318706,0.22259369340882593
0.38223740392826644,0.6376976777318706,0.22268170071924936
0.3821846442907165,0.6375552072944864,0.2227368200328565
0.38213187564058765,0.6374127368571022,0.22277312030436097
0.38216451695566755,0.6374127368571022,0.2227790506723985
0.3821117375704767,0.637270266419718,0.22277992028150392
0.38214438274241774,0.637270266419718,0.2227830759000781
0.3820915926179084,0.6371277959823337,0.22279949422532472
0.38212424164744085,0.6371277959823337,0.22280077537445495
0.38207144077935395,0.6369853255449495,0.22282016732852045
0.38210409366720793,0.6369853255449495,0.22285449970067595
0.382051282051282,0.6368428551075652,0.22287515840674738
0.38199846140695787,0.636700384670181,0.2228954995566077
0.382129115006413,0.636700384670181,0.22306228313717155
0.38207627843338465,0.6365579142327967,0.22312536257192514
0.3820234328230565,0.6364154437954125,0.2231445978284069
0.38254688704290485,0.6364154437954125,0.22334435904233224
0.3824940047961631,0.6362729733580282,0.22336588089195342
0.3825595340071955,0.6362729733580282,0.22339213035675956
0.38250663925297695,0.636130502920644,0.22342439792551572
0.38253941055517476,0.636130502920644,0.2234375910452948
0.382486505012424,0.6359880324832597,0.22345149975258383
0.3825192802056555,0.6359880324832597,0.2234524288747841
0.38246636387008315,0.6358455620458755,0.22346392751034314
0.3824134384641755,0.6357030916084913,0.22347065013695594
0.38245884773662553,0.635560621171107,0.2234755886550492
0.382590051457976,0.635560621171107,0.22351917462969748
0.38253709580581524,0.6354181507337228,0.2235209216582294
0.382484131068794,0.6352756802963385,0.223521289238085
0.38254975978037065,0.6352756802963385,0.22354512916253017
0.38244379612150337,0.63499073942157,0.2235836496568671
0.38239080065219255,0.6348482689841858,0.22358490137285067
0.38248927038626607,0.6348482689841858,0.2236136636359879
0.38243626062322944,0.6347057985468015,0.22363054970662488
0.3824690934065934,0.6347057985468015,0.22365940714097055
0.3824160728084485,0.6345633281094173,0.22367108928784477
0.3824489094968229,0.6345633281094173,0.22367574831200376
0.3823958780592529,0.634420857672033,0.22369624411358455
0.38256013745704465,0.634420857672033,0.22384681843633403
0.3825070882378211,0.6342783872346488,0.223849097236313
0.38260570642832586,0.6342783872346488,0.22391511947147053
0.38258552518480315,0.6341359167972646,0.22392934151623872
0.3825324507865555,0.6339934463598803,0.223944592199387
0.38259822887112027,0.6339934463598803,0.22398913109673582
0.3825780376644595,0.6338509759224961,0.22402405478046608
0.3827426015141087,0.6338509759224961,0.224059854087335
0.38268949496687604,0.6337085054851118,0.224074075400234
0.3827882960413081,0.6337085054851118,0.22419998305744915
0.38273517514416044,0.6335660350477276,0.22420838331916404
0.382998880372061,0.6335660350477276,0.22429473555783472
0.3829457364341085,0.6334235646103433,0.22429553479183295
0.3830117160578911,0.6334235646103433,0.22431163282943462
0.38295855948996294,0.6332810941729591,0.22434591542727222
0.38315662442892856,0.6332810941729591,0.2244102490563045
0.38310344827586207,0.6331386237355748,0.22443460332087886
0.3830502629537029,0.6329961532981906,0.2244400828875152
0.3829970684600793,0.6328536828608063,0.2244738419505504
0.38294386479261877,0.6327112124234221,0.22448439650023833
0.38297688858226975,0.6327112124234221,0.2244886984646169
0.3829236739974127,0.6325687419860379,0.22449376318737546
0.3830558191700457,0.6325687419860379,0.2245126082009232
0.38300258843830887,0.6324262715486536,0.224574972034353
0.3829493485201484,0.6322838011112694,0.22457503811739965
0.38308157099697887,0.6322838011112694,0.22463507082226186
0.3830283149171271,0.6321413306738851,0.22463508872588572
0.38306138306138304,0.6321413306738851,0.22465864277979616
0.38300811604213436,0.631998860236501,0.22468938395800095
0.3830742659758204,0.631998860236501,0.22471541823558877
0.3830209862682442,0.6318563897991167,0.2247424433956299
0.3830871555670726,0.6318563897991167,0.22479391050950479
0.3830338631651693,0.6317139193617325,0.22482349604178747
0.383298755186722,0.6317139193617325,0.22497820842086866
0.38324543961269125,0.6315714489243482,0.2250306271095312
0.3833117163856464,0.6315714489243482,0.22508034334223662
0.3832583881010031,0.631428978486964,0.22508516543941193
0.3832915333390988,0.631428978486964,0.22509679601575605
0.3832381940840685,0.6312865080495798,0.2251336903238392
0.38318484560159155,0.6311440376121955,0.2251458945189232
0.38313148788927337,0.6310015671748113,0.225179823087062
0.38346320346320345,0.6310015671748113,0.2252830336462417
0.3834098190319508,0.630859096737427,0.22528365541196824
0.38335642535503983,0.6307166263000428,0.22528653379175706
0.3836221837088388,0.6307166263000428,0.22552553095560482
0.3835687667908831,0.6305741558626585,0.22558857285679812
0.38360201074709654,0.6305741558626585,0.22560135634939835
0.3835485828204906,0.6304316854252743,0.22561423039811412
0.3838480222068008,0.6304316854252743,0.22571477977054677
0.38379456927214367,0.63028921498789,0.22572359289387747
0.38392779658075155,0.63028921498789,0.2258511844812649
0.38387432737371985,0.6301467445505058,0.22585194174376294
0.3838208488846454,0.6300042741131215,0.22585628443984662
0.38385416666666666,0.6300042741131215,0.22588970612977752
0.383800677142113,0.6298618036757373,0.22590162159265423
0.383900659951372,0.6298618036757373,0.22595688181993936
0.38384715588363005,0.629719333238353,0.22595693169154532
0.3840806395550921,0.629719333238353,0.22609975637805774
0.3840271139306509,0.6295768628009688,0.22611678212720693
0.3839735790022597,0.6294343923635846,0.22612741521811486
0.38392003476749237,0.6292919219262003,0.22615858009615825
0.38386648122392214,0.6291494514888161,0.2261901470314233
0.3838998522124663,0.6291494514888161,0.22619318498959504
0.38384628760215617,0.6290069810514318,0.22620825797407995
0.38387966263803147,0.6290069810514318,0.22621282665598885
0.38382608695652176,0.6288645106140476,0.22622707718247892
0.3838928509305966,0.6288645106140476,0.226316005192782
0.3838392624162825,0.6287220401766633,0.22636014105910152
0.383785664578984,0.6285795697392791,0.2263673136364272
0.3838190517616355,0.6285795697392791,0.2263819777032852
0.38376544283974245,0.6284370993018948,0.2264092192277236
0.38383223111729897,0.6284370993018948,0.22642408773923794
0.38377860934644503,0.6282946288645106,0.22644742267180143
0.38397910317805833,0.6282946288645106,0.2265780818933176
0.3839254615116684,0.6281521584271264,0.22659203876037998
0.38405923344947734,0.6281521584271264,0.22662524897274844
0.3840055753985539,0.6280096879897421,0.2266594770600611
0.3842398884239888,0.6280096879897421,0.22674135071152177
0.3841862087002005,0.6278672175523579,0.2267488057049876
0.3842867108475759,0.6278672175523579,0.22681715134843453
0.384233016482079,0.6277247471149736,0.2268239880621699
0.38430004361098996,0.6277247471149736,0.22687282821047652
0.3842463363572924,0.6275822766775894,0.226876293476401
0.38448110325565155,0.6275822766775894,0.22696912961127327
0.38442737430167595,0.6274398062402051,0.2269871893594022
0.3843736359668267,0.6272973358028209,0.2270061666710533
0.38440719399336476,0.6272973358028209,0.22700749303752452
0.3843534445123548,0.6271548653654366,0.22703019240871328
0.38455490521534025,0.6271548653654366,0.22709097511323412
0.38450113576795386,0.6270123949280524,0.2271088870771616
0.38456833275078645,0.6270123949280524,0.22713222739268335
0.3844607586086349,0.6267274540532839,0.22721384665047142
0.384527972027972,0.6267274540532839,0.22725406863006822
0.3845077810806085,0.6265849836158996,0.22725859670720686
0.38460865763008306,0.6265849836158996,0.22733012736690147
0.38455483645268496,0.6264425131785154,0.2273438553893278
0.3846221133659902,0.6264425131785154,0.22737549472086013
0.38456827924066134,0.6263000427411313,0.22741588862460677
0.38490499956220997,0.6263000427411313,0.22754602497314866
0.38485113835376533,0.626157572303747,0.2275478113243517
0.3850534431400035,0.626157572303747,0.22769670141475723
0.384999561903093,0.6260151018663628,0.2277043531653097
0.38537098754604454,0.6260151018663628,0.22788656785267836
0.38531707744934657,0.6258726314289785,0.22792840667456127
0.38535087719298244,0.6258726314289785,0.22792995373002337
0.38529695587332224,0.6257301609915943,0.22794138192384117
0.385330759782418,0.6257301609915943,0.22794850470897124
0.3852768272352373,0.62558769055421,0.22798294406104946
0.3856151751997892,0.62558769055421,0.2283048263715476
0.38556121552784123,0.6254452201168258,0.22831200135886315
0.38603587759409075,0.6254452201168258,0.22862368663073612
0.3859818837393369,0.6253027496794415,0.22863812030246175
0.3861856577210735,0.6253027496794415,0.22873407695952888
0.3861316437873988,0.6251602792420573,0.22874387569380064
0.38630161105731137,0.6251602792420573,0.22883237104860982
0.38624757879908433,0.6250178088046731,0.22885696903085848
0.386193537025623,0.6248753383672888,0.2288641864457339
0.38613948573441353,0.6247328679299046,0.22889821811458969
0.38620750396336095,0.6247328679299046,0.22895043192392875
0.38615343961948384,0.6245903974925203,0.22897720291945053
0.38609936575052856,0.6244479270551361,0.22897951939691671
0.3864057127743983,0.6244479270551361,0.2292297958794841
0.38635161347205077,0.6243054566177518,0.2292455117788478
0.38641975308641974,0.6243054566177518,0.22927385373068737
0.3863656407090572,0.6241629861803676,0.22929545616533722
0.3863115187863821,0.6240205157429833,0.22931728732076545
0.38634559407250596,0.6240205157429833,0.229337173370862
0.38629146083274524,0.6238780453055991,0.22940872939288287
0.3862373180414645,0.6237355748682148,0.22944988301079744
0.3863736651663578,0.6237355748682148,0.22956537990431256
0.3863536057904493,0.6235931044308306,0.22957498030641282
0.3862994350282486,0.6234506339934464,0.22957605698924896
0.3862452547011565,0.6233081635560621,0.22962404821718324
0.3861910648066396,0.6231656931186779,0.22964791513701413
0.38620506932791665,0.6230232226812936,0.22966659936429393
0.38640982592559864,0.6230232226812936,0.22986330840088504
0.38635560268646163,0.6228807522439094,0.22990739484101722
0.3863013698630137,0.6227382818065251,0.22992603320783894
0.38640381895332393,0.6227382818065251,0.22998853529541124
0.3863495712138626,0.6225958113691409,0.22998873992953747
0.3864862474573273,0.6225958113691409,0.23007004466512793
0.38643198301786663,0.6224533409317566,0.2301122065841263
0.38667138684839364,0.6224533409317566,0.2302213505586716
0.38661710037174724,0.6223108704943724,0.2302242673839846
0.38671978751660024,0.6223108704943724,0.2302549436104513
0.3866654860988135,0.6221684000569881,0.2302550502723486
0.386733970952887,0.6221684000569881,0.23031993932327038
0.38667965636347534,0.6220259296196039,0.23034051955733736
0.38671390611160317,0.6220259296196039,0.23040863531940856
0.3866938341601701,0.6218834591822197,0.23043014167155515
0.38672809426774163,0.6218834591822197,0.23045520247219697
0.3866737550948077,0.6217409887448354,0.2304731973420474
0.3867765665159975,0.6217409887448354,0.23051903855513153
0.3867222123736926,0.6215985183074512,0.23052245807039187
0.38675649321868627,0.6215985183074512,0.23057112410703892
0.38670212765957446,0.6214560478700669,0.23061197825053925
0.386805001330141,0.6214560478700669,0.230663198251387
0.3867506207875133,0.6213135774326827,0.23066870547423227
0.38669623059866964,0.6211711069952984,0.23069188032309484
0.3866418307610431,0.6210286365579142,0.23069672811092537
0.3867790594498669,0.6210286365579142,0.2307744735566226
0.3867246428254503,0.6208861661205299,0.23081585579688596
0.38693065790641923,0.6208861661205299,0.23099797708212785
0.38687622091990764,0.6207436956831458,0.23100186894063138
0.38691057632537074,0.6207436956831458,0.2310122136967985
0.3868561278863233,0.6206012252457616,0.23101610551066198
0.387027987561084,0.6206012252457616,0.2311600813755543
0.3870079090020439,0.6204587548083773,0.2311608509574387
0.3870767042929517,0.6204587548083773,0.23118778954473337
0.3870222222222222,0.6203162843709931,0.23125219921379414
0.38705662725575607,0.6203162843709931,0.23128110085852102
0.38700213371266,0.6201738139336088,0.23128951402742143
0.3871398078975454,0.6201738139336088,0.23137488358765665
0.38708529751845594,0.6200313434962246,0.23141190624315192
0.387119729585483,0.6200313434962246,0.23142627609485536
0.3870652077217329,0.6198888730588403,0.2314432494521179
0.3871340866625145,0.6198888730588403,0.2314671892144922
0.38707955152162304,0.6197464026214561,0.231478353243978
0.3872173758233933,0.6197464026214561,0.2315415829744935
0.38716282382266537,0.6196039321840718,0.2316165659018003
0.38736973367774113,0.6196039321840718,0.23172539172347592
0.387384176764077,0.6194614617466876,0.23173504753249186
0.3876950512706197,0.6194614617466876,0.23184606041955644
0.38764044943820225,0.6193189913093033,0.23187115225704366
0.38774417982338777,0.6193189913093033,0.23192674946090885
0.38768956289027656,0.6191765208719191,0.23194568565348944
0.38772415023641715,0.6191765208719191,0.23195681646699778
0.38766952177016417,0.6190340504345349,0.23196074849850973
0.387614883554921,0.6188915799971506,0.23197771983911675
0.3877532803713291,0.6188915799971506,0.23206161129939243
0.38769862524549187,0.6187491095597664,0.23211812626821932
0.38776785714285716,0.6187491095597664,0.2321437102624933
0.3877131886775605,0.6186066391223821,0.2321845451703988
0.38778244172546217,0.6186066391223821,0.2322208794071407
0.38772775991425507,0.6184641686849979,0.2322319164688276
0.38770770055386816,0.6183216982476136,0.2322554621683899
0.3877769835596855,0.6183216982476136,0.2322837461097095
0.3877222768295952,0.6181792278102294,0.23229027131883864
0.3877569258266309,0.6181792278102294,0.23230173634950385
0.38770220752524803,0.6180367573728451,0.23230854572608764
0.3881879194630872,0.6180367573728451,0.23253347408763156
0.38813316627886163,0.6178942869354609,0.23255832647647573
0.3883764663741381,0.6178942869354609,0.23263037834889472
0.38832169084721474,0.6177518164980766,0.23268976610792244
0.38866977411258513,0.6177518164980766,0.23280629174189318
0.3886498117267348,0.6176093460606924,0.23281813563047318
0.38871951219512196,0.6176093460606924,0.23286003802487745
0.3886646937494395,0.6174668756233082,0.23286646033882843
0.38869955156950675,0.6174668756233082,0.23290910654817237
0.3886447214996861,0.6173244051859239,0.23291458539984214
0.38858988159311086,0.6171819347485397,0.2329336704956356
0.3888340364419711,0.6171819347485397,0.23312756220717096
0.38877917414721724,0.6170394643111554,0.23316712558340347
0.3888839005118075,0.6170394643111554,0.23325317795986075
0.38882902298850575,0.6168969938737712,0.23327112321088878
0.3890735915176566,0.6168969938737712,0.2334610185166343
0.38901869158878505,0.6167545234363869,0.23346677859942896
0.3890536532758156,0.6167545234363869,0.23346818584814935
0.38899874168614057,0.6166120529990027,0.23349722726832434
0.38894382022471913,0.6164695825616184,0.23357709012444486
0.3895040057610946,0.6164695825616184,0.23379226533596373
0.3894490457328052,0.6163271121242342,0.2337936263364721
0.38939407580804897,0.6161846416868499,0.23379582443587416
0.3894642053129221,0.6161846416868499,0.23382170656861043
0.38940922190201727,0.6160421712494657,0.23382769862270894
0.3896197513065417,0.6160421712494657,0.23389248912919355
0.3895647472289808,0.6158997008120815,0.23390087580621402
0.38957995312781685,0.6157572303746972,0.2339460355087178
0.3895951672527274,0.615614759937313,0.23396215783803934
0.38973572652656263,0.615614759937313,0.234036031828808
0.38968067833303266,0.6154722894999287,0.23404036504925663
0.3896256202074876,0.6153298190625445,0.23404246490826672
0.38973109547013174,0.6153298190625445,0.2340758280991439
0.38967602201967333,0.6151873486251602,0.23412792673151192
0.38988713318284424,0.6151873486251602,0.23424810312412273
0.38990245664739887,0.6150448781877761,0.23426545483405642
0.38993767500677445,0.6150448781877761,0.23426754122034701
0.38995301770870977,0.6149024077503918,0.23427499710098967
0.38998825336586246,0.6149024077503918,0.23428749002328553
0.3900036153289949,0.6147599373130076,0.2342929355619803
0.39010939336407197,0.6147599373130076,0.23431355028311518
0.39005424954792045,0.6146174668756234,0.23431705219793986
0.3902659670707436,0.6146174668756234,0.23445171044973565
0.39021080249705964,0.6144749964382391,0.23445545141910737
0.39028142249570175,0.6144749964382391,0.2344946222180979
0.3902262443438914,0.6143325260008549,0.2345007930007128
0.39033221689146375,0.6143325260008549,0.23461281784915958
0.39027702335687126,0.6141900555634706,0.23461491447272861
0.39052450403116223,0.6141900555634706,0.23477265206944933
0.39046928791447727,0.6140475851260864,0.23479017270748317
0.39041406179215365,0.6139051146887021,0.2348209549551843
0.3905910079767948,0.6139051146887021,0.23492365002136525
0.39053576285014957,0.6137626442513179,0.23493424931300477
0.39048050770625564,0.6136201738139336,0.23495685051594473
0.3905513239027929,0.6136201738139336,0.23498532246533815
0.39049605513739005,0.6134777033765494,0.23499540765954982
0.39045631860654995,0.6131927625017809,0.23503444545552488
0.39052717539243265,0.6131927625017809,0.2351017450195735
0.39047186932849365,0.6130502920643967,0.23510684220440414
0.3906845832576721,0.6130502920643967,0.2353426179447697
0.39062925633342416,0.6129078216270124,0.23537724787851794
0.3905739193606974,0.6127653511896282,0.235388916138446
0.3906093906093906,0.6127653511896282,0.2354009235612986
0.3905540417801998,0.6126228807522439,0.2354083212849415
0.3910157315631536,0.6126228807522439,0.23561930202356549
0.3909603492178974,0.6124804103148597,0.23563603721605564
0.3913162206444566,0.6124804103148597,0.23585825184517634
0.3912964311726147,0.6123379398774754,0.2358665875708582
0.39133205863607395,0.6123379398774754,0.23587363248154367
0.3912766344928064,0.6121954694400912,0.2359057254604901
0.3913479052823315,0.6121954694400912,0.23598152936032926
0.39129246743783586,0.6120529990027069,0.23598464612290507
0.391399416909621,0.6120529990027069,0.23603881023016554
0.39134396355353074,0.6119105285653227,0.23606286484561032
0.39155802716747196,0.6119105285653227,0.23619008327579855
0.3915025528811087,0.6117680581279384,0.23619738617279415
0.39148276490972095,0.6116255876905542,0.23621742942820467
0.391554177307552,0.6116255876905542,0.23623751981791713
0.3914986773693332,0.61148311725317,0.23628539293791223
0.3914788796642642,0.6113406468157857,0.23634391965594126
0.3915860558496076,0.6113406468157857,0.2363717266754728
0.39156626506024095,0.6111981763784015,0.23638846194460766
0.39195979899497485,0.6111981763784015,0.23655852888670315
0.39190423976608185,0.6110557059410172,0.23656943650931908
0.39194005300191903,0.6110557059410172,0.2365946232617633
0.39188448181319685,0.610913235503633,0.23663326089526127
0.39217120907261754,0.610913235503633,0.23686121201466945
0.3921156132808927,0.6107707650662487,0.23689759939573754
0.3920958741194767,0.6106282946288645,0.23691154817857712
0.39213174748398905,0.6106282946288645,0.23692251385420843
0.39207612773355294,0.6104858241914802,0.23692473828008773
0.3922196796338673,0.6104858241914802,0.23702521297917595
0.3921640424752838,0.610343353754096,0.2370502011647302
0.3923436212107336,0.610343353754096,0.23711537168404806
0.3922879648287232,0.6102008833167117,0.23711608203013038
0.3924317390507605,0.6102008833167117,0.2371342806555254
0.39241202346041054,0.6100584128793275,0.23717733765286986
0.39251993766614723,0.6100584128793275,0.23722230094648064
0.39246424642464245,0.6099159424419432,0.2372361938117056
0.3925002292105987,0.6099159424419432,0.23723691005535663
0.3924445259490189,0.609773472004559,0.23723759920213028
0.39238881247134344,0.6096310015671748,0.23724642655309205
0.3924607906080895,0.6096310015671748,0.23729884708961674
0.3924050632911392,0.6094885311297906,0.23731771248074932
0.3928374655647383,0.6094885311297906,0.2375321278165073
0.3927817063091193,0.6093460606924064,0.23755226227018308
0.39272593681116824,0.6092035902550221,0.23759151922293562
0.39276200973638287,0.6092035902550221,0.23760467582121123
0.39270622818298734,0.6090611198176379,0.23761160871323606
0.3927783902976847,0.6090611198176379,0.2376919442471171
0.3927225948727373,0.6089186493802536,0.23770055830797163
0.392666789193163,0.6087761789428694,0.23772316236486418
0.39261097325613453,0.6086337085054851,0.2377373855727405
0.39279146745126886,0.6086337085054851,0.23777292247143936
0.39273563218390806,0.6084912380681009,0.23779781179528678
0.39280787271222295,0.6084912380681009,0.2378554793769635
0.39278815196394073,0.6083487676307167,0.23789097327266634
0.3927322907083717,0.6082062971933324,0.23789231518315815
0.3928768636112645,0.6082062971933324,0.23806380300989435
0.3928209848136217,0.6080638267559482,0.23807126414711122
0.3930018416206261,0.6080638267559482,0.23814339857557304
0.39294594345704026,0.6079213563185639,0.23817773100676498
0.39289003499723707,0.6077788858811797,0.2382013585093901
0.39283411623837156,0.6076364154437954,0.23820455150019984
0.3929064947029019,0.6076364154437954,0.23822641633914468
0.3929229635090306,0.6074939450064112,0.2382288342784069
0.39299539170506914,0.6074939450064112,0.23826185217381182
0.39293944142317266,0.6073514745690269,0.23826232369816475
0.39297566371681414,0.6073514745690269,0.23826422278069342
0.3929197012998986,0.6072090041316427,0.23828955718819672
0.393245986344344,0.6072090041316427,0.2384718060059117
0.39318999723170617,0.6070665336942584,0.2385096620051974
0.3932262827611665,0.6070665336942584,0.23852270297451758
0.3931702814951546,0.6069240632568742,0.23854884842624868
0.39335180055401664,0.6069240632568742,0.2385914079545687
0.3932957798504017,0.60678159281949,0.23864231807367323
0.39323974879940893,0.6066391223821057,0.23867328593002735
0.39331239608350266,0.6066391223821057,0.23869348736155357
0.3933290215282269,0.6064966519447215,0.2387271334752195
0.3934017188799556,0.6064966519447215,0.23875607364268348
0.3933456561922366,0.6063541815073372,0.23877328334193942
0.3933820131250578,0.6063541815073372,0.2387981591702496
0.39332593825106305,0.606211711069953,0.23880835500963551
0.39326985300915224,0.6060692406325687,0.23881958690539964
0.3934517203107658,0.6060692406325687,0.23890087646054525
0.39343200740055506,0.6059267701951845,0.23890271301275207
0.39357764205071255,0.6059267701951845,0.23897185761494671
0.3935943719337221,0.6057842997578002,0.23901125131172898
0.3937766253009817,0.6057842997578002,0.23910583051295559
0.3937204779105307,0.605641829320416,0.23911343570345175
0.3940489432703003,0.605641829320416,0.23941403528605298
0.39399276907388525,0.6054993588830317,0.23944131072173644
0.3940292972371593,0.6054993588830317,0.2394692642817149
0.3939731108020399,0.6053568884456475,0.23951846957513478
0.3940461838078457,0.6053568884456475,0.23954133488761623
0.39398998330550916,0.6052144180082633,0.2395883244508056
0.3940265281513774,0.6052144180082633,0.23959276007431554
0.39397031539888683,0.605071947570879,0.23961178802603664
0.3940434217851178,0.605071947570879,0.23962487952080885
0.39398719495221307,0.6049294771334948,0.23962606066617886
0.39393095768374164,0.6047870066961105,0.2396363437418583
0.3940040839056989,0.6047870066961105,0.23971161023700718
0.39394783254432375,0.6046445362587263,0.2397241342138668
0.3939844040103973,0.6046445362587263,0.2397381932834257
0.3939281403769381,0.604502065821342,0.2397658336090044
0.3939647168059424,0.604502065821342,0.2397940355809046
0.393908440895162,0.6043595953839578,0.2398051532896074
0.39398161047645586,0.6043595953839578,0.23980936218501472
0.3939619136089178,0.6042171249465735,0.2398145812395966
0.3941083542421708,0.6042171249465735,0.23987720764377993
0.3940520446096654,0.6040746545091893,0.23989944237484656
0.39408866995073893,0.6040746545091893,0.23990033958754764
0.3940323480200781,0.6039321840718052,0.23990803475746045
0.3941422594142259,0.6039321840718052,0.24000748917141887
0.3940859215175749,0.6037897136344209,0.24001108586853045
0.3942325581395349,0.6037897136344209,0.24003153807572858
0.39417620243743606,0.6036472431970367,0.24003250828087166
0.3941198362486044,0.6035047727596524,0.2400372831255189
0.39422987436016754,0.6035047727596524,0.24007452595598736
0.3941734921816828,0.6033623023222682,0.24011698779439533
0.3942835862582627,0.6033623023222682,0.24026364651576262
0.3942638979420803,0.6032198318848839,0.24026829259347598
0.3942074874278264,0.6030773614474997,0.24030848776698333
0.39424420229114276,0.6030773614474997,0.24031801573170086
0.39418777943368105,0.6029348910101154,0.24034243032216687
0.39413134606427574,0.6027924205727312,0.2403518188542185
0.3940749021799888,0.602649950135347,0.24036140591352312
0.3940184477778813,0.6025074796979627,0.2403852785863978
0.3942020879940343,0.6025074796979627,0.2404694981494921
0.3941456138715391,0.6023650092605785,0.240479742460552
0.39425587467362927,0.6023650092605785,0.24051681460687058
0.39419938450060615,0.6022225388231942,0.24051991229042288
0.39434648754547996,0.6022225388231942,0.2405463461300377
0.3944371849915998,0.60208006838581,0.2405696886811918
0.39447400354709233,0.60208006838581,0.24057309208997166
0.39441747572815533,0.6019375979484257,0.2405791778766255
0.3943609373541219,0.6017951275110415,0.2405925020637355
0.394508265620622,0.6017951275110415,0.24069549748739202
0.39445170932187557,0.6016526570736572,0.24071342053990258
0.39448855674918265,0.6016526570736572,0.24071729933968097
0.39443198804185353,0.601510186636273,0.24073471415764214
0.3945056998691833,0.601510186636273,0.24076940637389221
0.39444911690496215,0.6013677161988887,0.24079178021951092
0.39455973079080203,0.6013677161988887,0.24086120218413515
0.3946876169098391,0.6012252457615045,0.2408807236153478
0.394872274726303,0.6012252457615045,0.24095926593394779
0.39481564664046415,0.6010827753241202,0.24099278625135295
0.39475900795507723,0.600940304886736,0.2409928546714449
0.39470235866716585,0.6007978344493518,0.24099999446304166
0.3948501872659176,0.6007978344493518,0.241072560313773
0.39479351999250867,0.6006553640119675,0.24116168907802785
0.3949414519906323,0.6006553640119675,0.24128597422953635
0.39488476672287803,0.6005128935745833,0.2413002051909931
0.3951809488093006,0.6005128935745833,0.2414449188994365
0.39512423816221287,0.600370423137199,0.24147846130939682
0.3953095684803002,0.600370423137199,0.24156001940180352
0.39525283797729616,0.6002279526998148,0.24157960039295487
0.3952899230624883,0.6002279526998148,0.24162579855729968
0.3952331800694379,0.6000854822624305,0.24163181270187692
0.3954558257440616,0.6000854822624305,0.24178552484116936
0.3953990610328639,0.5999430118250463,0.24179473721266295
0.3953422856606254,0.599800541387662,0.24181199229274555
0.39556516019919197,0.599800541387662,0.24188221841398036
0.3955083630896448,0.5996580709502778,0.2419029269590788
0.39554553143501553,0.5996580709502778,0.24194404270673991
0.3954887218045113,0.5995156005128935,0.24198929227441654
0.3955258952909108,0.5995156005128935,0.24202559521103276
0.3954690731340478,0.5993731300755093,0.24204219411749342
0.3955806299952985,0.5993731300755093,0.24210716729628978
0.39552379161181117,0.599230659638125,0.2421599632622622
0.39550413844996235,0.5990881892007408,0.2421652601371475
0.39561576818139055,0.5990881892007408,0.24222237056560983
0.3955589010161837,0.5989457187633566,0.24223465261446386
0.39559612308271386,0.5989457187633566,0.2422546797275222
0.3955392433653303,0.5988032483259723,0.24226105298938638
0.39583725748728577,0.5988032483259723,0.24245465559590915
0.395780352265235,0.5986607778885881,0.24245682450715908
0.3958176337603617,0.5986607778885881,0.2424951648829757
0.3958352963346839,0.5985183074512038,0.24250228071903937
0.39602187028657615,0.5985183074512038,0.24260239239636572
0.3959649288205902,0.5983758370138196,0.24262531452719754
0.39603960396039606,0.5983758370138196,0.24266683785083507
0.39598264805733685,0.5982333665764354,0.24267995834030057
0.3960573476702509,0.5982333665764354,0.24271441230871282
0.39600037732289406,0.5980908961390512,0.24272047215370562
0.3960377358490566,0.5980908961390512,0.2427531066571039
0.3959807529012171,0.597948425701667,0.24278326604001846
0.3961302501179802,0.597948425701667,0.242853407987785
0.396073249008873,0.5978059552642827,0.24286479849336015
0.3962976955043445,0.5978059552642827,0.2429704255668148
0.3963904374940943,0.5976634848268985,0.24300103911448367
0.3964653624421132,0.5976634848268985,0.24301144502769476
0.3964083175803403,0.5975210143895142,0.24302287241335557
0.3967082860385925,0.5975210143895142,0.24319334156541364
0.3966512155898212,0.59737854395213,0.24320074256061444
0.39683891728184745,0.59737854395213,0.2433367835205266
0.3967818267865594,0.5972360735147457,0.243337139393228
0.3968945275516001,0.5972360735147457,0.24336950416094413
0.39683742069879746,0.5970936030773615,0.2433727594147913
0.39678030303030304,0.5969511326399772,0.24339545587789865
0.3969682614874467,0.5969511326399772,0.2434670526275654
0.39691112374455184,0.596808662202593,0.2434757670681224
0.396986353297953,0.596808662202593,0.24350874078550588
0.39692920102359963,0.5966661917652087,0.24356458582443577
0.39687203791469194,0.5965237213278245,0.24356733920910192
0.3969849246231156,0.5965237213278245,0.2436033982932248
0.3969277451166319,0.5963812508904403,0.24361026996470192
0.39726677422416246,0.5963812508904403,0.24367281934453297
0.39728498196316686,0.596238780453056,0.24372161124375072
0.3975491593046452,0.596238780453056,0.24382068930189674
0.39754799467781793,0.5959538395782875,0.2438435061482234
0.3976235741444867,0.5959538395782875,0.24388073558119705
0.3975663085844662,0.5958113691409033,0.24390554805454412
0.39760410724472334,0.5958113691409033,0.24391085299728654
0.3975468289436151,0.595668898703519,0.2439167449801972
0.39748953974895396,0.5955264282661348,0.2439350003748358
0.3977164605137964,0.5955264282661348,0.24398015237368786
0.3976591493005995,0.5953839578287505,0.2439942210910856
0.3977348434377082,0.5953839578287505,0.24399808865110376
0.3977911073026754,0.5952414873913663,0.2440032800040246
0.3978289849552466,0.5952414873913663,0.2440413531169696
0.39777164079611466,0.595099016953982,0.24407506077193017
0.3979990471653168,0.595099016953982,0.244168866927099
0.3979416809605489,0.5949565465165978,0.24419034155130742
0.39788430382159534,0.5948140760792135,0.24419381378941885
0.39799809342230696,0.5948140760792135,0.24424907077023045
0.39794069978072266,0.5946716056418293,0.2442519714850106
0.3980545489223727,0.5946716056418293,0.24441805615393752
0.3980730706858724,0.5945291352044451,0.24442116415213608
0.39799618320610686,0.5942441943296766,0.24443783115684484
0.3980146988641787,0.5941017238922923,0.24446243181408917
0.39805269186712483,0.5941017238922923,0.2444677964709268
0.39799522673031024,0.5939592534549081,0.24453461678626148
0.3979757471593622,0.5938167830175238,0.24453586825468152
0.3981278059031426,0.5938167830175238,0.2446083988024579
0.3980703095147115,0.5936743125801396,0.2446160575842973
0.39801280214005924,0.5935318421427553,0.24461941847101878
0.3979552837760367,0.5933893717053711,0.2446224781139509
0.39806938736500047,0.5933893717053711,0.24468340416835982
0.3980118524182757,0.5932469012679868,0.2446976085255616
0.39795430647165664,0.5931044308306026,0.2447202236750395
0.39806846433352455,0.5931044308306026,0.24475315203148262
0.3980109017882758,0.5929619603932184,0.2447563654871906
0.3979533282325937,0.5928194899558341,0.24479695481835675
0.3980675404190185,0.5928194899558341,0.24489586709697975
0.3980285194755479,0.5925345490810657,0.2449078510322153
0.3980666156202144,0.5925345490810657,0.24493579994187806
0.39800899779841103,0.5923920786436815,0.24500307393771964
0.39795136894505073,0.5922496082062972,0.24502763443351894
0.3978937290569651,0.592107137768913,0.24506544161668245
0.39831320682384513,0.592107137768913,0.24528428961734675
0.39825553532061725,0.5919646673315287,0.2452952310528891
0.3984464902186421,0.5919646673315287,0.245377609003897
0.3983887983120744,0.5918221968941445,0.24540071009283304
0.39850345356868766,0.5918221968941445,0.24546501766024129
0.3985222147586604,0.5916797264567603,0.24548251125147186
0.3985987138880891,0.5916797264567603,0.2454956601839115
0.39854098675369554,0.591537256019376,0.24550778280144206
0.39857924546414514,0.591537256019376,0.24552162859927418
0.39852150537634407,0.5913947855819918,0.2455225644797073
0.3984637542006721,0.5912523151446075,0.2455645589432529
0.3986168475650754,0.5912523151446075,0.2456941497452119
0.39855907780979827,0.5911098447072233,0.24569880606267042
0.39850129695455855,0.590967374269839,0.24574316050123068
0.3984435049961568,0.5908249038324548,0.2457431878491418
0.3985583853916386,0.5908249038324548,0.24579195765691234
0.39844275689704894,0.5905399629576863,0.24584191326241556
0.3983849259757739,0.590397492520302,0.24586986263710264
0.3983270839342371,0.5902550220829178,0.24588248463472628
0.39855699855699855,0.5902550220829178,0.2460305757399097
0.39849913411583604,0.5901125516455336,0.2460586946934748
0.39844125853940154,0.5899700812081493,0.24605922183587522
0.398517948224425,0.5899700812081493,0.2460962378095862
0.39846005774783444,0.5898276107707651,0.24613939414236777
0.39840215612667246,0.5896851403333808,0.24615550911985706
0.3985939907550077,0.5896851403333808,0.24621785682684164
0.39853606857363,0.5895426698959966,0.24622450845079036
0.3986128503997688,0.5895426698959966,0.24628526224225653
0.3985549132947977,0.5894001994586123,0.24629804537438535
0.39849696502553233,0.5892577290212281,0.24633966573979843
0.3985353632684525,0.5892577290212281,0.24635309891457405
0.3984774019466127,0.5891152585838438,0.24636885674693582
0.3984194294525829,0.5889727881464596,0.24636933934006333
0.39836144578313254,0.5888303177090753,0.24638486330256046
0.39851509015524056,0.5888303177090753,0.24640236309731195
0.39845708775313404,0.5886878472716911,0.24643841174796297
0.3983990741633716,0.5885453768343069,0.24645473237521354
0.3984375,0.5885453768343069,0.24646848766646529
0.3984179046884044,0.5884029063969226,0.24646906149030337
0.39853324326932354,0.5884029063969226,0.24656696013247711
0.3984751978382552,0.5882604359595384,0.2466202017014453
0.39841714120258664,0.5881179655221541,0.24662202780476306
0.39835907335907333,0.5879754950847699,0.24662253405358533
0.39889812487918036,0.5879754950847699,0.2468715984976339
0.3987819025522042,0.5876905542100014,0.24687490007019605
0.39905194930830995,0.5876905542100014,0.24704254973618978
0.3989938080495356,0.5875480837726171,0.24705380260478196
0.39926420757091685,0.5875480837726171,0.24712539277660953
0.39932203389830506,0.5874056133352329,0.24717731012481522
0.3992638512204572,0.5872631428978486,0.24720899408153924
0.3993025283347864,0.5872631428978486,0.24721418439611953
0.3992443324937028,0.5871206724604644,0.24722384915241163
0.3994765412950756,0.5871206724604644,0.2473700778976463
0.3994183228308289,0.5869782020230803,0.24740358066649376
0.3993600930773706,0.586835731585696,0.24741226404325228
0.39930185203141666,0.5866932611483118,0.2474300807139722
0.39957306423442657,0.5866932611483118,0.24748299658577824
0.3995147986414362,0.5865507907109275,0.24748941999817034
0.39955357142857145,0.5865507907109275,0.24751724418613344
0.3996116504854369,0.5864083202735433,0.24753670902030342
0.3997668997668998,0.5864083202735433,0.24763810584684517
0.39970859640602235,0.586265849836159,0.2476579549122501
0.39965028171750533,0.5861233793987748,0.24769034075975369
0.39966961422602276,0.5859809089613905,0.24769917159777297
0.39961127308066086,0.5858384385240063,0.2477310467221421
0.3996501117698513,0.5858384385240063,0.2477484148471834
0.3995917573872473,0.585695968086622,0.24775465755512902
0.3995333916593759,0.5855534976492378,0.2477940131020385
0.39961108410306273,0.5855534976492378,0.24782765069806942
0.3995527032283158,0.5854110272118536,0.24783239429700743
0.3997081712062257,0.5854110272118536,0.24788332980568192
0.39964977137853874,0.5852685567744693,0.24789187539206073
0.39972754694949886,0.5852685567744693,0.2478964985225985
0.3996691319579603,0.5851260863370851,0.2478965175205921
0.39961070559610706,0.5849836158997008,0.24791901465717625
0.39955226786061904,0.5848411454623166,0.24792248327708552
0.3995716093856489,0.5846986750249323,0.2479239303014081
0.3995131450827653,0.5845562045875481,0.24794038572154645
0.3994546693933197,0.5844137341501638,0.247991508156473
0.3996103263516805,0.5844137341501638,0.2480954924431823
0.399551831644583,0.5842712637127796,0.24814666426562676
0.39966864827989473,0.5842712637127796,0.24822286960694157
0.3995516132176625,0.5839863228380111,0.24822586761851767
0.3996295213025251,0.5839863228380111,0.24826458214105446
0.3995709828393136,0.5838438524006269,0.24830854821170853
0.3995124329595319,0.5837013819632426,0.24830951630575454
0.3996293406164651,0.5837013819632426,0.24836745539618854
0.399609756097561,0.5835589115258584,0.24837192472075242
0.3998047828208882,0.5835589115258584,0.24850846522435957
0.399746192893401,0.5834164410884741,0.24851515784955114
0.39968759152592015,0.5832739706510899,0.24857440713288817
0.3998046875,0.5832739706510899,0.24863589927900576
0.3997460689520461,0.5831315002137056,0.2486590072506323
0.39968743895292047,0.5829890297763214,0.24868346248211054
0.3999218139171227,0.5829890297763214,0.24873322308143594
0.39986316098133123,0.5828465593389371,0.24875665423287271
0.40009779951100244,0.5828465593389371,0.24878438147596674
0.4000782549153869,0.5827040889015529,0.2487930121029567
0.4000195656427314,0.5825616184641687,0.2487988635874805
0.4002153273955173,0.5825616184641687,0.24887500790680075
0.40015661707126077,0.5824191480267844,0.24890669492056694
0.40062720501764015,0.5824191480267844,0.24915494082508644
0.4005684602567872,0.5822766775894002,0.24925297561701984
0.40050970397961183,0.5821342071520159,0.24926882074941561
0.40062751250122564,0.5821342071520159,0.24930921433076086
0.4005687389684252,0.5819917367146317,0.24931134070528488
0.40064731267163595,0.5819917367146317,0.2493217024939083
0.4005885237861697,0.5818492662772474,0.24932815170482428
0.4005297233666863,0.5817067958398632,0.24933801902459454
0.400470911409791,0.5815643254024789,0.2493388457377045
0.4005102040816326,0.5815643254024789,0.24950670352323093
0.4004513786674517,0.5814218549650948,0.24951854826992562
0.40052998331534007,0.5814218549650948,0.24958250816390293
0.4004711425206125,0.5812793845277106,0.24959398250447792
0.4004516002356175,0.5811369140903263,0.24966107136479296
0.4007269869338835,0.5811369140903263,0.2498105297956242
0.40066810768323835,0.5809944436529421,0.2498338612610737
0.40060921686155054,0.5808519732155578,0.24985032042938976
0.4006879606879607,0.5808519732155578,0.24987885891956155
0.40062905445252606,0.5807095027781736,0.2498814570712709
0.4009048883643159,0.5807095027781736,0.250168466845686
0.40084595711194176,0.5805670323407893,0.25020510777844085
0.40078701426463353,0.5804245619034051,0.25026544169770143
0.40090533359574887,0.5804245619034051,0.2503079346073386
0.40084637338844603,0.5802820914660208,0.2503173012199538
0.4008858267716535,0.5802820914660208,0.25035497492617453
0.4008268530367162,0.5801396210286366,0.2503714171162377
0.4007678676904903,0.5799971505912523,0.2504151201147144
0.4011627906976744,0.5799971505912523,0.2505299153581074
0.40110377451463486,0.5798546801538681,0.2505328104291639
0.4011433077074709,0.5798546801538681,0.2505367153431102
0.40108427796944307,0.5797122097164839,0.25055711044729345
0.40104526180850014,0.5794272688417154,0.25056550259760846
0.401163937660288,0.5794272688417154,0.2506034617921469
0.40110486337180623,0.5792847984043311,0.2506203366708264
0.4010457774269929,0.5791423279669469,0.2506499573900144
0.4012437074326325,0.5791423279669469,0.25083173713006823
0.40126382306477093,0.5789998575295626,0.25083286463164395
0.40134307722694057,0.5789998575295626,0.25085513332282006
0.40140288480537445,0.5788573870921784,0.25087709561296745
0.4015218895147742,0.5788573870921784,0.2509073523071337
0.4014627396718719,0.5787149166547941,0.2509108128049436
0.40193944191569364,0.5787149166547941,0.25112966088521604
0.4019598139166584,0.5785724462174099,0.25113057448757564
0.4019996040388042,0.5785724462174099,0.25114925188112847
0.4019404019404019,0.5784299757800256,0.2511526518677802
0.4018811881188119,0.5782875053426414,0.25124649853125847
0.4018219625705515,0.5781450349052571,0.2512790046922257
0.4017627252921371,0.5780025644678729,0.2512885090546809
0.4017034762800832,0.5778600940304887,0.2512907317546665
0.401743264659271,0.5778600940304887,0.2513089557732267
0.4016840019811788,0.5777176235931044,0.2513180132100912
0.40172379631464233,0.5777176235931044,0.2513266563876967
0.4016645199643317,0.5775751531557202,0.2513461978789024
0.4017441284312754,0.5775751531557202,0.2513633326838632
0.40166534496431405,0.5772902122809517,0.2513647558642386
0.4017848289538919,0.5772902122809517,0.2514251638612523
0.40172550575168586,0.5771477418435674,0.25143508974222545
0.4018051973814719,0.5771477418435674,0.2514405579102966
0.4017458585457792,0.5770052714061832,0.251475429751985
0.4017857142857143,0.5770052714061832,0.25148591154879446
0.40172636174223636,0.5768628009687989,0.2515020194231104
0.401666997420123,0.5767203305314147,0.2515268602342459
0.4018264840182648,0.5767203305314147,0.2515883090568077
0.401767100168768,0.5765778600940304,0.2515905842128906
0.4020464931452414,0.5765778600940304,0.2516897917963596
0.40198708395429705,0.5764353896566462,0.2516920324730922
0.4019276629570747,0.576292919219262,0.2517003644221505
0.4019081693500298,0.5761504487818777,0.251729608238394
0.402107984488416,0.5761504487818777,0.25175179668285524
0.40204852824184567,0.5760079783444935,0.251765758929349
0.4019890601690701,0.5758655079071092,0.2517964717239065
0.40202904316689875,0.5758655079071092,0.2518215725906257
0.40196956132497763,0.5757230374697251,0.25187284731766557
0.402089552238806,0.5757230374697251,0.25190637987009884
0.40203005274156633,0.5755805670323408,0.25192582861426094
0.40197054140127386,0.5754380965949566,0.2519860705898038
0.4020105504130586,0.5754380965949566,0.2520409477699341
0.4019910403185665,0.5752956261575723,0.25204216489385345
0.40193150139386696,0.5751531557201881,0.2520489734350595
0.40205158848720246,0.5751531557201881,0.25211188317390365
0.40199203187251,0.5750106852828039,0.2521772279931429
0.4020721259214983,0.5750106852828039,0.25218881716630615
0.4020125535518581,0.5748682148454196,0.252202763982795
0.40195296931048224,0.5747257444080354,0.2522191689831594
0.4018933731938216,0.5745832739706511,0.25223259828934713
0.40201355661881977,0.5745832739706511,0.2522948578246074
0.4019940179461615,0.5744408035332669,0.25230510276746365
0.4021142914131844,0.5744408035332669,0.2523390730043578
0.40205465788948735,0.5742983330958826,0.25235005030864877
0.4019950124688279,0.5741558626584984,0.252350898949607
0.4021554735056382,0.5741558626584984,0.2524220743709372
0.40217608305050906,0.5740133922211141,0.25243588847171217
0.40237691001697795,0.5740133922211141,0.2525070832468294
0.4023172193367959,0.5738709217837299,0.2525494230639206
0.40225751673159527,0.5737284513463456,0.2525716017124953
0.4024183071849705,0.5737284513463456,0.25264088001759144
0.40235858484909054,0.5735859809089614,0.25264972599036156
0.40268053610722143,0.5735859809089614,0.2526846868061563
0.4026207862358708,0.5734435104715772,0.2526895914420147
0.4027416449869922,0.5734435104715772,0.2527663055935426
0.40268187731411986,0.5733010400341929,0.25277358509564574
0.4028834601521826,0.5733010400341929,0.25291555427151097
0.4028236707720036,0.5731585695968087,0.2529242543054085
0.40294471153846156,0.5731585695968087,0.25294211399738165
0.40296563470594127,0.5730160991594244,0.2529615952056544
0.40308679094006816,0.5730160991594244,0.2530330644892187
0.40302696201262905,0.5728736287220402,0.25305477203070775
0.4031077694235589,0.5728736287220402,0.25312715754523996
0.4030479246039703,0.5727311582846559,0.25318751081413254
0.4030883385139878,0.5727311582846559,0.2532060114065893
0.4030284797432812,0.5725886878472717,0.2532171182333958
0.40323066118190026,0.5725886878472717,0.25332267074774045
0.40317078065422435,0.5724462174098874,0.2533232050579856
0.4031108881083793,0.5723037469725032,0.25333618894099014
0.40327276377873705,0.5723037469725032,0.2533642898015716
0.40321285140562246,0.572161276535119,0.25337650635416825
0.40325333868862334,0.572161276535119,0.2533859097605258
0.4031934123317935,0.5720188060977347,0.25339096213923856
0.4032744073925271,0.5720188060977347,0.25342477669769575
0.40331658291457284,0.5717338652229662,0.25344562727279824
0.4034787854413835,0.5717338652229662,0.2535108707112586
0.40341880341880343,0.571591394785582,0.2535193435590015
0.40366234027568165,0.571591394785582,0.253603991214743
0.40360233447373717,0.5714489243481977,0.2536175437625481
0.40384615384615385,0.5714489243481977,0.2537089085152679
0.40378612425737587,0.5713064539108135,0.25371807632217075
0.40398952246625025,0.5713064539108135,0.2538374129786658
0.40392947103274557,0.5711639834734292,0.25385151871966005
0.4043368633383762,0.5711639834734292,0.25395255691844815
0.40427678031067177,0.571021513036045,0.2540028050049691
0.4043175627963281,0.571021513036045,0.25402258391809995
0.40425746569814364,0.5708790425986607,0.2540443324715067
0.40429825446473616,0.5708790425986607,0.25406676620379404
0.40423814328960644,0.5707365721612765,0.25407135745707626
0.40417801998183467,0.5705941017238922,0.2540873854205526
0.40470897332255457,0.5705941017238922,0.2544757298156009
0.4046488125315816,0.570451631286508,0.254611471848391
0.40473061760841,0.570451631286508,0.2546477437715225
0.40467044076021025,0.5703091608491238,0.2546757883297818
0.40479320457073514,0.5703091608491238,0.2547268431358213
0.4047330097087379,0.5701666904117396,0.25482931552641747
0.40477394558511176,0.5701666904117396,0.254830045273913
0.40471373659720816,0.5700242199743554,0.25483061730247575
0.40475467880627214,0.5700242199743554,0.25484677585106746
0.4046342203784276,0.5697392790995869,0.2548742639291793
0.4046751669702489,0.5697392790995869,0.25494189089119645
0.4046149175184698,0.5695968086622026,0.25496259502647994
0.40455465587044537,0.5694543382248184,0.25500575039544826
0.40467753366406806,0.5694543382248184,0.2550754034975689
0.4046172539489672,0.5693118677874341,0.2550775582835988
0.4046582278481013,0.5693118677874341,0.25516733183698703
0.40459793396799676,0.5691693973500499,0.25521381590688835
0.40467990275526744,0.5691693973500499,0.25525459718434534
0.40461959274642895,0.5690269269126657,0.2552584348484903
0.4049067315490673,0.5690269269126657,0.2553998607299411
0.4048463956199939,0.5688844564752814,0.2554035844215494
0.40501065016735976,0.5688844564752814,0.25541505093527883
0.4049502941773179,0.5687419860378972,0.2554322223138746
0.40511467424396186,0.5687419860378972,0.2555844760919267
0.4050542981832944,0.5685995156005129,0.25559059882888413
0.4050954120990662,0.5685995156005129,0.25561401343469153
0.4050350218251954,0.5684570451631287,0.2556206286613719
0.4051172707889126,0.5684570451631287,0.25570006751775476
0.40505686433793664,0.5683145747257444,0.2557030043860353
0.40509799939067737,0.5683145747257444,0.2557070612809739
0.4051417538868001,0.5680296338509759,0.2557323966735178
0.40508130081300814,0.5678871634135917,0.25577006665897406
0.4050208354507572,0.5677446929762074,0.2557936020413061
0.4053916581892167,0.5677446929762074,0.25592145120984183
0.4053311628853393,0.5676022225388232,0.2559253739065636
0.40545491553022595,0.5676022225388232,0.25599546910082327
0.4054769418711188,0.567459752101439,0.2560346013584467
0.4058901457250586,0.567459752101439,0.2563219702756469
0.4059123343527013,0.5673172816640547,0.25636441847866953
0.4060779114827657,0.5673172816640547,0.25640535034279344
0.40601733809280977,0.5671748112266705,0.25645319653592397
0.40614160375433583,0.5671748112266705,0.2565003957802276
0.4060810121416182,0.5670323407892862,0.25651500696759233
0.4060204081632653,0.566889870351902,0.25651934462288484
0.4061447381851587,0.566889870351902,0.2565249908939392
0.40608411596570027,0.5667473999145177,0.2566241141140424
0.40612557427258805,0.5667473999145177,0.2566255543448833
0.40606493771696955,0.5666049294771335,0.2566292662698112
0.40635536936752836,0.5666049294771335,0.25672807805457043
0.4062947067238913,0.5664624590397492,0.2567395501209713
0.4063777596075225,0.5664624590397492,0.25681514253947846
0.40631708065010735,0.566319988602365,0.25685764420582125
0.40635861786955635,0.566319988602365,0.25691479520185695
0.4062979245475923,0.5661775181649807,0.2569183551894658
0.40623721881390595,0.5660350477275965,0.2569303584051094
0.406320310902025,0.5660350477275965,0.2569369444391104
0.4062595888309297,0.5658925772902123,0.25693787212190045
0.40634271099744246,0.5658925772902123,0.25702300584298104
0.4062819725803151,0.565750106852828,0.25702525918443825
0.4063651248465002,0.565750106852828,0.2570728026718699
0.4063043700747109,0.5656076364154438,0.2570805178075891
0.40667895922966607,0.5656076364154438,0.2571764744167132
0.4066181743673804,0.5654651659780595,0.2572324748155241
0.4069099856469141,0.5654651659780595,0.25733955978507167
0.4068491746129396,0.5653226955406753,0.2573441860811981
0.4073085608704578,0.5653226955406753,0.2576110519011726
0.4072477158402628,0.565180225103291,0.2576192767818861
0.40737317724378724,0.565180225103291,0.2576998972477132
0.40735414954806903,0.5650377546659068,0.25772567310351713
0.40729327170005136,0.5648952842285225,0.2577275697694888
0.40723238134374357,0.5647528137911383,0.25773954090886825
0.4074835526315789,0.5647528137911383,0.2578742555403405
0.40742263801788836,0.564610343353754,0.257917817797057
0.40746452806909317,0.564610343353754,0.25793635707559204
0.40740359897172235,0.5644678729163699,0.2579394233049259
0.4074454956807898,0.5644678729163699,0.25799267359864303
0.4073845520929754,0.5643254024789857,0.2579943638677083
0.4075102880658436,0.5643254024789857,0.25804524087437525
0.40744932606235207,0.5641829320416014,0.25807058250404663
0.40770101925254815,0.5641829320416014,0.25824865638533107
0.40764003294892914,0.5640404616042172,0.2582888475540754
0.40768201009164867,0.5640404616042172,0.2582898318483567
0.4076210092687951,0.5638979911668329,0.25829872442091106
0.4075599958801112,0.5637555207294487,0.2582987959112368
0.4077699917559769,0.5637555207294487,0.2583640679685541
0.40770895599299184,0.5636130502920644,0.2583820156560189
0.40783505154639177,0.5636130502920644,0.258559819127739
0.40777399731931124,0.5634705798546802,0.2585860891596515
0.4077129305011343,0.5633281094172959,0.25858847796142526
0.40779702970297027,0.5633281094172959,0.2586054648297687
0.4077359463641052,0.5631856389799117,0.2586498447348095
0.4079042410483954,0.5631856389799117,0.25877915862701484
0.40784313725490196,0.5630431685425275,0.2587817690071288
0.4077820208483848,0.5629006981051432,0.25879765862312537
0.4078662124496748,0.5629006981051432,0.2589325155013511
0.40780507949618006,0.562758227667759,0.2589378048428754
0.4078471863706763,0.562758227667759,0.2589753775377016
0.40778603882693104,0.5626157572303747,0.25899229248033606
0.40782815243209747,0.5626157572303747,0.2590020236565596
0.4077669902912621,0.5624732867929905,0.25907973946684826
0.4078091106290672,0.5624732867929905,0.259159437484347
0.40774793388429753,0.5623308163556062,0.25917137519760386
0.40787434122145294,0.5623308163556062,0.2592717211757894
0.40781314592806944,0.562188345918222,0.25931050677304884
0.4077940872441596,0.5620458754808377,0.25933660532847663
0.40783624521864986,0.5620458754808377,0.25937580020358464
0.4077750206782465,0.5619034050434535,0.25940472786528845
0.40771378347637266,0.5617609346060692,0.25940698139164636
0.4078402978899462,0.5617609346060692,0.25951788739965154
0.4077790421019965,0.561618464168685,0.25953939280614996
0.4080745341614907,0.561618464168685,0.2596462221677505
0.40801325188942955,0.5614759937313007,0.25965745046334404
0.4079519569269,0.5613335232939165,0.2596695181453528
0.4080787156913516,0.5613335232939165,0.25973118376823706
0.4080174021131137,0.5611910528565323,0.25975693328574306
0.4081442337581598,0.5611910528565323,0.25976611273423716
0.40808290155440413,0.561048582419148,0.25978588471073977
0.40820980615735464,0.561048582419148,0.25988657085075817
0.40814845531826666,0.5609061119817638,0.2599137610079973
0.4082754329565488,0.5609061119817638,0.25999613259722515
0.40821406347230865,0.5607636415443795,0.2600457249942786
0.408298755186722,0.5607636415443795,0.26011060671301695
0.40823736902168273,0.5606211711069953,0.26017238364979356
0.40844924226697116,0.5606211711069953,0.26026893641539156
0.40838783348904806,0.560478700669611,0.2602853415984472
0.40843023255813954,0.560478700669611,0.26030311817609475
0.40836880905409617,0.5603362302322268,0.26033413601057365
0.4083073727933541,0.5601937597948425,0.26038373604790366
0.40847704134635365,0.5601937597948425,0.26044462123900736
0.4084155844155844,0.5600512893574583,0.2604775326687975
0.4087553291047104,0.5600512893574583,0.26065574939430475
0.40869384359401,0.559908818920074,0.2606741801571489
0.40877886415643855,0.559908818920074,0.2607619253839219
0.40871736190575264,0.5597663484826898,0.26076733124342344
0.4087598834789846,0.5597663484826898,0.26077927421867414
0.40869836645510355,0.5596238780453056,0.2608575812225377
0.40863683662851197,0.5594814076079213,0.2608668873232972
0.408721898417985,0.5594814076079213,0.2609128198637764
0.40866035182679294,0.5593389371705371,0.26093293689052843
0.40874544508068716,0.5593389371705371,0.2609599931594342
0.4087264396542747,0.5591964667331528,0.2609725243754744
0.4088967600791749,0.5591964667331528,0.26106907306897964
0.4088351739945822,0.5590539962957686,0.2611002384691033
0.409261576971214,0.5590539962957686,0.26137775563965243
0.4091999582768332,0.5589115258583844,0.2614379024582621
0.40979839130888956,0.5589115258583844,0.2618204351470587
0.4097367321353949,0.5587690554210002,0.2618289409478053
0.4097795423675687,0.5587690554210002,0.2618493183506475
0.409717868338558,0.558626584983616,0.261850084721998
0.40965618141916604,0.5584841145462317,0.26185389342182996
0.40974182084247934,0.5584841145462317,0.26186838511296223
0.40968011708132973,0.5583416441088475,0.2619161149609099
0.4097229482488238,0.5583416441088475,0.26192541643025347
0.4096612296110414,0.5581991736714632,0.26193997558164644
0.40959949806546064,0.558056703234079,0.26195300742690714
0.4096423342396988,0.558056703234079,0.26198862226738723
0.4095805878046229,0.5579142327966947,0.2619935413647989
0.40951882845188287,0.5577717623593105,0.26202333453993454
0.4094570561774244,0.5576292919219262,0.2620313873689607
0.4096284667713239,0.5576292919219262,0.2621045332892249
0.4095666736445468,0.557486821484542,0.26214398319015997
0.4096095467392442,0.557486821484542,0.2621574846347607
0.40954773869346733,0.5573443510471577,0.2621844618019889
0.4097193129451194,0.5573443510471577,0.2624287637568438
0.40965748402639574,0.5572018806097735,0.2624399722820347
0.4095956421537817,0.5570594101723892,0.26245269367795765
0.4095337873232059,0.556916939735005,0.2624752123724318
0.409748427672956,0.556916939735005,0.2625912695914783
0.4096865499528252,0.5567744692976208,0.26260740045824216
0.409624659257706,0.5566319988602365,0.26261879061331744
0.4098395048777929,0.5566319988602365,0.2626887972507695
0.4097775912715065,0.5564895284228523,0.26270802974806895
0.4097156646731718,0.556347057985468,0.2627191008687643
0.4100167996640067,0.556347057985468,0.262850758291376
0.40995484616192374,0.5562045875480838,0.26291745552193596
0.41025641025641024,0.5562045875480838,0.2630354366899877
0.41019442984760907,0.5560621171106995,0.2630390541283996
0.41023754467101115,0.5560621171106995,0.26306547685063564
0.41017554924839694,0.5559196466733153,0.26306654954400505
0.4102618021238566,0.5559196466733153,0.26308286573647577
0.4101997896950578,0.555777176235931,0.2631573804697716
0.4103723963812329,0.555777176235931,0.263254384161116
0.4103103629668595,0.5556347057985468,0.2632575109548164
0.4104831070413641,0.5556347057985468,0.26327445805433086
0.41042105263157896,0.5554922353611625,0.26328800669283264
0.41050747525794906,0.5554922353611625,0.26330593947109177
0.41044540381173,0.5553497649237783,0.26333875190442885
0.4109646810753822,0.5553497649237783,0.2635713262449952
0.4109271173926801,0.5550648240490098,0.26357271703908164
0.41090832366283364,0.5549223536116256,0.2636366349798014
0.4109516775691074,0.5549223536116256,0.26363892618282253
0.4108895220006331,0.5547798831742413,0.263643781612727
0.4110630212181991,0.5547798831742413,0.26375739210926863
0.41100084459459457,0.5546374127368571,0.2637596728164075
0.41108764519535373,0.5546374127368571,0.2637720132623502
0.41102545147322844,0.5544949422994728,0.2637835822099951
0.41106886354034644,0.5544949422994728,0.26378871590859393
0.4110066546952572,0.5543524718620886,0.2638150284922985
0.41109350237717907,0.5543524718620886,0.2639633364170795
0.4110312764158918,0.5542100014247043,0.26396942643869725
0.411248546357966,0.5542100014247043,0.2640995674993916
0.4112297768848472,0.5540675309873201,0.2641052375851742
0.41116751269035534,0.5539250605499358,0.26416349182394505
0.4112109994711793,0.5539250605499358,0.2641641324405677
0.41114872011846837,0.5537825901125516,0.2641813665639212
0.41119221411192214,0.5537825901125516,0.26419000802423104
0.4111299195937368,0.5536401196751674,0.2642005242994295
0.41139106500105865,0.5536401196751674,0.264315734004705
0.4113287453679195,0.5534976492377831,0.26431589296476815
0.41159021082741815,0.5534976492377831,0.2644712577704545
0.4115714739853767,0.553355178800399,0.2644880435356471
0.41150911403136925,0.5532127083630147,0.2645149935083591
0.41163998727870243,0.5532127083630147,0.26468435919233135
0.4115776081424936,0.5530702379256305,0.2646859154468954
0.41170855870187717,0.5530702379256305,0.26475919480254906
0.4116898270923942,0.5529277674882462,0.26484458631586527
0.4117335030765967,0.5529277674882462,0.2648594429286487
0.4116710875331565,0.552785297050862,0.26488305231406617
0.41180216514540435,0.552785297050862,0.26496630998555043
0.41173973038955525,0.5526428266134777,0.2649853290252881
0.4117834394904459,0.5526428266134777,0.2650109021803383
0.41172098948933006,0.5525003561760935,0.2650212088316274
0.4119396643297217,0.5525003561760935,0.2650872480777824
0.41187719111866566,0.5523578857387093,0.2651126413096193
0.41209608843537415,0.5523578857387093,0.2651810397471186
0.412033592005953,0.552215415301325,0.26520025622549304
0.41197108228790136,0.5520729448639408,0.2652299607948716
0.41190855927698034,0.5519304744265565,0.2652387530508367
0.41217150760719223,0.5519304744265565,0.2653225000648992
0.4121528147281047,0.5517880039891723,0.2653527467481747
0.41241614311574915,0.5517880039891723,0.26551497899339316
0.41235356762513314,0.551645533551788,0.2655277988652921
0.41239748642027907,0.551645533551788,0.2655682798722756
0.41233489561141884,0.5515030631144038,0.2656589498858295
0.4123788217747949,0.5515030631144038,0.2656672756963358
0.41231621564031534,0.5513605926770195,0.2656890083609644
0.41225359616409163,0.5512181222396353,0.26576010433564323
0.41238541888723085,0.5512181222396353,0.2658267995991246
0.4123040835910012,0.5509331813648668,0.26583104181767503
0.41243600682593856,0.5509331813648668,0.26585566537698996
0.4123733333333333,0.5507907109274826,0.26587890263164793
0.4123106464689567,0.5506482404900983,0.26590884788750846
0.4122479462285287,0.5505057700527141,0.26592631645507214
0.4125120102487456,0.5505057700527141,0.26606083064794317
0.4124492846465941,0.5503632996153298,0.2661190155285911
0.4124933262146289,0.5503632996153298,0.26612173331453426
0.41243058521999143,0.5502208291779456,0.2661271408801989
0.412367830823454,0.5500783587405613,0.2661373269453726
0.41230506302072206,0.5499358883031771,0.2661485498961949
0.41234910800128194,0.5499358883031771,0.26617422782987055
0.41228632478632476,0.5497934178657928,0.26620685910551933
0.4124185102062627,0.5497934178657928,0.2662246725857078
0.41235570756733647,0.5496509474284086,0.2662296810366684
0.4126644560915606,0.5496509474284086,0.26653491237468524
0.41264576869583824,0.5495084769910243,0.2665618292385185
0.4127782534246575,0.5495084769910243,0.26659265965617046
0.41271540190516964,0.5493660065536401,0.2665959812305433
0.4126525369299936,0.5492235361162559,0.26659782782455127
0.4128292996358963,0.5492235361162559,0.2666484745614554
0.41276641319481633,0.5490810656788716,0.2666766555954049
0.41270351328191945,0.5489385952414874,0.26669173455640743
0.41296891747052517,0.5489385952414874,0.2668937095201204
0.41290599206774575,0.5487961248041031,0.2669053100293635
0.4130388162127386,0.5487961248041031,0.26691978941896866
0.4129758713136729,0.5486536543667189,0.26694326363104565
0.41291291291291293,0.5485111839293346,0.267007976986047
0.4130458105353503,0.5485111839293346,0.26705993366101943
0.41298283261802576,0.5483687134919504,0.267074531118813
0.41320450885668275,0.5483687134919504,0.26716457868151106
0.4131415074082027,0.5482262430545661,0.2671742764549688
0.41331901181525244,0.5482262430545661,0.2672168021356317
0.4132559888280159,0.5480837726171819,0.26723388731827646
0.4132373482325132,0.5479413021797976,0.2672662223317785
0.41328175370728565,0.5479413021797976,0.26728664879479747
0.41321869962385815,0.5477988317424134,0.2672943750031351
0.41335196731885615,0.5477988317424134,0.2673780044617804
0.4133777825572642,0.5476563613050293,0.26740715831359363
0.41331469133146914,0.547513890867645,0.2674101936639161
0.4134036144578313,0.547513890867645,0.2674968209091237
0.41334050564819796,0.5473714204302608,0.26751229575336355
0.41327738325801594,0.5472289499928765,0.2675364200145078
0.4132142472829011,0.5470864795554923,0.26754610327395884
0.41325871717606544,0.5470864795554923,0.2675535473431539
0.41319556560111936,0.546944009118108,0.26755426913551267
0.41341804867542536,0.546944009118108,0.26765971058508736
0.413354873451804,0.5468015386807238,0.2676877141607814
0.41353302445857126,0.5468015386807238,0.2677587441362215
0.4135143873262205,0.5466590682433395,0.2678099364086857
0.41345117482215993,0.5465165978059553,0.26787548881243956
0.41338794869030937,0.546374127368571,0.2678951951594446
0.41343251401466147,0.546374127368571,0.26790063502925066
0.41336927223719677,0.5462316569311868,0.26790818063371696
0.41354762161579117,0.5462316569311868,0.2679840254380805
0.41352896752616247,0.5460891864938026,0.2679937604005354
0.41379682608226276,0.5460891864938026,0.26812215196664885
0.41373353487367737,0.5459467160564183,0.26812772763511294
0.413778209696577,0.5459467160564183,0.26817489080169676
0.4137149028077754,0.5458042456190341,0.2681826847430233
0.4137595852683875,0.5458042456190341,0.2681874150123213
0.4136962626917261,0.5456617751816498,0.26820026796726504
0.41374095279248135,0.5456617751816498,0.2682636928702032
0.41367761452031115,0.5455193047442656,0.2682740532865397
0.41361426256077793,0.5453768343068813,0.2682860110893523
0.4135508969094446,0.5452343638694971,0.26832712619694926
0.4134875175618718,0.5450918934321128,0.2683370989927064
0.41342412451361865,0.5449494229947286,0.26834203597810063
0.41336071776024214,0.5448069525573443,0.2683555659452134
0.4132972972972973,0.5446644821199601,0.26840380766033833
0.4134313831512923,0.5446644821199601,0.26850341787252663
0.4133679428942245,0.5445220116825759,0.26852256043686357
0.41354685133088076,0.5445220116825759,0.268578228710151
0.41348338924358835,0.5443795412451916,0.2685876848013916
0.41366244451661793,0.5443795412451916,0.2686545780519207
0.4135989605889996,0.5442370708078074,0.26866946632308575
0.4136437466161343,0.5442370708078074,0.26872978778684165
0.4136250406151847,0.5440946003704231,0.268735645982074
0.41360632650850393,0.5439521299330389,0.2687685698904341
0.41374078890333765,0.5439521299330389,0.2688035497733838
0.4136772515443806,0.5438096594956546,0.2688133898916616
0.4139464266348552,0.5438096594956546,0.2688612844072704
0.413882863340564,0.5436671890582704,0.2688648481904687
0.4140625,0.5436671890582704,0.2689437459040701
0.4139989148128052,0.5435247186208861,0.26894646618646106
0.4139353158237465,0.5433822481835019,0.26895214815047347
0.41387170302832954,0.5432397777461176,0.26896138780456047
0.41391663048198,0.5432397777461176,0.26898918496971463
0.41385300184561935,0.5430973073087334,0.2690359142188723
0.41389793702497285,0.5430973073087334,0.26903797988467215
0.4138342925399066,0.5429548368713492,0.2690487591237822
0.41405910473707086,0.5429548368713492,0.26923819020862283
0.4140030441400304,0.5425274255591964,0.2692435288713057
0.4141831629323472,0.5425274255591964,0.2693114379497362
0.41411943870336126,0.5423849551218122,0.2693497153069199
0.4142546245919478,0.5423849551218122,0.26938011292263686
0.41419088040047886,0.5422424846844279,0.26942291265910534
0.4144163763066202,0.5422424846844279,0.26953681447929073
0.4143526080801481,0.5421000142470438,0.26957331961585246
0.4144880174291939,0.5421000142470438,0.26963695825602885
0.41440557916530457,0.5418150733722753,0.26965416721546853
0.414676698288082,0.5418150733722753,0.2697274009311644
0.41461286804798253,0.5416726029348911,0.2697413100086096
0.41465808703239176,0.5416726029348911,0.269754035001754
0.41459424083769636,0.5415301324975068,0.2697567117691762
0.4145303807134286,0.5413876620601226,0.26976706837540454
0.41446650665502943,0.5412451916227383,0.2697742661313712
0.4144026186579378,0.5411027211853541,0.2697804222471578
0.4143387167175906,0.5409602507479698,0.2697844325430499
0.4142748008294227,0.5408177803105856,0.2698187550995579
0.41436524396899904,0.5408177803105856,0.2698703430413377
0.4143013100436681,0.5406753098732013,0.2698895943928424
0.41457286432160806,0.5406753098732013,0.2700361845246076
0.41450890418442043,0.5405328394358171,0.27004388078661773
0.41444493006993005,0.5403903689984328,0.2700619182471071
0.41453551912568304,0.5403903689984328,0.27007068331356526
0.4144715269428353,0.5402478985610486,0.2701049359986473
0.414607478679204,0.5402478985610486,0.2701537391670419
0.41454346637506834,0.5401054281236644,0.27015478006689364
0.41452477305042107,0.5399629576862801,0.2701714904149394
0.4147062041798884,0.5399629576862801,0.2701914798610207
0.4146234676007005,0.5396780168115116,0.2701993818352691
0.41455938697318007,0.5395355463741274,0.2702065889613239
0.41465016971422314,0.5395355463741274,0.27026725873327634
0.41458607095926414,0.5393930759367431,0.2702767078976647
0.41467688937568453,0.5393930759367431,0.270382061621048
0.414612772483295,0.5392506054993589,0.2703846426099554
0.41452991452991456,0.5389656646245904,0.2704064503995513
0.41466622821440313,0.5389656646245904,0.2704468335406698
0.4146020609515457,0.5388231941872061,0.27045038282659467
0.4153305512848671,0.5388231941872061,0.270708004392834
0.41524772053169284,0.5385382533124377,0.27072477207491535
0.4151834761590859,0.5383957828750534,0.2707591211324242
0.4153660145086832,0.5383957828750534,0.2709029167697096
0.4153017478289546,0.5382533124376692,0.27091116684417577
0.41523746701846964,0.5381108420002849,0.2709137076227162
0.4152831225948323,0.5381108420002849,0.27091622184957453
0.41521882559929624,0.5379683715629007,0.27095413060569207
0.4154929577464789,0.5379683715629007,0.27104998564844407
0.4154286343127545,0.5378259011255164,0.27108906525779675
0.41541001651073195,0.5376834306881322,0.2711248172586434
0.415501486293075,0.5376834306881322,0.2711370310417761
0.4156201806565323,0.5375409602507479,0.2711564059849729
0.415986769570011,0.5375409602507479,0.2712630945482566
0.41592237291873413,0.5373984898133637,0.27129646100744037
0.416289592760181,0.5373984898133637,0.27148370523826415
0.4162251655629139,0.5372560193759794,0.2714850051024666
0.4161607241417375,0.5371135489385952,0.2715033926404061
0.41625262228110854,0.5371135489385952,0.2715582357995705
0.4161881625441696,0.536971078501211,0.2715971035234623
0.41641807535078995,0.536971078501211,0.2716554865495
0.41635359116022097,0.5368286080638267,0.27169356583847154
0.41644562334217505,0.5368286080638267,0.27170608639767274
0.41638112081352935,0.5366861376264425,0.2717405118201276
0.4166113691661137,0.5366861376264425,0.2718479107233098
0.4165929203539823,0.5365436671890582,0.2718759336034985
0.4166851073246293,0.5365436671890582,0.27193757146303826
0.41662055992032754,0.5364011967516741,0.2719528172426932
0.416555998229305,0.5362587263142898,0.27195437316350923
0.4166482178437016,0.5362587263142898,0.27197681577415794
0.41658363777261154,0.5361162558769056,0.27198862193707646
0.4167681913833204,0.5361162558769056,0.2720945405604202
0.41670358883473635,0.5359737854395213,0.27210006867887926
0.4167497507477567,0.5359737854395213,0.2721082381724641
0.4166851318413472,0.5358313150021371,0.27213649918178584
0.41673130193905816,0.5358313150021371,0.27217246228581776
0.4166666666666667,0.5356888445647529,0.27217832210460846
0.41685144124168516,0.5356888445647529,0.2722020438999503
0.41678678345714604,0.5355463741273686,0.27220788479632424
0.4167221113328898,0.5354039036899844,0.2722150364320771
0.41674986134220743,0.5352614332526001,0.2722358760305078
0.4169811320754717,0.5352614332526001,0.2722840493734504
0.4169164169164169,0.5351189628152159,0.2722900045684273
0.4168516873889876,0.5349764923778316,0.2722943607146113
0.41708319449072534,0.5349764923778316,0.27235933654883515
0.41701844034658964,0.5348340219404474,0.27237056071816185
0.4171111111111111,0.5348340219404474,0.27242760155656404
0.4170463384820536,0.5346915515030631,0.2724389413268717
0.41698155145587906,0.5345490810656789,0.27244625398904937
0.41735261401557283,0.5345490810656789,0.272532458000355
0.4172877961953499,0.5344066106282946,0.27254015171997464
0.4173342234089898,0.5344066106282946,0.27254876106796483
0.41726938911761435,0.5342641401909104,0.2725808648659445
0.4174551931426027,0.5342641401909104,0.27260784107808395
0.4173903362280116,0.5341216697535262,0.2726124702603403
0.4175297917362735,0.5341216697535262,0.2726235569952245
0.41746491423479615,0.5339791993161419,0.27262954576010073
0.41751141806839703,0.5339791993161419,0.2726470208726451
0.4174465240641711,0.5338367288787577,0.2727236221712141
0.41749303621169914,0.5338367288787577,0.2727628189346357
0.41747464616070434,0.5336942584413734,0.2727650914052384
0.41752117699509583,0.5336942584413734,0.27280699104824563
0.417456247909932,0.5335517880039892,0.2728531607216688
0.41754933660385773,0.5335517880039892,0.27297154423091796
0.4174843889384478,0.5334093175666049,0.2729737665787236
0.4177172821599911,0.5334093175666049,0.2730433163442433
0.41765230975228745,0.5332668471292207,0.2730484664383515
0.4177455357142857,0.5332668471292207,0.2730598888164798
0.41768054470364996,0.5331243766918364,0.2730759572216195
0.4178671133445003,0.5331243766918364,0.27320476705169316
0.4178020996202814,0.5329819062544522,0.27321020769369275
0.4177370713727242,0.5328394358170679,0.27321945782505536
0.4180172124734548,0.5328394358170679,0.2733257997146373
0.4179521573887771,0.5326969653796837,0.27333329385216687
0.4178870877585243,0.5325544949422995,0.27334435850750555
0.4181208053691275,0.5325544949422995,0.2735175117280752
0.41805571092963417,0.5324120245049152,0.2735310885275362
0.41833650509347364,0.5324120245049152,0.27361805532132827
0.41827138378862516,0.532269554067531,0.27372036661746707
0.418318217444855,0.532269554067531,0.2737239136778728
0.418299921603763,0.5321270836301467,0.2737503797389671
0.4183936372801613,0.5321270836301467,0.27376003845656405
0.4183284786018373,0.5319846131927625,0.2737769458391197
0.4184691247338339,0.5319846131927625,0.2738339693983441
0.41840394530374353,0.5318421427553782,0.27388298403034284
0.41845084631767737,0.5318421427553782,0.273951454550102
0.41838565022421526,0.531699672317994,0.27397214209622395
0.41843255970400267,0.531699672317994,0.27397352012190684
0.41836734693877553,0.5315572018806097,0.27399473149169457
0.418508132361189,0.5315572018806097,0.2740394157658096
0.41844289881085933,0.5314147314432255,0.2740599714543174
0.41848984629193314,0.5314147314432255,0.27409370856464405
0.4184245960502693,0.5312722610058412,0.27412242952521304
0.4186124831612034,0.5312722610058412,0.2742022418356267
0.41854721005950374,0.531129790568457,0.27422631623519045
0.4186412128017967,0.531129790568457,0.2742950418049973
0.4185759209344115,0.5309873201310727,0.2743031187766676
0.41851061439964055,0.5308448496936886,0.27431279796316876
0.4185576274994383,0.5308448496936886,0.2743239486491913
0.4184923042354792,0.5307023792563044,0.27433499744552575
0.4185863580177548,0.5307023792563044,0.27436032315791437
0.4185210159586424,0.5305599088189201,0.27437616659548986
0.4185026978417266,0.5304174383815359,0.2744091449850104
0.4187380497131931,0.5304174383815359,0.2745615816863801
0.4186726659167604,0.5302749679441516,0.2746558997544615
0.41914414414414414,0.5302749679441516,0.2749858277200313
0.41907872508165334,0.5301324975067674,0.27508640178006166
0.41901329128182024,0.5299900270693831,0.2751153664636687
0.4192021636240703,0.5299900270693831,0.27523491826018864
0.41913670686351856,0.5298475566319989,0.2753153495956584
0.41942032254426526,0.5298475566319989,0.2753914443599329
0.41935483870967744,0.5297050861946146,0.27541902731921886
0.41959146823157656,0.5297050861946146,0.27549479916916686
0.41952595936794584,0.5295626157572304,0.2754953598655348
0.4196206818694965,0.5295626157572304,0.2755461390407043
0.41955515411538896,0.5294201453198462,0.27560438457090203
0.4194896115627823,0.5292776748824619,0.27560891888206757
0.41947142534447707,0.5291352044450777,0.27565219978236805
0.4194058511239128,0.5289927340076934,0.275680405713449
0.41954802259887003,0.5289927340076934,0.2757085133912109
0.41948242739292574,0.5288502635703092,0.2757137316232849
0.41957725782751215,0.5288502635703092,0.27572415583576754
0.41951164368075966,0.5287077931329249,0.2757788608351439
0.41944601469756926,0.5285653226955407,0.2758092785944456
0.41968325791855204,0.5285653226955407,0.2758351993242027
0.419617603801335,0.5284228522581564,0.27584436228560655
0.41971257213986646,0.5284228522581564,0.27589133543401045
0.4196468990493436,0.5282803818207722,0.2758924818170821
0.4197419062712248,0.5282803818207722,0.2759341434394624
0.419723731884058,0.528137911383388,0.27594307898391474
0.41981879954699886,0.528137911383388,0.2759598303553887
0.41975308641975306,0.5279954409460037,0.27597032629434937
0.4198957625198278,0.5279954409460037,0.276158517153224
0.4198300283286119,0.5278529705086195,0.2761743712640462
0.4200204058496769,0.5278529705086195,0.2762330026831671
0.4199546485260771,0.5277105000712352,0.27626470286096827
0.42014519056261346,0.5277105000712352,0.2763101099708035
0.4200794100964265,0.527568029633851,0.27632485838467385
0.42027011689933036,0.527568029633851,0.2763929412099886
0.42020431328036323,0.5274255591964667,0.2763958326407821
0.42018619436875565,0.5272830887590825,0.27640743518834804
0.4202816261639791,0.5272830887590825,0.27645238075956396
0.4202157864849517,0.5271406183216982,0.2764700294390505
0.4203112575258435,0.5271406183216982,0.27652599229547087
0.42024539877300615,0.526998147884314,0.276596333669691
0.4203409090909091,0.526998147884314,0.27665689848268205
0.42027503125355153,0.5268556774469297,0.27666557794639624
0.4203228006365083,0.5268556774469297,0.27671686326557904
0.4202569057633284,0.5267132070095455,0.27673819641272523
0.4201909959072306,0.5265707365721612,0.27674073867426224
0.42017284512167385,0.526428266134777,0.2767683546207485
0.420220630046628,0.526428266134777,0.2767785724956289
0.42015468607825296,0.5262857956973928,0.2767954129389738
0.42020247980889547,0.5262857956973928,0.2768231473873884
0.42013651877133107,0.5261433252600085,0.2768469118543655
0.4201843213107293,0.5261433252600085,0.2768520200598669
0.42011834319526625,0.5260008548226243,0.27687709784796244
0.4202139767812429,0.5260008548226243,0.2769410525633522
0.4201479795105293,0.52585838438524,0.2769432810653831
0.4203872437357631,0.52585838438524,0.2769785361240215
0.4203212210957968,0.5257159139478558,0.27700179616996595
0.4205607476635514,0.5257159139478558,0.27711573167158965
0.4204946996466431,0.5255734435104715,0.2771177662342285
0.42042863657090745,0.5254309730730873,0.27714661344831604
0.42047657051647475,0.5254309730730873,0.2771587633309411
0.42041049030786776,0.525288502635703,0.27716687795572126
0.420458433116661,0.525288502635703,0.2771711686664345
0.4203923357664234,0.5251460321983189,0.27717293149619004
0.4203262233375157,0.5250035617609347,0.27717755718201337
0.4204221334854535,0.5250035617609347,0.27717878888213504
0.42035600182565036,0.5248610913235504,0.27731194442202983
0.4207400639561444,0.5248610913235504,0.27752932821594317
0.4207219556774046,0.5247186208861662,0.2775675308590683
0.42077002170684336,0.5247186208861662,0.27761856927419676
0.4206857142857143,0.5244336800113977,0.2776661934235727
0.42087811571003886,0.5244336800113977,0.2777104973777218
0.4208118925100057,0.5242912095740134,0.2777209395308722
0.420908155095505,0.5242912095740134,0.27775747621297864
0.42084191260581105,0.5241487391366292,0.2777793080104548
0.421034561684596,0.5241487391366292,0.277910617344533
0.4209682957536912,0.5240062686992449,0.277948807885724
0.42090201465201466,0.5238637982618607,0.2779525207332097
0.4210948236371965,0.5238637982618607,0.27806126143371274
0.4210285190699805,0.5237213278244764,0.27806251547904687
0.4209621993127148,0.5235788573870922,0.27806777928009313
0.4210104250200481,0.5235788573870922,0.2780739481159502
0.4209440879926673,0.523436386949708,0.278079524537821
0.4208777357625759,0.5232939165123237,0.2780879175873862
0.42092596837038737,0.5232939165123237,0.27811715816835403
0.4208595988538682,0.5231514460749395,0.27812890200206447
0.42090784044016505,0.5231514460749395,0.27813734814067587
0.42084145362833886,0.5230089756375552,0.2781591015571991
0.4207750515936712,0.522866505200171,0.27827274768525
0.42070863433092537,0.5227240347627867,0.2782744025424688
0.42075688073394496,0.5227240347627867,0.2782952316411918
0.4206904461520817,0.5225815643254025,0.2782959731651869
0.4209801446115001,0.5225815643254025,0.2783456844464475
0.4209136822773186,0.5224390938880182,0.2784043696596215
0.4211070280202113,0.5224390938880182,0.278479394551233
0.4211372774267662,0.522296623450634,0.2785443780766932
0.4212340572216477,0.522296623450634,0.27861973392981654
0.42116754769018616,0.5221541530132497,0.2787307519867635
0.4214096814993676,0.5221541530132497,0.2788280499862242
0.4213916043703278,0.5220116825758655,0.2788462528441782
0.42173112338858193,0.5220116825758655,0.27899420978762773
0.4216645562334523,0.5218692121384813,0.27903473262963213
0.42200460829493086,0.5218692121384813,0.27915009688995135
0.42193801129162345,0.521726741701097,0.2791969362561529
0.4220352656448081,0.521726741701097,0.2792458021370446
0.42201729106628244,0.5215842712637128,0.27924587970204245
0.42206594420106064,0.5215842712637128,0.2792641540489948
0.4219993081978554,0.5214418008263285,0.2792673704309469
0.42209664398569946,0.5214418008263285,0.2792852643967039
0.4220299884659746,0.5212993303889443,0.2793438512481286
0.42212736502076603,0.5212993303889443,0.2793563666023323
0.4220606899734626,0.52115685995156,0.27936538992098603
0.42199399953842603,0.5210143895141758,0.2793766917017621
0.4220427005193306,0.5210143895141758,0.2793888316406404
0.42197599261311175,0.5208719190767915,0.27942278274798477
0.4220247027588595,0.5208719190767915,0.2795027212411932
0.4219579773724313,0.5207294486394073,0.27950925418354605
0.4227388387693731,0.5207294486394073,0.2798729514340837
0.42267206477732794,0.520586978202023,0.27990258441729166
0.42291666666666666,0.520586978202023,0.2799842554851369
0.42284986688274107,0.5204445077646388,0.27999536138320535
0.42278305163232227,0.5203020373272546,0.2800034977530324
0.4228809634089856,0.5203020373272546,0.28005266796996475
0.4228141285466126,0.5201595668898703,0.2800602231047039
0.4229120815475501,0.5201595668898703,0.2800850836104297
0.42277835708492645,0.5198746260151018,0.2801102486568344
0.42302341757477396,0.5198746260151018,0.28018719667351905
0.42295652173913045,0.5197321555777176,0.2802473180018556
0.42305462136147515,0.5197321555777176,0.2803122459250093
0.42298770586870793,0.5195896851403334,0.28032037056749426
0.42301891170669453,0.5194472147029492,0.28034432742188103
0.4229519610118357,0.5193047442655649,0.2803614236704601
0.42288499477776487,0.5191622738281807,0.2803982507326048
0.4228180129990715,0.5190198033907965,0.28046681013871144
0.4229161829579754,0.5190198033907965,0.28052562748532295
0.4228491814698711,0.5188773329534122,0.2805711553914022
0.4227821644217371,0.518734862516028,0.28059838206972815
0.42302776809573606,0.518734862516028,0.2806933324899366
0.4229607250755287,0.5185923920786437,0.28069994079424426
0.42320660388326936,0.5185923920786437,0.2807715539475759
0.4231395348837209,0.5184499216412595,0.2808185878368444
0.42348423135109975,0.5184499216412595,0.2809972738896889
0.42346641834477944,0.5183074512038752,0.2810012838223985
0.4235157159487776,0.5183074512038752,0.28105184430036895
0.4234485970427291,0.518164980766491,0.28105446020807995
0.4234979040521658,0.518164980766491,0.2810821421973082
0.4234307674391522,0.5180225103291067,0.2810882534666061
0.4233636151875146,0.5178800398917225,0.281097680580163
0.423511592683211,0.5178800398917225,0.2811361111699851
0.42344441855045445,0.5177375694543382,0.2811462397692872
0.42337722876121664,0.517595099016954,0.28119069711350897
0.4234265734265734,0.517595099016954,0.2812092688287116
0.4234580855777078,0.5174526285795698,0.281211467363387
0.42370508632757814,0.5174526285795698,0.2813271780169454
0.4237189214427454,0.5171676877048013,0.28135095990010456
0.4239168515707112,0.5171676877048013,0.28142143481498694
0.4238495678579771,0.517025217267417,0.2814624341456539
0.4238990772106062,0.517025217267417,0.28146384249493056
0.42383177570093455,0.5168827468300328,0.2815875143819402
0.4238812945437551,0.5168827468300328,0.2816166841269372
0.42381397522785696,0.5167402763926485,0.28166247514546927
0.4238635035643333,0.5167402763926485,0.2817044531233802
0.4238457042665108,0.5165978059552643,0.28172094759389277
0.4237783493102642,0.51645533551788,0.2817294168342528
0.4237109786039986,0.5163128650804958,0.2817540440913551
0.423859649122807,0.5163128650804958,0.2819459929521635
0.4237922564042578,0.5161703946431115,0.2819560738662299
0.42418920501112284,0.5161703946431115,0.28229011954776123
0.4241217798594848,0.5160279242057273,0.28231521994524744
0.4241714486473826,0.5160279242057273,0.2823224801247889
0.4241040056219255,0.515885453768343,0.28235470004147584
0.4241536839639218,0.515885453768343,0.28235822152530166
0.4240862230552952,0.5157429833309588,0.28238567926649794
0.42418561049917974,0.5157429833309588,0.28243192013089885
0.42411812961443807,0.5156005128935746,0.2824408975455355
0.4240506329113924,0.5154580424561903,0.28249554440133856
0.4239831203844801,0.5153155720188061,0.282504540715023
0.4241322701688555,0.5153155720188061,0.28254774255193094
0.424064735545913,0.5151731015814218,0.2825888952966366
0.42399718508092893,0.5150306311440376,0.2826210090152287
0.42444522719267347,0.5150306311440376,0.2827715412407331
0.42442748091603055,0.5148881607066533,0.28279456732561953
0.4244773314540756,0.5148881607066533,0.28284542252070033
0.4244097263009515,0.5147456902692691,0.28285990306559805
0.4243421052631579,0.5146032198318848,0.28286950587219933
0.4246414295791206,0.5146032198318848,0.28334777840147757
0.42457378012933567,0.5144607493945006,0.2833870673714254
0.424623706491063,0.5144607493945006,0.28344660392667426
0.4245560390450429,0.5143182789571163,0.28348337656953976
0.4244883556810162,0.5141758085197321,0.2835143793878271
0.4247381428739555,0.5141758085197321,0.2836227960662032
0.4246704331450094,0.514033338082348,0.2836275914808518
0.42472042377869335,0.514033338082348,0.283651984087217
0.42465269602072053,0.5138908676449637,0.2836538992550249
0.42495287464655984,0.5138908676449637,0.28372645409681324
0.42488511841640153,0.5137483972075795,0.28378532028089853
0.42508546504774253,0.5137483972075795,0.2838923985273707
0.4250176845083707,0.5136059267701952,0.2838967799018889
0.4251179245283019,0.5136059267701952,0.2839005201624024
0.42505012383535795,0.513463456332811,0.28390508822987415
0.4252005663048608,0.513463456332811,0.28398770572972554
0.42513274336283186,0.5133209858954267,0.28401151682707837
0.4251829124380458,0.5133209858954267,0.2840148560672822
0.42511507140328103,0.5131785154580425,0.28404977516996294
0.42521544091606656,0.5131785154580425,0.2841118532640475
0.4251977801393317,0.5130360450206582,0.2841890971438511
0.42512990080302315,0.512893574583274,0.2842363042708883
0.42538107054236085,0.512893574583274,0.2843458914830456
0.4253131647364689,0.5127511041458898,0.2843967963479906
0.4253634322184139,0.5127511041458898,0.2844053877640855
0.4252955082742317,0.5126086337085055,0.28442755040410483
0.42522756827048114,0.5124661632711213,0.28442970081689417
0.4252778434618113,0.5124661632711213,0.284487254330341
0.42520988530211656,0.512323692833737,0.28449208641708973
0.4251419110690634,0.5121812223963528,0.2845077804317399
0.4253431140558448,0.5121812223963528,0.2845708111577003
0.42525742691442775,0.5118962815215843,0.2845824859886704
0.4251893939393939,0.5117538110842,0.2845930112495939
0.42539081004263385,0.5117538110842,0.2846963460635264
0.42532275257609853,0.5116113406468158,0.28469961175237696
0.42525467898602226,0.5114688702094315,0.28474424460249104
0.4253554502369668,0.5114688702094315,0.28476451875950826
0.42528735632183906,0.5113263997720473,0.2848183356697932
0.4252192462668879,0.5111839293346631,0.284820983953154
0.4252696456086287,0.5111839293346631,0.2848407152698605
0.42520151730678046,0.5110414588972788,0.2848702715654469
0.42530234764050273,0.5110414588972788,0.2848901189639018
0.4252341989801968,0.5108989884598946,0.2848956804785538
0.4253350729450836,0.5108989884598946,0.2849309666156699
0.42526690391459077,0.5107565180225103,0.28496196163317733
0.42546878708758606,0.5107565180225103,0.2849989281798978
0.4254005934718101,0.5106140475851261,0.28501715071022726
0.42585551330798477,0.5106140475851261,0.28529549628683454
0.425787284610814,0.5104715771477418,0.2853703439491586
0.4260404280618312,0.5104715771477418,0.2854781047888497
0.425972172672137,0.5103291067103576,0.28552106364617913
0.42617489589530044,0.5103291067103576,0.2856417003007909
0.4261066158971918,0.5101866362729733,0.28567795530179
0.4262080457034039,0.5101866362729733,0.28571595174768044
0.4261397452684204,0.5100441658355891,0.28577769719829316
0.42624121919276103,0.5100441658355891,0.2858039986058977
0.4261728983091212,0.5099016953982048,0.2858302722492035
0.42622365130403717,0.5099016953982048,0.2858478661113747
0.4261553120533587,0.5097592249608206,0.2859538441974359
0.42620607504466945,0.5097592249608206,0.2859594222586441
0.42613771741720274,0.5096167545234364,0.28598328787059407
0.4261884904086739,0.5096167545234364,0.28599607735088467
0.4261201143946616,0.5094742840860521,0.2860333353565356
0.4266793938670803,0.5094742840860521,0.28629709844440243
0.4266109785202864,0.5093318136486679,0.28631234887612456
0.4266618928273064,0.5093318136486679,0.2864147907819264
0.4265934590594414,0.5091893432112836,0.28643539728634937
0.42689918776875296,0.5091893432112836,0.28668391976577184
0.4268307251224465,0.5090468727738994,0.28671359119099826
0.4268817204301075,0.5090468727738994,0.2867233678223129
0.4268642447418738,0.5089044023365151,0.2867473796110964
0.4267957451894347,0.5087619318991309,0.28678259113035237
0.42672722926129575,0.5086194614617466,0.2868182462147629
0.42708457949515494,0.5086194614617466,0.2868622126803497
0.4270160325436707,0.5084769910243624,0.28687858900501695
0.4269474691875075,0.5083345205869783,0.28688028508190216
0.427049670855775,0.5083345205869783,0.2869097285785511
0.4269810869044769,0.508192050149594,0.2869385096443663
0.4270322039985634,0.508192050149594,0.28694522019310975
0.42696360153256707,0.5080495797122098,0.28695574243798
0.42689498263680997,0.5079071092748255,0.28696131614148696
0.42694610778443115,0.5079071092748255,0.2869720129343508
0.4268774703557312,0.5077646388374413,0.28701650539232587
0.42697975320474424,0.5077646388374413,0.28704350116484606
0.4269110951353942,0.507622168400057,0.28705332351040896
0.4268424206111444,0.5074796979626728,0.2871021787726106
0.4269959242387917,0.5074796979626728,0.28715898217142044
0.4269272269512049,0.5073372275252885,0.2871629122229935
0.42685851318944845,0.5071947570879043,0.28719249809844777
0.42737094837935174,0.5071947570879043,0.28734902578515154
0.4273021971425141,0.50705228665052,0.2873713328849678
0.42735350624399615,0.50705228665052,0.2873936547609088
0.42728473639966374,0.5069098162131358,0.28743447230074826
0.4274387313791446,0.5069098162131358,0.287549626406149
0.4273699387240178,0.5067673457757516,0.28756308980346484
0.42730112953616917,0.5066248753383673,0.2876202655214905
0.42750661216638614,0.5066248753383673,0.28767221363823187
0.42743777804496813,0.5064824049009831,0.2876997085325045
0.427797833935018,0.5064824049009831,0.2879248655286735
0.42772896858827775,0.5063399344635988,0.28793701269871536
0.427711568556639,0.5061974640262146,0.2879500650358843
0.4278660886319846,0.5061974640262146,0.28807304537139833
0.4277971817415392,0.5060549935888303,0.28817951642723616
0.42772825825102384,0.5059125231514461,0.288185132687393
0.42777978556800383,0.5059125231514461,0.28821339361441195
0.42771084337349397,0.5057700527140618,0.28821466004929697
0.4277623810097602,0.5057700527140618,0.2882168174753387
0.42769342010122924,0.5056275822766776,0.2882169953592306
0.4279512842156035,0.5056275822766776,0.2883344788370054
0.4278822961890979,0.5054851118392933,0.2883364540252739
0.42798552472858864,0.5054851118392933,0.2883781759937915
0.4279165158643986,0.5053426414019091,0.28844607157228014
0.4279681467181467,0.5053426414019091,0.28844629503799496
0.4278991191022083,0.5052001709645249,0.28860083378831153
0.427830074825006,0.5050577005271406,0.2886167990697445
0.4278126508932883,0.5049152300897564,0.2886173841757018
0.427743571169866,0.5047727596523721,0.28861947357762063
0.4276744747645496,0.5046302892149879,0.28864317743415435
0.42760536167129576,0.5044878187776036,0.2886854382898102
0.4278637022716288,0.5044878187776036,0.28871385433419244
0.42779456193353477,0.5043453483402194,0.2887631895917258
0.4277254048827653,0.5042028779028351,0.2887773258739045
0.42808757711382606,0.5042028779028351,0.28897368059677314
0.4280183885797242,0.5040604074654509,0.2889841173792379
0.42838115994672477,0.5040604074654509,0.2891164198122616
0.42831193993703076,0.5039179370280666,0.2891350446943674
0.4284156976744186,0.5039179370280666,0.2891487155699638
0.4283464566929134,0.5037754665906824,0.2891606584005984
0.42845026051132923,0.5037754665906824,0.28919248528253444
0.4283809985458071,0.5036329961532982,0.28921088837745973
0.42853679233846526,0.5036329961532982,0.2892765346194913
0.4284675072744908,0.5034905257159139,0.28932047408064926
0.42851946162240817,0.5034905257159139,0.289413571613611
0.428450157652195,0.5033480552785297,0.2894453579273883
0.42860609001577094,0.5033480552785297,0.2894641552889883
0.4285887634995753,0.5032055848411454,0.28946763531825764
0.4287448409808206,0.5032055848411454,0.28949305006176923
0.4286754886487799,0.5030631144037612,0.2895115408004786
0.4287275376396309,0.5030631144037612,0.28952232781901827
0.4286581663630844,0.5029206439663769,0.2895383512868466
0.4287622980687477,0.5029206439663769,0.28957323511024374
0.42869290573372204,0.5027781735289928,0.28959559176890937
0.42890131259115216,0.5027781735289928,0.2896780612074639
0.42883189497994406,0.5026357030916085,0.28971746492838973
0.4287624604911257,0.5024932326542243,0.28974257231996536
0.4288667315175097,0.5024932326542243,0.2897695639795054
0.42879727593335765,0.50235076221684,0.2897974050678028
0.4287278034541474,0.5022082917794558,0.28980465912562925
0.4286583140737137,0.5020658213420716,0.28981623403990125
0.4288669830838506,0.5020658213420716,0.28989052629384937
0.4287974683544304,0.5019233509046873,0.2899220124422723
0.4289018748478208,0.5019233509046873,0.2899787687063231
0.42883233897479606,0.5017808804673031,0.2900266961685884
0.4287627861665855,0.5016384100299188,0.2900544643244988
0.4290240038991105,0.5016384100299188,0.2902529770542321
0.4289544235924933,0.5014959395925346,0.29027449443269526
0.42888482632541136,0.5013534691551503,0.29027655270733876
0.4288674875045715,0.5012109987177661,0.2902887194820569
0.4289197756644721,0.5012109987177661,0.2902990508489217
0.42890243902439024,0.5010685282803818,0.29030121334323056
0.4291641244661379,0.5010685282803818,0.29045880875508023
0.42909445936050766,0.5009260578429976,0.29046124765799947
0.429024777248871,0.5007835874056134,0.2904618575741019
0.4290771484375,0.5007835874056134,0.2904890450691824
0.4291122237147393,0.5006411169682291,0.2905147113402874
0.4290949065591792,0.5004986465308449,0.2905231208757855
0.42902516491570974,0.5003561760934606,0.29052462880068186
0.4289554062309102,0.5002137056560764,0.290534940989795
0.42888563049853373,0.5000712352186921,0.2905446336245179
0.42920029347028615,0.5000712352186921,0.29071455564547577
0.42913048795401737,0.4999287647813079,0.29073698577453455
0.42906066536203524,0.49978629434392363,0.2908497403538275
0.42937576499388,0.49978629434392363,0.2909894936459172
0.42930591259640105,0.4996438239065394,0.2910126618009509
0.42941104444716544,0.4996438239065394,0.2910872842503341
0.42934117070781286,0.49950135346915514,0.29109028255593494
0.4294989587161583,0.49950135346915514,0.29120421322393264
0.4294290615045332,0.4993588830317709,0.2912355718168895
0.4295869591861748,0.4993588830317709,0.2913146254039409
0.4295170384898259,0.49921641259438665,0.29133805905811344
0.4296223639038744,0.49921641259438665,0.29137520576031883
0.42948246259504536,0.49893147171961816,0.29140114313259957
0.42957055214723927,0.4987890012822339,0.2914184213167888
0.42972873450349824,0.4987890012822339,0.2914930088201295
0.42967694386439015,0.49836158997008123,0.29152322029581856
0.42978252856616295,0.49836158997008123,0.29162509852406243
0.42971246006389774,0.498219119532697,0.29162658553695436
0.43002951303492376,0.498219119532697,0.29177128678842335
0.4299594145861518,0.49807664909531274,0.2917906719159478
0.42988929889298894,0.4979341786579285,0.2918214043358701
0.4298191659490712,0.49779170822054425,0.2918772391275348
0.4298720472440945,0.49779170822054425,0.29189288882082315
0.429801894918174,0.49764923778316,0.29189314682648426
0.43006648608717063,0.49764923778316,0.2919283461470687
0.4299963058736609,0.49750676734577576,0.2919352783342165
0.43015521064301554,0.49750676734577576,0.29199373284862673
0.43008500677590245,0.4973642969083915,0.2920235134558591
0.4302440226768548,0.4973642969083915,0.29218198905543424
0.4301737951435967,0.49722182647100727,0.2922313697806842
0.4305983960518199,0.49722182647100727,0.29231582680958024
0.43052813425468905,0.497079356033623,0.2923428740896908
0.43058126619770454,0.497079356033623,0.2923592990728082
0.43051098494198964,0.4969368855962388,0.29237641428612987
0.43049382716049384,0.49679441515885453,0.2923820479618787
0.43065332839323206,0.49679441515885453,0.29249355659303244
0.43063619518221125,0.4966519447214703,0.29252900926530395
0.4306893995552261,0.4966519447214703,0.2925385359694359
0.4306190535030273,0.49650947428408604,0.29256268912937056
0.430548690064261,0.4963670038467018,0.2925717912166246
0.43070836939053037,0.4963670038467018,0.2926137654895528
0.4306379821958457,0.49622453340931755,0.2926301605670884
0.43056757759366887,0.4960820629719333,0.2926365931314988
0.4308339519920812,0.4960820629719333,0.2927353863814972
0.43076351936641505,0.49593959253454906,0.2927815338138442
0.4314576103123451,0.49593959253454906,0.2931697759475446
0.43138713276310897,0.4957971220971648,0.2931846972491268
0.43160114101451075,0.4957971220971648,0.29323387554808167
0.4315306375589184,0.4956546516597806,0.2932372601853694
0.43158417069842453,0.4956546516597806,0.29324877822750317
0.4315136476426799,0.4955121812223964,0.2933103846813534
0.4314431070852463,0.49536971078501213,0.2933539421364037
0.4315502047908651,0.49536971078501213,0.29340984173207174
0.4314796425024826,0.4952272403476279,0.2934189680959901
0.4314090626939789,0.49508476991024364,0.293456776481369
0.4314626272659548,0.49508476991024364,0.2934758409442922
0.43139202781572084,0.4949422994728594,0.293494381025942
0.4314456035767511,0.4949422994728594,0.293498769696595
0.43142857142857144,0.49479982903547515,0.29350361228427924
0.43135793266244254,0.4946573585980909,0.2935060980049219
0.43141153081510936,0.4946573585980909,0.2935097128505866
0.43134087237479807,0.49451488816070666,0.2935110956591897
0.4312701963708675,0.4943724177233224,0.2935200505313522
0.43132380360472344,0.4943724177233224,0.29352216525622316
0.43125310790651417,0.49422994728593816,0.2935264952863956
0.43130672634589085,0.49422994728593816,0.2935597373255883
0.4312360109425516,0.4940874768485539,0.29358575694070216
0.43134328358208956,0.4940874768485539,0.2936736857458152
0.43127254633660905,0.4939450064111697,0.29367989220983554
0.4312554435734727,0.49380253597378543,0.29369496019652075
0.43130910900945746,0.49380253597378543,0.2937670303454657
0.4312383322962041,0.4936600655364012,0.29377652980270136
0.4311675379636545,0.49351759509901694,0.29378881453368333
0.43132860166853443,0.49351759509901694,0.29384921727268415
0.43125778331257786,0.4933751246616327,0.29386097905747993
0.43131149582762485,0.4933751246616327,0.29386425353532564
0.4312406576980568,0.49323265422424845,0.2939082745504904
0.431169801918525,0.4930901837868642,0.2939098997905524
0.4312772585669782,0.4930901837868642,0.2939388764284225
0.43120638085742774,0.49294771334948,0.29394804450980966
0.43129675810473816,0.49280524291209576,0.2939765663179854
0.43161966558522585,0.49280524291209576,0.2940755472326818
0.4315487333083739,0.4926627724747115,0.2940968661757734
0.4317642652016481,0.4926627724747115,0.2941108843670733
0.4316933066933067,0.4925203020373273,0.294138728796592
0.43162233046084675,0.492377831599943,0.2941414134335081
0.4318920269932517,0.492377831599943,0.2942315898511993
0.43175,0.49209289072517454,0.2942624733967796
0.4318579644911228,0.49209289072517454,0.29429917685498097
0.43178692009503566,0.4919504202877903,0.29432170723902673
0.4320030026272989,0.4919504202877903,0.2944221332459657
0.4319319319319319,0.49180794985040605,0.2944620045507124
0.4319148936170213,0.4916654794130218,0.29452238561847277
0.4319689573163099,0.4916654794130218,0.2945294079443986
0.43189784677015525,0.49152300897563755,0.2945304397300568
0.4320060105184072,0.49152300897563755,0.2945887605717713
0.4319348778960551,0.4913805385382533,0.2945926513894404
0.4318637274549098,0.49123806810086906,0.2945977849456501
0.43235109717868336,0.49123806810086906,0.29478050189291316
0.4322799097065463,0.4910955976634848,0.2948362519605262
0.4323883592574009,0.4910955976634848,0.294949147221807
0.43231714966754486,0.49095312722610057,0.2949500043187498
0.43224592220828106,0.4908106567887163,0.2949732747289708
0.4321746768728824,0.4906681863513321,0.2949786650540679
0.43271767810026385,0.4906681863513321,0.2950964669858311
0.43264639356622264,0.49052571591394784,0.2951065672039722
0.43275515334338865,0.49052571591394784,0.2951528891838406
0.432683846637335,0.4903832454765636,0.29517390289337897
0.4326125220015087,0.49024077503917934,0.29518098379195595
0.4325411794291462,0.49009830460179515,0.29518321907452905
0.43259557344064387,0.49009830460179515,0.2951912909926866
0.4324902478922864,0.4896708932896424,0.2952246928545468
0.4325991189427313,0.4896708932896424,0.29524107650170367
0.432527693856999,0.48952842285225817,0.2953241016798014
0.43258214780309706,0.48952842285225817,0.29537759012411513
0.4325107025938051,0.4893859524148739,0.2953942709220918
0.4329468111923368,0.4893859524148739,0.29550785103516997
0.4328753308962561,0.4892434819774897,0.2955149875497849
0.4330390920554855,0.4892434819774897,0.2955615410662177
0.43296758733762136,0.48910101154010543,0.2955669456043542
0.4328960645812311,0.4889585411027212,0.29557912910464
0.4328245237794878,0.48881607066533694,0.29559438766342794
0.4332617754767016,0.48881607066533694,0.2958101591884814
0.4331901995453397,0.4886736002279527,0.29582656025671233
0.4331186055323986,0.48853112979056845,0.2958302041712282
0.4331733198585144,0.48853112979056845,0.29584581242411967
0.43310170562223627,0.4883886593531842,0.2958501402988497
0.4330300732878443,0.48824618891579996,0.2958992657987421
0.4331395348837209,0.48824618891579996,0.29593221674641523
0.43306788016685627,0.4881037184784157,0.2959523552354812
0.4332321699544765,0.4881037184784157,0.2959530927683981
0.4331604907044391,0.48796124804103147,0.2959902924076332
0.43354430379746833,0.48796124804103147,0.2961506754120521
0.43347259146727435,0.4878187776036472,0.29616418798209065
0.43352747531020513,0.4878187776036472,0.2961992260888662
0.43351063829787234,0.487676307166263,0.2963020645688399
0.4336754085898898,0.487676307166263,0.29639546501492914
0.4335318717526296,0.4873913662914945,0.2964033597811836
0.43346007604562736,0.4872488958541103,0.2964101820250756
0.43356997971602435,0.4872488958541103,0.2965936861784427
0.43349816153163434,0.48710642541672605,0.296628253876106
0.43355313213289376,0.48710642541672605,0.2966778587164608
0.43348129359543436,0.4869639549793418,0.2967215786303085
0.43353627600202943,0.4869639549793418,0.2967627589594307
0.4334644171000888,0.48682148454195756,0.2967634596462922
0.4335194113169246,0.48682148454195756,0.29678729474697974
0.4334475320390813,0.4866790141045733,0.29680257959619155
0.433502538071066,0.4866790141045733,0.2968374418043125
0.4334306384058891,0.48653654366718907,0.2968555859153441
0.433540688079218,0.48653654366718907,0.29691530779983544
0.4334687658710005,0.4863940732298048,0.29692023550617175
0.4333248666497333,0.48610913235503633,0.2969409559203597
0.4334349593495935,0.48610913235503633,0.2970276124084179
0.4333629780205819,0.4859666619176521,0.29706495539312217
0.4334731223789554,0.4859666619176521,0.2970824461242459
0.43340111845449925,0.48582419148026784,0.29711836200076436
0.43332909622473625,0.4856817210428836,0.2971744406089255
0.43338418510043225,0.4856817210428836,0.29720110156755436
0.4333121424030515,0.48553925060549935,0.2972508901306014
0.4333672431332655,0.48553925060549935,0.2972800033863634
0.4333502925464258,0.4853967801681151,0.2972899113941647
0.4336812627291242,0.4853967801681151,0.2973972788211525
0.4336643748408454,0.48525430973073086,0.2974388331883823
0.4335922577358971,0.4851118392933466,0.2975240444469367
0.4335201222618441,0.48496936885596237,0.2975611097390441
0.43344796841166733,0.4848268984185781,0.297569663467273
0.4336136595310907,0.4848268984185781,0.2976313497434409
0.4335414808206958,0.4846844279811939,0.2976409508216376
0.43346928371144533,0.4845419575438097,0.2976677555085179
0.43339706819630336,0.48439948710642544,0.29767196274143937
0.4334523202447731,0.48439948710642544,0.2977271829681716
0.43338008415147267,0.4842570166690412,0.2977323196822972
0.43349062619563833,0.4842570166690412,0.29781254007966157
0.4334183673469388,0.48411454623165695,0.297853313149111
0.43347365735425436,0.48411454623165695,0.29792664124370904
0.43340137790252614,0.4839720757942727,0.29795258718445256
0.43345667985198416,0.4839720757942727,0.29798608038976093
0.4333843797856049,0.48382960535688846,0.2980134072780494
0.4334950217002808,0.48382960535688846,0.298028227640281
0.4334226988382484,0.4836871349195042,0.29806498089714545
0.4334780388151175,0.4836871349195042,0.29808968958263277
0.43340569531349765,0.48354466448211997,0.2981008795961766
0.4335164133350364,0.48354466448211997,0.29816348656052816
0.43348242811501597,0.4832597236073515,0.29817029058391875
0.43387055512918904,0.4832597236073515,0.29841398359172744
0.43379813227580916,0.48311725316996723,0.2984833063170541
0.4337256908904811,0.482974782732583,0.2985886969093864
0.43370872792423854,0.48283231229519874,0.2986008152272451
0.43393085787451985,0.48283231229519874,0.2987045788981421
0.43385836854911,0.4826898418578145,0.298729713617485
0.4339695145382349,0.4826898418578145,0.29887057837737585
0.4339525944907111,0.48254737142043025,0.29887231003172343
0.43417510575567236,0.48254737142043025,0.2989443701770641
0.4341025641025641,0.482404900983046,0.29895672922206656
0.4342139010002565,0.482404900983046,0.2989926461271033
0.4341413364114403,0.48226243054566176,0.29901196450953876
0.4343641729757475,0.48226243054566176,0.2991413469615963
0.4342915811088296,0.4821199601082775,0.2991422549341845
0.4342189706071108,0.48197748967089327,0.299148304936465
0.43414634146341463,0.481835019233509,0.29916809051640664
0.43420207985620746,0.481835019233509,0.2991685939492279
0.43412942989214176,0.48169254879612483,0.2991908233421278
0.4342967244701349,0.48169254879612483,0.2992283766755548
0.434224049331963,0.4815500783587406,0.2993136997532804
0.43415135551843764,0.48140760792135634,0.2993421906229312
0.4342629482071713,0.48140760792135634,0.29934977523573586
0.43417330933401904,0.48112266704658785,0.2993734327012187
0.4343408360128617,0.48112266704658785,0.2994553154903305
0.4342680730640597,0.4809801966092036,0.29950539080777466
0.4343798250128667,0.4809801966092036,0.2996188681749769
0.43430703899112083,0.48083772617181936,0.29968635493518303
0.4344747682801236,0.48083772617181936,0.29976667632259696
0.43440195699755374,0.4806952557344351,0.29980122333079706
0.43456980937661,0.4806952557344351,0.29993209959261485
0.4346089421466306,0.48055278529705087,0.2999674498077374
0.4347209691970615,0.48055278529705087,0.29998606763224606
0.43464810518174785,0.4804103148596666,0.3000381180382554
0.43476018566271274,0.4804103148596666,0.3001022181695319
0.4347433582667011,0.4802678444222824,0.3001068598890681
0.43479943247775055,0.4802678444222824,0.3001308186015497
0.4347265221878225,0.48012537398489813,0.30013755014506077
0.4349509550851833,0.48012537398489813,0.30019278468208477
0.4348780172970182,0.4799829035475139,0.3001993051433586
0.43499031633311813,0.4799829035475139,0.30030749631052517
0.4349735244737182,0.47984043311012964,0.30033232340360394
0.4349005424954792,0.4796979626727454,0.30035305061837275
0.4350129198966408,0.4796979626727454,0.3003800114571177
0.4349399147176638,0.47955549223536115,0.30042610161606476
0.4351648351648352,0.47955549223536115,0.3005157490760088
0.4350918024308249,0.4794130217979769,0.3005219766257084
0.4351480667270141,0.4794130217979769,0.3005341588910507
0.43507501293326434,0.47927055136059266,0.3005452271297056
0.43500194024058986,0.4791280809232084,0.30054567709965435
0.4349288486416559,0.47898561048582416,0.30054670131199196
0.4352667011910927,0.47898561048582416,0.3007058490199548
0.43519357762527516,0.47884314004844,0.30071005117594923
0.43512043512043513,0.47870066961105573,0.3007184377437131
0.43517679057116954,0.47870066961105573,0.30077451796991406
0.4351036269430052,0.4785581991736715,0.3007778740880104
0.4357244778829939,0.4785581991736715,0.30096247099591517
0.4356512714063311,0.47841572873628724,0.3009754959648649
0.43570779810561827,0.47841572873628724,0.3010041685391905
0.43569110966904606,0.478273258298903,0.30102826616297823
0.4357476635514019,0.478273258298903,0.3010300379331476
0.4356744125665325,0.47813078786151875,0.3010583448114454
0.4357309789665022,0.47813078786151875,0.3011197576189097
0.4356577067913258,0.4779883174241345,0.30112859585914403
0.43577087933497854,0.4779883174241345,0.3011926586064562
0.4356975837879969,0.47784584698675026,0.3011934002635913
0.43562426919579056,0.477703376549366,0.30124076183209925
0.4359074362974519,0.477703376549366,0.3013387556147174
0.4358340917956052,0.47756090611198176,0.30137439501886953
0.43600416233090533,0.47756090611198176,0.3014407836524726
0.4359307922466502,0.4774184356745975,0.3014630282469396
0.4360442420299284,0.4774184356745975,0.3015092570974047
0.4359708485163977,0.4772759652372133,0.3015484515185338
0.43614112745736233,0.4772759652372133,0.30169228669902504
0.43606770833333336,0.477133494799829,0.3017559405385005
0.4361244953770022,0.477133494799829,0.30180821692700427
0.43605105496222973,0.4769910243624448,0.3018164044352922
0.43597759541487563,0.47684855392506054,0.30182502512239684
0.4360343929129755,0.47684855392506054,0.30184607929124396
0.4359609120521173,0.4767060834876763,0.30185593814835465
0.436245110821382,0.4767060834876763,0.301956510035785
0.43617159994784194,0.47656361305029205,0.3020022275758498
0.436399217221135,0.47656361305029205,0.30215313620124024
0.4363256784968685,0.4764211426129078,0.30216411210038385
0.43758178487306987,0.4764211426129078,0.3026258589237627
0.43750817955764953,0.47627867217552355,0.3026629498975576
0.437565445026178,0.47627867217552355,0.30266542200639923
0.43749181830082473,0.4761362017381393,0.30270839590261484
0.4375490966221524,0.4761362017381393,0.3027559692374463
0.4374754484745319,0.4759937313007551,0.3027637777201846
0.43759004584151934,0.4759937313007551,0.302812183296315
0.43751637411579775,0.4758512608633709,0.3028447167191054
0.4374426830865977,0.4757087904259866,0.3028456312089482
0.4375,0.4757087904259866,0.30284925208542846
0.4374262875114664,0.4755663199886024,0.30285380945249235
0.43759832197168325,0.4755663199886024,0.3029219073795362
0.4375245837157467,0.47542384955121814,0.30293894338385824
0.4374508261211644,0.4752813791138339,0.3029420161518338
0.4376229830775285,0.4752813791138339,0.3029621155705753
0.437549199685122,0.47513890867644964,0.3029763938364205
0.4376640419947507,0.47513890867644964,0.30298989357201384
0.43759023493896837,0.4749964382390654,0.30299622750702715
0.4378775939059627,0.4749964382390654,0.30312358421032415
0.43780375673190597,0.47485396780168115,0.3031343849885124
0.43786127167630057,0.47485396780168115,0.30315022181517887
0.4377874129549337,0.4747114973642969,0.3031521320327749
0.43771353482260184,0.47456902692691266,0.3031645748013169
0.437639637271652,0.4744265564895284,0.3031955025187177
0.4379850059187163,0.4744265564895284,0.3033129653534265
0.43791107603262297,0.47428408605214417,0.3033178264445401
0.43783712669385605,0.4741416156147599,0.30334789869368156
0.43795236215291483,0.4741416156147599,0.3033778103146074
0.43787838904974996,0.4739991451773757,0.3033781753447712
0.4378043964722917,0.47385667473999143,0.30350656326474307
0.4378620326487625,0.47385667473999143,0.3035124138724611
0.4377880184331797,0.4737142043026072,0.3035858203245522
0.43784566763234134,0.4737142043026072,0.3036602874039138
0.43777163176610034,0.47357173386522294,0.30366447776118877
0.43769757639620654,0.4734292634278387,0.3036695414473259
0.43762350151495194,0.4732867929904545,0.3036879260951915
0.4377965208223511,0.4732867929904545,0.30380216937081
0.4377224199288256,0.47314432255307026,0.3038210647383281
0.43783783783783786,0.47314432255307026,0.30384801566803504
0.43782144270077805,0.473001852115686,0.30390957103746924
0.4377472962279082,0.47285938167830177,0.3039163507341451
0.4376731301939058,0.4727169112409175,0.3039461855059757
0.43807763401109057,0.4727169112409175,0.3040395320152516
0.43800343324970287,0.4725744408035333,0.30412731303303886
0.43792921288959324,0.47243197036614903,0.3041519981465025
0.4381027876866165,0.47243197036614903,0.3042749470438754
0.43802854122621565,0.4722894999287648,0.3042794633132264
0.43826017979904813,0.4722894999287648,0.30429932921925507
0.43818590506412797,0.47214702949138054,0.30432201225489786
0.438111610685004,0.4720045590539963,0.30434586549288384
0.43803729665388175,0.47186208861661205,0.3043590992398068
0.4380952380952381,0.47186208861661205,0.30436390330640667
0.4379465467054776,0.47157714774184356,0.3043914721390682
0.4384686713471983,0.47157714774184356,0.30471853537762594
0.43839427662957076,0.4714346773044593,0.3047516284559944
0.43831986219689945,0.47129220686707507,0.3047547538994686
0.4383779485820302,0.47129220686707507,0.3047647722704054
0.4383035122597747,0.4711497364296908,0.3047667711709633
0.43841972689911174,0.4711497364296908,0.3048069356875494
0.43840339477522877,0.4710072659923066,0.3048569456155014
0.43846153846153846,0.4710072659923066,0.3048727234207397
0.4384452109312815,0.47086479555492233,0.3048731370038011
0.43837070452434657,0.4707223251175381,0.3048953917093738
0.43854526148128486,0.4707223251175381,0.30492390096961414
0.43847072879330945,0.47057985468015384,0.304931106668758
0.43845438852742,0.47043738424276965,0.3049565616936786
0.4385126162018592,0.47043738424276965,0.30497488258329153
0.43843803958028954,0.4702949138053854,0.3050563406753475
0.4383634431455898,0.47015244336800116,0.3050765468994526
0.43865479197128804,0.47015244336800116,0.30517893421438885
0.438580164849774,0.4700099729306169,0.30521427564185993
0.4389302820649282,0.4700099729306169,0.3053126777057726
0.438855622089155,0.46986750249323267,0.30531488601713624
0.43878094224114983,0.4697250320558484,0.30532203115434997
0.43895619757688725,0.4697250320558484,0.3053896835067488
0.4388814913448735,0.4695825616184642,0.3054222558361809
0.4391738840772818,0.4695825616184642,0.3055106315419181
0.4390991471215352,0.46944009118107993,0.30558946564691775
0.4392747633648847,0.46944009118107993,0.3056721131209446
0.4392,0.4692976207436957,0.30573842415840446
0.4392585678090412,0.4692976207436957,0.30574108937795147
0.4391837823419579,0.46915515030631144,0.30575507796378504
0.4392423636121115,0.46915515030631144,0.30576809585839143
0.4391675560298826,0.4690126798689272,0.305780222003394
0.4390927284856571,0.46887020943154295,0.30581316376666257
0.4394445186273201,0.46887020943154295,0.30594922650636425
0.4393696581196581,0.4687277389941587,0.30599436254682877
0.43942834246026446,0.4687277389941587,0.30606107271889177
0.439353459791611,0.46858526855677446,0.3060716314600554
0.43970588235294117,0.46858526855677446,0.3063154365775558
0.439630966706779,0.4684427981193902,0.30635207938567327
0.43968975661941695,0.4684427981193902,0.3063601022964441
0.43961481877758457,0.46830032768200597,0.3063664866527327
0.4402625234395928,0.46830032768200597,0.30665146675685034
0.44018754186202275,0.4681578572446217,0.30669923221941425
0.44036451353524525,0.4681578572446217,0.306807945154567
0.44028950542822676,0.4680153868072375,0.306818180498014
0.44021447721179624,0.46787291636985323,0.30688547806997174
0.44039157838272763,0.46787291636985323,0.30689919541170857
0.4403165236051502,0.467730445932469,0.30690993129670674
0.4402414486921529,0.4675879754950848,0.3069181492664226
0.44053691275167783,0.4675879754950848,0.30704420624436546
0.44052094522019336,0.46744550505770055,0.3070442811683188
0.4404458171075601,0.4673030346203163,0.3070523829298917
0.44056413700470115,0.4673030346203163,0.3070784141725274
0.44048898441698014,0.46716056418293206,0.3071128090723491
0.44041381163509336,0.4670180937455478,0.30712812034991277
0.44076912733629153,0.4670180937455478,0.30730905495533906
0.4406939214631522,0.46687562330816357,0.3073150636340013
0.44087178797255483,0.46687562330816357,0.3073270355414216
0.44079655543595264,0.4667331528707793,0.30733992764872453
0.4410339256865913,0.4667331528707793,0.30739014255193636
0.44095866433283964,0.4665906824333951,0.3074006623895794
0.44101804470778344,0.4665906824333951,0.3074085601604556
0.44094276094276097,0.46644821199601083,0.30742268178418064
0.44112099164645646,0.46644821199601083,0.3074716710518422
0.4410456811750438,0.4663057415586266,0.30752368444103856
0.44110512129380053,0.4663057415586266,0.30752697700819215
0.44102978838118345,0.46616327112124234,0.3075343825566712
0.4412081984897519,0.46616327112124234,0.3075586016463698
0.44125185484958857,0.4660208006838581,0.3076027896660416
0.44154967602591794,0.4660208006838581,0.30775165793863285
0.4414742810854597,0.46587833024647385,0.30781479336215467
0.44165316045380876,0.46587833024647385,0.30785088142129546
0.44157773875455897,0.4657358598090896,0.30797067114677235
0.44187618275209517,0.4657358598090896,0.3080810086463197
0.4418007300256861,0.46559338937170536,0.3080831147613897
0.4419799837706248,0.46559338937170536,0.30818014570813157
0.44190450426078726,0.4654509189343211,0.30825429761365775
0.4419642857142857,0.4654509189343211,0.3082782789390801
0.4419485791610284,0.46530844849693687,0.3082993626912322
0.4420083908512654,0.46530844849693687,0.308331521875961
0.4419328641039523,0.4651659780595526,0.3083394482160087
0.44199268986056583,0.4651659780595526,0.30834509691918016
0.44191714053614944,0.4650235076221684,0.30842864822679245
0.44221650182902045,0.4650235076221684,0.30852280434357054
0.44214092140921407,0.4648810371847842,0.3085584355468624
0.4424406779661017,0.4648810371847842,0.3086997126659403
0.4423650664496881,0.46473856674739994,0.30870036679058244
0.44228943442289437,0.4645960963100157,0.30871798012833357
0.4424094424094424,0.4645960963100157,0.30878617841470946
0.4423337856173677,0.46445362587263145,0.30880902385874726
0.44225810829149137,0.4643111554352472,0.3088295886133619
0.44218241042345274,0.46416868499786296,0.3088409489345611
0.44224243246911904,0.46416868499786296,0.3088821570682591
0.44216671191963075,0.4640262145604787,0.3089411041037044
0.44209097080787507,0.46388374412309447,0.30894411890157936
0.4420595027849477,0.463598803248326,0.30903369239410566
0.4422998504825336,0.463598803248326,0.309172502286013
0.44222403480152256,0.46345633281094173,0.3091989721228879
0.4421481985044188,0.4633138623735575,0.3092041777955159
0.44220832200163174,0.4633138623735575,0.3092049708785174
0.44213246294029646,0.46317139193617324,0.30921532275150604
0.44231292517006804,0.46317139193617324,0.3092280323933515
0.4422370390529324,0.463028921498789,0.3092374855173147
0.4424778761061947,0.463028921498789,0.3092863041048762
0.4424019607843137,0.46288645106140475,0.30932520867601065
0.4424622089064415,0.46288645106140475,0.30932787390902733
0.4423862707709071,0.4627439806240205,0.30933065603199034
0.44231031194660125,0.46260151018663626,0.309332395944348
0.4422343324250681,0.462459039749252,0.30933529913726343
0.4421583321978471,0.46231656931186776,0.309337800507709
0.4420823112564731,0.4621740988744835,0.30942560248526757
0.44200626959247646,0.46203162843709933,0.3094723498112176
0.4423076923076923,0.46203162843709933,0.30952436639987974
0.44223161915154824,0.4618891579997151,0.3095656642753329
0.4422919508867667,0.4618891579997151,0.3095707010688329
0.44221585482330467,0.46174668756233084,0.3096064438346921
0.4421397379912664,0.4616042171249466,0.3096562801663822
0.44250204862059545,0.4616042171249466,0.30980456444042065
0.4423497267759563,0.4613192762501781,0.3098733738908704
0.44283369803063455,0.4613192762501781,0.31000655141824734
0.442757488715634,0.46117680581279386,0.31001476801031447
0.4426812585499316,0.4610343353754096,0.31001945300293243
0.4428024083196497,0.4610343353754096,0.3100341405608748
0.4427261530039688,0.46089186493802536,0.31007661464815894
0.44284736481861736,0.46089186493802536,0.3101164846983017
0.4428923582580115,0.4607493945006411,0.31013253324862305
0.4429530201342282,0.4607493945006411,0.31014141383759386
0.44287671232876713,0.4606069240632569,0.3101692748575773
0.4428003836141937,0.4604644536258726,0.31024274372688654
0.44304318026045236,0.4604644536258726,0.31029884893814597
0.4430275606746195,0.4603219831884884,0.31030494062967445
0.443270681849362,0.4603219831884884,0.3103427207647495
0.44319429198682764,0.46017951275110414,0.3103766522238522
0.443117881158227,0.4600370423137199,0.3104130652333092
0.4431786988745539,0.4600370423137199,0.31050712984597667
0.4431022649279341,0.45989457187633564,0.3105128715203553
0.4432848118648723,0.45989457187633564,0.31055463311199194
0.44320835050130475,0.4597521014389514,0.3105707223569943
0.44351291918636615,0.4597521014389514,0.3106977939281428
0.4434973879571075,0.45960963100156715,0.31070849064088885
0.4436193619361936,0.45960963100156715,0.310823141450781
0.4435428414248384,0.4594671605641829,0.31086621471743253
0.4434662998624484,0.45932469012679866,0.31087321882149666
0.4434507429829389,0.4591822196894145,0.3108989267163978
0.44369493392070486,0.4591822196894145,0.31109781518256074
0.4436183395291202,0.4590397492520302,0.31113263625597837
0.4436794271550537,0.4590397492520302,0.31117265342919026
0.44360280953036774,0.458897278814646,0.3112505558136661
0.44366391184573,0.458897278814646,0.3112691204074111
0.44358727097396333,0.45875480837726174,0.3112695521927434
0.4433572216097023,0.458327397065109,0.3113160259456921
0.44328049620951065,0.45818492662772475,0.311338991158583
0.4432037496553626,0.4580424561903405,0.311354212241449
0.4433871190180665,0.4580424561903405,0.31139035309890145
0.4433103448275862,0.45789998575295626,0.311409668142776
0.44355506486337287,0.45789998575295626,0.31151339282431245
0.4434782608695652,0.457757515315572,0.31153367634746787
0.4437845303867403,0.457757515315572,0.31169598530514336
0.44370769443293273,0.45761504487818777,0.3117154360489764
0.4436308372478585,0.4574725744408035,0.3117486895715416
0.44381478921907397,0.4574725744408035,0.31178755440249073
0.4437379043406138,0.4573301040034193,0.3118366974128103
0.44386061946902655,0.4573301040034193,0.3118539099563098
0.44378370903056286,0.45718763356603503,0.3118715459554594
0.4439679026009961,0.45718763356603503,0.311900826380744
0.44389096443890963,0.4570451631286508,0.31192450547041306
0.4440138408304498,0.4570451631286508,0.3120585141681177
0.44393687707641194,0.45690269269126654,0.3120668494799158
0.4439983386404541,0.45690269269126654,0.3120986991576077
0.4439213514261977,0.4567602222538823,0.3121186292123928
0.44384434288879654,0.45661775181649805,0.31213512449865055
0.4439058171745152,0.45661775181649805,0.3121593539501198
0.44382878515029783,0.4564752813791138,0.3121918002992473
0.4439517805182209,0.4564752813791138,0.3121956131407873
0.44387472283813745,0.4563328109417296,0.312203410740593
0.44405933730763897,0.4563328109417296,0.3122846181076126
0.4439822518025513,0.45619034050434537,0.3123058827423356
0.444167013455403,0.45619034050434537,0.31235967184097646
0.4440899001109878,0.4560478700669611,0.31236063052127216
0.44452159422302456,0.4560478700669611,0.31258612908395744
0.4444444444444444,0.4559053996295769,0.3125903301812934
0.4443672732323934,0.45576292919219263,0.3126332123694376
0.44442900805779384,0.45576292919219263,0.3126931113559823
0.44435181325552314,0.4556204587548084,0.31273585555037264
0.4444753300903405,0.4556204587548084,0.3127616191303607
0.4444598915612401,0.45547798831742414,0.31282143275512525
0.44458350716172995,0.45547798831742414,0.3128518865728762
0.44450625869262866,0.4553355178800399,0.31286455909821614
0.444629938786867,0.4553355178800399,0.3128776083931379
0.4445526645331849,0.45519304744265565,0.31294889029472633
0.4444753687726134,0.4550505770052714,0.3129872704534111
0.4446610051510511,0.4550505770052714,0.31307855775113164
0.4445836814257867,0.45490810656788716,0.31311391779430714
0.4447694664995125,0.45490810656788716,0.3131694269395294
0.4446921147952076,0.4547656361305029,0.313243354467631
0.4446147415354605,0.45462316569311867,0.3132912580240919
0.4445373467112598,0.4544806952557344,0.3132958551519085
0.4444599303135888,0.4543382248183502,0.3133655423255991
0.4446458449525934,0.4543382248183502,0.3134600790281748
0.444568400502022,0.45419575438096593,0.31346164461934367
0.44449093444909343,0.4540532839435817,0.3134926577417367
0.44461495535714285,0.4540532839435817,0.31356520066626936
0.44453746337379657,0.45391081350619744,0.3135768740374847
0.44445994976276865,0.4537683430688132,0.31360657304257145
0.4449566918133557,0.4537683430688132,0.31396188225066146
0.4448791393041777,0.453625872631429,0.31397161098766224
0.44494130799329235,0.453625872631429,0.3139832194033722
0.4449881168740389,0.45348340219404476,0.31399431253171944
0.444910514541387,0.4533409317566605,0.31403552495808346
0.44503496503496504,0.4533409317566605,0.31405006334353663
0.44495733669044624,0.45319846131927627,0.3140739964516496
0.44508185252553517,0.45319846131927627,0.314156885504517
0.4450041981528128,0.453055990881892,0.31416340194830966
0.44519109617807645,0.453055990881892,0.31427151226422584
0.44511341360963314,0.4529135204445078,0.3143913354895826
0.4452380952380952,0.4529135204445078,0.31440962430292574
0.4451603866087687,0.45277105000712353,0.3144706708635185
0.44590992002244983,0.45277105000712353,0.31465448261919376
0.4458321639068201,0.4526285795697393,0.3146550008674092
0.44581695676586186,0.45248610913235504,0.314663656973646
0.4457391548504843,0.4523436386949708,0.3146888978042313
0.44566133108677336,0.45220116825758655,0.31469266379097605
0.44578651685393256,0.45220116825758655,0.3147727225323571
0.445708666947605,0.4520586978202023,0.31477409098577375
0.4458965711073637,0.4520586978202023,0.3148100867123759
0.44581869290231907,0.45191622738281806,0.31491323379314823
0.44574079280292384,0.4517737569454338,0.3149391560213031
0.44636824324324326,0.4517737569454338,0.31516306236040886
0.446290299873293,0.45163128650804957,0.3151641168464016
0.44641599774679624,0.45163128650804957,0.31521283644354103
0.4463229078613694,0.4513463456332811,0.3152365184344193
0.4462448922079752,0.45120387519589683,0.3152840161455008
0.4463706835799859,0.45120387519589683,0.3153308108756103
0.44629264166901605,0.4510614047585126,0.3153947591388417
0.4465444287729196,0.4510614047585126,0.3155024628371259
0.44646635632670334,0.45091893432112834,0.31552195742051414
0.4463882618510158,0.45077646388374415,0.31552883862528563
0.4463101453365317,0.4506339934463599,0.31554148996166864
0.4462320067739204,0.45049152300897566,0.3155540085191444
0.4462949894142555,0.45049152300897566,0.31560677127245457
0.4462168266516093,0.4503490525715914,0.31564665647859524
0.44665818849795114,0.4503490525715914,0.31594112117452944
0.4465799886941775,0.45020658213420717,0.31595731873216587
0.44656488549618323,0.4500641116968229,0.3159842901330769
0.44669117647058826,0.4500641116968229,0.31604388469257494
0.44661292603592134,0.4499216412594387,0.316067951191419
0.44653465346534654,0.44977917082205443,0.31609085654538155
0.4465978214740416,0.44977917082205443,0.3161382750385471
0.4465195246179966,0.4496367003846702,0.31614051062700504
0.44644120560350925,0.44949422994728594,0.3161497438744825
0.4465675866949752,0.44949422994728594,0.31617054504003445
0.4464892412231031,0.4493517595099017,0.3161709125174868
0.4466156896063438,0.4493517595099017,0.31628482640071237
0.44653731766038807,0.44920928907251745,0.31639418967672245
0.44704381114419395,0.44920928907251745,0.31659727853917086
0.446965399886557,0.4490668186351332,0.31663590884542514
0.44688696638774644,0.44892434819774896,0.3167212485854446
0.4470137608171372,0.44892434819774896,0.3168003802678567
0.4469353007945516,0.4487818777603647,0.31680145837788054
0.44685681850432807,0.44863940732298047,0.31683556068387764
0.4471740982675376,0.44863940732298047,0.31699276308989577
0.44709558301377644,0.4484969368855962,0.317050325507654
0.44722261684898423,0.4484969368855962,0.3171129182216429
0.44714407502131287,0.448354466448212,0.3171230868973661
0.44727117680500283,0.448354466448212,0.317158276324127
0.4471926083866382,0.44821199601082773,0.31717367523591283
0.44717759135504054,0.4480695255734435,0.3171792876590031
0.4476231141474523,0.4480695255734435,0.317284674544888
0.44754448398576513,0.4479270551360593,0.3173155166231167
0.4476719350704827,0.4479270551360593,0.3173578186827976
0.44759327826829964,0.44778458469867505,0.31735822708451467
0.4476570289132602,0.44778458469867505,0.31735832566263583
0.4476421142612908,0.4476421142612908,0.31740717948897335
0.44808899030233884,0.4476421142612908,0.31751455903872816
0.44801026957637996,0.44749964382390656,0.31760211861217513
0.44839400428265525,0.44749964382390656,0.31779466374408477
0.44831524842946885,0.4473571733865223,0.3178184331453811
0.4482364700842496,0.44721470294913807,0.31782500204477926
0.44868496283590625,0.44721470294913807,0.3180742210759884
0.4486061472480343,0.4470722325117538,0.31808294319621017
0.44879862700228834,0.4470722325117538,0.3181969260554358
0.44871978257759976,0.4469297620743696,0.318206092666387
0.4491052254831782,0.4469297620743696,0.31834452275198627
0.44902634593356244,0.44678729163698533,0.318350242379731
0.4490117444858207,0.4466448211996011,0.3183569524574098
0.44893281764790144,0.44650235076221684,0.31840765775062063
0.4488538681948424,0.4463598803248326,0.31842691387341354
0.4487748961169222,0.44621740988744835,0.31847789553413824
0.44903225806451613,0.44621740988744835,0.3185278530637542
0.4489532549469458,0.4460749394500641,0.31860338224528567
0.44887422916965436,0.44593246901267986,0.31861201444540704
0.44879518072289154,0.4457899985752956,0.3186172263698845
0.44885956103858843,0.4457899985752956,0.3186591116591059
0.44878048780487806,0.44564752813791136,0.31867528500748854
0.4489092996555683,0.44564752813791136,0.318715826999237
0.44883019951198505,0.4455050577005271,0.3187279211714439
0.4490235496840896,0.4455050577005271,0.31882821501821695
0.44900890548692907,0.4453625872631429,0.3188396217318111
0.4489297514724896,0.4452201168257587,0.31884060175833234
0.4489942528735632,0.4452201168257587,0.3188632222790147
0.4489150740048858,0.44507764638837444,0.3188716867035541
0.44883587237711986,0.4449351759509902,0.3188766422355447
0.4489649223691777,0.4449351759509902,0.31893984408033293
0.44888569374550685,0.44479270551360595,0.3189580776963172
0.4489502444636181,0.44479270551360595,0.31896438195384336
0.44887099093916294,0.4446502350762217,0.3190101618833805
0.4487917146144994,0.44450776463883745,0.31901190962512915
0.4487124154797871,0.4443652942014532,0.31902011411261955
0.4486330935251799,0.44422282376406896,0.3190387224566913
0.44855374874082604,0.4440803533266847,0.31904432063518245
0.4486183074265976,0.4440803533266847,0.31904572020268696
0.4485389376709371,0.4439378828893005,0.3190469829927706
0.4486035128131299,0.4439378828893005,0.3190765314517843
0.44865331989053725,0.4437954124519162,0.319081796587345
0.44871794871794873,0.4437954124519162,0.3190884523137562
0.44863852470825527,0.443652942014532,0.3191020586730947
0.44855907780979826,0.44351047157714774,0.31912491253880065
0.44868838281925627,0.44351047157714774,0.3191279191425234
0.44860890875018017,0.4433680011397635,0.31913125327813224
0.4488677340256743,0.4433680011397635,0.31921985601750635
0.44885297936805657,0.44322553070237924,0.31927853359565267
0.44877344877344877,0.443083060264995,0.3192819780232747
0.4486938952229759,0.44294058982761075,0.31929722285370105
0.44901790872328134,0.44294058982761075,0.3193981199080793
0.448938321536906,0.4427981193902265,0.3194264443701797
0.44913294797687864,0.4427981193902265,0.31951018479217325
0.44905333140627257,0.44265564895284226,0.3196047970174367
0.44897369181844465,0.442513178515458,0.3196258996597412
0.4491035280508965,0.442513178515458,0.3197534249204516
0.4490238611713666,0.4423707080780738,0.3197705824624429
0.449088805322534,0.4423707080780738,0.3197820082904303
0.4493341053850608,0.4422282376406896,0.319782765555825
0.44992027830120307,0.4422282376406896,0.32010241627578984
0.44984053348796754,0.44208576720330534,0.3201096697543892
0.4499057561258518,0.44208576720330534,0.32013585770210656
0.4498259860788863,0.4419432967659211,0.32017471957935145
0.45034843205574915,0.4419432967659211,0.3204558470600299
0.4503340110368864,0.44180082632853684,0.3204579876417331
0.4502541757443718,0.4416583558911526,0.32045929469488627
0.45071241640011633,0.4416583558911526,0.3206995258672398
0.4506325432601425,0.44151588545376835,0.32071618376707395
0.4505526468877254,0.4413734150163841,0.3207334907693864
0.4506181818181818,0.4413734150163841,0.32074870910967174
0.45053826011056153,0.44123094457899986,0.32076966211680646
0.45045831514622436,0.4410884741416156,0.320835686916457
0.45037834691501744,0.44094600370423137,0.32086194929297784
0.4506406523005242,0.44094600370423137,0.32090117721724415
0.4505606523955148,0.4408035332668471,0.3210051967680086
0.45048062918729975,0.4406610628294629,0.3210607720597729
0.4506775462625674,0.4406610628294629,0.3212232221079324
0.45059749344214517,0.44051859239207863,0.3212301813663733
0.4505174172861099,0.4403761219546944,0.32123248709408364
0.45058309037900873,0.4403761219546944,0.3212512443355372
0.45050298877387374,0.44023365151731014,0.3212670254256883
0.45042286380869057,0.4400911810799259,0.3213139973400053
0.45055425904317387,0.4400911810799259,0.321413537159117
0.45047410649161196,0.43994871064254165,0.32142552762024357
0.45060557420107983,0.43994871064254165,0.3214741007557502
0.45052539404553416,0.4398062402051574,0.32147543729611644
0.45044519048314113,0.43966376976777316,0.3215582117600666
0.4505767265294204,0.43966376976777316,0.32164930151255494
0.4504964953271028,0.43952129933038897,0.321656117298846
0.4508915521777258,0.43952129933038897,0.3218297781049089
0.45081128489986844,0.4393788288930047,0.32187884325326493
0.45087719298245615,0.4393788288930047,0.3218887720328886
0.4507969001315982,0.4392363584556205,0.32190338500941273
0.45092876992833114,0.4392363584556205,0.32197568737508836
0.45084844938560564,0.43909388801823623,0.3220159424250646
0.45098039215686275,0.43909388801823623,0.32210412641545083
0.4509000439045807,0.438951417580852,0.32211094809213103
0.45081967213114754,0.43880894714346774,0.3221860284908333
0.45095168374816985,0.43880894714346774,0.3222718622085625
0.4508712842290233,0.4386664767060835,0.3222731728712858
0.4507908611599297,0.43852400626869925,0.3222978155600752
0.4511212076799062,0.43852400626869925,0.32258388942874294
0.45104075051304604,0.438381535831315,0.32263638397385225
0.45110687582465914,0.438381535831315,0.32266532647351753
0.4511586975652684,0.43823906539393076,0.32269194292030046
0.451224878979023,0.43823906539393076,0.322695898624795
0.4511443661971831,0.4380965949565465,0.32274610172367946
0.451063829787234,0.43795412451916227,0.3228050399897015
0.4509832697387731,0.437811654081778,0.322856779748139
0.45090268604139144,0.4376691836443938,0.3228666589441691
0.45116757233073873,0.4376691836443938,0.3229513503788462
0.45108695652173914,0.43752671320700953,0.32297204241487565
0.4510063170265903,0.4373842427696253,0.32297788495982743
0.4512714978685874,0.4373842427696253,0.32316576821479326
0.4511908262275801,0.43724177233224104,0.3232043412278263
0.4520547945205479,0.43724177233224104,0.3235180671098424
0.45197407189157335,0.4370993018948568,0.32353163632525095
0.4521072796934866,0.4370993018948568,0.32354266754663535
0.4520265291083272,0.43695683145747255,0.323543509981011
0.45215981129293825,0.43695683145747255,0.3236237995469193
0.45207903273370686,0.4368143610200883,0.3236243863303263
0.45214570122400827,0.4368143610200883,0.32363692767305596
0.45206489675516226,0.4366718905827041,0.32367523732482284
0.4521174561015198,0.43652942014531987,0.3236899681434029
0.45218417945690675,0.43652942014531987,0.32370946572599996
0.4521033210332103,0.4363869497079356,0.32372398419938403
0.45217006200177146,0.4363869497079356,0.3237498849852591
0.45215593620791494,0.4362444792705514,0.32377319953270306
0.4520750258455177,0.43610200883316713,0.3237746062676584
0.4519940915805022,0.4359595383957829,0.3238669223810713
0.45191313340227507,0.43581706795839864,0.32388025872874826
0.45211350872007094,0.43581706795839864,0.3239175989765022
0.45203252032520325,0.4356745975210144,0.323920317812616
0.45195150798344175,0.43553212708363015,0.32395772499994707
0.45201833505840605,0.43553212708363015,0.3239777741003633
0.45193729665779353,0.4353896566462459,0.32399050336999907
0.4518562342848691,0.43524718620886166,0.3239947924557029
0.4519230769230769,0.43524718620886166,0.32400423232418124
0.4518419884598313,0.4351047157714774,0.324023123617464
0.4517608759988162,0.43496224533409317,0.32403707758488554
0.45167973952937696,0.4348197748967089,0.32404023329292153
0.4515985790408526,0.4346773044593247,0.3240632922778843
0.4517323067811667,0.4346773044593247,0.32409091222196745
0.45165111802162,0.43453483402194043,0.32409970258693394
0.4515699052132701,0.4343923635845562,0.3241132411647875
0.4516367945489557,0.4343923635845562,0.32414736363510344
0.45155555555555554,0.43424989314717194,0.3241741053637048
0.45168938944872555,0.43424989314717194,0.32421646630272644
0.45160812212835333,0.4341074227097877,0.32422008014886894
0.45159377316530763,0.4339649522724035,0.32424170234255256
0.4515124555160142,0.43382248183501926,0.3243464996771531
0.45157941569034554,0.43382248183501926,0.32437095279010564
0.4514980717887867,0.433680011397635,0.3244101501105648
0.45156504969589084,0.433680011397635,0.3244483821402743
0.4514022852055201,0.4333950705228665,0.32449752065857507
0.4515362921181535,0.4333950705228665,0.3245302494789022
0.45145486935866985,0.4332526000854823,0.3245571751413541
0.45152190051967334,0.4332526000854823,0.32456876038469384
0.4514404514404514,0.43311012964809803,0.3246872211817557
0.45164165800029715,0.43311012964809803,0.32485812963563726
0.45156017830609213,0.4329676592107138,0.32485977101260544
0.45147867439441225,0.43282518877332954,0.3249004055298157
0.45144981412639407,0.43254024789856105,0.3249146517583168
0.45171849427168576,0.43254024789856105,0.32514394933188095
0.45163690476190477,0.4323977774611768,0.32520747234094216
0.45155529096591757,0.43225530702379256,0.32523252063425884
0.45154086645824026,0.4321128365864083,0.32523343267754373
0.4514592019058964,0.43197036614902407,0.32525417785018745
0.4515264333581534,0.43197036614902407,0.3252688329464672
0.4514447423294608,0.4318278957116398,0.32530066994281454
0.45151199165797706,0.4318278957116398,0.32540247517322823
0.45143027413587605,0.4316854252742556,0.32542809275498447
0.45141579731743664,0.43154295483687133,0.32545816774667274
0.45161771283733415,0.43154295483687133,0.3255273545480782
0.4515359379660006,0.4314004843994871,0.3256215177055266
0.4519402985074627,0.4314004843994871,0.3257605072075489
0.451858486341245,0.43125801396210284,0.3258477937181545
0.4519934298939824,0.43125801396210284,0.3259264003302083
0.4519115890083632,0.43111554352471865,0.32592831644296427
0.45197908887229277,0.43111554352471865,0.3259297904746861
0.4518972213922916,0.4309730730873344,0.3259402144423154
0.45181532944867775,0.43083060264995016,0.32596286742435043
0.45201793721973094,0.43083060264995016,0.3260014560287596
0.45193601435192104,0.4306881322125659,0.32602184801368217
0.4522064323111444,0.4306881322125659,0.3261412053489561
0.4521244763614602,0.43054566177518167,0.3261746996296586
0.45219212928325603,0.43054566177518167,0.32619383611519526
0.4521778176919623,0.4304031913377974,0.32622475053296773
0.45209580838323354,0.4302607209004132,0.32627741010728784
0.45257005844447773,0.4302607209004132,0.3264180520619493
0.45248800959232616,0.43011825046302893,0.326444897956232
0.452623688155922,0.43011825046302893,0.3265685800161981
0.4525416104363473,0.4299757800256447,0.32659580937829485
0.4527452745274527,0.4299757800256447,0.3266686130682749
0.4526631657914479,0.42983330958826044,0.3266757729345138
0.45279903947170946,0.42983330958826044,0.3266902570191777
0.4527169018312819,0.4296908391508762,0.32670191347498856
0.4526347395285993,0.42954836871349195,0.32673312081723455
0.4527027027027027,0.42954836871349195,0.3267493613065396
0.4526205135906292,0.4294058982761077,0.326794254220314
0.4526884950435566,0.4294058982761077,0.32680545019778834
0.4526062791047018,0.42926342783872345,0.3268143461965244
0.45252403846153844,0.4291209574013392,0.3268837729642897
0.4524417731029301,0.42897848696395496,0.3269449868814032
0.45319084888621314,0.42897848696395496,0.32723887241372157
0.45310853530031614,0.4288360165265707,0.32724973154861664
0.45344983428743596,0.4288360165265707,0.3274374335076137
0.45336748530962784,0.4286935460891865,0.3274492460822985
0.4534358047016275,0.4286935460891865,0.32758429567253816
0.453353428786737,0.4285510756518022,0.3275895095407048
0.45342176665661743,0.4285510756518022,0.32760401933752065
0.45333936378712497,0.428408605214418,0.32764612323712883
0.4534077201447527,0.428408605214418,0.3276818193472557
0.4533252903031217,0.4282661347770338,0.32770541582314444
0.45346206064263084,0.4282661347770338,0.3277246500487489
0.45337960168980085,0.42812366433964955,0.32774960278701293
0.45358490566037735,0.42812366433964955,0.3278098945079404
0.4535024154589372,0.4279811939022653,0.32787407674305247
0.45341990034727464,0.42783872346488105,0.32787531067557274
0.4533373603141045,0.4276962530274968,0.3279084388439288
0.45325479534813473,0.42755378259011256,0.3279185339818327
0.45332326283987917,0.42755378259011256,0.3279397109638923
0.4532406707961928,0.4274113121527283,0.32794058887780414
0.4531580537926866,0.42726884171534407,0.32795934511198166
0.4534321136982159,0.42726884171534407,0.32799198131315205
0.45334946317858765,0.4271263712779598,0.3280225374955796
0.45348661322039024,0.4271263712779598,0.3280816484203134
0.4534039334341906,0.4269839008405756,0.3281371801400505
0.45332122862762897,0.42684143040319134,0.32814315190465576
0.4537331515977586,0.42684143040319134,0.32834316575766553
0.4536504089669797,0.4266989599658071,0.32837562985571017
0.45356764126647475,0.42655648952842284,0.32842715833452335
0.454049135577798,0.42655648952842284,0.328617928220964
0.4539663279235553,0.4264140190910386,0.32862282837233725
0.4543108682452945,0.4264140190910386,0.32869970233247603
0.45422802489752545,0.42627154865365435,0.32873807085691414
0.45436598329536826,0.42627154865365435,0.32875624750025884
0.4542831105710814,0.4261290782162701,0.32879579276287013
0.4543521190946377,0.4261290782162701,0.32882085956521406
0.4542692190823458,0.42598660777888586,0.3288290791668928
0.45440729483282677,0.42598660777888586,0.32885483504587965
0.45432436540507676,0.4258441373415016,0.32887257269501985
0.4542414107631499,0.42570166690411737,0.32890735607843513
0.45465611685940355,0.42570166690411737,0.32907351643482646
0.4545731243341957,0.4255591964667332,0.3290932274866826
0.4544901065449011,0.42541672602934893,0.3291246273931437
0.4544070634799817,0.4252742555919647,0.3291663089605221
0.45461468169357294,0.4252742555919647,0.32918951726366574
0.4545316070068545,0.42513178515458044,0.3292224658142203
0.4549474005183717,0.42513178515458044,0.3294807418573252
0.4548642878926502,0.4249893147171962,0.329520365618688
0.4549336586853744,0.4249893147171962,0.3295483542331722
0.45485051860890785,0.42484684427981195,0.3295582323085474
0.45491990846681923,0.42484684427981195,0.3296034805959569
0.4548367409215746,0.4247043738424277,0.32965353500006994
0.4555317848410758,0.4247043738424277,0.32988449213081306
0.4554485709918997,0.42456190340504346,0.3299242515732889
0.4555181901559156,0.42456190340504346,0.3299574798090889
0.4554349487845895,0.4244194329676592,0.3299846794341212
0.4558530986993114,0.4244194329676592,0.33021085215084384
0.45576981940618305,0.42427696253027497,0.33024099408726876
0.45590936925903247,0.42427696253027497,0.3302921464707094
0.45582606032766804,0.4241344920928907,0.3303001560244484
0.4561054083039681,0.4241344920928907,0.33030699891346904
0.4560220655838186,0.4239920216555065,0.3303497731679805
0.4559386973180077,0.42384955121812223,0.3303582967155113
0.4558553034947885,0.423707080780738,0.3303968753124144
0.4562749309604173,0.423707080780738,0.33055214858565135
0.4561914991560534,0.42356461034335374,0.3305746187720559
0.45610804174340086,0.4234221399059695,0.33062389676659293
0.4566687154271666,0.4234221399059695,0.3308018785126879
0.45665539501998154,0.42327966946858525,0.33082277254968534
0.45693632728391265,0.42327966946858525,0.330965297193194
0.45685279187817257,0.423137199031201,0.3310471119455667
0.45692307692307693,0.423137199031201,0.33107696640057227
0.45683951377134946,0.42299472859381676,0.3310778176379195
0.45675592489996925,0.4228522581564325,0.3310878489198528
0.4566723102970602,0.4227097877190483,0.3310955836478607
0.4572353213129912,0.4227097877190483,0.33136629030299086
0.4571516646115906,0.4225673172816641,0.33137456236267526
0.45713845205057047,0.42242484684427983,0.3313793404811346
0.45705474171164223,0.4222823764068956,0.3313798382521583
0.4571252313386798,0.4222823764068956,0.33138532080209193
0.4570414931358939,0.42213990596951134,0.3313973771936449
0.45711200246837397,0.42213990596951134,0.3314091264617695
0.45694444444444443,0.42185496509474285,0.33142335033274367
0.45686062663991356,0.4217124946573586,0.33143382441769914
0.45714285714285713,0.4217124946573586,0.331490249636251
0.45705900525177634,0.42157002421997436,0.3314970210212408
0.45712961532519697,0.42157002421997436,0.33149705762730075
0.4571163653222068,0.4214275537825901,0.3314993808331988
0.457032457496136,0.42128508334520587,0.33155158267807244
0.45724447193443635,0.42128508334520587,0.3315703313888132
0.4571605320136097,0.4211426129078216,0.3316107747021818
0.4574435159393377,0.4211426129078216,0.33164135443742476
0.4573595418665841,0.4210001424704374,0.3316641510078021
0.45727554179566565,0.42085767203305313,0.3316808958829501
0.45734633844248335,0.42085767203305313,0.3316844411164888
0.45726231031279035,0.4207152015956689,0.33173111042708325
0.45717825615610963,0.42057273115828464,0.33174427611257407
0.4573199070487994,0.42057273115828464,0.33179619949940203
0.4572358227455841,0.4204302607209004,0.3318028060294585
0.4571517123818379,0.42028779028351615,0.3318038081352514
0.4575062034739454,0.42028779028351615,0.3318503496090914
0.45733788395904434,0.42000284940874766,0.33193223628650076
0.45747982619491,0.42000284940874766,0.33202663143981775
0.45739562315691445,0.41986037897136347,0.33206115924326424
0.45746662527165477,0.41986037897136347,0.332105287864317
0.4573823940381928,0.4197179085339792,0.33211902458036474
0.4578088578088578,0.4197179085339792,0.3322902200989263
0.45772458812558287,0.419575438096595,0.33232046275399535
0.45786691542288555,0.419575438096595,0.33237769991487665
0.45778261545638316,0.41943296765921073,0.3323894470678062
0.4579962663347853,0.41943296765921073,0.33241277946582315
0.45791193402831804,0.4192904972218265,0.33249479778896923
0.4582684521955777,0.4192904972218265,0.33268216175709875
0.4581840834760941,0.41914802678444224,0.33268436658600564
0.45861262665627434,0.41914802678444224,0.33292708431788637
0.45852821951980044,0.419005556347058,0.33299044550189877
0.45881435257410297,0.419005556347058,0.3330840903053914
0.4587299110625683,0.41886308590967375,0.3331669371053421
0.45887310753862964,0.41886308590967375,0.333184755904992
0.4587886356540743,0.4187206154722895,0.3332060205717491
0.45870413739266197,0.41857814503490526,0.3332133861975241
0.45913423972495704,0.41857814503490526,0.33326384244660673
0.45904970303219755,0.418435674597521,0.3332656530565701
0.45926505082095387,0.418435674597521,0.33333001468915213
0.45918048170159526,0.41829320416013677,0.33335397260219773
0.4590958861254497,0.4181507337227525,0.3333663089634336
0.4591677096370463,0.4181507337227525,0.3333804305523007
0.4590830855891097,0.4180082632853683,0.33338450484432075
0.4591549295774648,0.4180082632853683,0.3333900767874827
0.4590702770386602,0.41786579284798403,0.33339128433382936
0.4591421415153413,0.41786579284798403,0.33351581670351327
0.45905746046657275,0.4177233224105998,0.3335349464312157
0.4597052367513327,0.4177233224105998,0.3338933097834975
0.45962051121216874,0.41758085197321554,0.33390554367234254
0.4595357590966123,0.4174383815358313,0.3339204407343696
0.4596799497960464,0.4174383815358313,0.33393153169598544
0.4595951671112506,0.41729591109844705,0.3339499784198934
0.4598116169544741,0.41729591109844705,0.33410364607122967
0.45979899497487436,0.4171534406610628,0.33421795663550957
0.4597141510915659,0.4170109702236786,0.33422848755683054
0.4599308610936518,0.4170109702236786,0.33435581343539295
0.45991826469663627,0.41686849978629437,0.3344053735156654
0.459748427672956,0.4165835589115259,0.3344084813854405
0.45989304812834225,0.4165835589115259,0.3344464607666645
0.45988042794210193,0.41644108847414163,0.33449255107620984
0.45979543666404404,0.4162986180367574,0.334600202015316
0.45994018573902096,0.4162986180367574,0.3346791235402323
0.45984251968503936,0.4160136771619889,0.33475301439198313
0.4597574421168688,0.41587120672460465,0.33475824784138336
0.4596723377441714,0.4157287362872204,0.334881560899759
0.4595872065542776,0.41558626584983616,0.33489694049752133
0.45950204853450993,0.4154437954124519,0.3349001998621977
0.4594168636721828,0.41530132497506766,0.3349112942548262
0.4594892812105927,0.41530132497506766,0.3349776556800037
0.45940406747595774,0.4151588545376834,0.3350828330579945
0.45947650583412175,0.4151588545376834,0.33509101424626725
0.45939126320769597,0.4150163841002992,0.3350934952215838
0.45930599369085173,0.41487391366291493,0.3351579959044425
0.4592206972708629,0.4147314432255307,0.3351869714497938
0.45929315241401075,0.4147314432255307,0.33522491051826686
0.4592078270474988,0.41458897278814644,0.3352610585392822
0.45957043588123814,0.41458897278814644,0.33538786575854024
0.45948507344811246,0.4144465023507622,0.33541563439235655
0.4593996840442338,0.414304031913378,0.3354338323819546
0.4593142676568178,0.41416156147599376,0.33545324583157615
0.459604743083004,0.41416156147599376,0.3356260840646028
0.4595192915876028,0.4140190910386095,0.33566954880750716
0.4600284945385468,0.4140190910386095,0.33583515448849516
0.45994300189993664,0.41387662060122526,0.33585777557274554
0.46008869179600886,0.41387662060122526,0.3358759734472184
0.46000316806589575,0.413734150163841,0.3358960043662849
0.46014894628426556,0.413734150163841,0.3359443994270833
0.4600633914421553,0.4135916797264568,0.3359790880806398
0.45997780947852274,0.41344920928907253,0.3360125020438946
0.46019663812242306,0.41344920928907253,0.3361048224331886
0.4601110229976209,0.4133067388516883,0.3361280597023769
0.4600253807106599,0.41316426841430404,0.3361360840562892
0.4604636392505557,0.41316426841430404,0.33627122403722565
0.4603779577576624,0.4130217979769198,0.3362976415384515
0.4605973943438195,0.4130217979769198,0.33635601891616235
0.46051167964404893,0.41287932753953555,0.3364163823383956
0.4605848696757788,0.41287932753953555,0.33657343418702257
0.46049912573517726,0.4127368571021513,0.3365918068315503
0.4609387430389817,0.4127368571021513,0.33673309838386795
0.46085295989815406,0.41259438666476705,0.336801558033117
0.4610730775354243,0.41259438666476705,0.3368778053487886
0.4609872611464968,0.4124519162273828,0.3369470403516604
0.46120758324040145,0.4124519162273828,0.33705880656252113
0.4611217335882728,0.41230944578999856,0.3370742584195775
0.46103585657370516,0.4121669753526143,0.33716020204288627
0.4620667624980035,0.4121669753526143,0.33742857255133335
0.4619808306709265,0.41202450491523007,0.3374506324627822
0.46205464131650426,0.41202450491523007,0.3374526166270301
0.46196868008948544,0.4118820344778458,0.3374748185232291
0.4618826913856481,0.4117395640404616,0.3374821761892696
0.4621781544858468,0.4117395640404616,0.33763009122914683
0.4622279129321383,0.41145462316569315,0.3376450147540371
0.462672220442166,0.41145462316569315,0.3378525380275978
0.4625861240185868,0.4113121527283089,0.3378607071569927
0.4629570237331623,0.4113121527283089,0.3379042199609843
0.4628708901363272,0.41116968229092465,0.33790875542460197
0.46278472890599937,0.4110272118535404,0.3379176040519654
0.4629332477535302,0.4110272118535404,0.3379511855188925
0.4628470550473439,0.41088474141615616,0.33797802475891975
0.4629956654358645,0.41088474141615616,0.33798943301962003
0.46290944123314065,0.4107422709787719,0.33799989107682354
0.46305814327015743,0.4107422709787719,0.3380353671987105
0.4630462724935733,0.41059980054138767,0.3381125120441369
0.4632695708085517,0.41059980054138767,0.3382032559633185
0.4631832797427653,0.4104573301040034,0.3382158052276374
0.4633322611772274,0.4104573301040034,0.3382731092977146
0.46324593855557344,0.4103148596666192,0.3382910618740976
0.463618802318094,0.4103148596666192,0.338453802733088
0.4636070853462158,0.41017238922923493,0.3384854593561148
0.46368175229505554,0.41017238922923493,0.33851483591176507
0.46367004994361205,0.4100299187918507,0.3385601721339973
0.46374476313245244,0.4100299187918507,0.33864894950721364
0.4636583400483481,0.40988744835446644,0.33866186698002626
0.4637330754352031,0.40988744835446644,0.3386634214747816
0.46379616190936945,0.4097449779170822,0.3386933928458471
0.4638709677419355,0.4097449779170822,0.3387101048445983
0.4637844813679626,0.40960250747969795,0.33881135928645073
0.4637727932870744,0.4094600370423137,0.3388214115006484
0.46368624919302776,0.40931756660492946,0.3389358780600799
0.4635996771589992,0.4091750961675452,0.33894332052531373
0.46351307717145623,0.40903262573016097,0.3389601283510619
0.4635879218472469,0.40903262573016097,0.3390437064001184
0.46365105008077545,0.4088901552927767,0.3390483348599821
0.46387586875707126,0.4088901552927767,0.33913661432269526
0.4637892014225671,0.4087476848553925,0.33913998955830227
0.46377749029754206,0.4086052144180083,0.3391684897773441
0.4636907650008087,0.40846274398062404,0.3391762778779329
0.46399093704482924,0.40846274398062404,0.33929393394398033
0.46390417610877305,0.4083202735432398,0.3393185369865205
0.4638173870811073,0.40817780310585555,0.33931903040971767
0.4641931302657161,0.40817780310585555,0.33954948586088685
0.4641063036784962,0.4080353326684713,0.3395502226655817
0.4641815235008104,0.4080353326684713,0.33958462120059896
0.4640946668828011,0.40789286223108706,0.33966514233888573
0.4642451759364359,0.40789286223108706,0.33968227341175783
0.4641582873824197,0.4077503917937028,0.3396878005667398
0.4645349780879727,0.4077503917937028,0.33975998769707444
0.46444805194805194,0.40760792135631857,0.33976012645057746
0.4645988957453719,0.40760792135631857,0.339848397379554
0.46451193763196363,0.4074654509189343,0.339851515267521
0.464813911912888,0.4074654509189343,0.3399661672025289
0.4647269180754226,0.4073229804815501,0.33999728606282403
0.4650292778139232,0.4073229804815501,0.3400358136031388
0.4649422482511794,0.40718051004416583,0.3400378131426948
0.46501789781972014,0.40718051004416583,0.3400729600584383
0.4649308380797396,0.4070380396067816,0.34009223668259425
0.4650065104166667,0.4070380396067816,0.34011714871117693
0.4649194204785935,0.40689556916939734,0.34011916867274505
0.4648323021816998,0.4067530987320131,0.34018095670827025
0.464907995440482,0.4067530987320131,0.340247846539823
0.46482084690553743,0.40661062829462885,0.3402643069694029
0.4649723036819811,0.40661062829462885,0.3403222981293406
0.464885123024279,0.4064681578572446,0.34039352623799984
0.46496088657105605,0.4064681578572446,0.34044427896161344
0.46487367563162185,0.40632568741986036,0.34045321037625736
0.46494946201499837,0.40632568741986036,0.34049197298891026
0.4648622207728681,0.4061832169824761,0.3405092059134565
0.46477495107632094,0.40604074654509187,0.3405499780120278
0.46485075844071116,0.40604074654509187,0.34059484479359814
0.46476345840130506,0.4058982761077077,0.3406204899892285
0.4649910233393178,0.4058982761077077,0.3406589686546032
0.46490368919360103,0.40575580567032343,0.3406722121566609
0.4648163265306122,0.4056133352329392,0.34074763178928236
0.46472893533638143,0.40547086479555494,0.34079739425664324
0.4648048342315858,0.40547086479555494,0.34080283547087326
0.46471741261025806,0.4053283943581707,0.3408312258327618
0.46462996242444043,0.40518592392078645,0.340900501360549
0.46454248366013073,0.4050434534834022,0.34090880524838824
0.46492232215862633,0.4050434534834022,0.34097735669969886
0.46483480536473665,0.40490098304601796,0.34101278530894386
0.4647472599378374,0.4047585126086337,0.34102508467808323
0.46482329842931935,0.4047585126086337,0.34103591253512655
0.46473572246768124,0.40461604217124947,0.3410373514160971
0.4648878703552136,0.40461604217124947,0.34108467283266175
0.46480026195153895,0.4044735717338652,0.3411086899577221
0.46586806695109945,0.4044735717338652,0.34150884124587016
0.465780403741999,0.404331101296481,0.3415301606161258
0.4658568614576494,0.404331101296481,0.3415364853505913
0.4657691676243638,0.40418863085909673,0.34159340398406957
0.4659221547052061,0.40418863085909673,0.34163803569249646
0.46583442838370565,0.4040461604217125,0.3417087893185768
0.4659875123233651,0.4040461604217125,0.34171610370955324
0.4658997534921939,0.40390368998432824,0.3417163400387058
0.4658119658119658,0.403761219546944,0.34172423588425804
0.46572414926845307,0.40361874910955975,0.3417314007815738
0.4656363038474186,0.4034762786721755,0.34195593011533226
0.4660961158657011,0.4034762786721755,0.3420263629422527
0.4660082304526749,0.40333380823479126,0.34203081234036964
0.46608495225551533,0.40333380823479126,0.34204967323559665
0.46599703606125475,0.403191337797407,0.3421135548968252
0.4659858342941855,0.4030488673600228,0.34220135286443
0.46606260296540364,0.4030488673600228,0.3422039159985074
0.4659746251441753,0.4029063969226386,0.3422123125387974
0.4658866183256427,0.40276392648525433,0.3422294638247272
0.4659634086039229,0.40276392648525433,0.3423423123320795
0.4658753709198813,0.4026214560478701,0.34248779404891017
0.46618277796106894,0.4026214560478701,0.3425843082526547
0.4660947038442501,0.40247898561048584,0.34263025409301656
0.466006600660066,0.4023365151731016,0.3426924067877153
0.46608351213071464,0.4023365151731016,0.3427026951215013
0.46599537801254537,0.40219404473571735,0.34276590531442236
0.46614927344782037,0.40219404473571735,0.3428156415682628
0.4660611065235343,0.4020515742983331,0.34283576001013266
0.46597291047241496,0.40190910386094886,0.3428528093115379
0.4658846852800264,0.4017666334235646,0.3428727752089361
0.4662698412698413,0.4017666334235646,0.34293080393572745
0.46618157764180584,0.40162416298618037,0.3429723391856851
0.46625868342705923,0.40162416298618037,0.34312418637053366
0.4661703887510339,0.4014816925487961,0.3431347939681032
0.46624751819986765,0.4014816925487961,0.3431433781307084
0.4661591924540791,0.4013392221114119,0.3431438762397509
0.46623634558093346,0.4013392221114119,0.34316046999347116
0.4661479887435855,0.40119675167402763,0.3432067816256883
0.4663795958926797,0.40119675167402763,0.34324399057706456
0.4662912042405168,0.4010542812366434,0.34327027594698245
0.4664457332228666,0.4010542812366434,0.34333527467363606
0.46635730858468677,0.40091181079925914,0.34334775649435006
0.46658928867517824,0.40091181079925914,0.34337244841899006
0.4665008291873963,0.4007693403618749,0.3434569696145104
0.46641234035495105,0.40062686992449065,0.34348265569436
0.46703205447600066,0.40062686992449065,0.3438214836613506
0.4669435215946844,0.4004843994871064,0.3438333336220497
0.4671763337211235,0.4004843994871064,0.34395277636444876
0.46708776595744683,0.40034192904972216,0.3439640645640792
0.46716541978387366,0.40034192904972216,0.3439701595803583
0.46707682075157964,0.40019945861233797,0.3439710095465485
0.46738768718802,0.40019945861233797,0.344020338287628
0.4672990514228657,0.4000569881749537,0.34409220851092587
0.4675324675324675,0.4000569881749537,0.3441030158263651
0.46744379683597004,0.3999145177375695,0.3441653207717482
0.46735509660226515,0.39977204730018523,0.3442237922888692
0.4672663668165917,0.399629576862801,0.34422768605618337
0.46717760746417863,0.39948710642541674,0.3442722782653322
0.467088818530245,0.3993446359880325,0.3442730508022707
0.46747831887925284,0.3993446359880325,0.344389434078156
0.46738949124270224,0.39920216555064825,0.34440473554335044
0.4675454697146671,0.39920216555064825,0.34441038139245356
0.467456608811749,0.399059695113264,0.34441432742735445
0.4680033416875522,0.399059695113264,0.3445567704764386
0.4680708793045804,0.39891722467587976,0.34457917304051516
0.4681491389399766,0.39891722467587976,0.3445875595397527
0.4680602006688963,0.3987747542384955,0.3446113943458051
0.46797123264759993,0.39863228380111126,0.344617996412992
0.4678822348611576,0.398489813363727,0.3446415192953476
0.46796051530868327,0.398489813363727,0.34468391646758423
0.4681848626925653,0.3983473429263428,0.34469350766446344
0.46826327248367106,0.3983473429263428,0.3447252345450076
0.46817420435510887,0.39820487248895853,0.34474706526915416
0.4682526386329368,0.39820487248895853,0.34482851513152457
0.46816353887399464,0.3980624020515743,0.34484027233003123
0.46863468634686345,0.3980624020515743,0.3450184001956823
0.4685455460493206,0.39791993161419004,0.3450204450902906
0.4686241610738255,0.39791993161419004,0.3450466745293424
0.46853498909212954,0.3977774611768058,0.34508892654526657
0.468445787176905,0.39763499073942155,0.3450891315837832
0.46835655531307707,0.3974925203020373,0.3451087392567411
0.4684351914036266,0.3974925203020373,0.3451394140038392
0.46834592779177164,0.3973500498646531,0.34519292234772636
0.46825663419549884,0.39720757942726886,0.3452637144552088
0.46833529312951455,0.39720757942726886,0.3452722777476789
0.4682459677419355,0.3970651089898846,0.34529948764336815
0.46815661233406153,0.3969226385525004,0.34537746989315343
0.4683140023533367,0.3969226385525004,0.34539324686403194
0.46822461331540016,0.3967801681151161,0.3454153807860415
0.46830334622498737,0.3967801681151161,0.3454178965799311
0.4682139253279516,0.3966376976777319,0.34544396988972975
0.46837146702557203,0.3966376976777319,0.3454799109259863
0.4683608212722989,0.39649522724034764,0.3454944671595201
0.4685185185185185,0.39649522724034764,0.3455246707460541
0.468429028455969,0.3963527568029634,0.3455620942816848
0.4687447346251053,0.3963527568029634,0.3455920627099688
0.46865520728008087,0.39621028636557915,0.34560463111851336
0.4686446392447741,0.3960678159281949,0.34561752576620364
0.46888176758306627,0.3960678159281949,0.34565587653537255
0.46879217273954116,0.39592534549081065,0.34566221933740876
0.4693463941901706,0.39592534549081065,0.34581876818382146
0.46925675675675677,0.3957828750534264,0.34583733519478527
0.46916708903531,0.39564040461604216,0.345864044597072
0.46924636701588374,0.39564040461604216,0.34597860582813805
0.4691566672300152,0.3954979341786579,0.34599155507674184
0.46923597025016905,0.3954979341786579,0.3460591330245079
0.4691462383770076,0.39535546374127367,0.34610077997558053
0.4694637117239046,0.39535546374127367,0.3461707157181593
0.46937394247038916,0.3952129933038894,0.34620065505390657
0.46953283683141506,0.3952129933038894,0.34628803473612674
0.46944303368884377,0.3950705228665052,0.3463236888959975
0.46960203217612195,0.3950705228665052,0.3463754197567495
0.4695121951219512,0.39492805242912093,0.3464093634734055
0.4694223276300186,0.3947855819917367,0.34650251417617983
0.46950186377499153,0.3947855819917367,0.34650396856266635
0.4694119640738858,0.3946431115543525,0.3465074204929617
0.4694915254237288,0.3946431115543525,0.3465425284208046
0.4694015934904221,0.39450064111696825,0.34654783044371057
0.4694811800610376,0.39450064111696825,0.3465479080649341
0.4693912158724775,0.394358170679584,0.3466876514640418
0.4694708276797829,0.394358170679584,0.3466949809161304
0.46938083121289226,0.39421570024219976,0.34670110958632366
0.46946046827281984,0.39421570024219976,0.346716644437764
0.46937043950449686,0.3940732298048155,0.3467698998125503
0.4696095076400679,0.3940732298048155,0.34686727659506883
0.4695194430293768,0.39393075936743127,0.34690693163207653
0.4699983001869794,0.39393075936743127,0.34701979110516157
0.4699081944916695,0.393788288930047,0.34703112835479344
0.4698180581533753,0.3936458184926628,0.34706977130330025
0.4697278911564626,0.39350334805527853,0.34708395520453234
0.47012765957446806,0.39350334805527853,0.34756440493318674
0.4700374531835206,0.3933608776178943,0.3476425600304842
0.46994721607355694,0.39321840718051004,0.34764856383188636
0.4701073071027082,0.39321840718051004,0.34767700075329594
0.47009712046345203,0.3930759367431258,0.3476856692757317
0.4700068166325835,0.39293346630574155,0.34771683696933064
0.4706484641638225,0.39293346630574155,0.34801575612410984
0.47055811571940603,0.3927909958683573,0.3480257355419275
0.4703773262762506,0.3925060549935888,0.3481378998231718
0.47069878694686484,0.3925060549935888,0.34824426146886706
0.47060833902939164,0.39236358455620457,0.3482649968561895
0.4706887711502307,0.39236358455620457,0.34827230556590705
0.4706787485040178,0.3922211141188203,0.3482949984027285
0.4707592339261286,0.3922211141188203,0.3484267332587445
0.4706687190011972,0.3920786436814361,0.3484542784914726
0.47107155083875385,0.3920786436814361,0.34863908522165954
0.47098099640472524,0.39193617324405183,0.3486634313970538
0.47104180945853324,0.3916512323692834,0.34868429099697035
0.47112253641816626,0.3916512323692834,0.3487108454616143
0.4711126350077147,0.39150876193189915,0.34872489123059847
0.47102194787379975,0.3913662914945149,0.34875902138677883
0.4721553798556205,0.3913662914945149,0.3491236851670824
0.4720646381296201,0.39122382105713066,0.34917546891124046
0.47271475296953,0.39122382105713066,0.34949374230240243
0.47278677230451255,0.3910813506197464,0.34953795830535744
0.4734391169368748,0.3910813506197464,0.3496600837134135
0.4733482835949629,0.39093888018236217,0.3497140542007883
0.47342995169082125,0.39093888018236217,0.34973275754991345
0.4733390854184642,0.3907964097449779,0.3497628997175345
0.47366603350025904,0.3907964097449779,0.34981433301229914
0.47357512953367875,0.3906539393075937,0.3498248909484968
0.47365693556745553,0.3906539393075937,0.3498982424357525
0.47356599861783,0.39051146887020943,0.3499282143426405
0.47347503024019355,0.3903689984328252,0.34995446223079335
0.47372060857538034,0.3903689984328252,0.3500268217738761
0.4736296040117586,0.39022652799544094,0.35004428423686185
0.47353856796956073,0.3900840575580567,0.3501109783029978
0.47362048088565994,0.3900840575580567,0.3501508245268748
0.47352941176470587,0.38994158712067245,0.35024680082512233
0.4734383111264925,0.3897991166832882,0.3502561952324447
0.4736022156828804,0.3897991166832882,0.3503744694244569
0.47351108033240996,0.38965664624590396,0.35048655961001546
0.4734199134199134,0.3895141758085197,0.3505076976700455
0.4735019050917908,0.3895141758085197,0.35050964468794343
0.4734107050060627,0.38937170537113547,0.3505542744072351
0.4733194733194733,0.3892292349337512,0.35056409825792884
0.4736477115117892,0.3892292349337512,0.35059831725265045
0.473556441824172,0.389086764496367,0.3506511396816972
0.47413194444444445,0.389086764496367,0.35085338708480585
0.47404063205417607,0.3889442940589828,0.35091702012817866
0.4741229593608892,0.3889442940589828,0.3509384602166484
0.47403161368768454,0.38880182362159854,0.35099443573221056
0.4739402362751911,0.3886593531842143,0.3510591903485198
0.47451730735780134,0.3886593531842143,0.3513642626145541
0.4744258872651357,0.38851688274683005,0.3514625032219108
0.47433443535757785,0.3883744123094458,0.35149049797030957
0.4742429516185172,0.38823194187206156,0.35152170223040885
0.4741514360313316,0.3880894714346773,0.3515245833363511
0.4743165592895699,0.3880894714346773,0.3515758809181103
0.47422500870776735,0.38794700099729307,0.3515891163574788
0.47421602787456446,0.3878045305599088,0.35158974963552475
0.47429865830284024,0.3878045305599088,0.35160053085595827
0.47420704078075987,0.3876620601225246,0.3516584983078172
0.47462061747776035,0.3876620601225246,0.3518928394641813
0.47452896022330776,0.38751958968514033,0.3520524135930228
0.47443727098237654,0.3873771192477561,0.3521088865348461
0.4743455497382199,0.38723464881037184,0.35211344049206383
0.4742537964740792,0.3870921783729876,0.3521182842230587
0.4745022703457911,0.3870921783729876,0.35224217273839803
0.47441048034934497,0.38694970793560335,0.35227050895299233
0.47431865828092246,0.3868072374982191,0.35227076447300987
0.4745673833245936,0.3868072374982191,0.3523327309103322
0.47445766270118966,0.38637982618606637,0.35233416123436684
0.4743657042869641,0.3862373557486821,0.3523604619912239
0.47469795132201015,0.3862373557486821,0.3524628878345129
0.4746059544658494,0.38609488531129793,0.35247270156417176
0.4745139253809774,0.3859524148739137,0.3524784374030167
0.4745970567624387,0.3859524148739137,0.35253179153181524
0.47450499386718065,0.38580994443652944,0.3525474236612395
0.47441289870311953,0.3856674739991452,0.3526506340161592
0.4744960560911481,0.3856674739991452,0.35274144384991607
0.4744039270687237,0.38552500356176095,0.3527453549291922
0.4744871120462914,0.38552500356176095,0.35275539839719894
0.4743949491406524,0.3853825331243767,0.3528253506389873
0.4745614035087719,0.3853825331243767,0.3529068133988095
0.47446920512370594,0.38524006268699246,0.35294946373121727
0.4743769743769744,0.3850975922496082,0.3529639576185038
0.47446024223275407,0.3850975922496082,0.3529678599873593
0.4743679775280899,0.38495512181222397,0.3529681485527914
0.4749516611003691,0.38495512181222397,0.3530825070862474
0.47493403693931396,0.3846701809374555,0.35311946704108776
0.4751011789547774,0.3846701809374555,0.35325887736577494
0.47500879971840904,0.38452771050007123,0.3532814411872648
0.47491638795986624,0.384385240062687,0.35330346276660496
0.4751673124339556,0.384385240062687,0.35333601592383995
0.4750748634842346,0.38424276962530274,0.35334208476055456
0.47540983606557374,0.38424276962530274,0.35342835753824786
0.47531734837799716,0.3841002991879185,0.3534588051099646
0.47556888340095255,0.3841002991879185,0.3535532037446866
0.4754763585038814,0.38395782875053425,0.35356494639041763
0.4753838009528851,0.38381535831315,0.35357469730623486
0.4752912107306742,0.38367288787576576,0.3535779892473225
0.4755429984107364,0.38367288787576576,0.35366261915953107
0.47552571125640575,0.3833879470009973,0.3536758522851501
0.4754330151997172,0.3832454765636131,0.3537196792839191
0.47534028637086795,0.38310300612622883,0.3537383119462262
0.4752475247524752,0.3829605356888446,0.35376836587262456
0.4753315649867374,0.3829605356888446,0.3537964626101704
0.4752387690130881,0.38281806525146034,0.35380335488771436
0.47574362606232296,0.38281806525146034,0.35389525924144916
0.475650788029042,0.3826755948140761,0.35391338810442
0.4757350336521431,0.3826755948140761,0.3539571955116488
0.47564216120460584,0.38253312437669185,0.35396307080245476
0.47589507266926623,0.38253312437669185,0.3540273176348288
0.47580216273710335,0.3823906539393076,0.35403624621456226
0.475709219858156,0.38224818350192336,0.3540633019081046
0.47579358042206066,0.38224818350192336,0.3540644559292792
0.4757006030507272,0.3821057130645391,0.35407443334017624
0.47578499201703034,0.3821057130645391,0.3540906199419875
0.47569198012775016,0.38196324262715486,0.3541220310052091
0.4755989352262644,0.3818207721897706,0.3541239852086641
0.4756833510827121,0.3818207721897706,0.3541600689034093
0.47559027161370493,0.3816783017523864,0.3541901324451709
0.4754971590909091,0.3815358313150021,0.3541904490457176
0.47575057736720555,0.3815358313150021,0.3542536564716676
0.47565742714996445,0.3813933608776179,0.354303496790438
0.475564243824418,0.38125089044023364,0.35432936777152235
0.47564877355136864,0.38125089044023364,0.35434824575738777
0.47555555555555556,0.3811084200028494,0.35436059368650036
0.47580932052650304,0.3811084200028494,0.3544264079979119
0.47571606475716066,0.38096594956546515,0.35443246136760986
0.4758853888592276,0.38096594956546515,0.3544844273053797
0.47579209683161267,0.3808234791280809,0.3544983556694346
0.47621592731159806,0.3808234791280809,0.35463974637153806
0.47612259444048466,0.38068100869069665,0.35468162336219267
0.47602922830155053,0.38053853825331246,0.3547187401214762
0.4761055634807418,0.3803960678159282,0.3547431577341885
0.47644539614561027,0.3803960678159282,0.35476786487883516
0.47635195431019095,0.380253597378544,0.3547697098353516
0.4765220496339939,0.380253597378544,0.35481981965944265
0.47642015005359056,0.3799686565037755,0.35485174350018467
0.476760815159099,0.3799686565037755,0.35487560582212624
0.47666726264974074,0.37982618606639124,0.3549030439200212
0.4777777777777778,0.37982618606639124,0.35523489108201983
0.4776841727908227,0.379683715629007,0.3552918869735673
0.4777698099677304,0.379683715629007,0.3552956003443078
0.4776761699838623,0.37954124519162274,0.3552985356162263
0.47776183644189385,0.37954124519162274,0.35541596547932347
0.4776681614349776,0.3793987747542385,0.3554461132192936
0.47757445281664873,0.37925630431685425,0.3554783018641904
0.4779174147217235,0.37925630431685425,0.35561521930004886
0.4778236667265218,0.37911383387947,0.3556225245169093
0.4779953296209808,0.37911383387947,0.3556706506267212
0.477901545095221,0.37897136344208576,0.35570176064404857
0.47780772686433065,0.3788288930047015,0.35573283073200274
0.4778936017253774,0.3788288930047015,0.35573762360434336
0.4777997483372281,0.37868642256731727,0.3557527111636349
0.47770586120100683,0.378543952129933,0.35576800676625725
0.4778776978417266,0.378543952129933,0.35580984642524144
0.47778377406008277,0.3784014816925488,0.35582731676580237
0.47804175665946724,0.3784014816925488,0.35589972495088346
0.47794779477947796,0.37825901125516453,0.35592310332497157
0.47829219960367503,0.37825901125516453,0.3560120753520073
0.4781981981981982,0.3781165408177803,0.3560134701302226
0.47828437556316455,0.3781165408177803,0.35601519277407506
0.47819033886085077,0.37797407038039604,0.35603363989107767
0.4780962682531098,0.3778315999430118,0.35605092966952945
0.47800216372160115,0.3776891295056276,0.3560956605620839
0.47790802524797116,0.37754665906824336,0.3561143097008654
0.4780804618437669,0.37754665906824336,0.3561198468656207
0.47798628653915554,0.3774041886308591,0.356123160006388
0.4782451706084131,0.3774041886308591,0.3561755254788806
0.47815095702419647,0.37726171819347487,0.3561783474637938
0.47832369942196534,0.37726171819347487,0.3562943403978046
0.47822944896115627,0.3771192477560906,0.3563123925036982
0.47812725958062186,0.37683430688132213,0.35632286559805226
0.47890639145391994,0.37683430688132213,0.35677639598579697
0.4788120246287577,0.3766918364439379,0.35681495009443387
0.47889875022640827,0.3766918364439379,0.35686273213010655
0.47880434782608694,0.37654936600655364,0.356898414235945
0.4787099112158,0.3764068955691694,0.356914308915944
0.47861544037694814,0.37626442513178515,0.35696794418904537
0.478520935290919,0.3761219546944009,0.35699604756851877
0.47878128400435255,0.3761219546944009,0.3570308210526199
0.4786867404317069,0.37597948425701666,0.3570315031500342
0.47877358490566035,0.37597948425701666,0.3570427051999398
0.4786790056251134,0.3758370138196324,0.3570826212872054
0.47893972403776325,0.3758370138196324,0.3571670065325115
0.4788451062284365,0.37569454338224817,0.35717798360498004
0.47910610465116277,0.37569454338224817,0.35724267229040324
0.4790114483009268,0.3755520729448639,0.3572546578280635
0.4792651873408512,0.3754096025074797,0.3572696259808847
0.47935237402219394,0.3754096025074797,0.35730019602550417
0.47925764192139736,0.37526713207009543,0.3573128382790984
0.47916287534121926,0.3751246616327112,0.35731452961840077
0.47933733843073,0.3751246616327112,0.357337348053504
0.47924253459577565,0.374982191195327,0.3573933435693878
0.47950446347239933,0.374982191195327,0.3576267329369938
0.47940962099125367,0.37483972075794275,0.35763964976808355
0.47931474394022233,0.3746972503205585,0.3577007727086862
0.479489516864175,0.3746972503205585,0.3577180626307572
0.47939460247994164,0.37455477988317426,0.35778881236919563
0.4796569968983762,0.37455477988317426,0.3578378336242641
0.47956204379562045,0.37441230944579,0.35785540685909095
0.4798247215628994,0.37441230944579,0.3579182423489335
0.4797297297297297,0.37426983900840577,0.3579264440703954
0.47990500548045306,0.37426983900840577,0.35795601884837297
0.47980997624703087,0.3741273685710215,0.35797012967712744
0.47989766081871343,0.3741273685710215,0.35797348507405624
0.47980259550356424,0.3739848981336373,0.3579749076056336
0.47989031078610606,0.3739848981336373,0.3579813482417325
0.47979520936185777,0.37384242769625303,0.3580027512615049
0.48005854372484447,0.37384242769625303,0.3580953198393892
0.4799634034766697,0.3736999572588688,0.3581059928112725
0.47986822840409954,0.37355748682148454,0.35814329607762674
0.4807480748074808,0.37355748682148454,0.35836675834495213
0.4805575935436537,0.37327254594671605,0.35837144593188813
0.4806457530728307,0.37327254594671605,0.3583717253973197
0.4805504587155963,0.3731300755093318,0.3583853892803372
0.4804551293815379,0.37298760507194756,0.35841515153939857
0.4804479530016523,0.3728451346345633,0.35845383327578645
0.4805361733382299,0.3728451346345633,0.35856877897499145
0.48044077134986224,0.37270266419717907,0.3585775196645936
0.48034533431300513,0.3725601937597948,0.3585818167764065
0.48061018195184707,0.3725601937597948,0.3586181492944381
0.48051470588235295,0.3724177233224106,0.35866526642606217
0.4808682855040471,0.3724177233224106,0.3588080275466918
0.48077276908923644,0.37227525288502633,0.3588974866153192
0.4806772175193228,0.37213278244764214,0.3590045484951652
0.4805816307748942,0.3719903120102579,0.359028315859177
0.4804860088365243,0.37184784157287365,0.3590832131206738
0.48075151961687235,0.37184784157287365,0.35916391907124473
0.48065585851142223,0.3717053711354894,0.3591695465616658
0.48056016215220193,0.37156290069810516,0.3591910239990005
0.4809146229024525,0.37156290069810516,0.35943628717467047
0.48081888601991885,0.3714204302607209,0.35944667745085507
0.4812626915266753,0.3714204302607209,0.359646543197799
0.4811669128508124,0.37127795982333667,0.3596480218880054
0.48107109879963067,0.3711354893859524,0.3597300066283522
0.48178287405215464,0.3711354893859524,0.35997978593433866
0.4816870144284129,0.3709930189485682,0.3600398556551589
0.48213293834475096,0.3709930189485682,0.36009114742748943
0.48203703703703704,0.37085054851118393,0.36012692307778915
0.482483781278962,0.37085054851118393,0.3602442317300364
0.48256029684601115,0.37056560763641544,0.3602498113129684
0.4831878134869032,0.37056560763641544,0.36046465550712997
0.4830917874396135,0.3704231371990312,0.3604879330092244
0.4829957257015425,0.37028066676164695,0.36051090860445356
0.48344494047619047,0.37028066676164695,0.360612221782596
0.48334883720930233,0.3701381963242627,0.3606375180817287
0.4834387793077782,0.3701381963242627,0.36066748444244257
0.4833426391215336,0.36999572588687846,0.36067871869954415
0.48352262148575686,0.36999572588687846,0.3608161625968029
0.4834264432029795,0.3698532554494942,0.3608184449186952
0.4835164835164835,0.3698532554494942,0.36083078665381296
0.48342026825633383,0.36971078501210997,0.36083682956542473
0.4835103409726104,0.36971078501210997,0.36085808034770983
0.48341408870667163,0.3695683145747257,0.3608596468015015
0.4833178005591799,0.3694258441373415,0.3608634439425539
0.48322147651006714,0.3692833736999573,0.3608996520931107
0.4835820895522388,0.3692833736999573,0.36100344261161343
0.48348572494868447,0.36914090326257304,0.361007476622358
0.4833893243747667,0.3689984328251888,0.3610164646831133
0.48329288781034163,0.36885596238780455,0.3610584861662725
0.4834733893557423,0.36885596238780455,0.36110325432286766
0.4833769144564811,0.3687134919504203,0.3611137842311232
0.48364791627733134,0.3687134919504203,0.36119177596939
0.4835514018691589,0.36857102151303606,0.3612084562223927
0.48382270432017954,0.36857102151303606,0.3612429395150727
0.4837261503928171,0.3684285510756518,0.36125179547689706
0.48362956033676335,0.36828608063826757,0.36130525453938056
0.48353293413173654,0.3681436102008833,0.36130902002769844
0.48343627175743964,0.3680011397634991,0.3613364213583554
0.4837078651685393,0.3680011397634991,0.3614692266844888
0.48361116313916463,0.36785866932611483,0.3614725930922102
0.48370176095916073,0.36785866932611483,0.3614773546431342
0.483605021547686,0.3677161988887306,0.36151303450485167
0.4837863167760075,0.3677161988887306,0.3615477001289171
0.48368953880764903,0.36757372845134634,0.3616517540741313
0.4838709677419355,0.36757372845134634,0.3617379334256621
0.48386491557223266,0.3674312580139621,0.36174071922065776
0.4839557140176393,0.3674312580139621,0.3618678584961519
0.4838588588588589,0.36728878757657785,0.3619562247588703
0.48422238918106686,0.36728878757657785,0.36211871282607244
0.4841254931429645,0.3671463171391936,0.36212753803251996
0.4840285606914694,0.36700384670180936,0.36212936910066956
0.4839315918060515,0.3668613762644251,0.3621392256609132
0.484113555179545,0.3668613762644251,0.3622537415969993
0.48401654757427603,0.36671890582704086,0.3622579797980152
0.48428974600188146,0.36671890582704086,0.36233044470224923
0.48419269853217917,0.3665764353896566,0.36233333152614305
0.48455743879472696,0.3665764353896566,0.3623885757672744
0.48446035034846485,0.36643396495227243,0.3623922219677048
0.4848256361922714,0.36643396495227243,0.3624872941726562
0.4847285067873303,0.3662914945148882,0.362509726233536
0.4848199132566472,0.3662914945148882,0.3625710585449408
0.4847227461335345,0.36614902407750394,0.36258201174813004
0.4846255423504999,0.3660065536401197,0.3625952297818292
0.48452830188679247,0.36586408320273545,0.3626320949492354
0.4844310247216456,0.3657216127653512,0.36284489968054745
0.4845224613061533,0.3657216127653512,0.36291579211039543
0.4844251463092316,0.36557914232796695,0.36300846812378385
0.4845166163141994,0.36557914232796695,0.36302069440344537
0.48441926345609065,0.3654366718905827,0.36305260581539983
0.484602304931041,0.3654366718905827,0.36317978854239913
0.48450491307634164,0.36529420145319846,0.36322548222841344
0.48440748440748443,0.3651517310158142,0.36325292525393105
0.48477397389824095,0.3651517310158142,0.36339748557440466
0.48467650397275824,0.36500926057843,0.36342744448803216
0.4845789971617786,0.3648667901410457,0.36344660352588865
0.4845731591898543,0.3647243197036615,0.3634825936791864
0.4844755774327906,0.36458184926627724,0.3635354073958564
0.4843779587199394,0.364439378828893,0.36353623912182553
0.484469696969697,0.364439378828893,0.3635839304755914
0.4844638120500189,0.36429690839150874,0.3635962069618349
0.48455561872275915,0.36429690839150874,0.3636184955776446
0.4844579226686884,0.3641544379541245,0.36362215446361834
0.4845497630331754,0.3641544379541245,0.3636497822095515
0.48454390290157406,0.36401196751674025,0.36372561337806775
0.4846358118361153,0.36401196751674025,0.3637305564316556
0.4845380383228989,0.363869497079356,0.3637507994591698
0.4844402277039848,0.3637270266419718,0.3638089803709619
0.48453216929208576,0.3637270266419718,0.3638111010155028
0.48452629580406303,0.3635845562045876,0.36386073210545694
0.4846183061146981,0.3635845562045876,0.363896144535807
0.48452041785375116,0.3634420857672033,0.3639285079978605
0.4844224924012158,0.3632996153298191,0.36395567393390715
0.4845145354360631,0.3632996153298191,0.36399927612875915
0.4844165716457621,0.36315714489243484,0.3640609830336505
0.48478508938759984,0.36315714489243484,0.3641996095928031
0.48468708388814913,0.3630146744550506,0.36421947859782766
0.484779299847793,0.3630146744550506,0.3642217505331183
0.4846812559467174,0.36287220401766634,0.36424831343368225
0.48514285714285715,0.36287220401766634,0.36438899201311425
0.4850447704324633,0.3627297335802821,0.36443380822631566
0.48569248378481494,0.3627297335802821,0.36480608967647793
0.48559435222285824,0.36258726314289785,0.3648344646041096
0.4855888528345104,0.3624447927055136,0.36483991249609804
0.48614561437034204,0.3624447927055136,0.364982828777303
0.4860474006116208,0.36230232226812936,0.3649970739115814
0.48594914930223665,0.3621598518307451,0.3651184177724518
0.4861350162554982,0.3621598518307451,0.3652117546231037
0.48603672532517217,0.36201738139336087,0.3652348244765418
0.4863157894736842,0.36201738139336087,0.3654259372311709
0.48621745788667686,0.3618749109559766,0.3654411266445214
0.48686984857197624,0.3618749109559766,0.3657907323874293
0.486771472392638,0.3617324405185924,0.36582342840011156
0.48751920122887865,0.3617324405185924,0.36619112319972025
0.487322320399539,0.3614474996438239,0.36620774159277447
0.487223823246878,0.36130502920643964,0.36622166215882773
0.487411108975591,0.36130502920643964,0.36626583774669436
0.4873125720876586,0.3611625587690554,0.3663200933911834
0.48787528868360275,0.3611625587690554,0.36651886041805337
0.487776708373436,0.36102008833167115,0.3665361039671922
0.48787061994609165,0.36102008833167115,0.3665489666052786
0.48777200077026767,0.36087761789428696,0.3665628292996399
0.4878659476117103,0.36087761789428696,0.3665765000691607
0.48776728953958776,0.3607351474569027,0.36658794010992696
0.48804934464148036,0.3607351474569027,0.3666894667112727
0.48795064584538267,0.36059267701951847,0.36673415664342
0.48813886210221796,0.36059267701951847,0.3668760550420322
0.4880401234567901,0.3604502065821342,0.3668941766320064
0.487842531840988,0.36016526570736573,0.36690978244629346
0.4877436788264814,0.3600227952699815,0.3669349032953808
0.48764478764478764,0.35988032483259724,0.36698444332600133
0.487927371064323,0.35988032483259724,0.3670225219983053
0.48782843894899536,0.359737854395213,0.36706109885566157
0.4877294685990338,0.35959538395782875,0.36707831816494224
0.4878237340548898,0.35959538395782875,0.36709823562260063
0.4877247245312198,0.3594529135204445,0.3671018603688168
0.4876256767208043,0.35931044308306026,0.3671074318662017
0.48838109992254064,0.35931044308306026,0.36744050163633724
0.4882820065853186,0.359167972645676,0.36745991135361383
0.48818287485470746,0.35902550220829177,0.3674750011829209
0.4882774656074404,0.35902550220829177,0.36747543018996054
0.4881782945736434,0.3588830317709075,0.3675072632357949
0.4880790850940105,0.3587405613335233,0.36751243813191475
0.4881737107405971,0.3587405613335233,0.36756670197240693
0.48807446189645143,0.35859809089613903,0.36758311728514526
0.4881691233514352,0.35859809089613903,0.3676702692744489
0.48806983511154217,0.3584556204587548,0.36767674413672924
0.48816453240201785,0.3584556204587548,0.36772226235480215
0.4880652047351058,0.35831315002137054,0.3677438713215802
0.4879658385093168,0.3581706795839863,0.36778614929052533
0.4882501456593513,0.3581706795839863,0.36793424136546593
0.4881507381507382,0.3580282091466021,0.3679559503635807
0.4880512920147659,0.35788573870921786,0.3679846547000442
0.48833592534992226,0.35788573870921786,0.3680487160454117
0.48823643787672566,0.3577432682718336,0.3680699173752134
0.4890923256719906,0.3577432682718336,0.36853526437294576
0.4889927917397234,0.35760079783444937,0.3685485172728077
0.48918339504969793,0.35760079783444937,0.3686882047967855
0.489083820662768,0.3574583273970651,0.368728497608155
0.48917917722752974,0.3574583273970651,0.36875178173678447
0.4890795631825273,0.3573158569596809,0.3687713884620008
0.489174956114687,0.3573158569596809,0.36879067078893096
0.4890753023800234,0.35717338652229663,0.3688057727860148
0.48897560975609755,0.3570309160849124,0.3688175659359462
0.4892620070285045,0.3570309160849124,0.3688483921546039
0.48916227299355597,0.35688844564752814,0.3688705785243221
0.4894490035169988,0.35688844564752814,0.3690959069969516
0.4893492280633184,0.3567459752101439,0.3691538034584136
0.48963629253030894,0.3567459752101439,0.369235009614952
0.48953647565030317,0.35660350477275965,0.3692971392823002
0.49011161151360877,0.35660350477275965,0.3697340616096004
0.4900117508813161,0.3564610343353754,0.36975456103480947
0.4901077375122429,0.3564610343353754,0.36977160310418045
0.49000783699059564,0.35631856389799116,0.36983194141213616
0.4899078973153047,0.3561760934606069,0.36984369950377394
0.49029221415963914,0.3561760934606069,0.3699573211934791
0.4901922322479404,0.35603362302322267,0.36997796177519243
0.49028840494408477,0.35603362302322267,0.3700090831695493
0.4901883830455259,0.3558911525858384,0.3700170815963989
0.4902845927379784,0.3558911525858384,0.37007507223101044
0.4901845308205732,0.3557486821484542,0.37008498156314695
0.4900844296092676,0.35560621171106993,0.37013899252294696
0.48998428908091124,0.3554637412736857,0.3701523260542367
0.49027313814108864,0.3554637412736857,0.370235690049522
0.4901729559748428,0.3553212708363015,0.37023824717644876
0.49026931393748774,0.3553212708363015,0.3703665516607658
0.4901690916240661,0.35517880039891725,0.37044860653774103
0.4902654867256637,0.35517880039891725,0.3705016333199193
0.4901652242328875,0.355036329961533,0.37058088597950156
0.4900649222899862,0.35489385952414876,0.37063689688333984
0.4899645808736718,0.3547513890867645,0.3706752723145417
0.49035053170539583,0.3547513890867645,0.3707783275271564
0.49025014772503445,0.35460891864938027,0.37084338834431996
0.49054000788332675,0.35460891864938027,0.3709242103648685
0.4904395821013207,0.354466448211996,0.3710240837193479
0.49072978303747533,0.354466448211996,0.3711736563864719
0.4906293154468337,0.3543239777746118,0.3712107455977425
0.4905288082083662,0.35418150733722753,0.37121757139401884
0.4904282612985988,0.3540390368998433,0.37122468985937146
0.49110671936758893,0.3540390368998433,0.371385317045521
0.49100612769322,0.35389656646245904,0.3713934696364663
0.49090549624357455,0.3537540960250748,0.3714928090652283
0.49080482499505634,0.35361162558769055,0.37155922084431736
0.4907041139240506,0.3534691551503063,0.37158805445190357
0.49148177496038037,0.3534691551503063,0.371769679655035
0.4913810184267882,0.35332668471292206,0.37178067383949187
0.49147839873166865,0.35332668471292206,0.3717924496281533
0.49137760158572846,0.3531842142755378,0.3718336587545479
0.49157247670037674,0.3531842142755378,0.3718850503182895
0.49147163823879414,0.35304174383815357,0.3718863941793383
0.49215491559086394,0.35304174383815357,0.37199624636868933
0.4920540325784664,0.3528992734007693,0.3720145149878036
0.4924453280318091,0.3528992734007693,0.37208492017603456
0.49234440246569894,0.3527568029633851,0.3720931107432037
0.49254028247463694,0.3527568029633851,0.3721103601417704
0.4924393155590927,0.35261433252600083,0.372143964166712
0.49371633752244165,0.35261433252600083,0.37245163265326775
0.49361532322426177,0.35247186208861664,0.37246501174048874
0.493812375249501,0.35247186208861664,0.37250555055961293
0.49371131962467557,0.3523293916512324,0.3725232356459416
0.4941058941058941,0.3523293916512324,0.3725595920656997
0.4940047961630695,0.35218692121384815,0.3725830570558568
0.4939036578053168,0.3520444507764639,0.3726144851486891
0.49380247900839663,0.35190198033907966,0.37261791970912567
0.49429657794676807,0.35190198033907966,0.37284583543346084
0.4940940940940941,0.35161703946431117,0.3729194583457514
0.4941930316379656,0.35161703946431117,0.37298837345627756
0.4940917284197877,0.3514745690269269,0.37302226203818367
0.49438877755511024,0.3514745690269269,0.37311364457124213
0.49428743235117256,0.3513320985895427,0.3731410575000946
0.4947833065810594,0.3513320985895427,0.3734282587416497
0.4946819185229781,0.35118962815215843,0.37345916716851874
0.4948805460750853,0.35118962815215843,0.37350314509173355
0.4947791164658635,0.3510471577147742,0.37352843920085554
0.4946776461136774,0.35090468727738994,0.3735851858226314
0.49457613499397346,0.3507622168400057,0.37364699839415666
0.4948743718592965,0.3507622168400057,0.37392728129534025
0.4947728186570165,0.35061974640262145,0.3739281059910491
0.49507141420237377,0.35061974640262145,0.3740763237141441
0.4949698189134809,0.3504772759652372,0.37412408873158864
0.4950694304689072,0.3504772759652372,0.37420433072411635
0.49496779388083734,0.35033480552785295,0.3742445838438564
0.494866116368029,0.3501923350904687,0.3742672521482797
0.4950654582074522,0.3501923350904687,0.3744076451693676
0.49506346967559944,0.35004986465308446,0.374521272095565
0.49526305180407176,0.35004986465308446,0.3745540766406591
0.49516129032258066,0.3499073942157002,0.3746679870532075
0.495261141359145,0.3499073942157002,0.37472177628697695
0.49515933844292054,0.349764923778316,0.3747847149929958
0.4950574944522897,0.3496224533409318,0.374785952689787
0.49505549949545913,0.34947998290354754,0.3748187709808175
0.4952554007672118,0.34947998290354754,0.37491284729711477
0.49515347334410337,0.3493375124661633,0.37493891697868337
0.4950515047465159,0.34919504202877905,0.37497576574270636
0.494949494949495,0.3490525715913948,0.37501726418933606
0.49504950495049505,0.3490525715913948,0.3750543805037859
0.4949474535165724,0.34891010115401055,0.37505767836080617
0.49534789644012944,0.34891010115401055,0.37516747016058616
0.4952458021444467,0.3487676307166263,0.375178673481678
0.4951436665317685,0.34862516027924206,0.3752340345376514
0.4954444219477627,0.34862516027924206,0.3754256445213441
0.4953422438234103,0.3484826898418578,0.3754730766557329
0.4955429497568882,0.3484826898418578,0.37549438520263867
0.49544072948328266,0.34834021940447357,0.37554616176525074
0.49584262827012776,0.34834021940447357,0.3756639014397296
0.4957403651115619,0.3481977489670893,0.37571282805331907
0.49563806045851083,0.3480552785297051,0.37577251263417405
0.4956345177664975,0.3477703376549366,0.37578392718954595
0.4958358724355068,0.3477703376549366,0.3758134658823298
0.49573344169036976,0.34762786721755234,0.3758265691145608
0.49563096931517986,0.3474853967801681,0.37589180166002034
0.49552845528455286,0.34734292634278385,0.3758953087984774
0.49542589957308397,0.3472004559053996,0.3759141832114249
0.4958290946083418,0.3472004559053996,0.37603016779411164
0.49572649572649574,0.34705798546801536,0.3760540181706176
0.4958273967026257,0.34705798546801536,0.37615748359581413
0.49572475570032576,0.3469155150306311,0.37618617742671584
0.496229875687793,0.3469155150306311,0.3764757238839184
0.4962283384301733,0.3467730445932469,0.3764946079956393
0.49612561174551384,0.3466305741558627,0.3764985607241659
0.496429300142828,0.3466305741558627,0.37650461925300494
0.4963265306122449,0.34648810371847844,0.37651233975406856
0.49673202614379086,0.34648810371847844,0.3766692357681524
0.4966292134831461,0.3463456332810942,0.37673979010318737
0.4968322092785612,0.3463456332810942,0.3768561282474058
0.49672935404742435,0.34620316284370994,0.3768561619588933
0.49652351738241307,0.34591822196894145,0.37691967821518485
0.49642053589691143,0.3457757515315572,0.37693861263869577
0.49652209492635024,0.3457757515315572,0.37695163506002866
0.4964190710047064,0.34563328109417296,0.3769654700496586
0.4972330395572863,0.34563328109417296,0.37722342904387746
0.497129971299713,0.3454908106567887,0.3773254762575285
0.4973338802296965,0.3454908106567887,0.37737350014058996
0.49723076923076925,0.34534834021940447,0.37743592789894137
0.4975369458128079,0.34534834021940447,0.37748541761798154
0.4974337918291932,0.3452058697820202,0.3774905492467398
0.4975359342915811,0.3452058697820202,0.37753272545899
0.49743273772848634,0.345063399344636,0.3775818052482861
0.49763714814053833,0.345063399344636,0.3776353697436137
0.49753390875462394,0.34492092890725173,0.377672134760336
0.4976361767728674,0.34492092890725173,0.37770854400447385
0.4975328947368421,0.3447784584698675,0.37771467726399444
0.49753187988482106,0.34463598803248324,0.3779283146074046
0.4977366255144033,0.34463598803248324,0.37804522861016304
0.49763325787199014,0.344493517595099,0.3780561041840794
0.4975298476739399,0.34435104715771475,0.378127326630145
0.4976322833024501,0.34435104715771475,0.3781587492586725
0.4976313079299691,0.3442085767203305,0.37817931678325356
0.49752781211372066,0.3440661062829463,0.37826888114349605
0.4976303317535545,0.3440661062829463,0.3782762920229077
0.4975267930750206,0.34392363584556207,0.3783236526789064
0.4977319587628866,0.34392363584556207,0.37833297505129243
0.49762837698494533,0.3437811654081778,0.37837918908038026
0.4977310231023102,0.3437811654081778,0.37838741536945036
0.49762739839075715,0.3436386949707936,0.37839584187660963
0.49752373091209245,0.34349622453340933,0.37839756635077587
0.49772914946325353,0.34349622453340933,0.37844631750266616
0.49762543877761717,0.3433537540960251,0.37845628441401913
0.49752168525402723,0.34321128365864084,0.3784751886360764
0.49772727272727274,0.34321128365864084,0.3785357887413277
0.49762347592477785,0.3430688132212566,0.3785400617638449
0.4975196362133113,0.34292634278387235,0.37858003541797425
0.49762249328095925,0.34292634278387235,0.37859380072554005
0.4975186104218362,0.3427838723464881,0.3786051794730261
0.49741468459152016,0.34264140190910386,0.37866136255401367
0.4982390718873006,0.34264140190910386,0.37893163744863056
0.49813510153336094,0.3424989314717196,0.3789524684816489
0.49834162520729686,0.3424989314717196,0.3789734929209596
0.4982376114451586,0.34235646103433537,0.37900162920099645
0.4984443061605476,0.34235646103433537,0.3790694848231871
0.4983402489626556,0.3422139905969511,0.3790831449725787
0.4986506124143658,0.3422139905969511,0.3791679114981217
0.498546511627907,0.3420715201595669,0.3792195170402905
0.4989609310058188,0.3420715201595669,0.37932036020461785
0.49885678653086674,0.34192904972218263,0.3793389028880277
0.498960498960499,0.34192904972218263,0.37935832341763365
0.4988563110833853,0.3417865792847984,0.3793939122269502
0.49896006655574043,0.3417865792847984,0.3794168756400636
0.4988558352402746,0.34164410884741414,0.37945344303593437
0.49875156054931336,0.3415016384100299,0.3794900773720911
0.4988553590010406,0.3415016384100299,0.3795108675637704
0.4987510407993339,0.34135916797264565,0.37955937805763296
0.4986466791588591,0.34121669753526146,0.3795765870233022
0.4988544053322225,0.34121669753526146,0.37973304607866354
0.4988539279016462,0.3410742270978772,0.3797926003303321
0.49906191369606,0.3410742270978772,0.38009217005909723
0.49895702962035876,0.3407892862231087,0.3801100306821682
0.499061130815773,0.3407892862231087,0.38014460158886676
0.4989565943238731,0.3406468157857245,0.3801744207404217
0.49885201419327907,0.34050434534834023,0.38020613429563394
0.4987473903966597,0.340361874910956,0.38022029622388365
0.49895572263993315,0.340361874910956,0.3802460489160983
0.4988510549404638,0.34021940447357174,0.38027200324965554
0.4989552862515671,0.34021940447357174,0.3803152786327291
0.49895484949832775,0.3400769340361875,0.3803406466160737
0.49905916788626387,0.3400769340361875,0.3803453042023221
0.4989544123797574,0.33993446359880325,0.3804003585512709
0.4988496130516628,0.339791993161419,0.380408296936278
0.4993718592964824,0.339791993161419,0.38054767099514414
0.49926701570680626,0.33964952272403476,0.38054921938128916
0.49916212819438627,0.3395070522866505,0.38055051386486755
0.49905719673161536,0.33936458184926627,0.3805706647747205
0.49979018044481743,0.33936458184926627,0.38084888203784895
0.49968520461699895,0.339222111411882,0.3809443740486652
0.5001050199537912,0.339222111411882,0.3811728820706908
0.5,0.33893717053711353,0.38122528277132106
0.5001051082615093,0.33893717053711353,0.3812582702211476
0.5,0.3387947000997293,0.38131557887682627
0.49989484752891694,0.33865222966234504,0.3813655540125713
0.5,0.33865222966234504,0.3814355142613831
0.4998948032821376,0.3385097592249608,0.3814766956039818
0.4997895622895623,0.3383672887875766,0.38149434625853224
0.500105285323226,0.3383672887875766,0.38176707525770104
0.5,0.33822481835019236,0.38183591389583826
0.5001053296819044,0.33822481835019236,0.3818457138449224
0.5,0.3380823479128081,0.3819627877062672
0.49989462592202316,0.33793987747542387,0.3821254009228586
0.5001054185114906,0.33793987747542387,0.38219083007865
0.5,0.3377974070380396,0.38222244465616645
0.5003165224730955,0.3377974070380396,0.38233473333687246
0.5002110595187843,0.3376549366006554,0.3823373158849659
0.5005279831045406,0.3376549366006554,0.3824469634589952
0.5004224757076469,0.33751246616327113,0.3826133086677038
0.5003169237270231,0.3373699957258869,0.38262881054757486
0.5005284295075036,0.3373699957258869,0.3826805350428515
0.5004228329809726,0.33722752528850264,0.38269363797238987
0.5003171917953055,0.3370850548511184,0.3827201261750104
0.5002115059221658,0.33694258441373415,0.382720164465551
0.5001057753331923,0.3368001139763499,0.3828174805776541
0.5,0.33665764353896566,0.3828651414817863
0.50010582010582,0.33665764353896566,0.3828930004540641
0.5,0.3365151731015814,0.3829256746304992
0.4998941350836333,0.33637270266419717,0.38301039343076193
0.49978822532825073,0.3362302322268129,0.3830334553033035
0.49968227070535903,0.3360877617894287,0.383337438219486
0.49957627118644066,0.33594529135204443,0.3834066160265167
0.499470226742954,0.3358028209146602,0.38342866994165126
0.4995760915642221,0.3358028209146602,0.3834387654614374
0.49947000211999154,0.335660350477276,0.38348641752248125
0.49957591178965227,0.335660350477276,0.3835875484044259
0.49946977730646874,0.33551788003989175,0.3836192926288571
0.4995757318625371,0.33551788003989175,0.3836503984041177
0.499469552302143,0.3353754096025075,0.3836598531174714
0.49936332767402375,0.33523293916512326,0.3836910822676629
0.49957537154989384,0.33523293916512326,0.38371314183309857
0.49946910172011044,0.335090468727739,0.383736319338884
0.499893730074389,0.335090468727739,0.3838182425014364
0.4997874149659864,0.33494799829035476,0.38382058556392185
0.4996810546459707,0.3348055278529705,0.3838601171617023
0.49989363965113803,0.3348055278529705,0.3839165487261601
0.4997872340425532,0.3346630574155863,0.3839242657751443
0.4996807831453501,0.33452058697820203,0.3839736805731392
0.5,0.33452058697820203,0.38402917420877497
0.4998935037273695,0.3343781165408178,0.3840479163618228
0.5004264392324094,0.3343781165408178,0.38418590424664356
0.5003198976327575,0.33423564610343354,0.38421779444268306
0.500533390228291,0.33423564610343354,0.3842238621182382
0.5004268032437047,0.3340931756660493,0.3842241638584678
0.5005336179295624,0.3340931756660493,0.3842335938083238
0.5004269854824936,0.33395070522866505,0.38425783038357014
0.5003203074951954,0.3338082347912808,0.38426023024040007
0.5002135839384878,0.33366576435389655,0.3842656144512714
0.5012842465753424,0.33366576435389655,0.38468859387410975
0.5011774780560908,0.3335232939165123,0.38469796778030174
0.5010706638115632,0.33338082347912806,0.38471817274934345
0.5009638038123795,0.3332383530417438,0.38483620427339194
0.5010711225364182,0.3332383530417438,0.3848636143975421
0.5009642168416542,0.33309588260435957,0.3848956366162574
0.501071581654522,0.33309588260435957,0.3849017903001861
0.5009646302250804,0.3329534121669753,0.38493243595811605
0.5011794981771391,0.3329534121669753,0.3849487708778312
0.5010725010725011,0.33281094172959114,0.38496256469599754
0.5016104788490444,0.33281094172959114,0.3850658966197376
0.5015034364261168,0.3326684712922069,0.38509242970801205
0.5013963480128893,0.33252600085482265,0.38509258233118915
0.501504082509669,0.33252600085482265,0.3850989189234752
0.5015047291487532,0.3323835304174384,0.3851296256798707
0.501828350182835,0.3323835304174384,0.385241878377654
0.5017211703958692,0.33224105998005415,0.38525507195325
0.5016139444803098,0.3320985895426699,0.3853428157249813
0.501506672406371,0.33195611910528566,0.3853806146723907
0.5013993541442411,0.3318136486679014,0.3855135822579145
0.5016153349127719,0.3318136486679014,0.3855825410649196
0.5015079707022835,0.33167117823051717,0.38563798807646466
0.5016160310277957,0.33167117823051717,0.38563838883069923
0.5015086206896552,0.3315287077931329,0.3856498691898023
0.501401164043975,0.3313862373557487,0.38566614208579647
0.5012936610608021,0.33124376691836444,0.38567315381629136
0.5015099223468508,0.33124376691836444,0.3857357328856257
0.5014023732470334,0.3311012964809802,0.38583035964845935
0.5015105740181269,0.3311012964809802,0.3858842723065441
0.5014029786315563,0.33095882604359594,0.38589061343574893
0.501619520621896,0.33095882604359594,0.38595950320553024
0.501511879049676,0.3308163556062117,0.38598343776651606
0.5014041909699719,0.33067388516882745,0.38599277736857673
0.5012964563526361,0.3305314147314432,0.3860908722410822
0.5021645021645021,0.3305314147314432,0.38626000408050376
0.5020567222342498,0.33038894429405896,0.3862676085363559
0.501948895625812,0.3302464738566747,0.3862929906082139
0.5018410223088585,0.33010400341929047,0.3863351429293909
0.5028211805555556,0.33010400341929047,0.38675982319474694
0.502713262426742,0.3299615329819063,0.3867885414385212
0.5026052974381242,0.32981906254452203,0.38682407848627864
0.5024972855591748,0.3296765921071378,0.3868531773466959
0.5029341447511411,0.3296765921071378,0.3869405864693407
0.5028260869565218,0.32953412166975354,0.38694936524194734
0.50293542074364,0.32953412166975354,0.38695299104804015
0.5028273162244454,0.3293916512323693,0.38702915894018364
0.502828546562228,0.32924918079498505,0.3871928351189126
0.5030474531998259,0.32924918079498505,0.387258633376152
0.5029392553886349,0.3291067103576008,0.387298556696732
0.5031583532999346,0.3291067103576008,0.3874634491332619
0.5030501089324618,0.32896423992021656,0.3874943939827276
0.503159729788625,0.32896423992021656,0.38756560401726187
0.5030514385353095,0.3288217694828323,0.38767274378675454
0.5038201266099105,0.3288217694828323,0.3878389754878777
0.5037117903930131,0.32867929904544807,0.3878728571728319
0.5040419488748088,0.32867929904544807,0.3879248124515723
0.5039335664335665,0.3285368286080638,0.38793018978090704
0.5042641591952767,0.3285368286080638,0.38795760007714786
0.5041557305336833,0.3283943581706796,0.38799717101935377
0.5042660249398381,0.3283943581706796,0.38802961503707006
0.5041575492341357,0.32825188773329533,0.3880573762144933
0.5040490260450865,0.3281094172959111,0.3880943277430972
0.5039404553415061,0.32796694685852684,0.3881065446232463
0.5041611914148051,0.32796694685852684,0.38815651484514335
0.504052573932092,0.3278244764211426,0.3882000276063734
0.504384042086804,0.3278244764211426,0.3883786319490825
0.5042753782065337,0.32768200598375835,0.38845404145861734
0.5041666666666667,0.3275395355463741,0.38846965204738804
0.5040579074358412,0.32739706510898986,0.3885215616203906
0.5041684949539271,0.32739706510898986,0.38852191062353864
0.5040596883914856,0.3272545946716056,0.3885332479541316
0.5042810098792536,0.3272545946716056,0.3886211895462565
0.5041721563460694,0.3271121242342214,0.38862621142602877
0.5042828904019327,0.3271121242342214,0.3887474863284616
0.5041739894551845,0.3269696537968372,0.38888267303520135
0.5040650406504065,0.32682718335945293,0.3888927980479979
0.503956043956044,0.3266847129220687,0.38890851218780126
0.5041776605101144,0.3266847129220687,0.3890118544822439
0.5040686166703321,0.32654224248468444,0.3890162677942803
0.5039595248570171,0.3263997720473002,0.38902111229812597
0.504070407040704,0.3263997720473002,0.38902213764254157
0.5039612676056338,0.32625730160991595,0.3890387056597985
0.5040721989874533,0.32625730160991595,0.3890765282660252
0.5039630118890357,0.3261148311725317,0.3890966831807154
0.5041850220264317,0.3261148311725317,0.38913747403264465
0.5040757876184182,0.32597236073514746,0.3891835094675246
0.504297994269341,0.32597236073514746,0.3893044302267218
0.5041887125220459,0.3258298902977632,0.38931427287740655
0.5039700044111161,0.3255449494229947,0.3895876999589163
0.5038605779836752,0.3254024789856105,0.3898358934048431
0.5040829838887663,0.3254024789856105,0.38990087270644747
0.5039735099337749,0.32526000854822623,0.38993236426156663
0.504196113074205,0.32526000854822623,0.3899652341762493
0.5041979673000442,0.325117538110842,0.3900334836941677
0.5045323900066327,0.325117538110842,0.3901169199140348
0.5044228217602831,0.32497506767345774,0.39019448243560934
0.504313205043132,0.3248325972360735,0.3902146948884127
0.5043151139632662,0.32469012679868925,0.39022357948736425
0.5045384104494133,0.32469012679868925,0.39023686304303545
0.504428697962799,0.324547656361305,0.39025084453139475
0.5043189368770764,0.3244051859239208,0.3902885571608392
0.5044306601683651,0.3244051859239208,0.39029828827900515
0.5043208508752492,0.32426271548653657,0.3903142704300106
0.5046563192904656,0.32426271548653657,0.3904757794948952
0.5046583850931677,0.3241202450491523,0.3905089696403756
0.5051065719360568,0.3241202450491523,0.39072417826320927
0.5052210619862253,0.3239777746117681,0.39078267216171897
0.5051111111111111,0.32383530417438383,0.3908226939707624
0.5052233829739943,0.32383530417438383,0.3908820146946106
0.5051133837261005,0.3236928337369996,0.39091663676285604
0.5052257060262397,0.3236928337369996,0.39092170021298644
0.5051156583629893,0.32355036329961534,0.3909276813245263
0.5054529267749833,0.32355036329961534,0.390986517444233
0.5053428317008014,0.3234078928622311,0.3910032523913949
0.5054553551547539,0.3234078928622311,0.39100672239338763
0.5053452115812918,0.32326542242484685,0.3910358465755902
0.5052350189351749,0.3231229519874626,0.3910925400087239
0.5054602184087363,0.3231229519874626,0.39118896588368995
0.5053499777084263,0.32298048155007836,0.39124997975344056
0.5054626532887403,0.32298048155007836,0.3913138841246904
0.5053523639607493,0.3228380111126941,0.3913217339536567
0.5056906940415086,0.3228380111126941,0.39147646915673284
0.5056932350971199,0.32269554067530987,0.3915381466283019
0.505806163465833,0.32269554067530987,0.3915584522507828
0.5056957784230511,0.3225530702379256,0.3915800871410403
0.5059217877094973,0.3225530702379256,0.3916113162105374
0.505811354492624,0.3224105998005414,0.39162828339312183
0.5059244355019002,0.3224105998005414,0.3917528634715064
0.5058139534883721,0.32226812936315713,0.39181058918047584
0.5059270856631626,0.32226812936315713,0.39181740942222437
0.5058165548098434,0.3221256589257729,0.3918704026741752
0.5057059744909376,0.32198318848838864,0.39191211728566117
0.5059323931049922,0.32198318848838864,0.39203246561273186
0.5058217644424541,0.3218407180510044,0.3920405800542038
0.5061617745910822,0.3218407180510044,0.39223515813340015
0.5060510981622591,0.32169824761362015,0.3922391416676111
0.5061645370993051,0.32169824761362015,0.3922547134139542
0.5060538116591928,0.32155577717623596,0.3922721931284176
0.507191011235955,0.32155577717623596,0.3926037329911774
0.50708024275118,0.3214133067388517,0.39264355440765253
0.5074224021592443,0.3214133067388517,0.3927906331682029
0.5073115860517435,0.32127083630146747,0.3928044568043469
0.5072007200720072,0.3211283658640832,0.392880051012461
0.5070898041863605,0.320985895426699,0.3928954718378913
0.5069788383610986,0.32084342498931473,0.3929777979928233
0.5070929970727314,0.32084342498931473,0.3929863064514994
0.506981981981982,0.3207009545519305,0.3929947936022857
0.5068709168731697,0.32055848411454624,0.39313954434820236
0.5072137060414789,0.32055848411454624,0.39348256319154296
0.5071025930101466,0.320416013677162,0.39349366140051717
0.5073313782991202,0.320416013677162,0.39354946404117574
0.5072202166064982,0.32027354323977775,0.39357562599030677
0.5074492099322799,0.32027354323977775,0.39366106496231323
0.5073379995484308,0.3201310728023935,0.39372867279913837
0.507567201264965,0.3201310728023935,0.3937704704694091
0.5078036643293372,0.319846131927625,0.3937924305660698
0.5081484834766863,0.319846131927625,0.3938753895063794
0.5080371292732624,0.31970366149024076,0.39407952495705506
0.5087281795511222,0.31970366149024076,0.39434649993428267
0.5086167800453515,0.3195611910528565,0.3943531974958812
0.5085053300068043,0.3194187206154723,0.3944389305649501
0.5085091899251192,0.31927625017808803,0.39450144499377676
0.5083976395823877,0.3191337797407038,0.3945193973909179
0.508628519527702,0.3191337797407038,0.39460755461035485
0.5085169202816262,0.31899130930331954,0.394650383880797
0.5088636363636364,0.31899130930331954,0.39479797560333035
0.5087519890884292,0.3188488388659353,0.3949089524036508
0.5092150170648464,0.3188488388659353,0.3949850841825185
0.5091033227127901,0.3187063684285511,0.3949902541735832
0.5092192123833371,0.3187063684285511,0.3950274789850441
0.5091074681238615,0.31856389799116686,0.3950302038288172
0.5089956729674334,0.3184214275537826,0.3951268435539618
0.5091116173120729,0.3184214275537826,0.39514494366345915
0.5089997721576669,0.31827895711639836,0.3951622204862919
0.5091157702825889,0.31827895711639836,0.3952096955268447
0.5090038750854798,0.3181364866790141,0.3952576835934795
0.5094684006388318,0.3181364866790141,0.3953944610342022
0.5093564582382474,0.3179940162416299,0.39539619929797876
0.5094727231225747,0.3179940162416299,0.3954306696943888
0.5093607305936073,0.3178515458042456,0.3954394194723555
0.5092486869148207,0.3177090753668614,0.39549281558776794
0.5094813799405986,0.3177090753668614,0.3958835355749637
0.5093692870201096,0.31756660492947714,0.39588582629157854
0.5094857142857143,0.31756660492947714,0.39590560839969513
0.5093735711019661,0.3174241344920929,0.3959313455430675
0.5101900618273414,0.3174241344920929,0.39610500178370267
0.5103116406966086,0.31728166405470865,0.39613773477103387
0.5101994040797616,0.3171391936173244,0.3961582673767124
0.509974776427425,0.3168542527425559,0.3961875552953892
0.5100917431192661,0.3168542527425559,0.39620017022070164
0.5099793530626291,0.31671178230517166,0.39627448528817427
0.5098669114272603,0.3165693118677874,0.39628350414523733
0.5099839338994722,0.3165693118677874,0.39629102066975236
0.5098714416896235,0.31642684143040317,0.3963380146029697
0.5106921131294551,0.31642684143040317,0.3966788559907112
0.5105795768169273,0.3162843709930189,0.39677061951799764
0.5109321058688148,0.3162843709930189,0.39697478364082617
0.5108195211786372,0.3161419005556347,0.3970777323112999
0.5111725408891961,0.3161419005556347,0.39711148252987094
0.5109472228624107,0.31585695968086624,0.3972106956154675
0.5113007380073801,0.31585695968086624,0.3973621691080246
0.5111880046136101,0.315714489243482,0.397364105042524
0.5110752191970466,0.31557201880609775,0.39738444632809183
0.5113111726685133,0.31557201880609775,0.3974162026723437
0.5111983375663819,0.3154295483687135,0.39753035819101734
0.5113163972286374,0.3154295483687135,0.3975320569684346
0.5112035112035112,0.31528707793132926,0.39753372818424354
0.5114397966258377,0.31528707793132926,0.3976128556430252
0.5114450867052023,0.315144607493945,0.39764542254358626
0.5113320999074931,0.31500213705656077,0.3977178655132886
0.5113373438223044,0.3148596666191765,0.39772737861605745
0.5116925214169947,0.3148596666191765,0.3977514129953426
0.5115794349235757,0.3147171961817923,0.39776462841650345
0.5114662960389159,0.31457472574440803,0.3978255511815533
0.5113531047265987,0.3144322553070238,0.39785870688396946
0.5121838013460199,0.3144322553070238,0.3980038553071839
0.5120705663881151,0.31428978486963954,0.3980383004366705
0.5119572788483864,0.3141473144322553,0.3981143825533193
0.5118439386901997,0.31400484399487105,0.3981323109547902
0.5122007901464095,0.31400484399487105,0.39828542806723377
0.5120874012087401,0.3138623735574868,0.3984206976401969
0.511973959544292,0.31371990312010256,0.39842080563688287
0.511860465116279,0.3135774326827183,0.398479766892554
0.5120986505351326,0.3135774326827183,0.39850837006521955
0.5121042830540037,0.31343496224533407,0.3985702049122576
0.5124621476822735,0.31343496224533407,0.39863257257456486
0.5123485554520038,0.3132924918079498,0.39868371806335234
0.5127069246910702,0.3132924918079498,0.3987937627824938
0.5125932835820896,0.31315002137056563,0.398985729764528
0.5125991600559963,0.3130075509331814,0.39902689774192485
0.5135577372604021,0.3130075509331814,0.3992225883384811
0.5134440028057049,0.31286508049579714,0.399255063834738
0.5133302151543498,0.3127226100584129,0.3993148384102362
0.5134502923976608,0.3127226100584129,0.3993711934176386
0.5133364529714554,0.31258013962102865,0.3993998681302415
0.5138173302107728,0.31258013962102865,0.39946835683412474
0.5137034434293746,0.3124376691836444,0.3995095610888857
0.5135895032802249,0.31229519874626016,0.3995150003091949
0.5134755097258027,0.3121527283088759,0.3995893425122041
0.5133614627285513,0.31201025787149167,0.39964558929277794
0.5138432660722665,0.31201025787149167,0.3998508075746144
0.5137291715559728,0.3118677874341074,0.39986102017623476
0.5138497652582159,0.3118677874341074,0.3998992416418441
0.5137356186898333,0.3117253169967232,0.3999479941546574
0.513621418506341,0.31158284655933893,0.39994951088867886
0.5135071646699554,0.3114403761219547,0.3999551053486294
0.5133928571428571,0.31129790568457044,0.39995645388211504
0.5135135135135135,0.31129790568457044,0.3999711060078177
0.5133991537376587,0.3111554352471862,0.3999823626281208
0.5135198683282389,0.3111554352471862,0.40000584498900527
0.5134054562558796,0.31101296480980195,0.40008125016549717
0.5138888888888888,0.31101296480980195,0.40043122790578456
0.5137744290087121,0.3108704943724177,0.40055355286391714
0.5136599152143193,0.31072802393503346,0.400561727146111
0.5137809187279152,0.31072802393503346,0.40057155996986415
0.5136663524976437,0.3105855534976492,0.4006937023122553
0.5140297099740627,0.3105855534976492,0.4009116570373866
0.5139150943396227,0.31044308306026497,0.40093685814987706
0.5138004246284501,0.3103006126228808,0.4009681948563798
0.513921661160925,0.3103006126228808,0.401002937006613
0.5138069388718433,0.31015814218549653,0.40109355390801243
0.5136921624173749,0.3100156717481123,0.401253873921188
0.51357733175915,0.30987320131072804,0.40126100279995713
0.5134624468587624,0.3097307308733438,0.40127232966959175
0.5141911069063387,0.3097307308733438,0.4014502289022628
0.5140761769576532,0.30958826043595955,0.401534691416914
0.5145631067961165,0.30958826043595955,0.401661873227573
0.5144481288488868,0.3094457899985753,0.4017580225310787
0.5146919431279621,0.3094457899985753,0.4017657186466335
0.5145769139606542,0.30930331956119106,0.4017683129156564
0.5146989094357516,0.30930331956119106,0.4018105067659591
0.5145838273654256,0.3091608491238068,0.4018474691669043
0.5147058823529411,0.3091608491238068,0.4018541493860527
0.5145907473309609,0.30901837868642257,0.40188235238248327
0.5144755576649265,0.3088759082490383,0.40197537330958255
0.5147198480531814,0.3088759082490383,0.4020334146533462
0.5146046069817145,0.3087334378116541,0.4021055584582625
0.5148491328106438,0.3087334378116541,0.40224858648554124
0.5147338403041825,0.30859096737426983,0.40226823344440915
0.514856192060851,0.30859096737426983,0.40232612824080405
0.5147408464098906,0.3084484969368856,0.40232652374960415
0.5152308424559734,0.3084484969368856,0.4025329491313444
0.5151154487026899,0.30830602649950134,0.4025533132161198
0.5152380952380953,0.30830602649950134,0.4025744743196855
0.5151226482495832,0.3081635560621171,0.40265680090557143
0.5150071462601239,0.30802108562473285,0.4027536045186688
0.5153754469606675,0.30802108562473285,0.4028052807169885
0.5152598950882212,0.3078786151873486,0.40291556317866273
0.5156287282271534,0.3078786151873486,0.40318268452652467
0.5155131264916468,0.30773614474996436,0.40325157165294295
0.5153974695631416,0.3075936743125801,0.4032594428934133
0.5158900836320192,0.3075936743125801,0.40343983784372056
0.515774378585086,0.3074512038751959,0.4035186789083773
0.515658618216591,0.3073087334378117,0.4035896804200916
0.5157819225251076,0.3073087334378117,0.4035936706567883
0.5156661085864626,0.30716626300042743,0.4036121937673121
0.5157894736842106,0.30716626300042743,0.40363214581625556
0.5156736061258674,0.3070237925630432,0.40366868684468876
0.5155576831019627,0.30688132212565894,0.4037037551417496
0.5156811108451042,0.30688132212565894,0.40370532739049314
0.5155651340996169,0.3067388516882747,0.4037342218193771
0.515688622754491,0.3067388516882747,0.40377919207496055
0.5156961418643662,0.30659638125089045,0.4039173302157121
0.5155800575263663,0.3064539108135062,0.4039452658674415
0.5154639175257731,0.30631144037612196,0.40394661069206445
0.515347721822542,0.3061689699387377,0.4039490952866879
0.5153550863723608,0.30602649950135347,0.40395652083031597
0.5152387808975282,0.3058840290639692,0.40396069695581177
0.515362457993279,0.3058840290639692,0.4040740933948154
0.5152460984393757,0.305741558626585,0.4041001366448706
0.5151296829971181,0.30559908818920073,0.40416589847455525
0.515013211626231,0.3054566177518165,0.404185468651324
0.5157565552080827,0.3054566177518165,0.40442714695977205
0.5156400384985563,0.30531414731443224,0.4044558183368028
0.5165100024102194,0.30531414731443224,0.4048068368731094
0.5163934426229508,0.305171676877048,0.40481365228064203
0.5165179647938268,0.305171676877048,0.40482829186827457
0.5164013506994694,0.30502920643966375,0.40485448339418445
0.5165259348612786,0.30502920643966375,0.4048715670665213
0.5164092664092664,0.3048867360022795,0.4049116236943919
0.5167833856556387,0.3048867360022795,0.40501242007348204
0.5166666666666667,0.3047442655648953,0.40504145860048607
0.5167914955303213,0.3047442655648953,0.40505773207157675
0.5166747220879652,0.30460179512751107,0.40507205027030146
0.5167996132463137,0.30460179512751107,0.4051752285092393
0.5166827852998066,0.3044593246901268,0.4051909128313384
0.5165659008464328,0.3043168542527426,0.40521601855705863
0.5164489598451862,0.30417438381535833,0.4053104752836331
0.5165739172513912,0.30417438381535833,0.40535894095218594
0.5164569215876089,0.3040319133779741,0.40538147570562455
0.5165819414185427,0.3040319133779741,0.40539915817304795
0.5164648910411622,0.30388944294058984,0.4055488932672765
0.5163477839670623,0.3037469725032056,0.40555051899209144
0.5162306201550387,0.30360450206582135,0.40559491005301707
0.5161133995638478,0.3034620316284371,0.4056029209297585
0.5162384876393602,0.3034620316284371,0.4056213533525457
0.5161212121212121,0.30331956119105286,0.4056755696227263
0.5163715740965317,0.30331956119105286,0.4057510258915195
0.5162542455118875,0.3031770907536686,0.40579593045604334
0.5160194174757281,0.3028921498789001,0.4058269688865648
0.5159019179412478,0.3027496794415159,0.40598161154401946
0.5160271976687713,0.3027496794415159,0.40604308021102553
0.5159096429438912,0.3026072090041316,0.40606664646313706
0.5157920310981535,0.3024647385667474,0.40615282536351205
0.5159173754556501,0.3024647385667474,0.4061795917887757
0.5157997083130773,0.30232226812936314,0.40622015582030196
0.5156819839533188,0.3021797976919789,0.4062819969721076
0.5159328630503527,0.3021797976919789,0.4063949270077902
0.5158150851581509,0.30203732725459465,0.4065576221009532
0.515697249939158,0.30189485681721046,0.40661605675517853
0.5158227848101266,0.30189485681721046,0.40671475705666016
0.515830491962981,0.3017523863798262,0.4067598585333225
0.5160818713450293,0.3017523863798262,0.40682610256191026
0.5160897123354461,0.30160991594244196,0.4068320816682499
0.5163414634146342,0.30160991594244196,0.4069695825301824
0.5162234691388143,0.3014674455050577,0.40700989367284085
0.5161054172767203,0.3013249750676735,0.40704049011589033
0.5159873077861851,0.3011825046302892,0.4070514298008698
0.515869140625,0.301040034192905,0.407076804394266
0.5157509157509158,0.30089756375552074,0.4072328266543634
0.5156326331216414,0.3007550933181365,0.4073207964848534
0.5158846529814272,0.3007550933181365,0.40744213191271783
0.5157663163040821,0.30061262288075224,0.4074632699108217
0.5156479217603912,0.300470152443368,0.4075194120598729
0.5159001956947162,0.300470152443368,0.4075563876852678
0.5157817470026914,0.30032768200598375,0.40766374988318754
0.5156632403328438,0.3001852115685995,0.4076779534881306
0.5155446756425949,0.30004274113121526,0.40771343424725376
0.5154260528893242,0.299900270693831,0.40781131440103674
0.5155522899828557,0.299900270693831,0.4078293396789086
0.5154336109750123,0.29975780025644677,0.4078357435935168
0.5153148738054398,0.2996153298190625,0.4078515092622309
0.5155675410639863,0.2996153298190625,0.4079184768394523
0.5154487493869544,0.2994728593816783,0.407981493198124
0.5153298994358597,0.29933038894429403,0.408015028702609
0.5154563297350343,0.29933038894429403,0.40802031593432597
0.5153374233128835,0.2991879185069098,0.40804220834267546
0.5152184585174275,0.2990454480695256,0.4081111459465042
0.5153449545789345,0.2990454480695256,0.408159756070146
0.5152259332023575,0.29890297763214135,0.4082459614740303
0.5154791154791155,0.29890297763214135,0.40825182161824636
0.5152409046214356,0.29861803675737286,0.40835664220119805
0.515248401377275,0.2984755663199886,0.4083706356294764
0.5153751537515375,0.2984755663199886,0.4083891601079585
0.515255905511811,0.29833309588260437,0.408394497619306
0.5151365985724834,0.2981906254452201,0.40843261769709965
0.5151440531888697,0.2980481550078359,0.40848420454868595
0.5153978812515397,0.2980481550078359,0.40858159898992913
0.5152784622966978,0.29790568457045163,0.40861406324062044
0.5151589844712842,0.2977632141330674,0.40862544185046823
0.5150394477317555,0.29762074369568314,0.4086840828459061
0.5155478775913129,0.29762074369568314,0.4089161352602947
0.5154282893112812,0.2974782732582989,0.40892111161783806
0.5159377316530763,0.2974782732582989,0.4089955895305862
0.5158180919426594,0.29733580282091465,0.4089962689975597
0.5156983930778739,0.2971933323835304,0.40899966885787203
0.5160811479465611,0.2971933323835304,0.4090546547787069
0.5159613956941351,0.29705086194614616,0.40914303568131544
0.5162168853676653,0.29705086194614616,0.40925623931262417
0.516097077761268,0.2969083915087619,0.4092652969912888
0.5159772108000991,0.29676592107137767,0.4092953616057181
0.5161050545094152,0.29676592107137767,0.4093244472376345
0.5159851301115241,0.2966234506339934,0.4093270475101884
0.515865146256817,0.2964809801966092,0.40932808509482105
0.5159930572774609,0.2964809801966092,0.40936319025900614
0.5158730158730159,0.296338509759225,0.40937528445450316
0.5160009923096006,0.296338509759225,0.4094584314297543
0.5158808933002481,0.29619603932184074,0.4094754953665737
0.516265209833623,0.29619603932184074,0.40960511268951666
0.5161450571286637,0.2960535688844565,0.40972312492133667
0.5160248447204969,0.29591109844707225,0.4097242751774672
0.5159045725646123,0.295768628009688,0.4097359954751826
0.5160328113348247,0.295768628009688,0.4097402210979561
0.515912481352561,0.29562615757230376,0.40977177464438735
0.5160407858741607,0.29562615757230376,0.4097915847293404
0.5159203980099503,0.2954836871349195,0.4098097976385968
0.5160487683503359,0.2954836871349195,0.4098267163406032
0.5159283225485316,0.29534121669753527,0.4098529587157933
0.5160567587752054,0.29534121669753527,0.40986566070002173
0.5159362549800797,0.295198746260151,0.4098963954257285
0.5160647571606476,0.295198746260151,0.40990076239644124
0.5159441953163926,0.2950562758227668,0.4099412824155477
0.5164588528678304,0.2950562758227668,0.41000132607428197
0.5163382389623348,0.29491380538538253,0.4100027476350279
0.5162175648702595,0.2947713349479983,0.41003551308973
0.5160968305465435,0.29462886451061404,0.41007683949870205
0.5162256615077384,0.29462886451061404,0.41011187351959383
0.5161048689138577,0.2944863940732298,0.41011966590268045
0.515984015984016,0.29434392363584555,0.41012346927752863
0.5158631026729953,0.2942014531984613,0.4102193850917345
0.5157421289355323,0.29405898276107706,0.4102399176284777
0.5156210947263185,0.2939165123236928,0.4102673972861733
0.5155,0.29377404188630857,0.4102714397336865
0.5153788447111778,0.2936315714489243,0.41035713941708435
0.5152576288144072,0.29348910101154013,0.4103588631677204
0.5155155155155156,0.29348910101154013,0.4104419985359752
0.5153942428035044,0.2933466305741559,0.4104754340001192
0.5156523916854495,0.2933466305741559,0.41049732587509263
0.5155310621242485,0.29320416013677164,0.4105515030155997
0.5156602355299423,0.29320416013677164,0.4106033261627385
0.5155388471177945,0.2930616896993874,0.4106043797118541
0.5154173978440711,0.29291921926200315,0.4107609249124445
0.515295887662989,0.2927767488246189,0.4108345633197003
0.5155622489959839,0.29263427838723466,0.4108370232696777
0.5154406226462466,0.2924918079498504,0.410858624034149
0.5158291457286432,0.2924918079498504,0.41098289662113824
0.5158371040723982,0.29234933751246617,0.41100528038676915
0.5160965794768612,0.29234933751246617,0.4110751014765978
0.5161046804227478,0.2922068670750819,0.41109850921489954
0.5166246851385391,0.2922068670750819,0.4111482151548112
0.5165028974552784,0.2920643966376977,0.4111626364166783
0.5163810483870968,0.29192192620031343,0.4112442022381357
0.5165112175447442,0.29192192620031343,0.4112647141504725
0.5163893091275845,0.2917794557629292,0.4113710028093845
0.5162673392181589,0.29163698532554494,0.4114071150700769
0.51665825340737,0.29163698532554494,0.4114278761628161
0.5165362282251956,0.2914945148881607,0.41146261059909933
0.5170583775587566,0.2914945148881607,0.41155180219337106
0.5169362992922144,0.29135204445077645,0.4116745220790596
0.5171977744056652,0.29135204445077645,0.41169085281142376
0.5170756387553757,0.2912095740133922,0.4116919951695099
0.5174683544303798,0.2912095740133922,0.4118535577425807
0.5173461635857179,0.29106710357600796,0.41191129225046
0.5172239108409321,0.2909246331386237,0.4120334298358875
0.5173549531289587,0.2909246331386237,0.4120580167246196
0.5172326406487583,0.29078216270123947,0.412059477001806
0.5171102661596958,0.2906396922638553,0.4120738190584301
0.5177664974619289,0.2906396922638553,0.41224745319422973
0.5176440720995177,0.29049722182647103,0.41225993613230677
0.5175215845606908,0.2903547513890868,0.41226965236371044
0.5179161372299873,0.2903547513890868,0.41237489214552464
0.5177935943060499,0.29021228095170254,0.41242792612226326
0.5179252479023646,0.29021228095170254,0.4124402656301602
0.5178026449643948,0.2900698105143183,0.4124461806588862
0.5184619302266361,0.2900698105143183,0.4125156392286058
0.5183392766174223,0.28992734007693405,0.4125224599881336
0.5182165605095541,0.2897848696395498,0.41253313463408703
0.518348623853211,0.2897848696395498,0.4125792727917529
0.5182258475656385,0.28964239920216556,0.4126349877260013
0.5183579806221316,0.28964239920216556,0.4126507211030587
0.5182351440958939,0.2894999287647813,0.4126926830405749
0.5181122448979592,0.28935745832739707,0.4127274609182826
0.5183767228177641,0.28935745832739707,0.4128045463134392
0.518253765636967,0.2892149878900128,0.41285997429190946
0.5181307456588355,0.2890725174526286,0.41289532435128096
0.5182630906768838,0.2890725174526286,0.41296349286450057
0.5182724252491694,0.28893004701524433,0.4130490939869788
0.5185374584505241,0.28893004701524433,0.4131459062251575
0.5184143222506394,0.2887875765778601,0.4131936502148794
0.5182911230493732,0.28864510614047584,0.41336311983781426
0.5186891961085509,0.28864510614047584,0.4137102238139793
0.5185659411011524,0.2885026357030916,0.413783671013872
0.5189646335212711,0.2885026357030916,0.4139631128039841
0.5188413227377595,0.28836016526570735,0.4139688081782019
0.518974358974359,0.28836016526570735,0.4139939747098373
0.518850987432675,0.2882176948283231,0.4140244505615956
0.5189840944073884,0.2882176948283231,0.4141024573601518
0.5188606620477291,0.28807522439093886,0.4141865290332578
0.5187371663244353,0.2879327539535546,0.4142487697729266
0.5186136071887034,0.2877902835161704,0.41428403979799044
0.5188800410994092,0.2877902835161704,0.41436762293417373
0.5187564234326825,0.2876478130787862,0.4144277741992062
0.5186327422256489,0.28750534264140193,0.41453711331744597
0.5187660668380463,0.28750534264140193,0.41454183626203744
0.5186423245050141,0.2873628722040177,0.41455426025848613
0.518775720164609,0.2873628722040177,0.41465941730594214
0.5186519166452277,0.28722040176663344,0.41469027124690383
0.5191861962400206,0.28722040176663344,0.4148606352458166
0.5190623390005152,0.2870779313292492,0.4148987935486985
0.5193298969072165,0.2870779313292492,0.4149581346658076
0.5192059809229183,0.28693546089186495,0.4149616401426708
0.5194738199638896,0.28693546089186495,0.41505754706336434
0.5193498452012384,0.2867929904544807,0.4151219578754976
0.5197521301316809,0.2867929904544807,0.41523576505484366
0.5196280991735537,0.28665052001709646,0.4152711486685543
0.5195040041332989,0.2865080495797122,0.41530632122256605
0.5196382428940568,0.2865080495797122,0.4153112498682527
0.5195140863272163,0.28636557914232796,0.41531248484027483
0.5197827773467805,0.28636557914232796,0.41540593955542404
0.5197930142302717,0.2862231087049437,0.41542056642445774
0.5196687370600414,0.2860806382675595,0.4154589171428499
0.5202072538860104,0.2860806382675595,0.4157767979945269
0.5200829230370563,0.2859381678301752,0.41579492544533936
0.5202177293934681,0.2859381678301752,0.4158095359171257
0.5200933367902515,0.285795697392791,0.4158321868983548
0.5206332727744615,0.285795697392791,0.41589607373699944
0.520508826583593,0.28565322695540674,0.41594925426796975
0.5203843157621397,0.2855107565180225,0.4159635069343388
0.5202597402597403,0.28536828608063824,0.41599977742767996
0.5201351000259807,0.285225815643254,0.4160010593202231
0.5202702702702703,0.285225815643254,0.4160390424555496
0.5201455679750455,0.2850833452058698,0.4160729565901821
0.5200208008320333,0.28494087476848556,0.41612579790291443
0.5201560468140443,0.28494087476848556,0.4161347208888511
0.5200312174817898,0.2847984043311013,0.41615492146584837
0.5203019260801666,0.2847984043311013,0.4162482641143168
0.5201770372298881,0.2846559338937171,0.41628994801901653
0.5199270643396718,0.2843709930189486,0.41632405317127874
0.5200625325690463,0.2843709930189486,0.416386437606283
0.5200729927007299,0.28422852258156434,0.4164012166936974
0.5202086049543677,0.28422852258156434,0.41641009183482236
0.5200834637454356,0.2840860521441801,0.416424891625813
0.5203549060542797,0.2840860521441801,0.41656667771528627
0.5202297050378492,0.28394358170679584,0.41657830668463325
0.5201044386422976,0.2838011112694116,0.41658152218914835
0.5206481965499216,0.2838011112694116,0.41672424663795055
0.5205228758169934,0.28365864083202735,0.41673827258275054
0.520397489539749,0.2835161703946431,0.41675271203129893
0.5208060717089767,0.2835161703946431,0.4169672771474036
0.5206806282722513,0.28337369995725886,0.41696993510000757
0.5208169677926159,0.28337369995725886,0.4169708391960198
0.5206914614981666,0.2832312295198746,0.4169962379770942
0.5209643605870021,0.2832312295198746,0.41706682262214234
0.5208387942332896,0.28308875908249037,0.4170748442589137
0.5213854631330359,0.28308875908249037,0.41720503073743476
0.521259842519685,0.2829462886451061,0.4172463512307552
0.5213966920451563,0.2829462886451061,0.4172778776270183
0.5214079327554505,0.2828038182077219,0.4173116237409038
0.5215449290593799,0.2828038182077219,0.4173271177187073
0.521419185282523,0.28266134777033763,0.417352075705373
0.5215562565720294,0.28266134777033763,0.4173733438111894
0.5214304496450171,0.2825188773329534,0.41751073831770374
0.5213045765386639,0.28237640689556914,0.4175286083364611
0.5217162411160832,0.28237640689556914,0.41770225718605886
0.5215903106898367,0.28223393645818495,0.41771673263258674
0.5214643139320516,0.2820914660208007,0.4177451498554167
0.5213382507903056,0.28194899558341646,0.4177480173314837
0.5216130732735899,0.28194899558341646,0.4178291065311003
0.5214869496440812,0.2818065251460322,0.41782933919290943
0.521762068055922,0.2818065251460322,0.41786150656555515
0.5216358839050131,0.28166405470864797,0.417881858134572
0.5217735550277118,0.28166405470864797,0.4179092521662822
0.5216473072861668,0.2815215842712637,0.41797861322451096
0.5219228737453777,0.2815215842712637,0.41809396929647324
0.5217965653896962,0.2813791138338795,0.4181002992887995
0.5220724292889242,0.2813791138338795,0.41814728498018994
0.5219460602855632,0.28123664339649523,0.41829487436365537
0.5218196244379794,0.281094172959111,0.41831613018747515
0.5216931216931217,0.28095170252172674,0.41837271819759514
0.521566551997883,0.2808092320843425,0.4184443567277545
0.5214399152991,0.28066676164695825,0.41846077867202663
0.521313211543553,0.280524291209574,0.4184614300351641
0.5214512711864406,0.280524291209574,0.41846220811538526
0.5213245033112582,0.28038182077218976,0.4184645183659901
0.5211976682564918,0.2802393503348055,0.4184801137402346
0.5210707659687251,0.28009687989742127,0.41850042198937065
0.5209437963944857,0.279954409460037,0.4185169598278879
0.520816759480244,0.2798119390226528,0.4186044385082417
0.5212314225053079,0.2798119390226528,0.41872858623439546
0.5209771640998406,0.2795269981478843,0.41873209267201555
0.5211155378486055,0.2795269981478843,0.4187365696870427
0.5209883103081828,0.2793845277105001,0.41874087929061116
0.5208610151474887,0.27924205727311585,0.4188396652637086
0.5211379952140388,0.27924205727311585,0.41886559336303547
0.5211492418196328,0.2790995868357316,0.41889826091824517
0.5210218201170835,0.27895711639834736,0.41891400500156356
0.5212992545260916,0.27895711639834736,0.4189589984894561
0.5211717709720373,0.2788146459609631,0.4189949045632565
0.5210442194992009,0.27867217552357887,0.41900128137033754
0.5209166000532907,0.2785297050861946,0.41905568296255036
0.5217507339204697,0.2785297050861946,0.4192070110631977
0.5216230646022424,0.2783872346488104,0.41922102255474436
0.5214953271028038,0.27824476421142613,0.4192987754157297
0.5217739780924392,0.27824476421142613,0.41936405131413396
0.5216461785141635,0.2781022937740419,0.41944094491154343
0.5217856188184977,0.2781022937740419,0.41958073553803793
0.5216577540106951,0.27795982333665764,0.4195825542065355
0.5215298208077026,0.2778173528992734,0.4196031159181548
0.5218089376505218,0.2778173528992734,0.4197022712440678
0.5216809421841542,0.27767488246188915,0.4197219229466324
0.5222400857449089,0.27767488246188915,0.4199670408929675
0.5221120343071562,0.2775324120245049,0.4199823886916766
0.5225321888412017,0.2775324120245049,0.42002128350318
0.5224040783471962,0.27738994158712066,0.42005488941149915
0.5222758990874933,0.2772474711497364,0.4200981051461214
0.5224161073825503,0.2772474711497364,0.4201374697162394
0.5222878625134264,0.27710500071235217,0.42014412552515557
0.5224522721161603,0.2768200598375837,0.4201755992758381
0.5223238300161377,0.2766775894001995,0.4202296082220237
0.5221953188054883,0.27653511896281524,0.42024539077674206
0.5234627831715211,0.27653511896281524,0.4204995695297051
0.5233342325330456,0.276392648525431,0.4205106226074052
0.5238995409127735,0.276392648525431,0.4206607880829088
0.5237709346299297,0.27625017808804675,0.42070739448282035
0.5239253852392538,0.2761077076506625,0.42076616151803287
0.5244925575101489,0.2761077076506625,0.42088776506007136
0.5243638332430969,0.27596523721327826,0.4208924239742734
0.5245058218250744,0.27596523721327826,0.42091358172333176
0.5243770314192849,0.275822766775894,0.42092938628209275
0.5245191005147657,0.275822766775894,0.42093865494695487
0.524390243902439,0.27568029633850977,0.42096838215931354
0.5242613174301979,0.2755378259011255,0.4209789057227952
0.5248303934871099,0.2755378259011255,0.4211645851104379
0.5247014115092291,0.2753953554637413,0.42121767938713817
0.5245723594895466,0.27525288502635703,0.4212315221157458
0.5248573757131214,0.27525288502635703,0.42124822494451836
0.5247282608695653,0.2751104145889728,0.4213585437006173
0.524599075835825,0.27496794415158854,0.42142750938173074
0.5244698205546493,0.2748254737142043,0.4214792724540363
0.5243404949687245,0.27468300327682005,0.4214908087232085
0.5244831338411317,0.27468300327682005,0.4215051203894443
0.5243537414965986,0.2745405328394358,0.42161052513350983
0.5242242787152966,0.27439806240205156,0.42164642025624166
0.524094745439695,0.2742555919646673,0.4216617035666172
0.5239651416122004,0.27411312152728307,0.4216640180578626
0.5241078725143012,0.27411312152728307,0.4216691899399261
0.5239782016348774,0.2739706510898988,0.421701866729668
0.5244068721025361,0.2739706510898988,0.4217292828566301
0.5242771412984178,0.27382818065251463,0.4217721837382194
0.5244201909959072,0.27382818065251463,0.4218148871703576
0.5242903930131004,0.2736857102151304,0.42186872483106874
0.524720021851953,0.2736857102151304,0.4219153154138987
0.5245901639344263,0.27354323977774614,0.42202990901688336
0.5244602350368953,0.2734007693403619,0.42211208711252324
0.524890590809628,0.2734007693403619,0.42227580697086053
0.525047905830824,0.27325829890297765,0.4222951309819731
0.526055951727921,0.27325829890297765,0.42272025743563146
0.5259259259259259,0.2731158284655934,0.4227355615521873
0.5265037077725899,0.2731158284655934,0.4228698325503336
0.5263736263736264,0.27297335802820916,0.42290867464248577
0.5265182742511679,0.27297335802820916,0.4229110967472227
0.5263881253435954,0.2728308875908249,0.4230591215436549
0.5265328567500688,0.2728308875908249,0.4231006695597832
0.5264026402640264,0.27268841715344067,0.4231101397393611
0.5265474552957359,0.27268841715344067,0.42317094841149383
0.5264171711612549,0.2725459467160564,0.4231820582119044
0.5262868153041563,0.2724034762786722,0.4232013538119991
0.5265767006334343,0.2724034762786722,0.4232411118015644
0.5264462809917355,0.27226100584128793,0.4232520201849173
0.5264608599779493,0.2721185354039037,0.4232966399457969
0.5263303005238489,0.27197606496651944,0.423353302673097
0.5270568746548868,0.27197606496651944,0.423524712816473
0.5269262634631318,0.2718335945291352,0.42358330472810424
0.5267955801104972,0.27169112409175095,0.4237315982801084
0.5270867882808181,0.27169112409175095,0.42385045540860833
0.5269560409178877,0.2715486536543667,0.423907853157447
0.5271017699115044,0.2715486536543667,0.4239985921741379
0.5269709543568465,0.27140618321698246,0.4240250572928715
0.5271167681239624,0.27140618321698246,0.4240680199462283
0.5269858843066704,0.2712637127795982,0.424108995316371
0.5268549280177187,0.27112124234221396,0.4241641953719812
0.5267238991968983,0.2709787719048298,0.4241675928758341
0.5265927977839335,0.27083630146744553,0.424317308118202
0.5268847006651884,0.27083630146744553,0.4243877062366286
0.5267535347934572,0.2706938310300613,0.4244162931266958
0.5270457697642164,0.2706938310300613,0.4246027698476099
0.5269145394006659,0.27055136059267704,0.42465540907918314
0.5267832361920621,0.2704088901552928,0.4247128344287488
0.5266518600777346,0.27026641971790855,0.42471575205390505
0.5265204109969452,0.2701239492805243,0.42477245951553955
0.5266666666666666,0.2701239492805243,0.4248135530983194
0.5265351486524035,0.26998147884314005,0.4248839962784223
0.5266814897165092,0.26998147884314005,0.42489757384037996
0.5265499026966917,0.2698390084057558,0.42496360812852246
0.5264182424916574,0.26969653796837156,0.4249949667170553
0.5267111853088481,0.26969653796837156,0.4250360332409485
0.5265794600612301,0.2695540675309873,0.4250514602178518
0.5264476614699332,0.2694115970936031,0.4250933799602559
0.5267409470752089,0.2694115970936031,0.42524125789567185
0.5266090833101142,0.2692691266562188,0.42525708559884445
0.5267558528428093,0.2692691266562188,0.42530927968010784
0.5266239197100642,0.2691266562188346,0.42532109322959405
0.5267707752370329,0.2691266562188346,0.4253716501218502
0.5266387726638773,0.26898418578145034,0.42543713637836306
0.5269327379291097,0.26898418578145034,0.4254921486819433
0.5268006700167505,0.2688417153440661,0.4255640235420032
0.5270949720670391,0.2688417153440661,0.4257231114992144
0.5269628387817826,0.26869924490668184,0.42572531486505444
0.5271101173840134,0.26869924490668184,0.4257325249953458
0.5269779144534527,0.2685567744692976,0.4257522273053501
0.5272727272727272,0.2685567744692976,0.4258308065125022
0.5271404588696139,0.26841430403191335,0.4258602827420379
0.5284712482468443,0.26841430403191335,0.4261879790201197
0.5283389450056116,0.2682718335945291,0.42622516871780214
0.5289325842696629,0.2682718335945291,0.4264443244562211
0.5288002247822422,0.2681293631571449,0.42644706909443414
0.5290975541186393,0.2681293631571449,0.42646496367719317
0.5289651293588301,0.26798689271976067,0.4264719511374529
0.5294117647058824,0.26798689271976067,0.42649425726999535
0.5292792792792793,0.2678444222823764,0.4265749892957237
0.5291467192340186,0.2677019518449922,0.4266821897984782
0.5290140845070422,0.26755948140760794,0.42677914418156465
0.5288813750352211,0.2674170109702237,0.42677950407120896
0.5287485907553551,0.26727454053283944,0.4268858931760454
0.5290468133107727,0.26727454053283944,0.4269775410563953
0.5290632054176072,0.2671320700954552,0.42698194863932265
0.5298106809833286,0.2671320700954552,0.4271154679363623
0.5296777840587903,0.26698959965807095,0.42712126977497483
0.5295448119875601,0.2668471292206867,0.4271902727735506
0.5294117647058824,0.26670465878330246,0.4272342240656392
0.5292786421499293,0.2665621883459182,0.42724476113406806
0.5291454442558008,0.26641971790853397,0.427245155287158
0.5290121709595245,0.2662772474711497,0.4273309581017549
0.5288788221970555,0.2661347770337655,0.42735339543439393
0.5293284216491924,0.2661347770337655,0.4275808544132634
0.5291950113378685,0.26599230659638123,0.4275862094011458
0.5290615253756734,0.265849836158997,0.4275919716690107
0.5289279636982417,0.26570736572161274,0.4275931621093339
0.529378370706784,0.26570736572161274,0.4276936584388118
0.5292447473026689,0.2655648952842285,0.4277554778829099
0.5291110479977279,0.2654224248468443,0.42777403534655845
0.5292613636363637,0.2654224248468443,0.42779544680832704
0.529127593066212,0.26527995440946006,0.42782882099551206
0.5298804780876494,0.26527995440946006,0.42807370914347953
0.5297466552803871,0.2651374839720758,0.42807970138087137
0.5301994301994302,0.2651374839720758,0.428211249083974
0.5300655457395269,0.26499501353469157,0.4282807672233228
0.5299315849486887,0.2648525430973073,0.42840221358011
0.5300826917593384,0.2648525430973073,0.42842801819303294
0.5299486594409584,0.2647100726599231,0.4284659984488461
0.5305539691604797,0.2647100726599231,0.42868492705147787
0.5304198800342759,0.26456760222253883,0.4286984894961015
0.5302857142857142,0.2644251317851546,0.4288284423815824
0.5301514718490997,0.26428266134777034,0.4288509525939494
0.530454675436088,0.26428266134777034,0.42894069584866973
0.5303203661327232,0.2641401909103861,0.4290107508122909
0.5301859799713877,0.26399772047300185,0.4290455744052576
0.5302032636701975,0.2638552500356176,0.42910501492106085
0.5303550973654066,0.2638552500356176,0.4291422532541883
0.5302205671727299,0.26371277959823336,0.4291956193470863
0.530524505588994,0.26371277959823336,0.42920088145161717
0.5303899082568807,0.2635703091608491,0.42927365940945683
0.5306942053930006,0.2635703091608491,0.4294205634941073
0.5305595408895265,0.26342783872346487,0.42943967548469975
0.5304247990815155,0.2632853682860806,0.4294666490737179
0.530289979902383,0.2631428978486964,0.42951890142337007
0.5301550832854681,0.26300042741131213,0.4295976949062975
0.5304597701149425,0.26300042741131213,0.4297857229287091
0.5303248059787296,0.2628579569739279,0.4298068114144704
0.5307825086306099,0.2628579569739279,0.4300694516266674
0.5306474820143885,0.26271548653654364,0.4300954417459485
0.5308002302820956,0.26271548653654364,0.4301751855548669
0.5306651310106536,0.26257301609915945,0.43024819258877095
0.5305299539170507,0.2624305456617752,0.4302643256484921
0.531295067781944,0.2624305456617752,0.43034119209175903
0.5311598384304674,0.26228807522439096,0.43045863994430367
0.5313131313131313,0.26228807522439096,0.4304772610088623
0.5311778290993071,0.2621456047870067,0.4305034656270734
0.5310424487438637,0.26200313434962247,0.4305103659463869
0.5309069901790873,0.2618606639122382,0.4305208578273099
0.5310603871713377,0.2618606639122382,0.43052902859437536
0.5309248554913295,0.261718193474854,0.43054381317213164
0.5312319259687681,0.261718193474854,0.4306325762496921
0.531096326294475,0.26157572303746973,0.43064254058600654
0.5309606481481481,0.2614332526000855,0.4306565681037093
0.5308248914616498,0.26129078216270124,0.430676508690025
0.5312862108922364,0.26129078216270124,0.4309529622356455
0.5311503911909592,0.261148311725317,0.430970364522868
0.5316125290023201,0.261148311725317,0.4310906702943943
0.5314766463591529,0.26100584128793275,0.43117374663896
0.5316308763784098,0.26100584128793275,0.43119569771247357
0.5314949201741654,0.2608633708505485,0.43121849263527473
0.5327320337503637,0.2608633708505485,0.4313803482831886
0.5325960419091967,0.26072090041316426,0.43141298039523884
0.5324599708879185,0.26057842997578,0.431557063183359
0.5323238206173558,0.26043595953839577,0.4316492695401707
0.5324788814448005,0.26043595953839577,0.4316613899799299
0.5323426573426573,0.2602934891010115,0.43170848732085354
0.5322063538327019,0.2601510186636273,0.4317518148273672
0.5326721120186698,0.2601510186636273,0.43197791323167306
0.5325357455500438,0.26000854822624303,0.4319863919435585
0.5326911850554582,0.26000854822624303,0.4321039655925078
0.5325547445255474,0.2598660777888588,0.43215508453964574
0.5324182242990654,0.2597236073514746,0.43225842001534065
0.533196841181632,0.2597236073514746,0.4324222367955631
0.5330602691632533,0.25958113691409035,0.43242905092657696
0.5335285505124451,0.25958113691409035,0.4326632801441404
0.5333919156414763,0.2594386664767061,0.43266461285566443
0.534330985915493,0.2594386664767061,0.43278968401209633
0.5341943058409158,0.25929619603932186,0.43280176734865755
0.5340575455079272,0.2591537256019376,0.432834431744427
0.533920704845815,0.25901125516455337,0.4328577189203676
0.5337837837837838,0.2588687847271691,0.4330000056467038
0.5340975896531452,0.2588687847271691,0.4331143541050188
0.5339605998235813,0.2587263142897849,0.4331345742371333
0.5339805825242718,0.25858384385240063,0.4331388536811381
0.5342949661466,0.25858384385240063,0.43324009835422306
0.5344725987035945,0.2584413734150164,0.4332703591976235
0.5347877358490566,0.2584413734150164,0.43339322016929904
0.5346505455617812,0.25829890297763214,0.4334455182853758
0.5352819604369649,0.25829890297763214,0.43360414966365673
0.5351447135262847,0.2581564325402479,0.43363389296244803
0.5350073855243722,0.25801396210286365,0.4336482656036776
0.5348699763593381,0.2578714916654794,0.4337711018922753
0.5351862803075104,0.2578714916654794,0.4338497283697643
0.5350488021295474,0.25772902122809516,0.43387224316717354
0.5356825584838614,0.25772902122809516,0.43393761896067584
0.5355450236966824,0.2575865507907109,0.43399502255617783
0.5360213459828046,0.2575865507907109,0.43416824210858695
0.5358837485172004,0.25744408035332667,0.43419231556477095
0.5360427172945713,0.25744408035332667,0.43425391270177066
0.5359050445103858,0.2573016099159424,0.43434582569019203
0.5357672899970317,0.2571591394785582,0.434393714754958
0.5359263657957245,0.2571591394785582,0.43445549587035626
0.5357885357885358,0.257016669041174,0.43455461369697485
0.5359477124183006,0.257016669041174,0.43468281873706754
0.5358098068350668,0.25687419860378974,0.4346941136122655
0.5359690844233056,0.25687419860378974,0.43479652727619844
0.535831103181683,0.2567317281664055,0.4350419755498447
0.5356930398572278,0.25658925772902125,0.4350532591150471
0.5355548943766736,0.256446787291637,0.43514098402511187
0.5357142857142857,0.256446787291637,0.4351451339328685
0.5355760643048526,0.25630431685425276,0.4351655878148153
0.5357355568790947,0.25630431685425276,0.4354579791282831
0.5355972594578493,0.2561618464168685,0.4354776689611669
0.535756853396901,0.2561618464168685,0.4354936207560358
0.5356184798807749,0.25601937597948426,0.4355083643811978
0.5354800238521169,0.2558769055421,0.43555041049005044
0.5353414852371011,0.2557344351047158,0.43557013051548377
0.5352028639618138,0.25559196466733153,0.4355712138424605
0.5350641599522531,0.2554494942299473,0.4355839915081683
0.5349253731343283,0.25530702379256304,0.435660680857013
0.5347865034338608,0.2551645533551788,0.4357300361713641
0.5351060651329549,0.2551645533551788,0.4357849450870546
0.5349671249252839,0.25502208291779455,0.4357955447914228
0.5352870813397129,0.25502208291779455,0.43582469868636065
0.535308198683423,0.2548796124804103,0.43583868136207476
0.5354684226279557,0.2548796124804103,0.4358856955378887
0.5355322338830585,0.25445220116825756,0.4358899952710166
0.5353929214157168,0.2543097307308733,0.43595392860462917
0.5355535553555355,0.2543097307308733,0.4359814640430772
0.5354141656662665,0.25416726029348913,0.436055265833368
0.5355749024317021,0.25416726029348913,0.4361113493245293
0.5354354354354355,0.2540247898561049,0.4361958590096229
0.5352958846500451,0.25388231941872064,0.43624839068173776
0.5357787131689717,0.25388231941872064,0.43641446240969284
0.5356390977443609,0.2537398489813364,0.43644159527667625
0.5354993983152828,0.25359737854395215,0.4364605449520664
0.5358217940999398,0.25359737854395215,0.43651588931370405
0.5356820234869015,0.2534549081065679,0.436540099116463
0.5355421686746988,0.25331243766918365,0.4365583332013013
0.535402229587225,0.2531699672317994,0.4365806617105998
0.5355635925256178,0.2531699672317994,0.43661458230440214
0.5354235755200483,0.25302749679441516,0.43664389332043024
0.5352834740651388,0.2528850263570309,0.4368166954888427
0.5351432880844645,0.25274255591964667,0.4368273050159479
0.5356280193236715,0.25274255591964667,0.43721032038064617
0.5354877680459076,0.2526000854822624,0.4372121514827431
0.5353474320241692,0.2524576150448782,0.43737331743817287
0.5352070111816258,0.25231514460749394,0.43737780469330856
0.5356926799758016,0.25231514460749394,0.43740625541778005
0.5355521936459909,0.2521726741701097,0.43742837350550945
0.5357142857142857,0.2521726741701097,0.4375038551770731
0.5355737208598244,0.25203020373272544,0.4375432745911456
0.5354330708661418,0.2518877332953412,0.43757507115643896
0.5352923356558619,0.25174526285795695,0.43759689822099457
0.5354545454545454,0.25174526285795695,0.43764324569367874
0.5353137314337678,0.2516027924205727,0.43765132063500634
0.5356384592053381,0.2516027924205727,0.43770192852891754
0.535497572815534,0.25146032198318846,0.4377572649811609
0.5356600910470409,0.25146032198318846,0.437766131017897
0.5355191256830601,0.25131785154580427,0.43783860365683913
0.5358444714459295,0.25131785154580427,0.4378535439026148
0.5357034336068064,0.25117538110842,0.43786962792215933
0.5355623100303951,0.2510329106710358,0.437893411920134
0.5357251444207966,0.2510329106710358,0.437964069358024
0.5355839416058394,0.25089044023365153,0.4380579966863147
0.5357468816550046,0.25089044023365153,0.43810030091276797
0.5356055995130858,0.2507479697962673,0.43813515571948414
0.5357686453576864,0.2507479697962673,0.43817474840114834
0.5356272838002436,0.25060549935888304,0.4382663984585446
0.5354858361254949,0.2504630289214988,0.4382903588370859
0.5353443022547227,0.25032055848411455,0.4383573407501858
0.5355074672355989,0.25032055848411455,0.438399694836308
0.5353658536585366,0.2501780880467303,0.4384461565954125
0.5355291247331504,0.2501780880467303,0.4385402260235438
0.5353874313605858,0.25003561760934606,0.43858336994009633
0.5352456515105279,0.24989314717196182,0.43874177266429587
0.5351037851037851,0.24975067673457757,0.4387974385043604
0.535757946210269,0.24975067673457757,0.4389256373779769
0.535616019565882,0.24960820629719332,0.4389380717820529
0.5359437136739064,0.24960820629719332,0.439030126923614
0.5358017135862914,0.24946573585980908,0.43903021001251724
0.535517452541335,0.24918079498504062,0.4390506843243004
0.5355392156862745,0.24903832454765637,0.4390553986741925
0.535703340484217,0.24903832454765637,0.4391577480314263
0.535561005518087,0.24889585411027212,0.4391619515751305
0.5357252376571604,0.24889585411027212,0.4391814027279262
0.5355828220858896,0.24875338367288788,0.43919256375431787
0.5362407862407862,0.24875338367288788,0.4393496727754425
0.5360983102918587,0.24861091323550363,0.4394077757830546
0.5359557467732022,0.2484684427981194,0.43954854868335247
0.5364503229775454,0.2484684427981194,0.4396192061545034
0.5363076923076923,0.24832597236073514,0.4396461124105068
0.536164973838104,0.2481835019233509,0.4396867803317341
0.5360443622920518,0.2478985610485824,0.43968756911081275
0.5365402405180388,0.2478985610485824,0.43980208036519913
0.5370599135268684,0.2477560906111982,0.4398097215235678
0.5369168983626815,0.24761362017381394,0.43983319911120766
0.5367737948084055,0.2474711497364297,0.43995647876236155
0.5384376937383757,0.2474711497364297,0.44051172434356767
0.5382945736434108,0.24732867929904545,0.44051625046053067
0.5384615384615384,0.24732867929904545,0.44057509458083094
0.5383183369531492,0.2471862088616612,0.44057826926848176
0.5388198757763976,0.2471862088616612,0.4406117122876827
0.5386766076421249,0.24704373842427696,0.44066163340503234
0.538533250466128,0.24690126798689271,0.4407411317482247
0.5390357698289269,0.24690126798689271,0.44078816804798715
0.5388923459863099,0.24675879754950847,0.44083839309764633
0.5387488328664799,0.24661632711212422,0.4408571196127291
0.5386052303860523,0.24647385667474,0.44090992568886034
0.5391087566220006,0.24647385667474,0.44108164404275896
0.5389650872817955,0.24633138623735576,0.44109656054378354
0.5391331462425943,0.24633138623735576,0.4411562294146198
0.5389893948845914,0.2461889157999715,0.4411631367543878
0.5393258426966292,0.2461889157999715,0.4412101074315251
0.5391820168591945,0.24604644536258727,0.4412881889246147
0.5397371714643304,0.24576150448781878,0.4413006844821078
0.5395931142410015,0.24561903405043453,0.441304820495628
0.5397620538509705,0.24561903405043453,0.4413778599323596
0.5396179141872847,0.24547656361305029,0.44141995906950515
0.5394736842105263,0.24533409317566604,0.4414249055546269
0.5393293638357881,0.2451916227382818,0.44142580127377795
0.5394984326018809,0.2451916227382818,0.4414752784870291
0.5393540294763248,0.24504915230089758,0.441514412691169
0.5407104684061615,0.24504915230089758,0.4421055566481369
0.5405660377358491,0.24490668186351333,0.4421374933644239
0.5414173228346457,0.24490668186351333,0.4424268634284828
0.5412728418399496,0.24476421142612909,0.44246753226511315
0.541128269776237,0.24462174098874484,0.44250266260366966
0.5423246999368289,0.24462174098874484,0.44299061711313165
0.5421800947867299,0.2444792705513606,0.4430135440326965
0.5420353982300885,0.24433680011397635,0.44301970349737285
0.5418906101802087,0.2441943296765921,0.4430243996168693
0.5420619860847565,0.2441943296765921,0.4430814490508877
0.5419171148370768,0.24405185923920786,0.44308179234034417
0.5420886075949367,0.24405185923920786,0.4431533396002194
0.5419436530547642,0.2439093888018236,0.4432115432072475
0.5422869813113715,0.2439093888018236,0.4434299364035281
0.5421419518377694,0.24376691836443937,0.4434377288257011
0.5423137876386688,0.24376691836443937,0.4434639631920153
0.5421686746987951,0.24362444792705515,0.4435684808969954
0.5428571428571428,0.24362444792705515,0.44370836890992654
0.5427119720546205,0.2434819774896709,0.4438936304887478
0.542566709021601,0.24333950705228666,0.4439326858720303
0.5429116338207247,0.24333950705228666,0.4439631887949886
0.5427662957074721,0.2431970366149024,0.443987994475557
0.5426208651399491,0.24305456617751817,0.44398904084813196
0.5429662635264163,0.24305456617751817,0.44401766824233596
0.5428207577204712,0.24291209574013392,0.44404682262944073
0.5433397068196303,0.24291209574013392,0.44426293619385754
0.54319413452343,0.24276962530274968,0.4442840835420481
0.5430484693877551,0.24262715486536543,0.4443300950247657
0.542902711323764,0.24248468442798118,0.4443449608498264
0.5434227330779055,0.24248468442798118,0.444667522722499
0.5432769083359948,0.24234221399059694,0.4448496660860076
0.5434504792332269,0.24234221399059694,0.4449435032786069
0.5433045701502077,0.24219974355321272,0.44495265520456745
0.5434782608695652,0.24219974355321272,0.4449708489341452
0.5433322673488967,0.24205727311582848,0.4450992132085786
0.5435339308578745,0.24191480267844423,0.4451157101915762
0.5437079731027857,0.24191480267844423,0.44513886445100204
0.543415571932073,0.24162986180367574,0.44514282649416487
0.5432692307692307,0.2414873913662915,0.4451849763282542
0.5434434113497916,0.2414873913662915,0.445214804794713
0.5431781701444622,0.24105998005413876,0.44521812624197993
0.5430314707771355,0.2409175096167545,0.4453439294990434
0.5433804627249358,0.2409175096167545,0.445456835080096
0.5432336869173899,0.2407750391793703,0.4454710280007455
0.5435831457060148,0.2407750391793703,0.4456017972014677
0.5434362934362934,0.24063256874198605,0.44561389691776476
0.5437862202189311,0.24063256874198605,0.44562855280344443
0.5436392914653784,0.2404900983046018,0.44579095160882926
0.5445161290322581,0.2404900983046018,0.4461034147645151
0.5443691513391417,0.24034762786721756,0.4461719982133173
0.5445448676565526,0.24034762786721756,0.4461734400385465
0.5443978043267679,0.2402051574298333,0.44618139440769444
0.5442506459948321,0.24006268699244906,0.4462042983586967
0.5441033925686591,0.23992021655506482,0.4462203834711212
0.5439560439560439,0.23977774611768057,0.4462398673029298
0.544160465868651,0.23963527568029633,0.4462573965721268
0.5453955901426718,0.23963527568029633,0.44651927530200436
0.5452481349335063,0.23949280524291208,0.44653658845751987
0.54510058403634,0.23935033480552786,0.44654582619723726
0.5449529373580007,0.23920786436814362,0.4465915076922926
0.5454840805717999,0.23920786436814362,0.4467766343829161
0.5455136540962289,0.23906539393075937,0.44685360483833525
0.5467579015966113,0.23906539393075937,0.4471316912884757
0.5466101694915254,0.23892292349337513,0.44714680832033094
0.5469667318982387,0.23892292349337513,0.4472202626496862
0.5468189233278956,0.23878045305599088,0.447253717674517
0.5466710182767625,0.23863798261860664,0.4472655529031967
0.547028086218158,0.23863798261860664,0.44730319378524835
0.5468801045409997,0.2384955121812224,0.44730478653404565
0.5470588235294118,0.2384955121812224,0.4473395756773553
0.5469107551487414,0.23835304174383815,0.4474026534577262
0.5470896010464356,0.23835304174383815,0.44742257507666316
0.5469414458619561,0.2382105713064539,0.44743280417214815
0.5467931937172775,0.23806810086906965,0.44745895475760045
0.5473304945954799,0.23806810086906965,0.4476204245305123
0.5471821756225426,0.23792563043168544,0.4476453567767747
0.5477205641193834,0.23792563043168544,0.44783933425512384
0.5474236954381358,0.23764068955691695,0.44791277935703877
0.547634691195795,0.2374982191195327,0.4479505333599482
0.547486033519553,0.23735574868214845,0.4479606618827874
0.5478461032555081,0.23735574868214845,0.4481757263577895
0.5476973684210527,0.2372132782447642,0.44817728956002406
0.5484189723320159,0.2372132782447642,0.448258731906823
0.5482701812191104,0.23707080780737996,0.44826168078421197
0.548121292023731,0.23692833736999572,0.44826221105255354
0.5490260812149225,0.23692833736999572,0.4483638433112076
0.5488771466314399,0.23678586693261147,0.44850753578859875
0.5503311258278145,0.23678586693261147,0.4487471436217966
0.5501821795296455,0.23664339649522725,0.4487930474969966
0.551094890510949,0.23664339649522725,0.449051540906686
0.5509459010952539,0.236500926057843,0.4491627494440031
0.5507968127490039,0.23635845562045876,0.44925733962194386
0.55064762537363,0.23621598518307452,0.44927503500787835
0.5504983388704319,0.23607351474569027,0.44931399884702516
0.551230871590153,0.23607351474569027,0.4494925686572164
0.5510815307820299,0.23593104430830603,0.44957880538316247
0.5512649800266312,0.23593104430830603,0.44961163284830696
0.5511155511155511,0.23578857387092178,0.4496162395601509
0.5512991339107262,0.23578857387092178,0.44980154101428016
0.5511496167944019,0.23564610343353753,0.44983211139253865
0.5520694259012016,0.23564610343353753,0.4501828428437016
0.5519198664440734,0.2355036329961533,0.45025279107174343
0.5517702070808284,0.23536116255876904,0.4502734439902008
0.5523236375794048,0.23536116255876904,0.45041332852637356
0.5521739130434783,0.23521869212138483,0.45051738396240953
0.5527284901238702,0.23521869212138483,0.45058373112991046
0.5525787006028131,0.23507622168400058,0.45067958375072154
0.5529490616621984,0.23507622168400058,0.4507741243436368
0.5527991954408313,0.23493375124661633,0.4508513991018278
0.5526492287055668,0.2347912808092321,0.45087390106467523
0.5524991613552499,0.23464881037184784,0.45088436028907697
0.5526845637583893,0.23464881037184784,0.45088966050298845
0.5525344075193018,0.2345063399344636,0.45093767080781194
0.5523841504365345,0.23436386949707935,0.4509445663688446
0.552755376344086,0.23436386949707935,0.4510534424269496
0.5526050420168067,0.2342213990596951,0.4511056950210109
0.5524546065904505,0.23407892862231086,0.45110940562445956
0.5526758667115449,0.23393645818492662,0.4512029773954333
0.5528619528619528,0.23393645818492662,0.4512120197008054
0.5527113506231054,0.2337939877475424,0.4512334698863432
0.5532703978422118,0.2337939877475424,0.45126856163510587
0.5531197301854974,0.23365151731015815,0.4512860419030316
0.553306342780027,0.23365151731015815,0.4513125841287921
0.5531555855551805,0.2335090468727739,0.45133925135052694
0.5530047265361242,0.23336657643538966,0.4514469114003428
0.5533783783783783,0.23336657643538966,0.45166369378791515
0.5532274417032781,0.23322410599800542,0.4516638512458058
0.5530764029749831,0.23308163556062117,0.45168924390401727
0.5532634426783902,0.23308163556062117,0.45170271743374973
0.5531123139377537,0.23293916512323692,0.45170945113802696
0.5529610829103215,0.23279669468585268,0.45177406273857695
0.5535230352303523,0.23279669468585268,0.45182851152387726
0.5533717383937649,0.23265422424846843,0.45183915003173825
0.5543109300746776,0.23265422424846843,0.4520679956091396
0.5541595925297114,0.2325117538110842,0.45208684802539595
0.5545361875637105,0.2325117538110842,0.45221433701721875
0.5543847722637661,0.23236928337369997,0.4522520803819461
0.5542332539952397,0.23222681293631572,0.4522814838543664
0.5540816326530612,0.23208434249893148,0.45228545968503436
0.5539299081320177,0.23194187206154723,0.45229950856198664
0.5537780803267529,0.231799401624163,0.4523147797824119
0.5536261491317671,0.23165693118677874,0.4523891927378615
0.5538147138964578,0.23165693118677874,0.45241048636240677
0.5536626916524702,0.2315144607493945,0.45254370786002585
0.5535105657805044,0.23137199031201025,0.4526606615014581
0.5533583361745653,0.231229519874626,0.4526716978786088
0.5543032786885246,0.231229519874626,0.45289573807422406
0.554151007857875,0.23108704943724176,0.4529217447542293
0.5539986329460014,0.23094457899985754,0.45310977485436277
0.5538461538461539,0.2308021085624733,0.45311941849006837
0.5536935704514364,0.23065963812508905,0.4531349943180405
0.5535408826548067,0.2305171676877048,0.4531802420312113
0.553388090349076,0.23037469725032056,0.45319497868419545
0.5535775419376926,0.23037469725032056,0.4532665580126208
0.5534246575342465,0.2302322268129363,0.4532709391257443
0.5534612748457848,0.23008975637555207,0.45330336316593645
0.5536510113129928,0.23008975637555207,0.45331385573132904
0.5534979423868313,0.22994728593816782,0.4533348909561176
0.5538778311599176,0.22994728593816782,0.45334454364336724
0.5537246824579471,0.22980481550078358,0.4533637320837305
0.5542955326460481,0.22980481550078358,0.4536057395861164
0.5541423169474046,0.22966234506339933,0.4537124434979489
0.5550964187327824,0.22966234506339933,0.4538639218480164
0.5549431622459524,0.2295198746260151,0.45399555525013807
0.554789800137836,0.22937740418863087,0.4540090662011496
0.5549810410203379,0.22937740418863087,0.4540786455296831
0.5548275862068965,0.22923493375124662,0.45426154858636114
0.5552104899930987,0.22923493375124662,0.4544591775711088
0.5550569554711771,0.22909246331386238,0.4545220410709337
0.5549033149171271,0.22894999287647813,0.4545708734382172
0.5547495682210708,0.22880752243909389,0.4545917193704713
0.5551330798479087,0.22880752243909389,0.45459405165371414
0.5549792531120332,0.22866505200170964,0.4547000411633391
0.5555555555555556,0.22866505200170964,0.4547649948308215
0.5554016620498615,0.2285225815643254,0.45477963635067165
0.5555940422583997,0.2285225815643254,0.4547818513825577
0.5554400554400555,0.22838011112694115,0.45489209885897247
0.5552859618717504,0.2282376406895569,0.4549111927269427
0.55625,0.2282376406895569,0.45520100103759753
0.5560958666203543,0.22809517025217269,0.4552617817272616
0.5559416261292565,0.22795269981478844,0.4553022527318883
0.5557872784150156,0.2278102293774042,0.4553670110420352
0.5581151832460733,0.2278102293774042,0.4557745325875185
0.5579608938547486,0.22766775894001995,0.4558704309177889
0.5581557806496682,0.22766775894001995,0.45591368185341496
0.5580013976240391,0.2275252885026357,0.4559197531231262
0.5578469066759875,0.22738281806525146,0.4560886286378145
0.558041958041958,0.22738281806525146,0.45612655884663555
0.5580825752274318,0.2272403476278672,0.4561751253152848
0.5579278963948198,0.22709787719048297,0.4564532103779398
0.5577731092436975,0.22695540675309872,0.4564996767203206
0.557968476357268,0.22695540675309872,0.45651287436600896
0.5578135949544499,0.2268129363157145,0.45652133861923583
0.5582047685834503,0.2268129363157145,0.45660568836660537
0.5580498070852332,0.22667046587833026,0.45663716892224787
0.5578947368421052,0.226527995440946,0.4566544656152566
0.5577395577395577,0.22638552500356177,0.4566670737679605
0.557935393258427,0.22638552500356177,0.4566845914242658
0.557780119423955,0.22624305456617752,0.45672244222309993
0.5589581133403732,0.22624305456617752,0.4570673838647042
0.5588028169014084,0.22610058412879327,0.4571082315537676
0.5589996477632969,0.22610058412879327,0.45713610301997637
0.5588442565186751,0.22595811369140903,0.4571665035265032
0.5590412407472682,0.22595811369140903,0.45719480281049757
0.558885754583921,0.22581564325402478,0.4572784679147054
0.5587301587301587,0.22567317281664054,0.45730515515026227
0.5589273112208892,0.22567317281664054,0.457384656885296
0.5587716201906107,0.2255307023792563,0.45739729470371904
0.5591663723066055,0.2255307023792563,0.457525838167961
0.5590106007067138,0.22538823194187207,0.45754116568747455
0.5588547189819725,0.22524576150448783,0.4575976663518381
0.5586987270155587,0.22510329106710358,0.4576714371336963
0.5592920353982301,0.22510329106710358,0.45789718114973255
0.5591359773371105,0.22496082062971934,0.4579404407548502
0.5593340417995041,0.22496082062971934,0.4579954290644651
0.559177888022679,0.2248183501923351,0.4580454179951142
0.5590216235377525,0.22467587975495085,0.4581148615873974
0.5588652482269504,0.2245334093175666,0.4581176789332947
0.5592618878637331,0.2245334093175666,0.45823020949522075
0.5591054313099042,0.22439093888018236,0.45824458312020266
0.5589488636363636,0.2242484684427981,0.4582476822120057
0.5591474245115453,0.2242484684427981,0.4583334362801776
0.5589907604832978,0.22410599800541386,0.4583669303829915
0.558833985069321,0.22396352756802965,0.4584033848855249
0.5598290598290598,0.22396352756802965,0.4586538355543147
0.5596722479515497,0.2238210571306454,0.4587019998279334
0.5597147950089126,0.22367858669326116,0.45872298566293557
0.5595577746077033,0.2235361162558769,0.4589134778542209
0.5594006421691046,0.22339364581849266,0.45898867930937504
0.559243397573162,0.22325117538110842,0.4590125719002279
0.5596428571428571,0.22325117538110842,0.4590169186354143
0.5594855305466238,0.22310870494372417,0.4591348091879647
0.560486757337151,0.22310870494372417,0.4592764415752921
0.5603293949158611,0.22296623450633993,0.45928563496210695
0.5611330225887415,0.22296623450633993,0.45933784095819324
0.5609756097560976,0.22282376406895568,0.45950222268826685
0.5613783201722901,0.22282376406895568,0.4595344697257361
0.5614224137931034,0.22268129363157144,0.45960479163467366
0.5622302158273381,0.22268129363157144,0.45964887210339106
0.5620726880172724,0.22253882319418722,0.45965313120199286
0.5619150467962563,0.22239635275680297,0.4596762475093119
0.5621173928700036,0.22239635275680297,0.4597128588796327
0.5619596541786743,0.22225388231941873,0.4597215033336063
0.5618018018018018,0.22211141188203448,0.45972908704994425
0.562206996033177,0.22211141188203448,0.45981301060233976
0.562049062049062,0.22196894144465024,0.45983006771293
0.5630646910010842,0.22196894144465024,0.4599678282007685
0.5629067245119306,0.221826471007266,0.46002045892259297
0.5645395213923132,0.221826471007266,0.46023736596488274
0.5643815741748277,0.22168400056988175,0.4603027122114132
0.5642235123367199,0.2215415301324975,0.4603238747057576
0.5644283121597096,0.2215415301324975,0.46036178143834516
0.5642701525054467,0.22139905969511325,0.46040035952152714
0.5641118779513258,0.221256589257729,0.4604164678599559
0.563953488372093,0.2211141188203448,0.46054241859448947
0.5637949836423118,0.22097164838296054,0.46057800320507686
0.5636363636363636,0.2208291779455763,0.460775690408365
0.5638413968715896,0.2208291779455763,0.4607876818254976
0.5636826783114993,0.22068670750819205,0.46079144332941296
0.5635238441936659,0.2205442370708078,0.4609484840799819
0.5637755102040817,0.22040176663342356,0.4609853159579251
0.5636164783084214,0.22025929619603932,0.4610257674756241
0.5638220277169949,0.22025929619603932,0.4610566362803548
0.5636628967530098,0.22011682575865507,0.4610676005287608
0.5646929824561403,0.22011682575865507,0.4612818451650447
0.5645338208409506,0.21997435532127083,0.4613155342359624
0.5643745427944403,0.21983188488388658,0.4613183968677068
0.5642151481888035,0.21968941444650236,0.4613205173393489
0.5640556368960469,0.21954694400911812,0.46132392061109867
0.5638960087879897,0.21940447357173387,0.46137671977628714
0.5637362637362637,0.21926200313434963,0.4613974399242816
0.5639428362037376,0.21926200313434963,0.4614808865717613
0.5637829912023461,0.21911953269696538,0.4615052653665907
0.5636230289695636,0.21897706225958113,0.46158375651229383
0.5638297872340425,0.21897706225958113,0.46158526233157904
0.5636697247706423,0.2188345918221969,0.4616079491386629
0.5640837311788469,0.2188345918221969,0.4616352553901616
0.5639235855988244,0.21869212138481264,0.4616562749815367
0.563763322307975,0.2185496509474284,0.4616851825993357
0.5643855776306107,0.2185496509474284,0.46181637268196196
0.5642252484357747,0.21840718051004415,0.4618422940754422
0.5642725598526703,0.21826471007265993,0.46186648610604425
0.5641120117907148,0.2181222396352757,0.46188072229398375
0.5639513453741246,0.21797976919789144,0.4618819661116724
0.5637905604719764,0.2178372987605072,0.4618912440939798
0.5639985245296938,0.2178372987605072,0.4619583743808572
0.5638376383763838,0.21769482832312295,0.4619627512426337
0.5636766334440753,0.2175523578857387,0.4620634546863486
0.5640930919837458,0.2175523578857387,0.46210067177858044
0.5639320029563932,0.21740988744835446,0.4621435312705284
0.5643491124260355,0.21740988744835446,0.4621887178336892
0.5641879393266741,0.21726741701097022,0.46225966591928963
0.5640266469282014,0.21712494657358597,0.46226347522405176
0.5638652350981118,0.21698247613620175,0.4622644019931295
0.56428306780289,0.21698247613620175,0.46229796827369934
0.56412157153447,0.2168400056988175,0.4623584874263575
0.5639599555061179,0.21669753526143326,0.46249945354219035
0.564378478664193,0.21669753526143326,0.46258137323241333
0.5642167780252413,0.21655506482404902,0.46263677918286245
0.5640549572966951,0.21641259438666477,0.4626368495810393
0.5642644873699851,0.21641259438666477,0.46265533567268075
0.5641025641025641,0.21627012394928052,0.46268728802264525
0.5639405204460967,0.21612765351189628,0.46270231388764776
0.56377835626627,0.21598518307451203,0.46278051446047486
0.5636160714285714,0.2158427126371278,0.46281284070789924
0.563453665798288,0.21570024219974354,0.4628593315964202
0.5632911392405063,0.21555777176235932,0.4629002288233359
0.5631284916201117,0.21541530132497508,0.4629271942134594
0.5639686684073107,0.21541530132497508,0.4631935784887886
0.5638059701492537,0.21527283088759083,0.46330688154806166
0.5636431504292646,0.2151303604502066,0.46338609502797057
0.5642750373692078,0.2151303604502066,0.4634751173316392
0.5641121495327103,0.21498789001282234,0.4635134520201094
0.5639491398653702,0.2148454195754381,0.4635267922738048
0.5637860082304527,0.21470294913805385,0.4635888662849602
0.5639970059880239,0.21470294913805385,0.46360870777555224
0.5638337701235492,0.2145604787006696,0.46364191201069377
0.5640449438202247,0.2145604787006696,0.4637614835654478
0.5638816035968528,0.21441800826328536,0.46393272985575046
0.5640929535232384,0.21441800826328536,0.4640681559016197
0.5639295088113986,0.2142755378259011,0.46407645531928277
0.5641410352588146,0.2142755378259011,0.4641025024720857
0.5639774859287054,0.2141330673885169,0.4641046266130215
0.5638138138138138,0.21399059695113265,0.4643133875982993
0.5636500187758168,0.2138481265137484,0.4643757582227331
0.5638617580766341,0.2138481265137484,0.46440832599408266
0.5636978579481398,0.21370565607636416,0.4644368879645725
0.5635338345864662,0.2135631856389799,0.46444073997524016
0.5633696878525761,0.21342071520159567,0.464500077930792
0.563581640331076,0.21342071520159567,0.4645039957770522
0.5634173880316146,0.21327824476421142,0.4645848957065933
0.5632530120481928,0.21313577432682718,0.4646181154604775
0.5630885122410546,0.21299330388944293,0.4646623334185921
0.5629238884702336,0.21285083345205869,0.464709232814383
0.5627591405955522,0.21270836301467447,0.4647877871429353
0.5625942684766214,0.21256589257729022,0.4648906222318612
0.5632314080785202,0.21256589257729022,0.4649884681861871
0.5632791839818663,0.21242342213990598,0.46501196777156495
0.5641316685584563,0.21242342213990598,0.46506852036897883
0.5639666919000756,0.21228095170252173,0.4650882905435934
0.563849943160288,0.21199601082775324,0.4651612693738202
0.5636846095526914,0.211853540390369,0.4652065074617535
0.5638983693591202,0.211853540390369,0.4652767668679315
0.563732928679818,0.21171106995298475,0.46527890890759604
0.5635673624288425,0.2115685995156005,0.46530854882051426
0.5634016704631739,0.21142612907821626,0.46531917793332084
0.5638297872340425,0.21142612907821626,0.4654442335055029
0.5636640060813379,0.21128365864083204,0.46545493901640334
0.5634980988593156,0.2111411882034478,0.4654971271955205
0.5633320654241156,0.21099871776606355,0.46553020606604123
0.563165905631659,0.2108562473286793,0.46555477390089484
0.5638095238095238,0.2108562473286793,0.46574542371224414
0.5634769348074724,0.2105713064539108,0.4657990733706217
0.5636918382913806,0.2105713064539108,0.4658055735009951
0.5637404580152672,0.21042883601652657,0.46585022581583835
0.5639557082856052,0.21042883601652657,0.46586644468011795
0.5637891520244461,0.21028636557914232,0.46588983098611103
0.5646518745218057,0.21028636557914232,0.46613727560611934
0.5644852659778032,0.21014389514175807,0.46618822033770635
0.5643185298621746,0.21000142470437383,0.46621619601761544
0.5649674204676121,0.21000142470437383,0.4664551331498766
0.5648006134969326,0.2098589542669896,0.4665434136442659
0.5650172612197929,0.2098589542669896,0.46656119706235044
0.5648503453568687,0.20971648382960537,0.46665544437947504
0.5650671785028791,0.20971648382960537,0.4666695255952367
0.564900153609831,0.20957401339222112,0.46676594630158724
0.565117172493277,0.20957401339222112,0.46684252438302604
0.5649500384319754,0.20943154295483687,0.46685111555276476
0.565602154674875,0.20943154295483687,0.46697015953346505
0.5654349499615089,0.20928907251745263,0.46698963194298554
0.5652676164805545,0.20914660208006838,0.46708786025851695
0.5651001540832049,0.20900413164268414,0.46708817565697314
0.5649325626204239,0.2088616612052999,0.46711988977822555
0.5651503469545104,0.2088616612052999,0.46723465768446376
0.5649826455842654,0.20871919076791565,0.467268821359065
0.5648148148148148,0.2085767203305314,0.4674825919306907
0.5646468544963335,0.20843424989314718,0.46763003177590523
0.5644787644787644,0.20829177945576294,0.46765931147667805
0.5643105446118193,0.2081493090183787,0.4677679026712384
0.5641421947449768,0.20800683858099445,0.4677817876493271
0.5643602628527251,0.20800683858099445,0.46784770935541026
0.5641918020108275,0.2078643681436102,0.46785798669759376
0.5640232108317215,0.20772189770622596,0.46786787442672395
0.5642414860681114,0.20772189770622596,0.4679740563253892
0.5640727835849787,0.2075794272688417,0.467993487341675
0.564291247095275,0.2075794272688417,0.46800049936591004
0.5641224331654398,0.20743695683145746,0.46803128276380296
0.563953488372093,0.20729448639407322,0.4680464441842459
0.5637844125630089,0.207152015956689,0.4682256994362504
0.5636152055857254,0.20700954551930476,0.4682420576322593
0.5634458672875436,0.2068670750819205,0.4682589262335666
0.5643218033424019,0.2068670750819205,0.4683039958090996
0.5641524105754276,0.20672460464453626,0.4683179838318627
0.5639828860365617,0.20658213420715202,0.4683384040166137
0.5646417445482866,0.20658213420715202,0.468493848350346
0.5644721464744838,0.20643966376976777,0.46851599199643257
0.5643024162120032,0.20629719333238353,0.4685475623142239
0.5643525741029641,0.20615472289499928,0.4685711870219647
0.5645727662895045,0.20615472289499928,0.468602127365771
0.5644028103044496,0.20601225245761504,0.4686209776415215
0.5642327215931277,0.2058697820202308,0.4686524378831899
0.5640625,0.20572731158284657,0.46865796316333386
0.5638921453692849,0.20558484114546233,0.4687759281589922
0.563551036370747,0.20529990027069384,0.4689628230186881
0.5633802816901409,0.2051574298333096,0.46898276589496957
0.5632093933463796,0.20501495939592534,0.4690242550664472
0.5630383711824589,0.2048724889585411,0.4690282479858101
0.563921568627451,0.2048724889585411,0.46921745998385334
0.5637504903883876,0.20473001852115685,0.4692526744761802
0.5635792778649922,0.2045875480837726,0.46929363387790535
0.563407930899097,0.20444507764638836,0.4694733565903594
0.5632364493322859,0.20430260720900414,0.4694924575843475
0.5636792452830188,0.20430260720900414,0.469659886079656
0.5635076681085333,0.2041601367716199,0.4697255991754927
0.5637293469708891,0.2041601367716199,0.469829074959249
0.5640520299566417,0.2038751958968514,0.46984328112295753
0.5647198105761642,0.2038751958968514,0.4699855118342421
0.5645479668377418,0.20373272545946716,0.47002141548366566
0.5647709320695102,0.20373272545946716,0.47011193004335405
0.5645989727380482,0.20359025502208292,0.4701152967123538
0.5650454725187821,0.20359025502208292,0.4702328114937342
0.564873417721519,0.20344778458469867,0.47026470160855044
0.5650969529085873,0.20344778458469867,0.4702758209986821
0.5649247822644498,0.20330531414731443,0.47029774936574703
0.5651485148514851,0.20330531414731443,0.4703002159999822
0.5652001585414189,0.20316284370993018,0.4703229559724981
0.5654242664551943,0.20316284370993018,0.47033719899028337
0.5652518841729472,0.20302037327254593,0.4703586632787547
0.5650793650793651,0.20287790283516172,0.470412122618652
0.5649067090115125,0.20273543239777747,0.4704422917363298
0.5658051689860835,0.20273543239777747,0.4707076999375841
0.5656324582338902,0.20259296196039323,0.47079944518760064
0.5654596100278552,0.20245049152300898,0.4709116417256586
0.5652866242038217,0.20230802108562473,0.47092205047758856
0.5651135005973715,0.2021655506482405,0.47096288458470875
0.5649402390438247,0.20202308021085624,0.4710212512660353
0.5647668393782384,0.201880609773472,0.47109136988700223
0.5649920255183413,0.201880609773472,0.4712462608869186
0.5648185081771041,0.20173813933608775,0.47125300328734243
0.5650438946528332,0.20173813933608775,0.4713508762508602
0.564870259481038,0.2015956688987035,0.4714207637644129
0.5650958466453674,0.2015956688987035,0.4714975500142041
0.5649220934878146,0.2014531984613193,0.471511390495686
0.5662795354425311,0.2014531984613193,0.4716892155086055
0.5661057692307693,0.20131072802393504,0.4717444549310485
0.565931863727455,0.2011682575865508,0.4717899524911734
0.5670682730923695,0.2011682575865508,0.4719465280653772
0.5668943350743271,0.20102578714916655,0.471995747033497
0.5667202572347267,0.2008833167117823,0.4720072783496913
0.5665460394049056,0.20074084627439806,0.47217357881527816
0.5667739340305712,0.20074084627439806,0.47219493055584716
0.566599597585513,0.20059837583701381,0.47228310814887897
0.5672844480257857,0.20059837583701381,0.47228565886357315
0.5671641791044776,0.20031343496224532,0.4723029040839192
0.5669895076674738,0.20017096452486108,0.47241996518312246
0.5668146951958014,0.20002849408747686,0.47252684043389737
0.567043618739903,0.20002849408747686,0.4726186123053486
0.5668686868686869,0.19988602365009261,0.4726518711437677
0.5666936135812449,0.19974355321270837,0.4726849012498552
0.5669227658714112,0.19974355321270837,0.47281606623447536
0.566747572815534,0.19960108277532412,0.47284752400345226
0.56657223796034,0.19945861233793988,0.47294465931122576
0.5663967611336033,0.19931614190055563,0.4729715041101738
0.5662211421628189,0.1991736714631714,0.4731713239994914
0.5660453808752026,0.19903120102578714,0.4731918830871327
0.566734279918864,0.19903120102578714,0.47327513785995157
0.5665584415584416,0.1988887305884029,0.4732981460629993
0.5663824604141291,0.19874626015101865,0.4734510550312628
0.5666125101543461,0.19874626015101865,0.4735866837083059
0.5664364079642422,0.19860378971363443,0.47362793153071897
0.566260162601626,0.1984613192762502,0.4736777829576432
0.5664904432696218,0.1984613192762502,0.47367938934816006
0.5663140764849471,0.19831884883886594,0.4737050760383232
0.5661375661375662,0.1981763784014817,0.47372803956348525
0.5665987780040733,0.1981763784014817,0.47382147331082064
0.5664221678891606,0.19803390796409745,0.47386791705625014
0.566245413779046,0.1978914375267132,0.4738897800809077
0.566068515497553,0.19774896708932896,0.47389825899000987
0.5658914728682171,0.1976064966519447,0.4740423403949468
0.5655369538587178,0.19732155577717625,0.4740902991307531
0.565359477124183,0.197179085339792,0.4741486076041873
0.5660531697341513,0.197179085339792,0.4741832777731258
0.5658756137479541,0.19703661490240776,0.4742955529972652
0.5656979124027834,0.1968941444650235,0.47432069770254504
0.5655200655200655,0.19675167402763927,0.4744028709355686
0.5657517410897174,0.19675167402763927,0.47443800162448846
0.5655737704918032,0.19660920359025502,0.47452823366407665
0.5662700041034058,0.19660920359025502,0.47463235179939145
0.5660919540229885,0.19646673315287078,0.47471271602625065
0.5665571076417419,0.19646673315287078,0.4747503123694453
0.5663789560213728,0.19632426271548653,0.47477860438464586
0.5666118421052632,0.19632426271548653,0.4747794316963279
0.5662551440329218,0.19603932184071804,0.47479421851974696
0.5660765747221078,0.19589685140333382,0.47479574253363893
0.5665430572723527,0.19589685140333382,0.47484996235233146
0.5663643858202803,0.19575438096594958,0.47486843755470776
0.5668316831683168,0.19575438096594958,0.4748934028611497
0.5666529096161783,0.19561191052856533,0.4749050809765639
0.5664739884393064,0.19546944009118108,0.4749785432857874
0.5662949194547707,0.19532696965379684,0.4750169825661127
0.5672321059164254,0.19532696965379684,0.4750791354497878
0.5670529801324503,0.1951844992164126,0.4750886229003151
0.5666942833471417,0.1948995583416441,0.47510025995862165
0.5665147119767924,0.19475708790425986,0.4752486926090593
0.5663349917081261,0.1946146174668756,0.4752658140744351
0.566155122355869,0.1944721470294914,0.47527333604700917
0.5659751037344398,0.19432967659210715,0.4752742150106975
0.5657949356579494,0.1941872061547229,0.47529343724527845
0.5656146179401993,0.19404473571733866,0.4753007743777069
0.5654341503946821,0.1939022652799544,0.47538933643133685
0.5652535328345802,0.19375979484257017,0.47545010352841255
0.5657237936772047,0.19375979484257017,0.475569765564145
0.5655430711610487,0.19361732440518592,0.4756702939931563
0.5657785179017485,0.19361732440518592,0.47567448822769964
0.565597667638484,0.19347485396780167,0.47583476314223316
0.5658333333333333,0.19347485396780167,0.47583594491329534
0.5656523551479783,0.19333238353041743,0.4758408675848545
0.5670706226493941,0.19333238353041743,0.4759864495690696
0.5668896321070234,0.19318991309303318,0.4760360624456029
0.5667084901714764,0.19304744265564897,0.4760680844361052
0.5669456066945606,0.19304744265564897,0.47607060146951485
0.5667643365424864,0.19290497221826472,0.4760787142420898
0.5665829145728644,0.19276250178088047,0.4761111808850189
0.566401340594889,0.19262003134349623,0.47612322807301394
0.5671140939597316,0.19262003134349623,0.47634857152655036
0.5669324381032312,0.19247756090611198,0.4763640031500023
0.5667506297229219,0.19233509046872774,0.47638009879955606
0.5672268907563025,0.19233509046872774,0.4765157244864364
0.5670449768810425,0.1921926200313435,0.4765547535739965
0.5675220866638621,0.1921926200313435,0.47661480169284204
0.5673400673400674,0.19205014959395925,0.47664876154511515
0.5671578947368421,0.191907679156575,0.4766940705555556
0.567396798652064,0.191907679156575,0.4767339936249762
0.5672144964180362,0.19176520871919076,0.4767579708457572
0.5676929565584141,0.19176520871919076,0.4769115525547546
0.5675105485232067,0.19162273828180654,0.4769643609463912
0.5673279864921908,0.1914802678444223,0.47700188727242365
0.5671452702702703,0.19133779740703805,0.47701994444966683
0.5669623996620194,0.1911953269696538,0.47716208759327233
0.5667793744716821,0.19105285653226955,0.47716753585183636
0.5670190274841438,0.19105285653226955,0.4771718121841563
0.5668358714043993,0.1909103860948853,0.47721225806326883
0.5666525603046975,0.19076791565750106,0.47725447782935876
0.5668924640135479,0.19076791565750106,0.47731547783964795
0.5667090216010165,0.19062544522011682,0.477342021041292
0.5671894870707928,0.19062544522011682,0.4775450230214977
0.5670059372349449,0.19048297478273257,0.47761119530665747
0.5672464997878659,0.19048297478273257,0.4776601543459445
0.567062818336163,0.19034050434534833,0.477675937573175
0.5668789808917197,0.1901980339079641,0.47769257575671376
0.5673608159796005,0.1901980339079641,0.4777412554639991
0.5671768707482994,0.19005556347057986,0.47783947067048127
0.5669927690344534,0.18991309303319562,0.47786161549325556
0.5668085106382978,0.18977062259581137,0.47786225811151245
0.5672913117546848,0.18977062259581137,0.47812490910576577
0.5671069450362164,0.18962815215842713,0.47812924205078783
0.56692242114237,0.18948568172104288,0.4781562599595619
0.5676483141271874,0.18948568172104288,0.4782956624620121
0.567463706233988,0.18934321128365864,0.4783015129260109
0.5672789406236651,0.1892007408462744,0.4783171030677457
0.5675213675213675,0.1892007408462744,0.47836347482637237
0.5673364685763147,0.18905827040889014,0.4783794382116736
0.5680650684931506,0.18905827040889014,0.47848364866836685
0.5678800856531049,0.1889157999715059,0.47851179030420066
0.5683669095585083,0.1889157999715059,0.478762053093552
0.5681818181818182,0.18877332953412168,0.47889529971122896
0.567996567996568,0.18863085909673744,0.47899361892563985
0.5684843280377845,0.18863085909673744,0.47928832437613744
0.5682989690721649,0.1884883886593532,0.4793149412523058
0.5685431886549205,0.1884883886593532,0.4793462586693113
0.5683576956147893,0.18834591822196894,0.47936204731121335
0.5681720430107526,0.1882034477845847,0.4793677941650582
0.5679862306368331,0.18806097734720045,0.4793796486405837
0.5678002582866982,0.1879185069098162,0.47940262370200254
0.569270608545533,0.1879185069098162,0.47956297084668864
0.5690846286701209,0.18777603647243196,0.4795828451177448
0.5703158805711813,0.18777603647243196,0.4796628378598663
0.570376786487657,0.18763356603504772,0.4796782484533808
0.5701906412478336,0.1874910955976635,0.4796979252387141
0.5706851691240243,0.1874910955976635,0.47985303333288376
0.5704989154013015,0.18734862516027925,0.4798659664463157
0.5703125,0.187206154722895,0.47993498346821245
0.5701259227095093,0.18706368428551076,0.4799733731183497
0.5699391833188532,0.18692121384812652,0.4799752575938091
0.5704347826086956,0.18692121384812652,0.4800374807328171
0.5702479338842975,0.18677874341074227,0.4800660486685997
0.5700609225413403,0.18663627297335803,0.48006841923121896
0.5698737483674358,0.18649380253597378,0.4802001727511934
0.5696864111498258,0.18635133209858953,0.48021025551488694
0.5699346405228758,0.18635133209858953,0.4802379612913627
0.56974716652136,0.1862088616612053,0.48030952970634705
0.5695595290013084,0.18606639122382107,0.4803717382977637
0.5715536105032822,0.18606639122382107,0.48081531785172954
0.5713660245183888,0.18592392078643682,0.4808230978727428
0.5718667835232253,0.18592392078643682,0.481009477607819
0.571679088119246,0.18578145034905258,0.48109988314356933
0.5714912280701754,0.18563897991166833,0.4811037021877615
0.571741992101799,0.18563897991166833,0.48112590933581495
0.5715539947322212,0.1854965094742841,0.4811955114259347
0.5718050065876152,0.1854965094742841,0.4813600440396909
0.5716168717047452,0.18535403903689984,0.481372791807693
0.5714285714285714,0.1852115685995156,0.48148534630037765
0.5710514738231413,0.1849266277247471,0.48152636418615063
0.570862676056338,0.18478415728736286,0.48153507097092424
0.570673712021136,0.18464168684997864,0.48157732529674696
0.5709251101321586,0.18464168684997864,0.4817132255073968
0.5707360070515646,0.1844992164125944,0.4817666932719496
0.5714916151809356,0.1844992164125944,0.4818864116260556
0.5713024282560707,0.18435674597521015,0.4819342430445053
0.5715547703180212,0.18435674597521015,0.4820235977682183
0.5713654441007512,0.1842142755378259,0.48203403722078025
0.5711759504862953,0.18407180510044166,0.4820714191640335
0.5709862892525431,0.18392933466305741,0.4820984019508612
0.5725055432372506,0.18392933466305741,0.48230312907709816
0.5723158828748891,0.18378686422567317,0.48248006703007057
0.5735882614495331,0.18378686422567317,0.4828085902325011
0.5733985765124555,0.18364439378828892,0.48296661558550397
0.5741648106904231,0.18364439378828892,0.48301116285139284
0.5739750445632799,0.18350192335090468,0.4832177447183383
0.5742309407044137,0.18350192335090468,0.4832179493274561
0.5740410347903657,0.18335945291352043,0.4832202074420578
0.5742971887550201,0.18335945291352043,0.48326876779319955
0.5741071428571428,0.18321698247613621,0.48329789509376575
0.574363555158553,0.18321698247613621,0.4834757020026531
0.5741733690795353,0.18307451203875197,0.48357798150371367
0.5739830129637908,0.18293204160136772,0.4835880167601878
0.5752688172043011,0.18293204160136772,0.4838550586629594
0.5750784401613627,0.18278957116398348,0.48386079549420974
0.5748878923766816,0.18264710072659923,0.4839592912110968
0.5761797752808989,0.18264710072659923,0.4845009546737635
0.5757984705353126,0.18236215985183074,0.48452418463278224
0.5760576057605761,0.18236215985183074,0.48457159049696424
0.5761261261261261,0.1822196894144465,0.4846334141245705
0.5759351059035601,0.18207721897706225,0.4848444152174725
0.5757439134355276,0.181934748539678,0.4849198085352517
0.5762635379061372,0.181934748539678,0.484992407440747
0.5760722347629796,0.1817922781022938,0.48499816142554364
0.5763324299909666,0.1817922781022938,0.4850295566232032
0.5761409850881157,0.18164980766490954,0.4852065570578769
0.5759493670886076,0.1815073372275253,0.4852172372719549
0.5757575757575758,0.18136486679014105,0.48526797493899526
0.5762788592123133,0.18136486679014105,0.48538970253019204
0.5760869565217391,0.1812223963527568,0.48539861819315955
0.5771324863883848,0.1812223963527568,0.4855907774052662
0.5769405356332274,0.18107992591537256,0.4856132469047718
0.5772025431425977,0.18107992591537256,0.48565556817157357
0.5770104497955475,0.1809374554779883,0.4856811665772316
0.5777979981801638,0.1809374554779883,0.4860147182492892
0.5776058261265362,0.18079498504060407,0.4861164450012833
0.5774134790528234,0.18065251460321982,0.48616541306436245
0.5772209567198178,0.18051004416583558,0.48616896111022334
0.5774840474020054,0.18051004416583558,0.4862089236987179
0.5772913816689467,0.18036757372845136,0.48624376748967396
0.5786106032906764,0.18036757372845136,0.4865056433082202
0.5784179240969365,0.1802251032910671,0.48654885011502436
0.5786825251601098,0.1802251032910671,0.4866240990257695
0.5784897025171625,0.18008263285368287,0.4866469417627816
0.5782967032967034,0.17994016241629862,0.48672560075845644
0.5781035272560696,0.17979769197891438,0.48673021749609
0.577910174152154,0.17965522154153013,0.48676235911166976
0.5781751490142136,0.17965522154153013,0.486860804961843
0.5779816513761468,0.17951275110414588,0.48687742862801914
0.5777879761358421,0.17937028066676164,0.4868813430663322
0.5775941230486685,0.1792278102293774,0.4869602251318261
0.577859439595774,0.1792278102293774,0.4871616780089934
0.5779310344827586,0.17908533979199315,0.48721687769895855
0.577736890524379,0.17894286935460893,0.48724427355204725
0.578268876611418,0.17894286935460893,0.48729173407461907
0.5780746199907877,0.17880039891722468,0.48732918748083487
0.57860765329645,0.17880039891722468,0.4875628229652117
0.5784132841328413,0.17865792847984044,0.48756605819673177
0.5789473684210527,0.17865792847984044,0.4876061965720537
0.5787528868360278,0.1785154580424562,0.4876280632774224
0.5795559666975023,0.1785154580424562,0.4877032532586311
0.5793614067561315,0.17837298760507195,0.48788835158663374
0.5796296296296296,0.17837298760507195,0.48789937063792616
0.5794349235757295,0.1782305171676877,0.48799263392639886
0.5799721835883171,0.1782305171676877,0.4880318859399067
0.5797773654916512,0.17808804673030346,0.4880787276431523
0.580046403712297,0.17808804673030346,0.48816499744652103
0.5798514391829155,0.1779455762929192,0.48818065529966326
0.5803903345724907,0.1779455762929192,0.48825182222977326
0.5801952580195258,0.17780310585553497,0.4882821902322884
0.5807352256863657,0.17780310585553497,0.4884224329253792
0.5805400372439479,0.17766063541815075,0.4884745850973588
0.5808104331625524,0.17766063541815075,0.488519792327352
0.5806150978564771,0.1775181649807665,0.4885302180564117
0.5804195804195804,0.17737569454338226,0.48857544442158457
0.5809612692487167,0.17737569454338226,0.48863499240174973
0.580765639589169,0.177233224105998,0.4886554442986887
0.5805698271835591,0.17709075366861377,0.48886922848187697
0.5811126694717158,0.17709075366861377,0.4889066836575543
0.5809167446211413,0.17694828323122952,0.48895698159646833
0.5807206364061769,0.17680581279384527,0.4890808554793747
0.5805243445692884,0.17666334235646103,0.4891687952580555
0.5810684161199625,0.17666334235646103,0.48944665198469944
0.5808720112517581,0.17652087191907678,0.4895134743895578
0.5811444652908068,0.17652087191907678,0.4896396460542916
0.5809479117785078,0.17637840148169254,0.48969034127829
0.5807511737089202,0.17623593104430832,0.4897067322580571
0.5805542508219822,0.17609346060692407,0.48976916899570305
0.5803571428571429,0.17595099016953983,0.4897811016413035
0.5801598495533615,0.17580851973215558,0.4899049744372428
0.5799623706491063,0.17566604929477134,0.48998720825436326
0.5802352941176471,0.17566604929477134,0.4900335285731475
0.5800376647834274,0.1755235788573871,0.49005587495022856
0.5798398492699011,0.17538110842000285,0.49015845973628125
0.5801131008482564,0.17538110842000285,0.4901625593500021
0.57991513437058,0.1752386379826186,0.4901968566996406
0.5801886792452831,0.1752386379826186,0.4903534137342171
0.5799905615856537,0.17509616754523435,0.49035750044107496
0.5816374822527213,0.17509616754523435,0.4907315582784415
0.5814393939393939,0.1749536971078501,0.4908840000878235
0.5812411179535765,0.1748112266704659,0.49101850786800255
0.5817923186344239,0.1748112266704659,0.49139265053539455
0.5813953488372093,0.1745262857956974,0.4914136325974412
0.5816714150047484,0.1745262857956974,0.4915692095364104
0.5814726840855107,0.17438381535831315,0.4915894190106056
0.5812737642585551,0.1742413449209289,0.49168949042127313
0.5818268315889629,0.1742413449209289,0.4918106704732976
0.5816277962874822,0.17409887448354466,0.4918555350346457
0.5814285714285714,0.17395640404616042,0.492073540375727
0.5812291567413054,0.17381393360877617,0.49219453926084
0.5810295519542421,0.17367146317139193,0.49222704208337004
0.580829756795422,0.17352899273400768,0.49241305493708426
0.5811068702290076,0.17352899273400768,0.49246301422625666
0.5809069212410501,0.17338652229662346,0.49247421178009904
0.5807067812798472,0.17324405185923922,0.4925589905272374
0.5809842331581462,0.17324405185923922,0.4925711683442245
0.5807839388145315,0.17310158142185497,0.4926059357451253
0.5805834528933524,0.17295911098447073,0.49264420738457815
0.5803827751196172,0.17281664054708648,0.492665350867256
0.5809386973180076,0.17281664054708648,0.49283683817065815
0.580737901293723,0.17267417010970224,0.49291729467952944
0.5805369127516778,0.172531699672318,0.4930188882181624
0.580335731414868,0.17238922923493374,0.493035486648244
0.5801343570057581,0.1722467587975495,0.4930695343733365
0.5804128660585693,0.1722467587975495,0.49314449417468953
0.5802113352545629,0.17210428836016525,0.49319817904603236
0.5804901489668428,0.17210428836016525,0.49326575171523696
0.5802884615384616,0.17196181792278104,0.49335840180204754
0.5805675805675806,0.17196181792278104,0.4933724868899558
0.5803657362848893,0.1718193474853968,0.4933744661231943
0.5801636976408281,0.17167687704801254,0.4934195493676772
0.5804431599229287,0.17167687704801254,0.4934808055766729
0.5802409638554217,0.1715344066106283,0.4935198048835891
0.5808007718282682,0.1715344066106283,0.493544429143014
0.5805984555984556,0.17139193617324405,0.49357805431052865
0.5803959439884114,0.1712494657358598,0.49373441082351255
0.5801932367149758,0.17110699529847556,0.49373565686792775
0.5799903334944417,0.17096452486109132,0.49381150125774204
0.5802707930367504,0.17096452486109132,0.4938247455013467
0.5800677310111272,0.17082205442370707,0.49384864178685606
0.5806295399515738,0.17082205442370707,0.49397769197904373
0.5804263565891473,0.17067958398632282,0.4939869619490701
0.5829683698296837,0.17067958398632282,0.4944453014303824
0.5827653359298929,0.1705371135489386,0.49444930429194134
0.5836177474402731,0.1705371135489386,0.4945143751633299
0.5834146341463414,0.17039464311155436,0.49452267566134533
0.5832113225963885,0.17025217267417012,0.49452864561960896
0.5830078125,0.17010970223678587,0.4945535160092393
0.5832926233512458,0.17010970223678587,0.49460554780278065
0.583088954056696,0.16996723179940162,0.49463245927421656
0.5828850855745721,0.16982476136201738,0.49463684688309884
0.5826810176125244,0.16968229092463313,0.49469759951616255
0.582476749877631,0.1695398204872489,0.4947328402406782
0.5822722820763957,0.16939735004986464,0.4947416849585465
0.5825575698187163,0.16939735004986464,0.49474886528061807
0.5823529411764706,0.1692548796124804,0.4947488995597029
0.5821481118195194,0.16911240917509618,0.49476903729788935
0.5824337585868499,0.16911240917509618,0.4948478983237061
0.5822287677957781,0.16896993873771193,0.49485221044811517
0.5825147347740668,0.16896993873771193,0.4949169071564395
0.5823095823095823,0.1688274683003277,0.49494921692144445
0.5825958702064897,0.1688274683003277,0.4949581573464076
0.5823905558288244,0.16868499786294344,0.4950169154350651
0.5821850393700787,0.1685425274255592,0.49507223684007506
0.5819793205317577,0.16840005698817495,0.4950726063039596
0.5817733990147783,0.1682575865507907,0.495124765553382
0.5815672745194678,0.16811511611340646,0.49513994039690473
0.5824284304047384,0.16811511611340646,0.4954688030931605
0.5822222222222222,0.16797264567602221,0.49568858831828194
0.5820158102766798,0.167830175238638,0.49582908516826807
0.582591493570722,0.167830175238638,0.49591990612524356
0.582384957941613,0.16768770480125375,0.4959499812129205
0.5826732673267326,0.16768770480125375,0.49596076063164996
0.5824665676077266,0.1675452343638695,0.4959775952244837
0.5822596630327056,0.16740276392648526,0.49604310251733147
0.5825483391175013,0.16740276392648526,0.49605377312401655
0.5823412698412699,0.16726029348910101,0.4960805012078115
0.5832091405861898,0.16726029348910101,0.49632011865792275
0.5830019880715706,0.16711782305171677,0.4963705598424313
0.583291894579811,0.16711782305171677,0.4964310839811405
0.5830845771144278,0.16697535261433252,0.49643706990935577
0.5833748133399701,0.16697535261433252,0.4964396178659378
0.5831673306772909,0.16683288217694828,0.49644847162466305
0.5829596412556054,0.16669041173956403,0.4965159001641377
0.5832502492522432,0.16669041173956403,0.49656155193108276
0.5830423940149626,0.16654794130217979,0.4966144163144495
0.5828343313373253,0.16640547086479557,0.49679435161063806
0.5831253120319521,0.16640547086479557,0.496795194033464
0.5829170829170829,0.16626300042741132,0.4968033650674708
0.5832083958020989,0.16626300042741132,0.4968663862563319
0.583,0.16612052999002708,0.4969430052854031
0.5832916458229115,0.16612052999002708,0.49702461041260987
0.5830830830830831,0.16597805955264283,0.4970314206809992
0.5831663326653307,0.16583558911525859,0.4970823505414647
0.5829573934837092,0.16569311867787434,0.49709943187460687
0.5838353413654619,0.16569311867787434,0.49736088143560714
0.5836263184329483,0.1655506482404901,0.4973960100687164
0.5839195979899497,0.1655506482404901,0.4974484600904572
0.5835010060362174,0.1652657073657216,0.49749659258750445
0.5843828715365239,0.1652657073657216,0.4975136680888812
0.5841733870967742,0.16512323692833736,0.49761296981422526
0.5853535353535354,0.16512323692833736,0.4980386351529804
0.585144012127337,0.16498076649095314,0.49811643720779203
0.5857359635811836,0.16498076649095314,0.4982784387695005
0.5855263157894737,0.1648382960535689,0.4983727592684406
0.5858227848101266,0.1648382960535689,0.49850071301823295
0.585612968591692,0.16469582561618465,0.4986456255785607
0.58590978205778,0.16469582561618465,0.4987282534796239
0.5856997971602435,0.1645533551788004,0.49876882451326476
0.5854895991882293,0.16441088474141616,0.4988020732526257
0.5852791878172589,0.1642684143040319,0.49884309301918706
0.585068562722194,0.16412594386664767,0.4988697786532643
0.5859613428280773,0.16412594386664767,0.49897826770130344
0.5857506361323155,0.16398347342926342,0.4991114896198354
0.5855397148676171,0.16384100299187918,0.49915668125109836
0.5861365953109072,0.16384100299187918,0.49923608027739813
0.5859255481896991,0.16369853255449493,0.4992602980150858
0.5871231476750127,0.16369853255449493,0.4997151119470259
0.5869120654396728,0.1635560621171107,0.49972149059535426
0.5881147540983607,0.1635560621171107,0.5003251930088549
0.5879036391594055,0.16341359167972647,0.5004231087173868
0.5882051282051282,0.16341359167972647,0.5004488056493045
0.588597842835131,0.16327112124234222,0.500468393848005
0.5883864337101747,0.16312865080495798,0.5004855139611281
0.5892949047864128,0.16312865080495798,0.5005672111640603
0.5890834191555098,0.16298618036757373,0.5006034711326738
0.58887171561051,0.16284370993018948,0.5006396958861208
0.5891752577319588,0.16284370993018948,0.5006438775793037
0.5889633831872099,0.16270123949280524,0.5006937362024592
0.5887512899896801,0.162558769055421,0.5007636083901061
0.5885389778007227,0.16241629861803675,0.5007845255884645
0.5883264462809917,0.1622738281806525,0.500915425090026
0.5881136950904393,0.16213135774326828,0.5009535045858003
0.5879007238883144,0.16198888730588404,0.501000121576168
0.5876875323331608,0.1618464168684998,0.5011287452081254
0.5882962195753496,0.1618464168684998,0.5013584135130056
0.5880829015544041,0.16170394643111555,0.5014173683073616
0.5878693623639192,0.1615614759937313,0.5014711048412849
0.5876556016597511,0.16141900555634706,0.5015017156146179
0.5885714285714285,0.16141900555634706,0.5016663178896597
0.5883575883575883,0.1612765351189628,0.5016739542651594
0.5889698231009365,0.1612765351189628,0.5017228029458404
0.5887558563248309,0.16113406468157856,0.5017408959892662
0.5893694632621157,0.16113406468157856,0.501870292250534
0.5891553701772679,0.16099159424419432,0.5019190035288348
0.5894627021387585,0.16099159424419432,0.5021170501372445
0.5892484342379958,0.16084912380681007,0.5022598622679386
0.589556135770235,0.16084912380681007,0.5023199035127813
0.5893416927899686,0.16070665336942586,0.502526846915459
0.5899581589958159,0.16070665336942586,0.5025849534900756
0.5897435897435898,0.1605641829320416,0.5026171017833012
0.5895287958115183,0.16042171249465736,0.5026934641315013
0.5898376113148245,0.16042171249465736,0.5026998222379142
0.5894074462506554,0.16013677161988887,0.5027236380359444
0.5897166841552991,0.16013677161988887,0.5027350074109412
0.589501312335958,0.15999430118250463,0.5028074944968292
0.5892857142857143,0.15985183074512038,0.5028145401429857
0.5895953757225434,0.15985183074512038,0.5028214712350288
0.5893796004206099,0.15970936030773614,0.5029105440454051
0.5891635981062598,0.1595668898703519,0.5029856330818496
0.5900948366701791,0.1595668898703519,0.5031723996701382
0.5898787559304165,0.15942441943296765,0.5033456491918298
0.5901898734177216,0.15942441943296765,0.5034443331886388
0.5899736147757256,0.15928194899558343,0.5034700860104995
0.5905969360802958,0.15928194899558343,0.503562031263363
0.5903805496828752,0.15913947855819918,0.5036317343849257
0.5901639344262295,0.15899700812081494,0.5036581892491243
0.5911016949152542,0.15899700812081494,0.5038223550164042
0.5908850026497086,0.1588545376834307,0.5038742052392327
0.5906680805938495,0.15871206724604645,0.5040028265754006
0.5904509283819629,0.1585695968086622,0.5040407631686025
0.5902335456475584,0.15842712637127795,0.5042002775785923
0.590015932023367,0.1582846559338937,0.50461689449994
0.5903294367693943,0.1582846559338937,0.5046407326937372
0.5901116427432217,0.15814218549650946,0.5046567507040457
0.5898936170212766,0.15799971505912525,0.5046823896969675
0.5896753592336349,0.157857244621741,0.5047021389069637
0.5928303905831995,0.157857244621741,0.5054217902664715
0.5926124197002142,0.15771477418435675,0.5054302754428633
0.5923942153186931,0.1575723037469725,0.5055270886741329
0.5927116827438371,0.1575723037469725,0.5056473910674831
0.5924932975871313,0.15742983330958826,0.5057969147855563
0.592274678111588,0.15728736287220402,0.5058993336043852
0.5925925925925926,0.15728736287220402,0.5060468229080307
0.592373791621912,0.15714489243481977,0.5060485851870625
0.5921547555077915,0.15700242199743553,0.5060742668711655
0.5927918235610543,0.15700242199743553,0.5060943275387669
0.592572658772874,0.15685995156005128,0.506098688274477
0.5923532579429187,0.15671748112266704,0.5061152012380472
0.5921336206896551,0.15657501068528282,0.5064126600778551
0.5924528301886792,0.15657501068528282,0.5064375801658207
0.5922330097087378,0.15643254024789857,0.5064552241607986
0.5920129519697788,0.15629006981051433,0.5064775751851848
0.591792656587473,0.15614759937313008,0.5065088810572437
0.5915721231766613,0.15600512893574583,0.5065209214680632
0.5918918918918918,0.15600512893574583,0.5065843917760647
0.591991341991342,0.1558626584983616,0.5066325101204922
0.5917704385489984,0.15572018806097734,0.5066429594291473
0.5924119241192412,0.15572018806097734,0.5066636179196347
0.5921908893709328,0.1555777176235931,0.5067319397394745
0.5919696147585458,0.15543524718620885,0.5068382202020929
0.5917480998914224,0.1552927767488246,0.5068576667173068
0.5915263443780554,0.1551503063114404,0.5069484524269693
0.591304347826087,0.15500783587405614,0.5069613081475138
0.5925925925925926,0.15500783587405614,0.5071935086192758
0.5923705722070844,0.1548653654366719,0.5071943920827765
0.5926935659760088,0.1548653654366719,0.507272168281707
0.5924713584288053,0.15472289499928765,0.5073897221305017
0.5922489082969432,0.1545804245619034,0.5074595885427429
0.5925723648279628,0.1545804245619034,0.5074926104149635
0.5923497267759563,0.15443795412451916,0.5075493660274332
0.5939726027397261,0.15443795412451916,0.507842195717041
0.59375,0.15429548368713492,0.5079631955088161
0.5935271530444323,0.15415301324975067,0.5081113257963176
0.5933040614709111,0.15401054281236642,0.5081737827592037
0.5930807248764415,0.15386807237498218,0.5082630693450495
0.594059405940594,0.15386807237498218,0.5085334355290496
0.5938359933957073,0.15372560193759796,0.5086421164588371
0.5936123348017621,0.15358313150021372,0.5086568797686473
0.5933884297520661,0.15344066106282947,0.5087209087686128
0.593715545755237,0.15344066106282947,0.5087501375475928
0.5934914506343077,0.15329819062544522,0.5087784919268235
0.5932671081677704,0.15315572018806098,0.5088514632975617
0.5930425179458862,0.15301324975067673,0.5089784230768375
0.593698175787728,0.15301324975067673,0.5090432262150723
0.5934734513274337,0.1528707793132925,0.5091006628098862
0.5938018815716657,0.1528707793132925,0.5091105402043339
0.593576965669989,0.15272830887590824,0.5091443750696271
0.5942350332594235,0.15272830887590824,0.5092069498525839
0.5940099833610649,0.152585838438524,0.5092449042578803
0.595,0.152585838438524,0.5093795053920818
0.594774874930517,0.15244336800113975,0.5094129952958814
0.596100278551532,0.15244336800113975,0.5095190350440304
0.5958751393534002,0.15230089756375553,0.5095832619582298
0.5956497490239822,0.1521584271263713,0.5095903127781112
0.5989904655075715,0.1521584271263713,0.5101915852722325
0.5987654320987654,0.15201595668898704,0.510252438736662
0.5991016282987086,0.15201595668898704,0.5102535173561255
0.5988764044943821,0.1518734862516028,0.5102913730383767
0.5986509274873525,0.15173101581421855,0.5103499104161189
0.5984251968503937,0.1515885453768343,0.5103845961413204
0.5994366197183099,0.1515885453768343,0.5104667717335387
0.5992108229988726,0.15144607493945006,0.5107518789762562
0.5989847715736041,0.1513036045020658,0.5108919847885335
0.6,0.1513036045020658,0.510968802441021
0.5997738835500283,0.15116113406468157,0.5110177291763394
0.6001131221719457,0.15116113406468157,0.5110759627503468
0.5998868138087153,0.15101866362729732,0.5111180725434734
0.5996602491506229,0.1508761931899131,0.5112303352394268
0.6003401360544217,0.1508761931899131,0.5114982015052577
0.6001134429948951,0.15073372275252886,0.511511139169713
0.5998864926220204,0.1505912523151446,0.511627423878071
0.5996592844974447,0.15044878187776037,0.5117575886932879
0.5994318181818182,0.15030631144037612,0.511797541195884
0.5992040932347925,0.15016384100299188,0.5120280113319231
0.5989761092150171,0.15002137056560763,0.5120422019029657
0.5987478656801366,0.14987890012822339,0.5120609286260596
0.5990888382687927,0.14987890012822339,0.5120781317618189
0.5988603988603989,0.14973642969083914,0.5121382745039179
0.5992018244013683,0.14973642969083914,0.5122270262122744
0.5989731888191672,0.1495939592534549,0.5122338089454377
0.598744292237443,0.14945148881607068,0.5122663832805093
0.5994285714285714,0.14945148881607068,0.5124831982643059
0.599199542595769,0.14930901837868643,0.5125413369859777
0.5995423340961098,0.14930901837868643,0.5125918627782775
0.5993131081854608,0.14916654794130219,0.5127103186443414
0.5990836197021764,0.14902407750391794,0.5129051663473185
0.5994269340974212,0.14902407750391794,0.5130515696357134
0.599197247706422,0.1488816070665337,0.5131415218913811
0.6009200690051754,0.1488816070665337,0.5133890386727905
0.6006904487917146,0.14873913662914945,0.5134124852724685
0.6010362694300518,0.14873913662914945,0.5135618715611098
0.6008064516129032,0.1485966661917652,0.5135807785576085
0.6005763688760807,0.14845419575438096,0.5136731464679118
0.6003460207612457,0.1483117253169967,0.5137156916590807
0.6001154068090018,0.1481692548796125,0.513901712319919
0.6004618937644342,0.1481692548796125,0.5139121575702936
0.6002310803004044,0.14802678444222825,0.5139368513340581
0.6019698725376593,0.14802678444222825,0.5144447436011427
0.6017391304347826,0.147884314004844,0.5145509852109308
0.6020881670533643,0.147884314004844,0.5146375105910423
0.6018572257690076,0.14774184356745976,0.5146794595462237
0.6016260162601627,0.1475993731300755,0.5147541980271861
0.6023255813953489,0.1475993731300755,0.5149870269444505
0.6020942408376964,0.14745690269269127,0.515014415045733
0.6018626309662398,0.14731443225530702,0.515067858363205
0.6025641025641025,0.14731443225530702,0.515107362241931
0.602332361516035,0.14717196181792278,0.5151591771846111
0.6021003500583431,0.14702949138053853,0.5152251238849092
0.6024518388791593,0.14702949138053853,0.5153339930514222
0.6022196261682243,0.14688702094315428,0.5153390076171109
0.60398359695372,0.14688702094315428,0.5156269378494175
0.6037514654161782,0.14674455050577007,0.5156703929664508
0.6035190615835777,0.14660208006838582,0.5157244566696112
0.6032863849765259,0.14645960963100157,0.5157549305443699
0.6036406341749854,0.14645960963100157,0.5159636883012355
0.6034077555816686,0.14631713919361733,0.5160130514269488
0.6031746031746031,0.14617466875623308,0.5160582238309754
0.6038846380223661,0.14617466875623308,0.5162073533082547
0.6036513545347467,0.14603219831884884,0.5162774383658371
0.6040070713022981,0.14603219831884884,0.5163112767826701
0.6037735849056604,0.1458897278814646,0.5163122251502582
0.6035398230088496,0.14574725744408035,0.5164591765822413
0.6033057851239669,0.1456047870066961,0.5165343991007006
0.603071470761961,0.14546231656931186,0.5166685192472786
0.6034278959810875,0.14546231656931186,0.5168086553593602
0.6031933767001774,0.14531984613192764,0.5168900011529692
0.6039076376554174,0.14531984613192764,0.5170083856178579
0.6036729857819905,0.1451773756945434,0.5170728450619961
0.6040308239478364,0.1451773756945434,0.5171917564885894
0.6041543026706232,0.14503490525715915,0.5173298807404882
0.6045130641330166,0.14503490525715915,0.5173309512378204
0.6046373365041617,0.1448924348197749,0.5174666562552924
0.6044021415823915,0.14474996438239066,0.5176133391412514
0.6051220964860036,0.14474996438239066,0.5176870669233745
0.6048867699642432,0.1446074939450064,0.5177467665114303
0.6044152744630071,0.14432255307023792,0.5177659719063955
0.6041791044776119,0.14418008263285367,0.517852599301322
0.6039426523297491,0.14403761219546943,0.5179230983477383
0.6037059175134489,0.1438951417580852,0.517925292454689
0.6034688995215312,0.14375267132070096,0.517994034330945
0.6045536249251049,0.14375267132070096,0.5184190361365
0.60431654676259,0.14361020088331672,0.5184658843075566
0.6046790641871626,0.14361020088331672,0.5186817834010513
0.6044417767106842,0.14346773044593247,0.518773136312725
0.6048048048048048,0.14346773044593247,0.5188992759554595
0.6045673076923077,0.14332526000854823,0.5190143617751427
0.6043295249549008,0.14318278957116398,0.5190816114082119
0.6040914560770156,0.14304031913377974,0.5190855000274522
0.6044551475015051,0.14304031913377974,0.5191140564872411
0.6042168674698796,0.1428978486963955,0.5194235378119458
0.6039783001808319,0.14275537825901125,0.5194989551340532
0.6037394451145959,0.142612907821627,0.5195310808586664
0.6035003017501509,0.14247043738424278,0.5197284594699092
0.6032608695652174,0.14232796694685854,0.5197365910185745
0.6039903264812576,0.14232796694685854,0.5200961338572623
0.603750756200847,0.1421854965094743,0.5201889504994135
0.6035108958837773,0.14204302607209005,0.5202907259628434
0.6032707450030285,0.1419005556347058,0.5203197147758973
0.6043689320388349,0.1419005556347058,0.5205250821255921
0.6041287188828173,0.14175808519732155,0.5208573682657336
0.6038882138517618,0.1416156147599373,0.5208688962931927
0.6049908703590993,0.1416156147599373,0.5209943891808884
0.6047503045066992,0.14147314432255306,0.5211207387322762
0.6054878048780488,0.14147314432255306,0.5214429984979472
0.6052471018913972,0.14133067388516882,0.521490532514063
0.605006105006105,0.14118820344778457,0.5215128455301848
0.6061162079510704,0.14118820344778457,0.5215741446044369
0.605875152998776,0.14104573301040035,0.521575346266408
0.6069895769466584,0.14104573301040035,0.5218645491715711
0.6067484662576688,0.1409032625730161,0.5220070819972246
0.6071209330877839,0.1409032625730161,0.5222445206246425
0.6068796068796068,0.14076079213563186,0.5222681108766583
0.6066379840196681,0.14061832169824762,0.522310466322308
0.6070110701107011,0.14061832169824762,0.5224889450248212
0.6067692307692307,0.14047585126086337,0.5228361307166853
0.6078914919852034,0.14047585126086337,0.5231011706320132
0.607649599012955,0.14033338082347913,0.5231984965334491
0.6084002470660902,0.14033338082347913,0.5233482988704508
0.6081582200247219,0.14019091038609488,0.5234868193406494
0.608534322820037,0.14019091038609488,0.5234951715099553
0.6082920792079208,0.14004843994871063,0.5235672359934346
0.6086687306501548,0.14004843994871063,0.5235695813379062
0.6084262701363073,0.1399059695113264,0.5236702320151562
0.6088034717916925,0.1399059695113264,0.523716043933283
0.608560794044665,0.13976349907394214,0.5237190741748255
0.6083178150217257,0.13962102863655793,0.5237288026185479
0.6094527363184079,0.13962102863655793,0.5240336533547384
0.6092097075295582,0.13947855819917368,0.524084002527877
0.6089663760896638,0.13933608776178943,0.5240966075274226
0.6087227414330219,0.1391936173244052,0.5242234358802321
0.6084788029925187,0.13905114688702094,0.5242550368451944
0.6096189881324172,0.13905114688702094,0.5250197284542971
0.609375,0.1389086764496367,0.5251630044535502
0.6091307066916823,0.13876620601225245,0.5252307269409705
0.609511889862328,0.13876620601225245,0.5252357071211048
0.6090225563909775,0.13848126513748396,0.52535914348454
0.6105527638190955,0.13848126513748396,0.5256044166119651
0.6103079824010057,0.13833879470009974,0.5257342194171231
0.610062893081761,0.1381963242627155,0.525931405576214
0.6098174952800504,0.13805385382533125,0.5259766060604185
0.6095717884130982,0.137911383387947,0.5260371272827633
0.6107255520504732,0.137911383387947,0.5260837585505166
0.610479797979798,0.13776891295056276,0.526452032160195
0.6102337334175616,0.13762644251317852,0.5265250696101974
0.6117796073464218,0.13762644251317852,0.5269269088992322
0.6115335868187579,0.13748397207579427,0.5270805877696088
0.611287254280279,0.13734150163841002,0.5271517763445039
0.6116751269035533,0.13734150163841002,0.5273302908009333
0.6114285714285714,0.13719903120102578,0.5273436940391844
0.6111817026683609,0.13705656076364153,0.5273512733478448
0.6115702479338843,0.13705656076364153,0.5273909249911094
0.611323155216285,0.13691409032625732,0.5273930351942745
0.611075747931254,0.13677161988887307,0.5274345487501058
0.610828025477707,0.13662914945148882,0.5275337663570656
0.6105799872530274,0.13648667901410458,0.5275475080492616
0.6113592852584556,0.13648667901410458,0.5276569063019383
0.6111111111111112,0.13634420857672033,0.527821507721002
0.6115015974440895,0.13634420857672033,0.5279804265762419
0.6112531969309463,0.1362017381393361,0.5280193612467987
0.6110044785668586,0.13605926770195184,0.5280281502505552
0.6107554417413572,0.1359167972645676,0.528037048609254
0.6115384615384616,0.1359167972645676,0.5280464034721741
0.6112892880051315,0.13577432682718335,0.5280669617459622
0.6116816431322208,0.13577432682718335,0.528230350086375
0.6114322414900449,0.1356318563897991,0.5285047325838353
0.6111825192802056,0.1354893859524149,0.5285312548717243
0.6115755627009646,0.1354893859524149,0.5285799112186929
0.6113256113256114,0.13534691551503064,0.5287086930680044
0.6117192530585963,0.13534691551503064,0.5287339398004857
0.6114690721649485,0.1352044450776464,0.5287615620100187
0.6112185686653772,0.13506197464026215,0.528771890309022
0.6116129032258064,0.13506197464026215,0.5289111284881515
0.6113621691413815,0.1349195042028779,0.5289679156211303
0.61254851228978,0.1349195042028779,0.5294306026885182
0.6122977346278318,0.13477703376549366,0.5295666179234317
0.6120466321243523,0.1346345633281094,0.5296078892391858
0.6128404669260701,0.1346345633281094,0.5299238677407021
0.6125892277741726,0.13449209289072517,0.5300224610632779
0.612987012987013,0.13449209289072517,0.5300276653474572
0.612735542560104,0.13434962245334092,0.5300728816873334
0.6135328562134027,0.13434962245334092,0.5302492764579251
0.61328125,0.13420715201595668,0.5303550900233686
0.6136807817589577,0.13420715201595668,0.5304459905166954
0.6134289439374185,0.13406468157857246,0.5306716874283423
0.6131767775603392,0.1339222111411882,0.5307037897019048
0.6135770234986945,0.1339222111411882,0.5307847512554352
0.6133246244284781,0.13377974070380397,0.5308297008000826
0.6137254901960785,0.13377974070380397,0.5308911139823344
0.6134728580771747,0.13363727026641972,0.530920005685259
0.6138743455497382,0.13363727026641972,0.5309425664445665
0.6136214800261951,0.13349479982903548,0.5309461033568293
0.6140235910878112,0.13349479982903548,0.5309848688735439
0.6137704918032787,0.13335232939165123,0.531026158623038
0.6141732283464567,0.13335232939165123,0.5310634503089241
0.6139198949441891,0.13320985895426699,0.531069959417432
0.6140696909927679,0.13306738851688274,0.5311021698172979
0.6138157894736842,0.1329249180794985,0.531209447196907
0.6135615536537196,0.13278244764211425,0.5312161197671433
0.613965744400527,0.13278244764211425,0.5312424545179002
0.6137112722478576,0.13263997720473003,0.5313065309493925
0.6141160949868074,0.13263997720473003,0.5314457702809325
0.6138613861386139,0.13249750676734579,0.5314622969189937
0.6146728354263054,0.13249750676734579,0.5316156831385407
0.6144179894179894,0.13235503632996154,0.531708090904093
0.6139072847682119,0.13207009545519305,0.5318002225900642
0.6136514247846255,0.1319276250178088,0.5318110865395217
0.6140583554376657,0.1319276250178088,0.5318700163298117
0.6138022561380225,0.13178515458042456,0.5318765208678499
0.6142098273572377,0.13178515458042456,0.532099595948278
0.6139534883720931,0.1316426841430403,0.532233273485625
0.6136968085106383,0.13150021370565607,0.5322668100308035
0.6145139813581891,0.13150021370565607,0.5323156857849436
0.6142571618920719,0.13135774326827182,0.532485843452968
0.6146666666666667,0.13135774326827182,0.5325927393087115
0.6144096064042696,0.1312152728308876,0.532627993249826
0.6152304609218436,0.1312152728308876,0.5327952302302887
0.6153846153846154,0.13107280239350336,0.5328050656670932
0.6162089752176825,0.13107280239350336,0.5329888303430672
0.6159517426273459,0.1309303319561191,0.5332146557539832
0.6156941649899397,0.13078786151873487,0.5332332610123367
0.6154362416107383,0.13064539108135062,0.5332958548971348
0.615849563465413,0.13064539108135062,0.533367317035987
0.6155913978494624,0.13050292064396637,0.5334477743874857
0.6153328850033625,0.13036045020658213,0.5334631653956059
0.6157469717362046,0.13036045020658213,0.5335916148093985
0.6154882154882155,0.13021797976919788,0.5337419504584084
0.6152291105121294,0.13007550933181364,0.5338457248127741
0.614969656102495,0.1299330388944294,0.5340734166211984
0.6162162162162163,0.1299330388944294,0.5341587189630875
0.6159567275185936,0.12979056845704517,0.5345359048895382
0.6156968876860622,0.12964809801966093,0.5346636010000477
0.6154366960054164,0.12950562758227668,0.5346768559208861
0.6151761517615176,0.12936315714489244,0.5347605366194801
0.6149152542372881,0.1292206867075082,0.5347866380797789
0.6146540027137042,0.12907821627012395,0.535031115077049
0.6143923964697895,0.1289357458327397,0.5353559947666978
0.6148097826086957,0.1289357458327397,0.5355968305495717
0.6145479265805575,0.12879327539535546,0.5360660669146914
0.6153846153846154,0.12879327539535546,0.5362688248339336
0.6151226158038147,0.1286508049579712,0.53628526421907
0.6159618008185539,0.1286508049579712,0.5368695501174765
0.6156996587030716,0.128508334520587,0.5369024867807369
0.6161202185792349,0.128508334520587,0.5369726747228181
0.6158578263841422,0.12836586408320275,0.5371539587263544
0.6162790697674418,0.12836586408320275,0.5372868957834095
0.6160164271047228,0.1282233936458185,0.5373046110267575
0.6157534246575342,0.12808092320843426,0.5373965713736861
0.6170212765957447,0.12808092320843426,0.5375173927388827
0.6167582417582418,0.12793845277105,0.5375762294300807
0.6171821305841925,0.12793845277105,0.537647365914199
0.6169188445667125,0.12779598233366576,0.5376473773394282
0.616655196145905,0.12765351189628152,0.5378029942870177
0.6163911845730028,0.12751104145889727,0.5378546755516663
0.6176673567977916,0.12751104145889727,0.5378862638265115
0.6174033149171271,0.12736857102151303,0.537990783516756
0.6175656984785616,0.12722610058412878,0.5380931911142826
0.6179930795847751,0.12722610058412878,0.5381045351363529
0.6177285318559557,0.12708363014674456,0.5381169985400501
0.6185852981969486,0.12708363014674456,0.538463700484481
0.6183206106870229,0.12694115970936032,0.5384755929989915
0.6196105702364395,0.12694115970936032,0.5387118010805433
0.6193458594293667,0.12679868927197607,0.5387587151688649
0.6190807799442897,0.12665621883459183,0.5387797353545253
0.6188153310104529,0.12651374839720758,0.5387824892330179
0.619678995115143,0.12651374839720758,0.538849380223009
0.619413407821229,0.12637127795982334,0.5388608186596474
0.6202797202797202,0.12637127795982334,0.539057059355924
0.6200139958012596,0.1262288075224391,0.5391026388550602
0.6204481792717087,0.1262288075224391,0.5393631735759874
0.6201822004204625,0.12608633708505484,0.5394149808452972
0.6199158485273493,0.1259438666476706,0.5394605418403838
0.6207865168539326,0.1259438666476706,0.539484027506176
0.6205200281096276,0.12580139621028635,0.5394946164395624
0.6213933849401829,0.12580139621028635,0.5396066894675969
0.6211267605633802,0.12565892577290214,0.5396383232579184
0.6208597603946441,0.1255164553355179,0.5396700301812235
0.6205923836389281,0.12537398489813364,0.5397478367314834
0.6203246294989414,0.1252315144607494,0.5398101310912523
0.6212014134275619,0.1252315144607494,0.5398242448200088
0.620933521923621,0.12508904402336515,0.5399364296048091
0.6213729653220099,0.12508904402336515,0.5399403674644404
0.6211048158640227,0.12494657358598091,0.5399841935426816
0.6208362863217576,0.12480410314859666,0.5401608409239431
0.6212765957446809,0.12480410314859666,0.5402416984603292
0.6210078069552875,0.12466163271121242,0.5402619336083487
0.6207386363636364,0.12451916227382819,0.5402622683727419
0.6220640569395017,0.12451916227382819,0.540788794404324
0.6217948717948718,0.12437669183644394,0.5408995496442531
0.6215253029223093,0.1242342213990597,0.541106242467046
0.6219686162624821,0.1242342213990597,0.5412202386868459
0.6216987865810135,0.12409175096167545,0.5413783584351307
0.6214285714285714,0.1239492805242912,0.5416153510032105
0.6218727662616155,0.1239492805242912,0.5416585911137065
0.6216022889842633,0.12380681008690697,0.5416644263560582
0.6213314244810307,0.12366433964952273,0.5417289857085278
0.6222222222222222,0.12366433964952273,0.5419656200523139
0.6219512195121951,0.12352186921213848,0.5419839138004102
0.6216798277099784,0.12337939877475423,0.5419924374093729
0.6218547807332854,0.12323692833737,0.542063586355109
0.622478386167147,0.12309445789998576,0.5421611386280851
0.6233766233766234,0.12309445789998576,0.5421864071849141
0.6231046931407942,0.12295198746260151,0.5423700544589961
0.6235549132947977,0.12295198746260151,0.5423740510672106
0.6232827187274042,0.12280951702521727,0.5424149515574173
0.6230101302460203,0.12266704658783302,0.5425317954765532
0.6227371469949312,0.12252457615044879,0.5426507070754167
0.6224637681159421,0.12238210571306454,0.5428258236156694
0.6221899927483684,0.1222396352756803,0.5430072327019425
0.623546511627907,0.1222396352756803,0.5434297303770921
0.6232727272727273,0.12209716483829605,0.5434755432411333
0.6241806263656228,0.12209716483829605,0.5436320830242143
0.6239067055393586,0.1219546944009118,0.5437383920687621
0.62436177972283,0.1219546944009118,0.5438003199958186
0.6240875912408759,0.12181222396352757,0.5438336153402843
0.6238130021913806,0.12166975352614333,0.5438751148423274
0.6242690058479532,0.12166975352614333,0.5440440873548257
0.6239941477688369,0.12152728308875908,0.5441449518983614
0.6244509516837482,0.12152728308875908,0.5443163870525146
0.6241758241758242,0.12138481265137484,0.5446023351668381
0.6243580337490829,0.12124234221399059,0.5446403968536973
0.6248164464023495,0.12124234221399059,0.5447892955034169
0.625,0.12109987177660636,0.544834507416425
0.6247240618101545,0.12095740133922211,0.5448531179376939
0.6244477172312224,0.12081493090183787,0.5448890430391768
0.6241709653647752,0.12067246046445362,0.5450178361726379
0.6246312684365781,0.12067246046445362,0.545119293015837
0.6243542435424354,0.12052999002706938,0.5452994998177845
0.6248153618906942,0.12052999002706938,0.5455447804791398
0.6245380635624538,0.12038751958968515,0.5457174135746952
0.6242603550295858,0.1202450491523009,0.5458402803258385
0.6239822353811991,0.12010257871491666,0.5458651060679828
0.6244444444444445,0.12010257871491666,0.546164748406259
0.6241660489251297,0.11996010827753241,0.5462658588487858
0.6238872403560831,0.11981763784014816,0.5463102223553961
0.62481426448737,0.11981763784014816,0.5464035565668339
0.6245353159851301,0.11967516740276393,0.54646210932673
0.6242559523809523,0.11953269696537969,0.5465089512093484
0.6256524981357197,0.11953269696537969,0.5470327523371354
0.6253731343283582,0.11939022652799544,0.5471245166979456
0.6250933532486931,0.1192477560906112,0.5471546762968127
0.625560538116592,0.1192477560906112,0.5472421412373828
0.62528047868362,0.11910528565322695,0.5472673135705499
0.625748502994012,0.11910528565322695,0.5472774269690324
0.6254681647940075,0.11896281521584272,0.547297105062419
0.6251874062968515,0.11882034477845847,0.5474324577847729
0.6261261261261262,0.11882034477845847,0.5474700569832925
0.6258452291510143,0.11867787434107423,0.5475010721560162
0.6267870579382995,0.11867787434107423,0.5476986860729672
0.6265060240963856,0.11853540390368998,0.5477535191413628
0.6262245666917859,0.11839293346630574,0.547778511569042
0.6259426847662142,0.1182504630289215,0.5478065676932088
0.6256603773584906,0.11810799259153726,0.547908751519476
0.6261329305135952,0.11810799259153726,0.5479280633334032
0.6258503401360545,0.11796552215415301,0.5480983744712816
0.6255673222390318,0.11782305171676877,0.5481586688349666
0.6265151515151515,0.11782305171676877,0.5483119170532669
0.6262319939347991,0.11768058127938452,0.5483592475458964
0.625948406676783,0.11753811084200029,0.5484939254805017
0.6256643887623387,0.11739564040461604,0.5487386932926382
0.6253799392097265,0.1172531699672318,0.5487921259255756
0.6258555133079848,0.1172531699672318,0.5488054259938522
0.6255707762557078,0.11711069952984755,0.5488425244226591
0.6252856054836253,0.11696822909246331,0.5490044801268095
0.6257621951219512,0.11696822909246331,0.5490910010946398
0.6254767353165522,0.11682575865507908,0.549113255806734
0.6251908396946565,0.11668328821769483,0.5491148992270183
0.6249045072574484,0.11654081778031058,0.5491363177104812
0.6246177370030581,0.11639834734292634,0.5491413549782153
0.6243305279265493,0.1162558769055421,0.5492858942693173
0.6240428790199081,0.11611340646815786,0.5494256107617418
0.6245210727969349,0.11611340646815786,0.5494619440506444
0.6242331288343558,0.11597093603077362,0.5494820026033252
0.6239447429009977,0.11582846559338937,0.5495134459643249
0.6236559139784946,0.11568599515600513,0.549528573464387
0.6250962278675904,0.11568599515600513,0.5500802929726715
0.6248073959938367,0.11554352471862088,0.5501060698055497
0.6245181187355435,0.11540105428123665,0.550308867645134
0.625,0.11540105428123665,0.5504114923931588
0.6247104247104247,0.1152585838438524,0.5504159631585807
0.624420401854714,0.11511611340646816,0.5504322880003009
0.6241299303944315,0.11497364296908391,0.5506164463499327
0.6275272161741835,0.11497364296908391,0.5515620091423274
0.6272373540856031,0.11483117253169967,0.5516420510296888
0.6269470404984424,0.11468870209431543,0.5516681268085709
0.627435697583788,0.11468870209431543,0.5517716152280514
0.6271450858034321,0.11454623165693119,0.5517988242356048
0.6268540202966433,0.11440376121954694,0.5518020706627267
0.6283255086071987,0.11440376121954694,0.5520635808206475
0.6280344557556774,0.1142612907821627,0.5520684451228355
0.6290196078431373,0.1142612907821627,0.552084161401135
0.6287284144427001,0.11411882034477845,0.5522231269412101
0.6284367635506677,0.11397634990739422,0.5522777719933315
0.6281446540880503,0.11383387947000997,0.552307465138607
0.6278520849724626,0.11369140903262573,0.5523716762606545
0.6288416075650118,0.11369140903262573,0.5524210861984384
0.6285488958990536,0.11354893859524148,0.5525004247227696
0.6282557221783741,0.11340646815785725,0.5526487592037084
0.6287519747235387,0.11340646815785725,0.5526545498923986
0.6284584980237155,0.113263997720473,0.5526758701697206
0.6289556962025317,0.113263997720473,0.5527307264632022
0.6286619160728424,0.11312152728308876,0.5527387683937902
0.6311605723370429,0.11312152728308876,0.5534805597963501
0.6308671439936356,0.11297905684570451,0.5536005854156361
0.6305732484076433,0.11283658640832027,0.5536659189271483
0.6302788844621514,0.11269411597093604,0.5537955779416524
0.6307814992025519,0.11269411597093604,0.5538943770557456
0.6304868316041501,0.11255164553355179,0.5539175297596405
0.6301916932907349,0.11240917509616755,0.5540876376429094
0.6298960831334932,0.1122667046587833,0.5541449423956002
0.6296,0.11212423422139906,0.5542568790245487
0.6293034427542034,0.11198176378401482,0.5543153074602131
0.6290064102564102,0.11183929334663058,0.5543529749916292
0.6287089013632718,0.11169682290924633,0.5543696297385438
0.6284109149277689,0.11155435247186209,0.5544229663134809
0.6281124497991968,0.11141188203447784,0.5545830083639497
0.6291230893000804,0.11141188203447784,0.5546339891768665
0.6288244766505636,0.11126941159709361,0.5547779790681541
0.628525382755842,0.11112694115970936,0.5549572893169739
0.6282258064516129,0.11098447072232512,0.5549629957802128
0.6287328490718321,0.11098447072232512,0.5551394801819356
0.6284329563812601,0.11084200028494087,0.5551906663865813
0.6281325788197252,0.11069952984755663,0.555381609003582
0.627831715210356,0.1105570594101724,0.5557030408507435
0.6275303643724697,0.11041458897278815,0.5557873054227256
0.6272285251215559,0.1102721185354039,0.5558598655000385
0.6269261962692619,0.11012964809801966,0.5560981276352801
0.6266233766233766,0.10998717766063541,0.5563755279177438
0.6263200649878148,0.10984470722325118,0.5563868871612241
0.6260162601626016,0.10970223678586694,0.5564292681311098
0.6265256305939788,0.10970223678586694,0.5564359521817709
0.6262214983713354,0.10955976634848269,0.5564428108787981
0.6282679738562091,0.10955976634848269,0.5564950574435538
0.6279640228945217,0.10941729591109844,0.5565470917616808
0.6284779050736498,0.10941729591109844,0.5566287926504876
0.6281736281736282,0.1092748254737142,0.5566619341631357
0.6302382908792111,0.1092748254737142,0.5570224051225342
0.6299342105263158,0.10913235503632997,0.5571512089877466
0.6296296296296297,0.10898988459894572,0.5571597777120811
0.6293245469522241,0.10884741416156148,0.5571708861559493
0.6290189612530915,0.10870494372417723,0.5572086067672304
0.6295379537953796,0.10870494372417723,0.5572453102219923
0.629232039636664,0.10856247328679298,0.5572571959853443
0.6289256198347107,0.10842000284940875,0.5575046724984493
0.6299668874172185,0.10842000284940875,0.5577890276558356
0.6296603148301574,0.10827753241202451,0.5578570286667818
0.6293532338308457,0.10813506197464026,0.5579244491188482
0.629045643153527,0.10799259153725602,0.5579900505030483
0.6287375415282392,0.10785012109987177,0.5585216909318705
0.628428927680798,0.10770765066248754,0.5588608087669364
0.6305254378648875,0.10770765066248754,0.5591730372411575
0.6302170283806344,0.1075651802251033,0.5592726438818358
0.6299081035923141,0.10742270978771905,0.5594241561797058
0.6320201173512154,0.10742270978771905,0.5597004122122253
0.6317114093959731,0.1072802393503348,0.5597938051620104
0.6314021830394626,0.10713776891295056,0.5599692503865857
0.6362098138747885,0.10713776891295056,0.560565937730803
0.6359017781541066,0.10699529847556633,0.5605694562959308
0.635593220338983,0.10685282803818208,0.5605970309889344
0.635284139100933,0.10671035760079783,0.5606486300601383
0.634974533106961,0.10656788716341359,0.560685450833049
0.6346644010195412,0.10642541672602934,0.5607054068182965
0.6343537414965986,0.10628294628864511,0.5607988177917015
0.6340425531914894,0.10614047585126087,0.5608317494078898
0.6337308347529813,0.10599800541387662,0.5610114887770884
0.6348122866894198,0.10599800541387662,0.5613780278144721
0.6345004269854825,0.10585553497649237,0.5614307573184804
0.635042735042735,0.10585553497649237,0.5615455695389174
0.6347305389221557,0.10571306453910813,0.5616221070044645
0.6352739726027398,0.10571306453910813,0.5616279337573862
0.6349614395886889,0.1055705941017239,0.5618221365414664
0.6360515021459228,0.1055705941017239,0.562048463376327
0.6357388316151202,0.10542812366433965,0.5620487904928849
0.6362854686156492,0.10542812366433965,0.5620512256525186
0.6359724612736661,0.1052856532269554,0.5622109900860546
0.6356589147286822,0.10514318278957116,0.5622375084921527
0.636755823986195,0.10514318278957116,0.5626667594620923
0.6364421416234888,0.10500071235218691,0.5626758872110272
0.6361279170267934,0.10485824191480268,0.5626768810090945
0.6366782006920415,0.10485824191480268,0.5626974054047442
0.6363636363636364,0.10471577147741844,0.5627694861410236
0.6369150779896013,0.10471577147741844,0.5628779616584773
0.6366001734605378,0.10457330104003419,0.5629799323878124
0.6362847222222222,0.10443083060264995,0.5630254681275471
0.635968722849696,0.1042883601652657,0.5630655649776101
0.6365217391304347,0.1042883601652657,0.5631190757732485
0.6362053959965187,0.10414588972788147,0.5631272176206973
0.6367595818815331,0.10414588972788147,0.5631964898377863
0.6364428945074107,0.10400341929049722,0.5634224786878432
0.6361256544502618,0.10386094885311298,0.5634770612567569
0.6377952755905512,0.10386094885311298,0.5640060356084147
0.637478108581436,0.10371847841572873,0.5641400023001629
0.6380368098159509,0.10371847841572873,0.5643317198144223
0.637719298245614,0.1035760079783445,0.5643618508250515
0.6374012291483757,0.10343353754096025,0.5643668403714419
0.6370826010544816,0.10329106710357601,0.5643700759644186
0.6376429199648197,0.10329106710357601,0.5644246099470415
0.6373239436619719,0.10314859666619176,0.5646407029368281
0.6370044052863436,0.10300612622880752,0.5648084280396207
0.6375661375661376,0.10300612622880752,0.56496875760701
0.6372462488967343,0.10286365579142329,0.5650844700800156
0.6369257950530035,0.10272118535403904,0.5650969485327114
0.6386182462356067,0.10272118535403904,0.5659114255941823
0.6388642413487134,0.1025787149166548,0.5659966126654278
0.64,0.1025787149166548,0.5660808468785781
0.6396797153024911,0.10243624447927055,0.5662809907753356
0.6402493321460374,0.10243624447927055,0.5665717803640092
0.6399286987522281,0.1022937740418863,0.5666018741121108
0.64049955396967,0.1022937740418863,0.5667156756246798
0.6401785714285714,0.10215130360450207,0.5668836761410705
0.6398570151921358,0.10200883316711783,0.5668950381986447
0.6395348837209303,0.10186636272973358,0.5669549948229711
0.639212175470009,0.10172389229234934,0.5671070779503918
0.6388888888888888,0.10158142185496509,0.5671288780522615
0.6394618834080718,0.10158142185496509,0.5672773505484257
0.6391382405745063,0.10143895141758086,0.5674563843063416
0.6388140161725068,0.10129648098019661,0.567495320113305
0.6393884892086331,0.10129648098019661,0.5678430965938789
0.639063906390639,0.10115401054281237,0.5678928698807814
0.6387387387387388,0.10101154010542812,0.5680520330641294
0.6384129846708747,0.10086906966804388,0.5680833133647604
0.6380866425992779,0.10072659923065964,0.5680941660757353
0.6377597109304426,0.1005841287932754,0.5681359529297954
0.6389140271493212,0.1005841287932754,0.5683705405857242
0.6385869565217391,0.10044165835589115,0.5685793633616186
0.6382592928377153,0.10029918791850691,0.5688396411284308
0.6379310344827587,0.10015671748112266,0.5688676724731322
0.6376021798365122,0.10001424704373843,0.5690148347256596
0.6381818181818182,0.10001424704373843,0.5692690330169362
0.637852593266606,0.09987177660635418,0.5693033208092856
0.6375227686703097,0.09972930616896994,0.569326358330626
0.6371923427529627,0.0995868357315857,0.5695520692689089
0.6401098901098901,0.0995868357315857,0.5697896465383311
0.6397800183318056,0.09944436529420145,0.5698723128967939
0.6394495412844037,0.09930189485681722,0.570100360336303
0.6391184573002755,0.09915942441943297,0.5702104639974441
0.6387867647058824,0.09901695398204872,0.5702771869620309
0.6384544618215271,0.09887448354466448,0.5703166109108202
0.638121546961326,0.09873201310728023,0.5703803399007364
0.6377880184331797,0.098589542669896,0.5704242173091096
0.6395563770794824,0.098589542669896,0.570814222025351
0.6392229417206291,0.09844707223251176,0.57095481450259
0.6398148148148148,0.09844707223251176,0.5710262302313739
0.6394810009267841,0.09830460179512751,0.5710974715182084
0.640074211502783,0.09830460179512751,0.5711141301410281
0.6397400185701021,0.09816213135774327,0.5711244938363301
0.6403345724907064,0.09816213135774327,0.571234734405897
0.64,0.09801966092035902,0.5712815341123783
0.6396648044692738,0.09787719048297479,0.5713259784849757
0.6438612933458294,0.09787719048297479,0.5718150654545726
0.6435272045028143,0.09773472004559054,0.5718812991722889
0.644131455399061,0.09773472004559054,0.5719266127467124
0.643796992481203,0.0975922496082063,0.5719511483896725
0.6434619002822202,0.09744977917082205,0.5720435343356242
0.644674835061263,0.09744977917082205,0.5721162850378326
0.6443396226415095,0.0973073087334378,0.5723960566794856
0.6440037771482531,0.09716483829605357,0.572397801164065
0.6446124763705104,0.09716483829605357,0.5724534851274763
0.6442762535477767,0.09702236785866933,0.5724588997748334
0.6439393939393939,0.09687989742128508,0.5725701085863238
0.6445497630331753,0.09687989742128508,0.5727716091706161
0.644212523719165,0.09673742698390084,0.5728395769279887
0.6448243114909782,0.09673742698390084,0.5728692999344693
0.6444866920152091,0.09659495654651659,0.5729469638307446
0.6441484300666033,0.09645248610913236,0.5730903785371604
0.6459923664122137,0.09645248610913236,0.5733696517404486
0.6456542502387774,0.09631001567174811,0.5733743791831093
0.6453154875717018,0.09616754523436387,0.5736532379456105
0.645933014354067,0.09616754523436387,0.5736769168414101
0.6455938697318008,0.09602507479697962,0.5737107016177835
0.6452540747842761,0.09588260435959538,0.5738630712667601
0.6449136276391555,0.09574013392221115,0.5740906468652067
0.6445725264169068,0.0955976634848269,0.5741861565095498
0.6442307692307693,0.09545519304744265,0.5742751010827419
0.6454720616570327,0.09545519304744265,0.5746115519246204
0.6451301832208293,0.09531272261005841,0.5750158661009548
0.6457528957528957,0.09531272261005841,0.5750629326892113
0.6454106280193237,0.09517025217267416,0.5751014345400358
0.6450676982591876,0.09502778173528993,0.5752158027388932
0.6447241045498547,0.09488531129790569,0.575419115091113
0.6466019417475728,0.09488531129790569,0.5755052125537606
0.6462585034013606,0.09474284086052144,0.5755128036429643
0.646887159533074,0.09474284086052144,0.5755888062058745
0.6465433300876339,0.0946003704231372,0.5757439767010675
0.6471734892787524,0.0946003704231372,0.5758472236550914
0.646829268292683,0.09445789998575295,0.5760072329752616
0.6474609375,0.09445789998575295,0.5760565228971666
0.6471163245356794,0.09431542954836872,0.5760949455938112
0.6467710371819961,0.09417295911098447,0.5761660023963223
0.6480392156862745,0.09417295911098447,0.5763611639537458
0.647693817468106,0.09403048867360023,0.5764390601993433
0.6489675516224189,0.09403048867360023,0.5765146928841157
0.6486220472440944,0.09388801823621598,0.5766554384334771
0.6482758620689655,0.09374554779883175,0.5767274062078087
0.6479289940828402,0.0936030773614475,0.5768098815458395
0.6475814412635735,0.09346060692406326,0.5768417275514998
0.6472332015810277,0.09331813648667901,0.5768478346618543
0.6468842729970327,0.09317566604929477,0.5769269685288315
0.6488095238095238,0.09317566604929477,0.5772445566296233
0.6484607745779544,0.09303319561191054,0.5772720458382908
0.6497512437810945,0.09303319561191054,0.5776131892713597
0.649402390438247,0.09289072517452629,0.5776559419653623
0.6506986027944112,0.09289072517452629,0.5778864419890999
0.6503496503496503,0.09274825473714204,0.5779313922564936
0.65,0.0926057842997578,0.5779423998320266
0.6496496496496497,0.09246331386237355,0.5779582356185068
0.6492985971943888,0.09232084342498932,0.5781087885595004
0.6512562814070352,0.09232084342498932,0.5785652456264953
0.6509054325955734,0.09217837298760508,0.5786782241420476
0.6528758829465187,0.09217837298760508,0.5793658571934144
0.6525252525252525,0.09203590255022083,0.5793676502399333
0.6531850353892821,0.09203590255022083,0.5795494386688574
0.652834008097166,0.09189343211283658,0.5796091859758271
0.6554878048780488,0.09189343211283658,0.5798659361515943
0.6551373346897253,0.09175096167545234,0.5799044751854249
0.6558044806517311,0.09175096167545234,0.5799455199616634
0.6554536187563711,0.09160849123806811,0.5799959973064113
0.6551020408163265,0.09146602080068386,0.5800571579506232
0.6547497446373851,0.09132355036329962,0.580110511518699
0.6554192229038854,0.09132355036329962,0.5802465879880494
0.6550665301944729,0.09118107992591537,0.5802494188885491
0.6557377049180327,0.09118107992591537,0.5802633937551164
0.6560574948665298,0.09103860948853112,0.5803134637622631
0.6557040082219938,0.0908961390511469,0.5803673533770946
0.6563786008230452,0.0908961390511469,0.5803888626962272
0.6560247167868177,0.09075366861376265,0.5804676154010199
0.656701030927835,0.09075366861376265,0.5804947492045334
0.6563467492260062,0.0906111981763784,0.5805873012997945
0.6570247933884298,0.0906111981763784,0.5806084029529727
0.656670113753878,0.09046872773899416,0.5806138469360675
0.6573498964803313,0.09046872773899416,0.5806958501286342
0.6569948186528497,0.09032625730160991,0.5809502769616297
0.6566390041493776,0.09018378686422568,0.5812299991815018
0.656282450674974,0.09004131642684143,0.5813050936582737
0.6583333333333333,0.09004131642684143,0.58195269941745
0.6579770594369134,0.08989884598945719,0.5819781718468062
0.6576200417536534,0.08975637555207294,0.5820172285137211
0.6572622779519331,0.0896139051146887,0.5823730265139699
0.6579497907949791,0.0896139051146887,0.5823889043162837
0.6575916230366492,0.08947143467730446,0.5825594566443744
0.6572327044025157,0.08932896423992022,0.582570547146855
0.6593059936908517,0.08932896423992022,0.5827069981784647
0.6589473684210526,0.08918649380253597,0.5827139595161
0.6585879873551106,0.08904402336515173,0.5827140496236703
0.6599788806758183,0.08904402336515173,0.582791981049765
0.6596194503171248,0.08890155292776748,0.5829461526523396
0.6624203821656051,0.08890155292776748,0.5840474639540851
0.6620616365568545,0.08875908249038325,0.5840693089923087
0.6617021276595745,0.088616612052999,0.5841325013876248
0.6613418530351438,0.08847414161561476,0.5842034801914092
0.6627534685165422,0.08847414161561476,0.5843740981206966
0.6623931623931624,0.08833167117823051,0.5843768352287934
0.6620320855614973,0.08818920074084627,0.5844279547008882
0.6616702355460385,0.08804673030346204,0.5844341770302076
0.6613076098606645,0.08790425986607779,0.5845484372113506
0.6609442060085837,0.08776178942869355,0.5845558086332345
0.6605800214822771,0.0876193189913093,0.5846925111786115
0.6602150537634408,0.08747684855392505,0.5849763058084545
0.6598493003229279,0.08733437811654082,0.5853213862895238
0.6594827586206896,0.08719190767915658,0.5855021876825948
0.6591154261057174,0.08704943724177233,0.5855370231993123
0.6598272138228942,0.08704943724177233,0.5856091423751963
0.6594594594594595,0.08690696680438809,0.5857762090677684
0.6601731601731602,0.08690696680438809,0.5859552636425187
0.6598049837486457,0.08676449636700384,0.5860633310188542
0.6594360086767896,0.08662202592961961,0.5860651724619826
0.6590662323561346,0.08647955549223536,0.5861285982240744
0.658695652173913,0.08633708505485112,0.5861522529542816
0.6583242655059848,0.08619461461746687,0.5861969342216841
0.6604803493449781,0.08619461461746687,0.5863123611816226
0.6601092896174864,0.08605214418008263,0.5864740997782502
0.6608315098468271,0.08605214418008263,0.5864878997138212
0.660460021905805,0.0859096737426984,0.5865690567028743
0.6600877192982456,0.08576720330531415,0.5866879706545013
0.6597145993413831,0.0856247328679299,0.5871497343659289
0.6604395604395604,0.0856247328679299,0.5871638216464784
0.6600660066006601,0.08548226243054566,0.5872847206352524
0.6607929515418502,0.08548226243054566,0.5874045280803645
0.6604189636163176,0.08533979199316141,0.5874404827963138
0.6600441501103753,0.08519732155577718,0.5874506541369126
0.6596685082872928,0.08505485111839294,0.5875397290401325
0.6592920353982301,0.08491238068100869,0.587540732860746
0.6589147286821705,0.08476991024362444,0.5878340014784978
0.6585365853658537,0.0846274398062402,0.587978287162816
0.6592674805771365,0.0846274398062402,0.5880385181057086
0.6588888888888889,0.08448496936885597,0.5880695369946173
0.6596218020022246,0.08448496936885597,0.5883818463985747
0.6592427616926503,0.08434249893147172,0.5884529434207169
0.6599777034559643,0.08434249893147172,0.5886909494882708
0.6595982142857143,0.08420002849408748,0.5888010427905807
0.659217877094972,0.08405755805670323,0.5892961027386817
0.6588366890380313,0.083915087619319,0.589402935720992
0.6595744680851063,0.083915087619319,0.5894530249747211
0.6591928251121076,0.08377261718193475,0.5895796938155189
0.6599326599326599,0.08377261718193475,0.589677179538008
0.6595505617977528,0.08363014674455051,0.5897261567076792
0.6591676040494938,0.08348767630716626,0.5897533828673108
0.6587837837837838,0.08334520586978202,0.5898485321872413
0.6583990980834273,0.08320273543239778,0.5899135560056216
0.6591422121896162,0.08320273543239778,0.5899193141673278
0.6587570621468927,0.08306026499501354,0.5899429433028199
0.6602491506228766,0.08306026499501354,0.5902594571509974
0.6598639455782312,0.08291779455762929,0.5903940020508175
0.659477866061294,0.08277532412024505,0.5904816342701569
0.6590909090909091,0.0826328536828608,0.5905182596211316
0.6598407281001137,0.0826328536828608,0.5906026856950055
0.6594533029612756,0.08249038324547657,0.5906290868220181
0.6590649942987458,0.08234791280809232,0.5906751188455228
0.658675799086758,0.08220544237070808,0.5907122837942429
0.6609392898052692,0.08220544237070808,0.591075301589758
0.6605504587155964,0.08206297193332383,0.5913604772921874
0.6601607347876005,0.08192050149593959,0.5915796545795494
0.6609195402298851,0.08192050149593959,0.5916342439572821
0.6605293440736478,0.08177803105855536,0.5916502554020717
0.6601382488479263,0.08163556062117111,0.5917043368389365
0.6608996539792388,0.08163556062117111,0.591816262874795
0.6605080831408776,0.08149309018378686,0.5919163452514401
0.6601156069364161,0.08135061974640262,0.5919442919848656
0.6597222222222222,0.08120814930901837,0.5922482626716242
0.6593279258400927,0.08106567887163414,0.5922913782778542
0.6589327146171694,0.0809232084342499,0.5925308906475133
0.6596980255516841,0.0809232084342499,0.5925909226189174
0.6593023255813953,0.08078073799686565,0.5926123278842367
0.660069848661234,0.08078073799686565,0.5926515859637027
0.6596736596736597,0.0806382675594814,0.592795583123354
0.6604434072345391,0.0806382675594814,0.59301323094246
0.6596491228070176,0.08035332668471293,0.5931880339151346
0.6592505854800936,0.08021085624732868,0.5934245877612737
0.6588511137162955,0.08006838580994444,0.5935611755305477
0.6596244131455399,0.08006838580994444,0.5937193118366819
0.6592244418331374,0.07992591537256019,0.5937751791333596
0.66,0.07992591537256019,0.5938216601001635
0.6595995288574794,0.07978344493517595,0.5938276823541696
0.660377358490566,0.07978344493517595,0.5938309378003737
0.6599763872491146,0.07964097449779171,0.5939293371435804
0.6595744680851063,0.07949850406040747,0.5939425014697204
0.659171597633136,0.07935603362302322,0.5939939471534315
0.6587677725118484,0.07921356318563898,0.594127089127354
0.6583629893238434,0.07907109274825473,0.5943462784101949
0.6579572446555819,0.0789286223108705,0.5945853944900211
0.6595238095238095,0.0789286223108705,0.5949867228834269
0.6591179976162098,0.07878615187348625,0.5950095264980689
0.6587112171837709,0.07864368143610201,0.5950182797394526
0.6602870813397129,0.07864368143610201,0.5953925284890518
0.6598802395209581,0.07850121099871776,0.5954889641421144
0.6594724220623501,0.07835874056133352,0.5955779894042309
0.65906362545018,0.07821627012394929,0.5956200611160464
0.6586538461538461,0.07807379968656504,0.5956732208980435
0.6582430806257521,0.0779313292491808,0.5956838137484808
0.6578313253012048,0.07778885881179655,0.5957336136917522
0.6586248492159228,0.07778885881179655,0.5958941309227282
0.6582125603864735,0.0776463883744123,0.5961187696017678
0.6577992744860943,0.07750391793702807,0.5962749559467085
0.6573849878934624,0.07736144749964383,0.5966307650261913
0.656969696969697,0.07721897706225958,0.5966862644351588
0.6565533980582524,0.07707650662487533,0.5966996846730851
0.6561360874848117,0.07693403618749109,0.5968792795187623
0.6557177615571776,0.07679156575010686,0.5970012991315999
0.6597307221542228,0.07679156575010686,0.5979102941306303
0.6593137254901961,0.07664909531272261,0.5979891188548627
0.6617466174661747,0.07664909531272261,0.5980937207118806
0.6613300492610837,0.07650662487533837,0.5982310443902638
0.6609124537607891,0.07636415443795412,0.5983191753632394
0.6604938271604939,0.07622168400056988,0.5983241578840294
0.6600741656365884,0.07607921356318564,0.5984011363327443
0.6596534653465347,0.0759367431258014,0.5988503923080201
0.6592317224287485,0.07579427268841715,0.5988917344892793
0.6608695652173913,0.07579427268841715,0.598963295402913
0.6604477611940298,0.0756518022510329,0.5989678707849473
0.660024906600249,0.07550933181364866,0.5989869684495837
0.6608478802992519,0.07550933181364866,0.5991761908331235
0.6604244694132334,0.07536686137626443,0.5991821257711647
0.66125,0.07536686137626443,0.5992811928482281
0.6608260325406758,0.07522439093888018,0.5994264552645672
0.6604010025062657,0.07508192050149594,0.5994283210979318
0.6599749058971142,0.07493945006411169,0.5995443880766864
0.6616352201257861,0.07493945006411169,0.5998485117763916
0.6612090680100756,0.07479697962672745,0.5998982080312473
0.6607818411097099,0.07465450918934322,0.5999200615481792
0.6603535353535354,0.07451203875195897,0.6001192851575252
0.6599241466498104,0.07436956831457472,0.6001252882020425
0.6594936708860759,0.07422709787719048,0.6001673953123207
0.6590621039290241,0.07408462743980625,0.6001680801415197
0.6598984771573604,0.07408462743980625,0.6002404388835212
0.6594663278271918,0.073942157002422,0.6003078432485713
0.6590330788804071,0.07379968656503776,0.6005275858461434
0.6585987261146496,0.07365721612765351,0.6005974650676512
0.6581632653061225,0.07351474569026926,0.6006016905329815
0.6606914212548015,0.07351474569026926,0.6010231554432934
0.6602564102564102,0.07337227525288503,0.6012266442437523
0.6611039794608472,0.07337227525288503,0.6013662410356864
0.6606683804627249,0.07322980481550079,0.6013704861591128
0.6615186615186616,0.07322980481550079,0.6016555086293703
0.6610824742268041,0.07308733437811654,0.6017931129181884
0.6606451612903226,0.0729448639407323,0.6019747938504929
0.6602067183462532,0.07280239350334805,0.6021189144477006
0.6597671410090556,0.07265992306596382,0.6021486876040045
0.6593264248704663,0.07251745262857957,0.6022466655569031
0.6601815823605707,0.07251745262857957,0.6023113927098744
0.6605981794538361,0.07237498219119533,0.6025188570314232
0.6623207301173403,0.07237498219119533,0.6025756767632552
0.6618798955613577,0.07223251175381108,0.6026378519406023
0.661437908496732,0.07209004131642684,0.6027445913784875
0.6609947643979057,0.0719475708790426,0.6027920581133558
0.6627296587926509,0.0719475708790426,0.6029089042743638
0.6622864651773982,0.07180510044165836,0.6030366503873943
0.6618421052631579,0.07166263000427411,0.6030614818038014
0.6627140974967062,0.07166263000427411,0.6030996981225101
0.662269129287599,0.07152015956688987,0.6031214668913086
0.6618229854689565,0.07137768912950562,0.6031918277935175
0.6613756613756614,0.07123521869212139,0.603222509142733
0.6631299734748011,0.07123521869212139,0.6032859108025851
0.6626826029216467,0.07109274825473715,0.6033218379042019
0.6622340425531915,0.0709502778173529,0.603360580751258
0.6617842876165113,0.07080780737996865,0.6038049723017921
0.6613333333333333,0.07066533694258441,0.6038102740587767
0.6608811748998665,0.07052286650520018,0.6038332620125697
0.660427807486631,0.07038039606781593,0.6039687132144993
0.6599732262382865,0.07023792563043169,0.6039786103764664
0.6595174262734584,0.07009545519304744,0.6039786475230087
0.6590604026845638,0.0699529847556632,0.6040013201860911
0.6626180836707153,0.0699529847556632,0.605263190513183
0.6621621621621622,0.06981051431827896,0.6054033373844937
0.6617050067658998,0.06966804388089472,0.6055084915794914
0.6612466124661247,0.06952557344351047,0.6055881720990481
0.66078697421981,0.06938310300612623,0.6056952524894904
0.6603260869565217,0.06924063256874198,0.605757944605406
0.662125340599455,0.06924063256874198,0.6060206491756165
0.6616643929058663,0.06909816213135775,0.6060563457975359
0.662568306010929,0.06909816213135775,0.6061093206421494
0.6621067031463749,0.0689556916939735,0.6062655606923311
0.6648351648351648,0.0689556916939735,0.6066044022316637
0.6643741403026134,0.06881322125658926,0.6066639830618059
0.6652892561983471,0.06881322125658926,0.6069223688138324
0.6648275862068965,0.06867075081920501,0.6071898382186143
0.664364640883978,0.06852828038182077,0.607297992766359
0.6639004149377593,0.06838580994443653,0.6074179872097117
0.6634349030470914,0.06824333950705229,0.6074197090996792
0.6643550624133149,0.06824333950705229,0.6075458612944902
0.6638888888888889,0.06810086906966804,0.6075906998067204
0.6648122392211405,0.06810086906966804,0.6076292980104582
0.6643454038997214,0.0679583986322838,0.6076939209288104
0.6652719665271967,0.0679583986322838,0.6077276725561462
0.664804469273743,0.06781592819489955,0.6077889713233006
0.6643356643356644,0.06767345775751532,0.6077979064127522
0.6671348314606742,0.06767345775751532,0.6081597829866577
0.6666666666666666,0.06753098732013108,0.6081998693525679
0.6694915254237288,0.06753098732013108,0.6082833518029163
0.669024045261669,0.06738851688274683,0.6084208807575445
0.669971671388102,0.06738851688274683,0.6086885867089997
0.6695035460992907,0.06724604644536258,0.6087119943195604
0.6690340909090909,0.06710357600797834,0.608768386293698
0.6685633001422475,0.0669611055705941,0.608908190532411
0.6695156695156695,0.0669611055705941,0.6089098538792543
0.6690442225392297,0.06681863513320986,0.6090650304435903
0.670958512160229,0.06681863513320986,0.6092194246909862
0.670487106017192,0.06667616469582562,0.6093047613815775
0.6714490674318508,0.06667616469582562,0.6093275056909453
0.6709770114942529,0.06653369425844137,0.6094640635993223
0.6719424460431654,0.06653369425844137,0.6096794065697954
0.6714697406340058,0.06639122382105712,0.6098214966576775
0.670995670995671,0.06624875338367289,0.6098667237731594
0.6705202312138728,0.06610628294628865,0.610064334810927
0.6700434153400868,0.0659638125089044,0.610216050841549
0.6695652173913044,0.06582134207152016,0.6103828801935712
0.6690856313497823,0.06567887163413591,0.6105786862063924
0.6710334788937409,0.06567887163413591,0.6108644758886341
0.6705539358600583,0.06553640119675168,0.6108770408719456
0.67007299270073,0.06539393075936743,0.61097246230361
0.6695906432748538,0.06525146032198319,0.6110526440639883
0.6691068814055637,0.06510898988459894,0.6111254172886575
0.6700879765395894,0.06510898988459894,0.6113453296481122
0.6696035242290749,0.0649665194472147,0.6117096823489426
0.6691176470588235,0.06482404900983046,0.6117343784028723
0.6686303387334315,0.06468157857244622,0.6117966829599348
0.6715976331360947,0.06468157857244622,0.6123898001158884
0.6711111111111111,0.06453910813506197,0.6124652273044882
0.6706231454005934,0.06439663769767773,0.6124994124723299
0.6701337295690936,0.0642541672602935,0.61253358098814
0.6711309523809523,0.0642541672602935,0.6125620285179519
0.6706408345752608,0.06411169682290925,0.612597855116478
0.6701492537313433,0.063969226385525,0.612810427372347
0.6711509715994021,0.063969226385525,0.6129546623306716
0.6706586826347305,0.06382675594814076,0.613044439260177
0.671664167916042,0.06382675594814076,0.6131608024721642
0.6711711711711712,0.06368428551075651,0.6132984548993311
0.6721804511278195,0.06368428551075651,0.6135873337593433
0.6716867469879518,0.06354181507337228,0.6136055716051265
0.6726998491704375,0.06354181507337228,0.6139353922480589
0.6722054380664653,0.06339934463598804,0.6139774601117856
0.6717095310136157,0.06325687419860379,0.6140675420132051
0.6737481031866465,0.06325687419860379,0.614561786245341
0.6732522796352584,0.06311440376121955,0.614814162245673
0.6727549467275494,0.0629719333238353,0.61498301531637
0.6737804878048781,0.0629719333238353,0.615093826034541
0.6732824427480916,0.06282946288645107,0.6151598657425782
0.6753445635528331,0.06282946288645107,0.6154170797577699
0.6748466257668712,0.06268699244906682,0.6155140961990984
0.674347158218126,0.06254452201168258,0.6156124172311992
0.6738461538461539,0.06240205157429833,0.6156281762959691
0.6733436055469953,0.06225958113691409,0.6156857843224397
0.6728395061728395,0.06211711069952985,0.6156959860378896
0.6723338485316847,0.0619746402621456,0.6160926472120581
0.673374613003096,0.0619746402621456,0.6160972471123723
0.6728682170542636,0.06183216982476136,0.6163506906177827
0.672360248447205,0.06168969938737712,0.6163846066683708
0.671850699844479,0.06154722894999288,0.6163903224374998
0.6728971962616822,0.06154722894999288,0.6164903829208812
0.672386895475819,0.06140475851260863,0.6168134531964976
0.671875,0.061262288075224394,0.6169337275613305
0.6713615023474179,0.06111981763784015,0.6170783136556827
0.670846394984326,0.0609773472004559,0.6171650673269525
0.6729559748427673,0.0609773472004559,0.6175907011955536
0.6724409448818898,0.060834876763071664,0.6176903215274882
0.6719242902208202,0.06069240632568742,0.6177222536079144
0.6729857819905213,0.06069240632568742,0.6177874008896981
0.6724683544303798,0.06054993588830318,0.6179247516756174
0.6719492868462758,0.060407465450918935,0.6179946271639578
0.6714285714285714,0.06026499501353469,0.6180664860564962
0.670906200317965,0.06012252457615045,0.6182513033973709
0.6703821656050956,0.059980054138766205,0.6182694477783808
0.671451355661882,0.059980054138766205,0.6183993219487411
0.670926517571885,0.059837583701381966,0.6184164136473532
0.6704,0.05969511326399772,0.6189406188312935
0.6698717948717948,0.059552642826613475,0.6191295081689223
0.6720257234726688,0.059552642826613475,0.6191750689304566
0.6714975845410628,0.059410172389229236,0.619372417262183
0.6725806451612903,0.059410172389229236,0.6194265910815614
0.6720516962843296,0.05926770195184499,0.6195700374252048
0.6731391585760518,0.05926770195184499,0.619646493688306
0.6726094003241491,0.05912523151446075,0.6198316520883121
0.672077922077922,0.058982761077076507,0.6198785864595705
0.6715447154471544,0.05884029063969226,0.619898831806205
0.6726384364820847,0.05884029063969226,0.6200038785176227
0.6721044045676998,0.05869782020230802,0.6200039846614362
0.6715686274509803,0.05855534976492378,0.6201876111437309
0.6710310965630114,0.05841287932753954,0.6205940178515182
0.6704918032786885,0.05827040889015529,0.6207155474153851
0.6699507389162561,0.05812793845277105,0.6209123217014582
0.6721581548599671,0.05812793845277105,0.6209392482343328
0.6716171617161716,0.05798546801538681,0.6211156040462328
0.6710743801652893,0.05784299757800256,0.6212714101830046
0.6721854304635762,0.05784299757800256,0.6214159201540227
0.6716417910447762,0.057700527140618324,0.6214535523514347
0.6710963455149501,0.05755805670323408,0.6214600049118112
0.670549084858569,0.05741558626584983,0.621508123118488
0.67,0.057273115828465594,0.6215856263819314
0.669449081803005,0.05713064539108135,0.6216460201035409
0.6716917922948074,0.05713064539108135,0.6218146949091595
0.6711409395973155,0.05698817495369711,0.6218521178726597
0.6705882352941176,0.056845704516312864,0.6218883079091736
0.67003367003367,0.056703234078928626,0.6220082244972825
0.6711635750421585,0.056703234078928626,0.6220376682709445
0.6706081081081081,0.05656076364154438,0.6221395991572604
0.6700507614213198,0.056418293204160135,0.6222444431900651
0.6711864406779661,0.056418293204160135,0.6223411708299251
0.6706281833616299,0.056275822766775896,0.6223778439958944
0.6700680272108843,0.05613335232939165,0.6224194326905694
0.6695059625212947,0.05599088189200741,0.6224217024695972
0.6706484641638225,0.05599088189200741,0.6225326590657645
0.67008547008547,0.055848411454623166,0.6226457760556291
0.6712328767123288,0.055848411454623166,0.6227791821360873
0.6706689536878216,0.05570594101723892,0.6233707814577581
0.6718213058419243,0.05570594101723892,0.6235368144686154
0.6712564543889845,0.05556347057985468,0.6236093097832419
0.6706896551724137,0.055421000142470436,0.6237480908488523
0.6701208981001727,0.0552785297050862,0.6237711613470553
0.6695501730103807,0.05513605926770195,0.6237795553170523
0.6689774696707106,0.054993588830317706,0.6238923066764619
0.6684027777777778,0.05485111839293347,0.6239383711843409
0.6695652173913044,0.05485111839293347,0.6240597730630006
0.6689895470383276,0.05470864795554922,0.6243396095032298
0.6684118673647469,0.054566177518164984,0.624586887364204
0.6695804195804196,0.054566177518164984,0.6246152616191568
0.6690017513134852,0.05442370708078074,0.6247472158768181
0.671353251318102,0.05442370708078074,0.6250712799391546
0.670774647887324,0.05428123664339649,0.6250758255543638
0.6701940035273368,0.054138766206012254,0.6250807410167936
0.6696113074204947,0.05399629576862801,0.6251730087580473
0.6707964601769911,0.05399629576862801,0.6254325663726882
0.6702127659574468,0.05385382533124377,0.6255171178946586
0.6714031971580817,0.05385382533124377,0.6256256924170853
0.6708185053380783,0.053711354893859524,0.6256631721166922
0.6702317290552585,0.05356888445647528,0.626048595669424
0.6714285714285714,0.05356888445647528,0.6264411110923724
0.6708407871198568,0.05342641401909104,0.6267522574233815
0.6732495511669659,0.05342641401909104,0.6267913113950401
0.6726618705035972,0.053283943581706794,0.6269171582679991
0.6720720720720721,0.053141473144322555,0.6270000534318227
0.6714801444043321,0.05299900270693831,0.6270066707501444
0.6739130434782609,0.05299900270693831,0.6275469956496305
0.6733212341197822,0.052856532269554064,0.6276960407303963
0.6727272727272727,0.052714061832169826,0.6277971493810388
0.6721311475409836,0.05257159139478558,0.6278728358737142
0.6745886654478976,0.05257159139478558,0.6281127670852673
0.673992673992674,0.05242912095740134,0.6281519643356241
0.6752293577981652,0.05242912095740134,0.6282083082620947
0.6746323529411765,0.052286650520017096,0.6282522493812939
0.6740331491712708,0.05214418008263285,0.6284065811287539
0.6734317343173432,0.05200170964524861,0.628464631245811
0.6728280961182994,0.051859239207864366,0.6285015273653181
0.6722222222222223,0.05171676877048013,0.6285756406973629
0.6716141001855288,0.05157429833309588,0.6288043924239926
0.671003717472119,0.05143182789571164,0.6288786912973309
0.6703910614525139,0.0512893574583274,0.6289968686356943
0.6716417910447762,0.0512893574583274,0.629570027379838
0.6710280373831776,0.05114688702094315,0.6296520177589988
0.6704119850187266,0.05100441658355891,0.6299245404688244
0.6697936210131332,0.05086194614617467,0.6300736211775999
0.6691729323308271,0.05071947570879043,0.6300889264148886
0.6704331450094162,0.05071947570879043,0.6301999311403136
0.6698113207547169,0.050577005271406184,0.6309481977082881
0.6691871455576559,0.05043453483402194,0.6310054252454479
0.6685606060606061,0.0502920643966377,0.631060296701516
0.6679316888045541,0.050149593959253454,0.6310704559257408
0.6673003802281369,0.050007123521869215,0.6314408640392842
0.6666666666666666,0.04986465308448497,0.6316272801792114
0.6692160611854685,0.04986465308448497,0.6317703113429076
0.6685823754789272,0.049722182647100724,0.6319682155883982
0.6698656429942419,0.049722182647100724,0.6320226576624587
0.6692307692307692,0.049579712209716485,0.632038056493115
0.6685934489402697,0.04943724177233224,0.6322498151464833
0.667953667953668,0.049294771334948,0.6323511658863518
0.6692456479690522,0.049294771334948,0.6323619045495145
0.6686046511627907,0.049152300897563755,0.632390294132188
0.6679611650485436,0.04900983046017951,0.6324576057134653
0.669260700389105,0.04900983046017951,0.6327163063569149
0.669921875,0.04886736002279527,0.6327696852945746
0.6725490196078432,0.04886736002279527,0.633434639850328
0.6719056974459725,0.048724889585411026,0.6335302495638692
0.6712598425196851,0.04858241914802679,0.6335978325440015
0.6706114398422091,0.04843994871064254,0.6336300255641028
0.6719367588932806,0.04843994871064254,0.6336663211262743
0.6712871287128713,0.048297478273258296,0.6336703599453979
0.6706349206349206,0.04815500783587406,0.6336953783729863
0.6699801192842942,0.04801253739848981,0.6343143286616779
0.6726546906187625,0.04801253739848981,0.6345576919951447
0.672,0.04787006696110557,0.6345727439640539
0.6713426853707415,0.04772759652372133,0.6348532927778097
0.6754032258064516,0.04772759652372133,0.6351215073223063
0.6747474747474748,0.04758512608633708,0.6352056974771522
0.6816326530612244,0.04758512608633708,0.6357194099758047
0.6809815950920245,0.04744265564895284,0.6358323076621805
0.680327868852459,0.0473001852115686,0.6358519439235019
0.6817248459958932,0.0473001852115686,0.6359321191281968
0.6810699588477366,0.04715771477418436,0.6359977342394579
0.6824742268041237,0.04715771477418436,0.6363327235177626
0.6818181818181818,0.04701524433680011,0.6363741666068838
0.6832298136645962,0.04701524433680011,0.6365975656592416
0.6825726141078838,0.046872773899415875,0.6367831754428158
0.681912681912682,0.04673030346203163,0.6369425082638941
0.6833333333333333,0.04673030346203163,0.6373647759880338
0.6826722338204593,0.04658783302464738,0.6374000672602107
0.6820083682008368,0.046445362587263145,0.6374503178423969
0.6813417190775681,0.0463028921498789,0.6376171043256754
0.680672268907563,0.04616042171249466,0.6377575175168413
0.68,0.046017951275110415,0.6377663371393271
0.678646934460888,0.04573301040034193,0.6380196783063817
0.6779661016949152,0.045590539962957685,0.6381757883734994
0.6772823779193206,0.04544806952557345,0.6382225952815215
0.6787234042553192,0.04544806952557345,0.6385440564379111
0.6780383795309168,0.0453055990881892,0.638703330118466
0.6794871794871795,0.0453055990881892,0.6387801225300714
0.6788008565310493,0.045163128650804955,0.6390974543645784
0.6781115879828327,0.04502065821342072,0.6391208001009787
0.6795698924731183,0.04502065821342072,0.6395647578725213
0.6788793103448276,0.04487818777603647,0.639683922375254
0.6781857451403888,0.04473571733865223,0.6398097103691255
0.6774891774891775,0.04459324690126799,0.6399353973702975
0.6767895878524945,0.04445077646388374,0.6399410447336139
0.6782608695652174,0.04445077646388374,0.6399715156794169
0.6775599128540305,0.0443083060264995,0.6399926380914758
0.6768558951965066,0.04416583558911526,0.6400023899318044
0.6761487964989059,0.04402336515173102,0.6402754419406932
0.6776315789473685,0.04402336515173102,0.6403980584367291
0.676923076923077,0.04388089471434677,0.6405823712804203
0.6784140969162996,0.04388089471434677,0.6408670807085668
0.6777041942604857,0.04373842427696253,0.6409033398823911
0.6792035398230089,0.04373842427696253,0.6410474555091689
0.6784922394678492,0.04359595383957829,0.641134499768343
0.6777777777777778,0.04345348340219404,0.6412605677732894
0.6770601336302895,0.043311012964809804,0.6413127354822195
0.6785714285714286,0.043311012964809804,0.6414108820540039
0.6778523489932886,0.04316854252742556,0.6414784991848316
0.6771300448430493,0.04302607209004131,0.641724578710776
0.6764044943820224,0.042883601652657075,0.6418746057204233
0.6756756756756757,0.04274113121527283,0.6418846671387057
0.6749435665914221,0.04259866077788859,0.6419866209077358
0.6795454545454546,0.04259866077788859,0.6424759241512619
0.6788154897494305,0.042456190340504345,0.6424796844811306
0.678082191780822,0.0423137199031201,0.6430992702856241
0.6811926605504587,0.0423137199031201,0.6433064893378171
0.6804597701149425,0.04217124946573586,0.6437266874291951
0.6797235023041475,0.042028779028351615,0.6445022410567484
0.6812933025404158,0.042028779028351615,0.644525027453779
0.6805555555555556,0.041886308590967376,0.6445402849975738
0.6821345707656613,0.041886308590967376,0.6450167064648559
0.6813953488372093,0.04174383815358313,0.645069873106708
0.6806526806526807,0.04160136771619889,0.6450774726728071
0.6854460093896714,0.04160136771619889,0.6456543393689167
0.6847058823529412,0.041458897278814646,0.6457086088072657
0.6839622641509434,0.0413164268414304,0.6459998982723252
0.6855791962174941,0.0413164268414304,0.6460340418308379
0.6848341232227488,0.04117395640404616,0.6460898095753118
0.6880952380952381,0.04117395640404616,0.6464050583805292
0.6873508353221957,0.04103148596666192,0.6465338682854483
0.6866028708133971,0.04088901552927768,0.646689856051508
0.6858513189448441,0.04074654509189343,0.6467549997156862
0.6850961538461539,0.04060407465450919,0.646771841809837
0.6867469879518072,0.04060407465450919,0.6469224719123198
0.6859903381642513,0.04046160421712495,0.6470089466531697
0.6852300242130751,0.0403191337797407,0.6470461417515881
0.6868932038834952,0.0403191337797407,0.6472562228630835
0.6861313868613139,0.040176663342356464,0.6473112546781252
0.6853658536585366,0.04003419290497222,0.6473844022805467
0.684596577017115,0.03989172246758797,0.6475346196870336
0.6855036855036855,0.039749252030203734,0.6484157512831225
0.687192118226601,0.039749252030203734,0.6485016760092188
0.6864197530864198,0.03960678159281949,0.6485388043171407
0.6856435643564357,0.03946431115543525,0.6485447187275111
0.6907730673316709,0.03946431115543525,0.6488244707341853
0.69,0.039321840718051004,0.6488766996636367
0.6892230576441103,0.03917937028066676,0.6488857297265447
0.6909547738693468,0.03917937028066676,0.6490235784058985
0.690176322418136,0.03903689984328252,0.6492127075870012
0.6919191919191919,0.03903689984328252,0.6494019316279678
0.6911392405063291,0.038894429405898275,0.6494215087985175
0.6903553299492385,0.038751958968514036,0.6494793969829573
0.6895674300254453,0.03860948853112979,0.6500463955385087
0.6887755102040817,0.038467018093745545,0.6501573904619056
0.6879795396419437,0.038324547656361306,0.650207185775468
0.6897435897435897,0.038324547656361306,0.650208307015993
0.6889460154241646,0.03818207721897706,0.650428692261987
0.6907216494845361,0.03818207721897706,0.6504699200943326
0.689922480620155,0.03803960678159282,0.6506986616022419
0.689119170984456,0.037897136344208576,0.6507701101522496
0.6883116883116883,0.03775466590682433,0.6508651543835778
0.6875,0.03761219546944009,0.6511777508789078
0.6892950391644909,0.03761219546944009,0.6513214614840538
0.6884816753926701,0.037469725032055846,0.6514232789041402
0.6876640419947506,0.03732725459467161,0.6514983717354226
0.6868421052631579,0.03718478415728736,0.6516463349317247
0.6886543535620053,0.03718478415728736,0.6517510945103934
0.6878306878306878,0.037042313719903124,0.6520038639340567
0.6914893617021277,0.037042313719903124,0.6521980834053587
0.6906666666666667,0.03689984328251888,0.6522219490947881
0.6898395721925134,0.03675737284513463,0.6522674738014301
0.6890080428954424,0.036614902407750394,0.6523835420452312
0.6881720430107527,0.03647243197036615,0.6524739107713473
0.6873315363881402,0.03632996153298191,0.6528000239963717
0.6929347826086957,0.03632996153298191,0.6530508579095334
0.6920980926430518,0.036187491095597664,0.6531095290147512
0.6912568306010929,0.03604502065821342,0.6531491032229811
0.6904109589041096,0.03590255022082918,0.6531571798574457
0.6895604395604396,0.035760079783444934,0.6533569479123845
0.6887052341597796,0.035617609346060695,0.6537965218847216
0.6878453038674033,0.03547513890867645,0.6540390755189426
0.6897506925207756,0.03547513890867645,0.6540773903589285
0.6880222841225627,0.035190198033907966,0.6542146530012943
0.6871508379888268,0.03504772759652372,0.6551238169333075
0.6890756302521008,0.03504772759652372,0.6551394954214698
0.6882022471910112,0.03490525715913948,0.6552552160914598
0.6873239436619718,0.034762786721755236,0.6552959528445315
0.6864406779661016,0.03462031628437099,0.6555298061845596
0.6883852691218131,0.03462031628437099,0.6563024925253721
0.6875,0.03447784584698675,0.6563163338784155
0.6914285714285714,0.03447784584698675,0.6567294739001287
0.6905444126074498,0.034335375409602506,0.6567532702160388
0.6896551724137931,0.03419290497221827,0.6572615373163951
0.6887608069164265,0.03405043453483402,0.6572870249057086
0.6878612716763006,0.033907964097449776,0.6573124925356824
0.6869565217391305,0.03376549366006554,0.6575042349230955
0.688953488372093,0.03376549366006554,0.6575303980658282
0.6880466472303207,0.03362302322268129,0.6576883368876502
0.6871345029239766,0.03348055278529705,0.6576973112147262
0.6862170087976539,0.03333808234791281,0.6577988822476242
0.6852941176470588,0.03319561191052856,0.6581115141581675
0.6843657817109144,0.033053141473144323,0.6582296717870445
0.6834319526627219,0.03291067103576008,0.6584044143502723
0.6824925816023739,0.03276820059837584,0.6587595311497674
0.6845238095238095,0.03276820059837584,0.658786898516505
0.6835820895522388,0.032625730160991594,0.6596165001443602
0.6826347305389222,0.03248325972360735,0.6597267928800439
0.6846846846846847,0.03248325972360735,0.6598053015812898
0.6837349397590361,0.03234078928622311,0.6602362357831517
0.6827794561933535,0.032198318848838864,0.6602657331744275
0.6818181818181818,0.032055848411454625,0.6604991788041412
0.6808510638297872,0.03191337797407038,0.6605661964864228
0.6850152905198776,0.03191337797407038,0.6610933954671866
0.6840490797546013,0.03177090753668614,0.6612132138027306
0.683076923076923,0.031628437099301895,0.6612742094368387
0.6851851851851852,0.031628437099301895,0.6616145127259289
0.6842105263157895,0.03148596666191765,0.6618606924105893
0.6863354037267081,0.03148596666191765,0.6620241370728137
0.6853582554517134,0.03134349622453341,0.6620470023328748
0.6896551724137931,0.03134349622453341,0.6622933452168407
0.6886792452830188,0.031201025787149166,0.6623415253666604
0.6876971608832808,0.031058555349764923,0.6624944058085216
0.6867088607594937,0.03091608491238068,0.662831456732508
0.6857142857142857,0.03077361447499644,0.6628367936505055
0.6847133757961783,0.030631144037612197,0.6630679384515277
0.6837060702875399,0.03048867360022795,0.6631911627010557
0.6826923076923077,0.03034620316284371,0.6634445954057733
0.6870967741935484,0.03034620316284371,0.6642471975874258
0.686084142394822,0.030203732725459467,0.664261867386122
0.6883116883116883,0.030203732725459467,0.6645049044161196
0.6872964169381107,0.030061262288075225,0.6645220395130487
0.6862745098039216,0.029918791850690983,0.6648589597134232
0.6852459016393443,0.029776321413306737,0.6650105047597311
0.6842105263157895,0.029633850975922495,0.6650372362624724
0.6831683168316832,0.029491380538538253,0.6650780087506067
0.6821192052980133,0.02934891010115401,0.6654089481484871
0.6889632107023411,0.02934891010115401,0.6656856032675609
0.6879194630872483,0.02920643966376977,0.6657137438049948
0.6902356902356902,0.02920643966376977,0.6657978513511549
0.6891891891891891,0.029063969226385523,0.6659178721255581
0.688135593220339,0.02892149878900128,0.6659328703007847
0.6870748299319728,0.02877902835161704,0.6660662919203414
0.6917808219178082,0.02877902835161704,0.6664862322137309
0.6907216494845361,0.028636557914232797,0.6665083925903306
0.6896551724137931,0.028494087476848555,0.6666310547490953
0.6885813148788927,0.028351617039464313,0.6669764882845367
0.6875,0.028209146602080067,0.6670067597618918
0.686411149825784,0.028066676164695825,0.6670370938332667
0.6853146853146853,0.027924205727311583,0.6670924828192951
0.6842105263157895,0.02778173528992734,0.6671312456636238
0.6830985915492958,0.0276392648525431,0.6672508099792746
0.6855123674911661,0.0276392648525431,0.6674845983710892
0.6843971631205674,0.027496794415158853,0.6675571994495854
0.6917562724014337,0.027496794415158853,0.6682841573426521
0.6906474820143885,0.02735432397777461,0.668299865796733
0.6931407942238267,0.02735432397777461,0.6684078678387354
0.6920289855072463,0.02721185354039037,0.6684724286462232
0.6945454545454546,0.02721185354039037,0.6686771884742216
0.6934306569343066,0.027069383103006127,0.6687001682114867
0.6923076923076923,0.026926912665621885,0.6687999369911143
0.6974169741697417,0.026926912665621885,0.6691425280860074
0.6962962962962963,0.02678444222823764,0.6692132091566353
0.6988847583643123,0.02678444222823764,0.669371855172745
0.6977611940298507,0.026641971790853397,0.669411802448394
0.6966292134831461,0.026499501353469155,0.6694395924166886
0.7018867924528301,0.026499501353469155,0.6695131581808266
0.7007575757575758,0.026357030916084913,0.6695490510956432
0.7061068702290076,0.026357030916084913,0.6702452380034555
0.7049808429118773,0.02621456047870067,0.670516422611299
0.7038461538461539,0.026072090041316425,0.6705290146627488
0.7027027027027027,0.025929619603932183,0.6708309041683768
0.7015503875968992,0.02578714916654794,0.6711905128309998
0.70703125,0.02578714916654794,0.6716544256082659
0.7058823529411765,0.0256446787291637,0.6717354486809239
0.7047244094488189,0.025502208291779457,0.6718925854240094
0.7075098814229249,0.025502208291779457,0.6722305342474926
0.7063492063492064,0.025359737854395215,0.6722904416021531
0.7051792828685259,0.02521726741701097,0.672831727031508
0.704,0.025074796979626727,0.6731102160633827
0.7028112449799196,0.024932326542242485,0.6733382791646019
0.7016129032258065,0.024789856104858243,0.6734978462038483
0.7004048582995951,0.024647385667474,0.6734986048957946
0.6991869918699187,0.024504915230089755,0.6736459514010908
0.7020408163265306,0.024504915230089755,0.6737681299209787
0.7008196721311475,0.024362444792705513,0.673793885819464
0.6995884773662552,0.02421997435532127,0.6740354612981235
0.6983471074380165,0.02407750391793703,0.6744692407433344
0.7012448132780082,0.02407750391793703,0.6744826460221033
0.7,0.023935033480552786,0.6745352967168925
0.698744769874477,0.02379256304316854,0.6750579378033562
0.7046413502109705,0.02379256304316854,0.6752990475213388
0.7033898305084746,0.0236500926057843,0.675482466054387
0.7094017094017094,0.0236500926057843,0.6756535430959638
0.7081545064377682,0.023507622168400057,0.6759924180941819
0.7068965517241379,0.023365151731015815,0.6762764151502305
0.7056277056277056,0.023222681293631572,0.6766070616815636
0.7117903930131004,0.023222681293631572,0.6767158073541224
0.7105263157894737,0.02308021085624733,0.6773073606927977
0.7092511013215859,0.022937740418863085,0.677431148902971
0.7079646017699115,0.022795269981478843,0.6774356124195045
0.7066666666666667,0.0226527995440946,0.6775692227480937
0.7053571428571429,0.02251032910671036,0.6779218608032881
0.7040358744394619,0.022367858669326116,0.6779563674229139
0.7027027027027027,0.02222538823194187,0.677984269360212
0.7013574660633484,0.02208291779455763,0.6781853750713815
0.7077625570776256,0.02208291779455763,0.6785727010459773
0.7064220183486238,0.021940447357173386,0.6786093845825781
0.7096774193548387,0.021940447357173386,0.6787117547910628
0.7083333333333334,0.021797976919789144,0.6788099778588532
0.7069767441860465,0.021655506482404902,0.6789934109769812
0.705607476635514,0.021513036045020657,0.6790772764056102
0.7122641509433962,0.021513036045020657,0.6795111518263766
0.7109004739336493,0.021370565607636414,0.6795641963156266
0.7142857142857143,0.021370565607636414,0.6796701602441078
0.7129186602870813,0.021228095170252172,0.680009045985797
0.7115384615384616,0.02108562473286793,0.6800207813482355
0.714975845410628,0.02108562473286793,0.6801665313688029
0.7135922330097088,0.020943154295483688,0.680183806035981
0.7241379310344828,0.020943154295483688,0.6804125783678769
0.7227722772277227,0.020800683858099446,0.6804559227957685
0.7213930348258707,0.0206582134207152,0.6808150845983508
0.72,0.02051574298333096,0.6809104149021175
0.7236180904522613,0.02051574298333096,0.6812345195372751
0.7222222222222222,0.020373272545946716,0.6813294691774879
0.7208121827411168,0.020230802108562474,0.6815108458271175
0.7282051282051282,0.020230802108562474,0.6815856599531723
0.7268041237113402,0.020088331671178232,0.6822806657399996
0.7305699481865285,0.020088331671178232,0.6823474244785809
0.7291666666666666,0.019945861233793986,0.6832877566602177
0.7277486910994765,0.019803390796409744,0.6834163087567918
0.7263157894736842,0.019660920359025502,0.683634983275125
0.7248677248677249,0.01951844992164126,0.6840293569780725
0.723404255319149,0.019375979484257018,0.6841816847978689
0.7272727272727273,0.019375979484257018,0.6844780139342561
0.7258064516129032,0.019233509046872772,0.684551233845409
0.7243243243243244,0.01909103860948853,0.6847254251334082
0.7282608695652174,0.01909103860948853,0.6848716989179389
0.726775956284153,0.018948568172104288,0.6849358346977001
0.7252747252747253,0.018806097734720046,0.6851296273962001
0.7237569060773481,0.018663627297335804,0.6851949872156693
0.7222222222222222,0.018521156859951562,0.6851998570811838
0.7206703910614525,0.018378686422567316,0.6852810922729454
0.7191011235955056,0.018236215985183074,0.685384173826069
0.7175141242937854,0.018093745547798832,0.6853970781757068
0.7159090909090909,0.01795127511041459,0.6854144909432428
0.72,0.01795127511041459,0.6857981008391604
0.7183908045977011,0.017808804673030348,0.6858929659257249
0.7167630057803468,0.017666334235646102,0.6859043562740993
0.7209302325581395,0.017666334235646102,0.6859172643690402
0.7192982456140351,0.01752386379826186,0.6860312491196834
0.7176470588235294,0.017381393360877618,0.6862659797340817
0.7218934911242604,0.017381393360877618,0.6868266623052802
0.7202380952380952,0.017238922923493376,0.6870187572923583
0.718562874251497,0.017096452486109134,0.6871838663480893
0.7168674698795181,0.016953982048724888,0.6876380274381927
0.7151515151515152,0.016811511611340646,0.6876708006554249
0.7134146341463414,0.016669041173956404,0.6880946399933958
0.7116564417177914,0.016526570736572162,0.6882024677405658
0.7204968944099379,0.016526570736572162,0.688343718297162
0.71875,0.01638410029918792,0.6887388672794815
0.7232704402515723,0.01638410029918792,0.6889956597326409
0.7215189873417721,0.016241629861803674,0.6890741955646131
0.7197452229299363,0.016099159424419432,0.6892052583765554
0.7243589743589743,0.016099159424419432,0.6892388150663957
0.7225806451612903,0.01595668898703519,0.6896516636798263
0.7207792207792207,0.015814218549650948,0.6896620246059917
0.7254901960784313,0.015814218549650948,0.6900822305220822
0.7236842105263158,0.015671748112266706,0.690328377005022
0.7218543046357616,0.015529277674882462,0.6911330687062613
0.7315436241610739,0.015529277674882462,0.6917295944041738
0.7297297297297297,0.01538680723749822,0.6917936592772098
0.7278911564625851,0.015244336800113976,0.6923561846847677
0.7328767123287672,0.015244336800113976,0.6924276352318339
0.7310344827586207,0.015101866362729734,0.6925167876330003
0.7291666666666666,0.014959395925345492,0.6929891533331495
0.7342657342657343,0.014959395925345492,0.6931064159693429
0.7323943661971831,0.014816925487961248,0.6931423782499506
0.7428571428571429,0.014816925487961248,0.6938466184251392
0.7410071942446043,0.014674455050577006,0.6939610526775194
0.7463768115942029,0.014674455050577006,0.6942673078183136
0.7445255474452555,0.014531984613192762,0.694489043404392
0.7426470588235294,0.01438951417580852,0.6949689059169333
0.7407407407407407,0.014247043738424277,0.6955547438971234
0.7388059701492538,0.014104573301040034,0.6957437919804288
0.7443609022556391,0.014104573301040034,0.6962030563308256
0.7424242424242424,0.013962102863655792,0.6968215190986529
0.7404580152671756,0.01381963242627155,0.6968310239068781
0.7384615384615385,0.013677161988887306,0.6974614234548688
0.7364341085271318,0.013534691551503063,0.6975542212434394
0.734375,0.01339222111411882,0.6978070954696244
0.7322834645669292,0.013249750676734577,0.6978633598050321
0.744,0.013249750676734577,0.6982868836830602
0.7419354838709677,0.013107280239350335,0.6985760415020719
0.7479674796747967,0.013107280239350335,0.6991904979564286
0.7459016393442623,0.012964809801966092,0.6993124527372894
0.743801652892562,0.01282233936458185,0.6993928912120003
0.7416666666666667,0.012679868927197607,0.6994482810871308
0.7394957983193278,0.012537398489813363,0.6995717385467429
0.7457627118644068,0.012537398489813363,0.6997704231710038
0.7435897435897436,0.012394928052429121,0.6997992029149388
0.7413793103448276,0.012252457615044877,0.6998465295902462
0.7391304347826086,0.012109987177660635,0.699934293120032
0.7589285714285714,0.012109987177660635,0.7003789638054533
0.7567567567567568,0.011967516740276393,0.7007384753329183
0.7545454545454545,0.01182504630289215,0.7007695437157979
0.7522935779816514,0.011682575865507907,0.7010584405818501
0.7663551401869159,0.011682575865507907,0.7013439650940332
0.7641509433962265,0.011540105428123665,0.7015245964368618
0.7619047619047619,0.011397634990739421,0.7016494267504695
0.7692307692307693,0.011397634990739421,0.7020445143755848
0.7669902912621359,0.01125516455335518,0.7021905029605273
0.7821782178217822,0.01125516455335518,0.702590585967048
0.78,0.011112694115970935,0.7026132259023639
0.7777777777777778,0.010970223678586693,0.703205441824702
0.7755102040816326,0.010827753241202451,0.7032087047280952
0.7731958762886598,0.010685282803818207,0.7035325110686227
0.7708333333333334,0.010542812366433965,0.7036904644743592
0.7684210526315789,0.010400341929049723,0.703898327348234
0.7659574468085106,0.01025787149166548,0.7048027989181714
0.7634408602150538,0.010115401054281237,0.7051294488047292
0.7608695652173914,0.009972930616896993,0.7052271906602748
0.7582417582417582,0.009830460179512751,0.7058188692444975
0.7555555555555555,0.009687989742128509,0.7060181004363851
0.7528089887640449,0.009545519304744265,0.7062575802985969
0.7790697674418605,0.009545519304744265,0.70707577621695
0.7764705882352941,0.009403048867360023,0.7072274409678699
0.7738095238095238,0.009260578429975781,0.7078577546277752
0.7710843373493976,0.009118107992591537,0.708521028932759
0.7901234567901234,0.009118107992591537,0.7091034485682028
0.7875,0.008975637555207295,0.7091800493429834
0.7848101265822784,0.008833167117823051,0.7095484582685806
0.782051282051282,0.008690696680438809,0.709907557543928
0.7792207792207793,0.008548226243054567,0.7102382956450213
0.7763157894736842,0.008405755805670323,0.7114871599472068
0.7866666666666666,0.008405755805670323,0.7115100220790092
0.7837837837837838,0.008263285368286081,0.7125600019504291
0.7808219178082192,0.008120814930901837,0.7137032298457472
0.7916666666666666,0.008120814930901837,0.7143748798276548
0.7887323943661971,0.007978344493517595,0.714433356454247
0.7857142857142857,0.007835874056133353,0.7145996532445169
0.782608695652174,0.00769340361874911,0.7147132092782189
0.7794117647058824,0.007550933181364867,0.7148458745383053
0.803030303030303,0.007550933181364867,0.7149786445320729
0.8,0.007408462743980624,0.7152353551216484
0.8125,0.007408462743980624,0.7152848194061946
0.8095238095238095,0.007265992306596381,0.7154547509183345
0.8225806451612904,0.007265992306596381,0.71592278759641
0.819672131147541,0.007123521869212139,0.7159704320420659
0.8166666666666667,0.006981051431827896,0.7159728260559589
0.8135593220338984,0.006838580994443653,0.7161524543748233
0.8103448275862069,0.00669611055705941,0.7161822784432949
0.8070175438596491,0.006553640119675168,0.7169220572013262
0.8035714285714286,0.006411169682290925,0.7175508784260062
0.8,0.006268699244906682,0.7176257150720281
0.7962962962962963,0.006126228807522439,0.7188926886189596
0.7924528301886793,0.005983758370138197,0.719006219575255
0.7884615384615384,0.005841287932753954,0.7193835094574716
0.7843137254901961,0.005698817495369711,0.7195505271895809
0.78,0.005556347057985468,0.7202462129571415
0.7755102040816326,0.0054138766206012255,0.7202938923949291
0.7916666666666666,0.0054138766206012255,0.7204846207606134
0.7872340425531915,0.0052714061832169826,0.7217452072969542
0.782608695652174,0.00512893574583274,0.7223547200233977
0.7777777777777778,0.004986465308448497,0.7226062269313656
0.7727272727272727,0.0048439948710642545,0.7229042996757278
0.7674418604651163,0.0047015244336800115,0.723811568065204
0.7619047619047619,0.0045590539962957685,0.7239384349529039
0.7560975609756098,0.0044165835589115255,0.7251275287036365
0.75,0.004274113121527283,0.7259010729269626
0.7435897435897436,0.0041316426841430404,0.7266673165091574
0.7368421052631579,0.0039891722467587975,0.7272052902739544
0.7567567567567568,0.0039891722467587975,0.7273046539320863
0.75,0.003846701809374555,0.7273943901268494
0.7941176470588235,0.003846701809374555,0.7279371455097433
0.7878787878787878,0.003704231371990312,0.7295443707572451
0.78125,0.0035617609346060694,0.7305487797201379
0.7741935483870968,0.0034192904972218264,0.7308821361614178
0.7666666666666667,0.003276820059837584,0.7318281033231245
0.7931034482758621,0.003276820059837584,0.734945727518769
0.7857142857142857,0.003134349622453341,0.7351486930574687
0.7777777777777778,0.0029918791850690983,0.7352454703974037
0.7692307692307693,0.0028494087476848553,0.7354841001410454
0.8,0.0028494087476848553,0.7360919250376059
0.7916666666666666,0.0027069383103006128,0.7365442029377008
0.782608695652174,0.00256446787291637,0.7385329639247693
0.8181818181818182,0.00256446787291637,0.7395883610200058
0.8095238095238095,0.0024219974355321272,0.7427319112681176
0.8,0.0022795269981478843,0.7429849727530573
0.7894736842105263,0.0021370565607636417,0.7435381473348349
0.7777777777777778,0.0019945861233793987,0.7439693054178036
0.7647058823529411,0.001852115685995156,0.7449441193118538
0.8125,0.001852115685995156,0.7467347834589156
0.8571428571428571,0.0017096452486109132,0.7472432657944669
0.8461538461538461,0.0015671748112266704,0.7488965089883363
0.8333333333333334,0.0014247043738424277,0.7492430136632906
0.8181818181818182,0.001282233936458185,0.7513859099081377
0.8,0.0011397634990739421,0.7521806545050165
0.8888888888888888,0.0011397634990739421,0.7556007381160668
0.875,0.0009972930616896994,0.7556756232726999
0.8571428571428571,0.0008548226243054566,0.7567256390711246
0.8333333333333334,0.0007123521869212138,0.7614133995687499
0.8,0.0005698817495369711,0.7636792275460708
0.75,0.0004274113121527283,0.7665125184344453
0.6666666666666666,0.00028494087476848553,0.7685845147776067
0.5,0.00014247043738424277,0.7834129488513601
1.0,0.00014247043738424277,0.800706132486813
1.0,0.0,
