precision,recall,threshold
0.15293604967861424,1.0,0.0011412980706243898
0.15350800454903332,1.0,0.003637444174252495
0.15349284808188618,0.9998575295626158,0.0036412595591055414
0.15445561986926953,0.9998575295626158,0.005702671522045351
0.1544370103002025,0.9997150591252315,0.005707560082653807
0.1560373582388259,0.9997150591252315,0.008022230484059615
0.15601859058462497,0.9995725886878473,0.008027236132798054
0.1564360409373676,0.9995725886878473,0.008460804969931016
0.15641723153763826,0.999430118250463,0.008465570650072408
0.1581415270858225,0.999430118250463,0.010127511971624889
0.15812254835655348,0.9992876478130788,0.01012942948585489
0.15834029392509652,0.9992876478130788,0.010323011188814155
0.15832129311901752,0.9991451773756945,0.010323699835798504
0.15876573394910803,0.9991451773756945,0.010780953710830017
0.15875028299750962,0.9990027069383103,0.0107823767902921
0.16040260780052615,0.9990027069383103,0.012049539215821399
0.16038340119870065,0.998860236500926,0.012057891307988695
0.16062591642228738,0.998860236500926,0.01225306183210944
0.1606103652110159,0.9987177660635418,0.012255752942227569
0.16086467632007712,0.9987177660635418,0.012441050788746681
0.16084541949697082,0.9985752956261575,0.012443328232825764
0.16153863882550876,0.9985752956261575,0.012958139773299881
0.16151931409606343,0.9984328251887733,0.012963581717380596
0.16368859925723495,0.9984328251887733,0.014594047669104673
0.16366906474820145,0.998290354751389,0.014595436890542086
0.16386043683644358,0.998290354751389,0.014731697422085894
0.16384088304763686,0.9981478843140048,0.014737737805288226
0.16545828117988806,0.9981478843140048,0.015902713379592422
0.16543857163100467,0.9980054138766206,0.01590372305484089
0.16550111042857818,0.9980054138766206,0.015931001678491385
0.16548530384651733,0.9978629434392363,0.015931186863688763
0.16577122434971953,0.9978629434392363,0.01613194057162792
0.16575147928994083,0.9977204730018521,0.016140504537539548
0.16578287012925524,0.9977204730018521,0.016174475854690545
0.16576312113823063,0.9975780025644678,0.016178635201683108
0.1661091737242901,0.9975780025644678,0.016391860957840034
0.16608939077623838,0.9974355321270836,0.01639222269336182
0.16619979109296362,0.9974355321270836,0.01645204754476477
0.16617999667640007,0.9972930616896993,0.01645378756502517
0.16640517282365805,0.9972930616896993,0.016594742460489486
0.1663853559966718,0.9971505912523152,0.016598120026454433
0.1669568951122349,0.9971505912523152,0.016951201433082156
0.16694100527207234,0.997008120814931,0.016957960532411883
0.1670765190402292,0.997008120814931,0.017033118163129447
0.1670606212544469,0.9968656503775467,0.01703362318626142
0.16744442051355685,0.9968656503775467,0.017316991269167827
0.16742449624276073,0.9967231799401625,0.017321013958563836
0.167641138694527,0.9967231799401625,0.017521633190995037
0.16762119287819607,0.9965807095027782,0.017523571486349688
0.16858265249560167,0.9965807095027782,0.01818991591623884
0.16856261447989973,0.996438239065394,0.01819993683314761
0.17008341236837626,0.996438239065394,0.01933342847086944
0.17006322957198444,0.9962957686280097,0.01933978142528993
0.17037813078647304,0.9962957686280097,0.019540339003485563
0.1703579173062398,0.9961532981906255,0.019544989074859607
0.17043266301035953,0.9961532981906255,0.019589238010226145
0.1704124414976599,0.9960108277532412,0.019591904742962067
0.17069121273530777,0.9960108277532412,0.019748193616802665
0.17067096396132433,0.995868357315857,0.019748864175404293
0.17093390066759592,0.995868357315857,0.019909055148429104
0.17091362613714173,0.9957258868784727,0.019912967551698097
0.1710098118378233,0.9957258868784727,0.019984009290219776
0.17098952725849076,0.9955834164410885,0.019990004400074868
0.17116962645437844,0.9955834164410885,0.020098831639401286
0.1711535164000686,0.9954409460037043,0.020099889353054613
0.17134659244181769,0.9954409460037043,0.02021097066758857
0.17132627035511086,0.99529847556632,0.02021785562043239
0.17149450117831894,0.99529847556632,0.020333311667358384
0.17147837187607404,0.9951560051289358,0.020334210637540134
0.17168067639974438,0.9951560051289358,0.020483392102497586
0.17166453642709664,0.9950135346915515,0.0204842291852981
0.17216388108268008,0.9950135346915515,0.020847649466146662
0.1721434734376926,0.9948710642541673,0.020848196463258986
0.1735769326373353,0.9948710642541673,0.021807719670456395
0.17355638966914416,0.994728593816783,0.02181007584055572
0.17394553925110243,0.994728593816783,0.022058524197438627
0.17392495889182322,0.9945861233793988,0.02206287630528651
0.17404203335743312,0.9945861233793988,0.022144706266653647
0.17402144103714784,0.9944436529420145,0.02214541786479134
0.17491104094622362,0.9944436529420145,0.022708260495472057
0.1748903646159629,0.9943011825046303,0.022710185506938842
0.1755944143917474,0.9943011825046303,0.023156522596455384
0.17557808922325943,0.994158712067246,0.023159201372472606
0.17612317011610298,0.994158712067246,0.023524083079526442
0.17610237512304702,0.9940162416298618,0.023524199104777075
0.17610682013226311,0.9940162416298618,0.02352610681137841
0.17608602367670445,0.9938737711924776,0.023528392027520346
0.1762016619938875,0.9938737711924776,0.023603824476434762
0.17618085375094722,0.9937313007550933,0.023612460275329192
0.17675231868633115,0.9937313007550933,0.023967771185440155
0.17673145637464838,0.9935888303177091,0.023968599394866508
0.17741484138492458,0.9935888303177091,0.02445339530889312
0.17739391472473798,0.9934463598803248,0.024454091028682977
0.17756105013877926,0.9934463598803248,0.02454835556335071
0.17754010695187167,0.9933038894429406,0.024548537030908348
0.17770754212015394,0.9933038894429406,0.02464154813295632
0.1776865823817292,0.9931614190055563,0.02464202849000009
0.17769111162091203,0.9931614190055563,0.024644351045401428
0.17767015039510578,0.9930189485681721,0.024648123804313506
0.1785851546286095,0.9930189485681721,0.025282261252934545
0.17856410782002666,0.9928764781307878,0.025286883621055346
0.17885281663030925,0.9928764781307878,0.025454345871106704
0.17883174212093214,0.9927340076934036,0.025457668560842164
0.17944887973216586,0.9927340076934036,0.025813620997779244
0.17943236839394253,0.9925915372560193,0.025817860057231714
0.18056239471297136,0.9925915372560193,0.02640605400462296
0.1805411569562513,0.9924490668186351,0.02640694773117597
0.18066758305884795,0.9924490668186351,0.026480040593842274
0.18064633260711693,0.9923065963812508,0.026482264002337334
0.18071663942295219,0.9923065963812508,0.026550044107735093
0.18069538142189934,0.9921641259438666,0.026553355585172887
0.18109949550111823,0.9921641259438666,0.026791014389778305
0.18107819936025799,0.9920216555064824,0.026793043993498744
0.1811488631042198,0.9920216555064824,0.026850956705618677
0.18112755938288627,0.9918791850690981,0.02685164722673566
0.1816331854943908,0.9918791850690981,0.02712166090953043
0.18161183438127787,0.9917367146317139,0.027122293834604082
0.181896574250699,0.9917367146317139,0.02728859787147855
0.18187519598620258,0.9915942441943296,0.027290797849212487
0.18192749039391484,0.9915942441943296,0.02731378095191126
0.18190610623170222,0.9914517737569455,0.027314151800651654
0.18198221757322175,0.9914517737569455,0.027356413920115025
0.18196082533539057,0.9913093033195612,0.027357644579989886
0.18219429169939774,0.9913093033195612,0.02751085630213098
0.18217287700646784,0.991166832882177,0.02751267474826863
0.18300189393939395,0.991166832882177,0.02800671497545645
0.18298521597306255,0.9910243624447928,0.028008070784627647
0.1832117365080201,0.9910243624447928,0.028134880554366453
0.18319504807059134,0.9908818920074085,0.028134969744364156
0.18322883186680014,0.9908818920074085,0.028158817684893565
0.18321214037306355,0.9907394215700243,0.028165227176480966
0.18326042270595055,0.9907394215700243,0.028200506786868917
0.18323889840558705,0.99059695113264,0.028201400362515245
0.18324855704609547,0.99059695113264,0.02820640066015556
0.1832270307311159,0.9904544806952558,0.028209884741004658
0.1838326678477933,0.9904544806952558,0.028626173313314778
0.18381108525491854,0.9903120102578715,0.028626423293786573
0.18390348440352408,0.9903120102578715,0.02868860537328385
0.1838818922637316,0.9901695398204873,0.028699271948920652
0.18407670304057633,0.9901695398204873,0.028783286643453764
0.1840550920407893,0.990027069383103,0.02878682512893918
0.18437740454774604,0.990027069383103,0.028961286400864924
0.18435576310762047,0.9898845989457188,0.028970480822752616
0.18477740545715654,0.9898845989457188,0.029278728584924734
0.18475572458179304,0.9897421285083345,0.0292818696597154
0.18498695212227725,0.9897421285083345,0.029432751900990067
0.18496524911458473,0.9895996580709503,0.02943579755364863
0.18499973366004369,0.9895996580709503,0.029452896618146995
0.18497802636835797,0.989457187633566,0.029458949525885667
0.18499773580884898,0.989457187633566,0.02946570794450353
0.18497602557272244,0.9893147171961818,0.02946609041190593
0.18495431417991956,0.9891722467587976,0.029466670340916202
0.1852108731026756,0.9891722467587976,0.02962017543583075
0.18519407763105242,0.9890297763214133,0.029621707743373218
0.18544638563872415,0.9890297763214133,0.029766197258291043
0.18542462533059065,0.9888873058840291,0.029766381413484252
0.18551878975784467,0.9888873058840291,0.02981558830356363
0.18549701975249244,0.9887448354466448,0.02981869865877438
0.18553669295548725,0.9887448354466448,0.029852471832376132
0.18551987808464562,0.9886023650092606,0.029853520172797694
0.1855297986684848,0.9886023650092606,0.029872237707589278
0.18550802139037434,0.9884598945718763,0.029872645214038773
0.1855427486427941,0.9884598945718763,0.029899928277982615
0.1855209670517758,0.9883174241344921,0.029908363578844032
0.18647849462365593,0.9883174241344921,0.03048346173424535
0.1864566251780962,0.9881749536971078,0.030483645260601447
0.1867930625875256,0.9881749536971078,0.030684073203768234
0.18677116156311438,0.9880324832597236,0.030686189222746556
0.18685167721945306,0.9880324832597236,0.03074073549574841
0.18682976774263083,0.9878900128223393,0.030740818200725016
0.1872080779718675,0.9878900128223393,0.030950625960898256
0.18718613316053784,0.9877475423849551,0.030952375841406962
0.18721646143875567,0.9877475423849551,0.030963247585567594
0.187194512705571,0.9876050719475709,0.030966022783582823
0.18728554832086025,0.9876050719475709,0.031045032983610183
0.1872635901869664,0.9874626015101866,0.031046444252529504
0.187374966207083,0.9874626015101866,0.03114314803738737
0.18735299683689746,0.9873201310728024,0.031143745040915206
0.18743407351310415,0.9873201310728024,0.03120558274315693
0.18741209563994374,0.9871776606354181,0.031206031891146034
0.18764047986568094,0.9871776606354181,0.03136029789392722
0.18761848020365055,0.9870351901980339,0.03136103740715682
0.1879034445348522,0.9870351901980339,0.03153376389686566
0.18788141799343622,0.9868927197606496,0.03153432952721137
0.1880497339559127,0.9868927197606496,0.031631743273913576
0.1880276910547034,0.9867502493232654,0.031631876344325245
0.18909031342142624,0.9867502493232654,0.03237200948480609
0.189068173751604,0.9866077788858811,0.03237737642329761
0.18914563531082706,0.9866077788858811,0.03241643444335882
0.1891234874764415,0.9864653084484969,0.03241941733822261
0.18914931978364202,0.9864653084484969,0.03242716720280081
0.1891271684196148,0.9863228380111126,0.03243434563610519
0.18950509142669442,0.9863228380111126,0.032647973645737904
0.1894880919791952,0.9861803675737284,0.032653463825545216
0.18959189263215556,0.9861803675737284,0.03271462937203256
0.1895696951436632,0.9860378971363442,0.0327182718330748
0.18966320462579814,0.9860378971363442,0.03277201381632278
0.18964099753357083,0.98589542669896,0.03277681360237144
0.18975019879897995,0.98589542669896,0.03286103625766342
0.1897279806954042,0.9857529562615758,0.032871127361033814
0.1897383864421653,0.9857529562615758,0.03288998911474023
0.1897161661867544,0.9856104858241915,0.03289341594964626
0.190044503049283,0.9856104858241915,0.03309951062943282
0.19002225213593033,0.9854680153868073,0.03310294316339083
0.19006924598812927,0.9854680153868073,0.033155932525632266
0.190052212146194,0.985325544949423,0.033161868285937285
0.1904971766974246,0.985325544949423,0.03343053319495543
0.190474878801234,0.9851830745120388,0.03343203580807828
0.19059037539275675,0.9851830745120388,0.033501881852675684
0.19056806592982553,0.9850406040746545,0.03351335924204969
0.19099975137434735,0.9850406040746545,0.0337956525798274
0.19098267812249634,0.9848981336372703,0.033796868114327985
0.19162855162855164,0.9848981336372703,0.03421461443004429
0.1916061429284249,0.984755663199886,0.03421965188204397
0.1916220786781625,0.984755663199886,0.03422997954877977
0.19160497934514403,0.9846131927625018,0.03423111274864649
0.19174851562066478,0.9846131927625018,0.03431184624953842
0.19172608973113953,0.9844707223251176,0.03431510863859866
0.19174205005827183,0.9844707223251176,0.03431888248969687
0.19171962150012486,0.9843282518877333,0.03432191727470266
0.1924244534187439,0.9843282518877333,0.03473880300320408
0.19240196078431374,0.9841857814503491,0.03474289487489789
0.19263266501213017,0.9841857814503491,0.03487418558979507
0.1926101505856107,0.9840433110129648,0.03487898237340443
0.19284138816762988,0.9840433110129648,0.03501349860155422
0.192818851909761,0.9839008405755806,0.03501646258468965
0.1928403886965263,0.9839008405755806,0.03502422054771046
0.19281784926419257,0.9837583701381963,0.03502542398266988
0.1931306463793248,0.9837583701381963,0.035231488205276114
0.19311347934323517,0.9836158997008121,0.03523664300393454
0.19319994403246118,0.9836158997008121,0.03528834337125201
0.19317736609391617,0.9834734292634278,0.035288754522136465
0.19339384770549672,0.9834734292634278,0.035396036298601954
0.1933766670402331,0.9833309588260436,0.03539679890476664
0.19359905752994305,0.9833309588260436,0.0355173039266468
0.19357643758765777,0.9831884883886594,0.03551737000824677
0.1936579205836958,0.9831884883886594,0.0355930624840803
0.19364072629304296,0.9830460179512751,0.03559939225554235
0.19394007532744956,0.9830460179512751,0.035816651192306495
0.19391741855693284,0.9829035475138909,0.03582110049475027
0.19506333408731055,0.9829035475138909,0.03657959017858137
0.195040574546894,0.9827610770765066,0.03658085923348333
0.19511229280986592,0.9827610770765066,0.03661197479215713
0.1950895256413883,0.9826186066391224,0.03661268221430798
0.1953547656139357,0.9826186066391224,0.036759401699434535
0.19533197371402675,0.9824761362017381,0.03675965526962705
0.19547593400986452,0.9824761362017381,0.036855343267848166
0.19545866878330875,0.9823336657643539,0.03685701639663751
0.19576944917660422,0.9823336657643539,0.037035771418665916
0.19574661404355603,0.9821911953269696,0.03704068802912003
0.1958745311967269,0.9821911953269696,0.037124820451771005
0.19585168347776674,0.9820487248895854,0.037126332766394966
0.19589621166908233,0.9820487248895854,0.037166547963121466
0.19587335872221906,0.9819062544522011,0.03716930240000949
0.19594575384527904,0.9819062544522011,0.03722425061313141
0.19592289321050835,0.9817637840148169,0.03722445420408311
0.19609572863606614,0.9817637840148169,0.03731360434800639
0.19607285145133752,0.9816213135774327,0.03731667244697729
0.19619009652894445,0.9816213135774327,0.03738432410155672
0.19616720769975513,0.9814788431400484,0.03738485472762049
0.19626780626780627,0.9814788431400484,0.037431020741867535
0.19624490726231517,0.9813363727026642,0.03743680524170395
0.19630642954856362,0.9813363727026642,0.037479190443837296
0.19628352381223815,0.9811939022652799,0.037479290576957494
0.1965411946006107,0.9811939022652799,0.03765084128470679
0.19651826484018264,0.9810514318278957,0.03765990769837883
0.19649533377094094,0.9809089613905114,0.03766240343541349
0.19692809335850353,0.9809089613905114,0.03790660716789748
0.19690512285117703,0.9807664909531272,0.03791177633819694
0.1970347472665865,0.9807664909531272,0.0379860023004468
0.19701176403240117,0.9806240205157429,0.037986175527253786
0.19731108817796125,0.9806240205157429,0.0381786622554906
0.19729373315750243,0.9804815500783587,0.03818061882729914
0.197548583402704,0.9804815500783587,0.038310923360573686
0.197525548283385,0.9803390796409744,0.03831212177562917
0.19763901654411764,0.9803390796409744,0.03841820419716646
0.19761597012781848,0.9801966092035903,0.038418599060586894
0.19775797643000861,0.9801966092035903,0.03847896554772125
0.19773491620914657,0.9800541387662061,0.03848020468722106
0.1979226608355392,0.9800541387662061,0.03860133834143391
0.19789958279384262,0.9799116683288218,0.0386017044928398
0.19808766776107367,0.9799116683288218,0.038721862248686185
0.19806457187292992,0.9797691978914376,0.03872497670413756
0.19831016782974797,0.9797691978914376,0.03885719395491231
0.19829276733187218,0.9796267274540533,0.038859054208860114
0.19837285788471526,0.9796267274540533,0.03891342070826641
0.19834973024436686,0.9794842570166691,0.03892406429790785
0.19860184302510328,0.9794842570166691,0.03904668661870709
0.19857869193436561,0.9793417865792848,0.03904684730423688
0.19860737915691543,0.9793417865792848,0.03905589008594038
0.1985842242126553,0.9791993161419006,0.039055946740770155
0.19879099901660208,0.9791993161419006,0.03921754562511145
0.19876782460301393,0.9790568457045163,0.039228583332449246
0.1993155055397645,0.9790568457045163,0.03955070748209474
0.19929228181106245,0.9789143752671321,0.039550738241089005
0.19931540625997157,0.9789143752671321,0.039570625115275065
0.1992921791598979,0.9787719048297479,0.03957774402241858
0.19939629651129043,0.9787719048297479,0.03965804679634807
0.19937305894987375,0.9786294343923636,0.03966428234764098
0.19968023255813955,0.9786294343923636,0.03985416658357861
0.1996569667722899,0.9784869639549794,0.03985500903026305
0.20024491223978075,0.9784869639549794,0.04022190032679911
0.20022159372539872,0.9783444935175951,0.040223035327746945
0.20042027843446283,0.9783444935175951,0.04034653494445158
0.20039694121767557,0.9782020230802109,0.04034717641286439
0.20076610427205474,0.9782020230802109,0.04057228872976806
0.20074273349318675,0.9780595526428266,0.04057612598999963
0.20106021555763823,0.9780595526428266,0.04075240367290449
0.2010368157455408,0.9779170822054424,0.040756481889686176
0.20129622569576822,0.9779170822054424,0.04091022386728856
0.2012728019238665,0.9777746117680581,0.040923797900484525
0.20134956725832479,0.9777746117680581,0.04094660572744194
0.20132613543011382,0.9776321413306739,0.04094968227894256
0.20153308467209022,0.9776321413306739,0.041073653568225225
0.20150963345864661,0.9774896708932896,0.04107588530886135
0.20164584864070537,0.9774896708932896,0.04115786053189123
0.201628310260706,0.9773472004559054,0.041162435807912685
0.20183594209721079,0.9773472004559054,0.04125601968202244
0.2018124577044164,0.9772047300185212,0.0412565500737783
0.20192534149788036,0.9772047300185212,0.04131892603725233
0.20190184590926488,0.9770622595811369,0.041324593188960396
0.20193157057888228,0.9770622595811369,0.041342233578673795
0.20191401648998822,0.9769197891437527,0.04134416936873218
0.20195564456749035,0.9769197891437527,0.041360532423843716
0.2019321394910462,0.9767773187063684,0.04136356162331139
0.20213455982074416,0.9767773187063684,0.041482386730696166
0.2021110357637763,0.9766348482689842,0.04148487235766108
0.20230190349712263,0.9766348482689842,0.04158499276920463
0.20227836146853972,0.9764923778315999,0.041597035180500994
0.20236794709025954,0.9764923778315999,0.04166840873688045
0.2023443958899256,0.9763499073942157,0.04166869622950113
0.20269750658108787,0.9763499073942157,0.041904555164903344
0.2026739233317558,0.9762074369568314,0.04190503661304814
0.20297410984063036,0.9762074369568314,0.042111705963725495
0.20295049915573066,0.9760649665194472,0.04211352353376539
0.20302267002518892,0.9760649665194472,0.04214264974383263
0.20300506771774887,0.9759224960820629,0.04214587790541136
0.20305320883355565,0.9759224960820629,0.042174927135378515
0.20302958439556532,0.9757800256446787,0.042182750147800464
0.2032223606907602,0.9757800256446787,0.04230705271912181
0.20320474777448072,0.9756375552072944,0.04230803624104762
0.20402812537242285,0.9756375552072944,0.04278759406209973
0.20401048805196353,0.9754950847699102,0.04278789183183489
0.20411387688180058,0.9754950847699102,0.04283466839551025
0.20409015025041735,0.975352614332526,0.042838287306510535
0.20412057604579742,0.975352614332526,0.04286130755302793
0.20409684536943168,0.9752101438951417,0.04286292135944655
0.20429786599015073,0.9752101438951417,0.04296286974347845
0.2042741165234002,0.9750676734577575,0.04296578703431083
0.2043107051167234,0.9750676734577575,0.04299142421198119
0.2042869510702451,0.9749252030203732,0.04299736362930353
0.2045434165296667,0.9749252030203732,0.04311888795065164
0.2045196389071561,0.974782732582989,0.043123117952187186
0.20452575254835142,0.974782732582989,0.04312590337654935
0.2045019729762047,0.9746402621456048,0.04312874046608154
0.20453254402487517,0.9746402621456048,0.04315003048226781
0.2045148751681866,0.9744977917082206,0.043158965682266334
0.20481494789795185,0.9744977917082206,0.04334229316497482
0.20479113639766433,0.9743553212708363,0.04334234696613926
0.20497527349018432,0.9743553212708363,0.04346835778060069
0.20495144467090276,0.9742128508334521,0.04348059812067947
0.20504362949413776,0.9742128508334521,0.0435285203377741
0.2050197912918316,0.9740703803960679,0.04353096595640495
0.2052721650103582,0.9740703803960679,0.04370619441116287
0.2052544662963519,0.9739279099586836,0.043706219607064827
0.2055383505216633,0.9739279099586836,0.043898691043803166
0.2055144626856696,0.9737854395212994,0.04390458494435829
0.20554536432803056,0.9737854395212994,0.04391597313707903
0.20552147239263804,0.9736429690839151,0.04391820286969674
0.20555238066592474,0.9736429690839151,0.043948324904038605
0.2055284846297299,0.9735004986465309,0.04394967610399038
0.2059745583890999,0.9735004986465309,0.04420672465580511
0.2059506224941971,0.9733580282091466,0.044208183607824754
0.2060997315152795,0.9733580282091466,0.044276545601081393
0.2060819983708933,0.9732155577717624,0.044276734665903685
0.20622509358773095,0.9732155577717624,0.044365321936004204
0.20620112912477734,0.9730730873343781,0.0443676748026406
0.20621358050783492,0.9730730873343781,0.04437511953755401
0.20618961352657006,0.9729306168969939,0.04438689676372347
0.20677647913764913,0.9729306168969939,0.04478408860562508
0.20675246025738078,0.9727881464596096,0.04478609093099819
0.20702828901488735,0.9727881464596096,0.044946778446938784
0.20701052184723612,0.9726456760222254,0.04494872335671441
0.20729337462804398,0.9726456760222254,0.04511829396436228
0.20727559820235636,0.9725032055848412,0.045122514280821965
0.2073070732225833,0.9725032055848412,0.04513274914267256
0.20728299823847415,0.9723607351474569,0.04513301306482377
0.2074089831641646,0.9723607351474569,0.04520833828386706
0.2073848959124753,0.9722182647100727,0.045209739028721406
0.20759940372973137,0.9722182647100727,0.04536853832701244
0.20758161185311388,0.9720757942726884,0.04536958784356936
0.207663744825907,0.9720757942726884,0.04540781655309792
0.2076396286714351,0.9719333238353042,0.045412948412091286
0.20788006216290336,0.9719333238353042,0.04554806078631874
0.2078559239395417,0.9717908533979199,0.0455531476501213
0.2078685926738587,0.9717908533979199,0.04555640405284907
0.2078444518940664,0.9716483829605357,0.04556428807939891
0.2081044794336629,0.9716483829605357,0.04575610726715051
0.20808031491257514,0.9715059125231514,0.045758770650625565
0.20811841904471234,0.9715059125231514,0.04579914319690009
0.20809424978635088,0.9713634420857672,0.04580499442960867
0.2080700790525898,0.971220971648383,0.04581002535191938
0.20827350218447344,0.971220971648383,0.045955129490808454
0.20825567539490972,0.9710785012109987,0.045957344535220816
0.20852964571988006,0.9710785012109987,0.046158874564729106
0.20850543062566926,0.9709360307736145,0.046160028088074706
0.20868420246807728,0.9709360307736145,0.04628477540062732
0.20865997060264577,0.9707935603362302,0.046288427756865466
0.20878144437295096,0.9707935603362302,0.04634178616788218
0.208757200637333,0.970651089898846,0.046342120960745144
0.20890442461595068,0.970651089898846,0.046424695031716375
0.2088801668097633,0.9705086194614617,0.046426756700527934
0.209188060434836,0.9705086194614617,0.046622088575978105
0.20917019839076223,0.9703661490240775,0.04662740789919972
0.20923445564020643,0.9703661490240775,0.04666737396481587
0.2092101625142085,0.9702236785866932,0.04667152445094545
0.20922944574167385,0.9702236785866932,0.04668278737974061
0.2092051494761422,0.970081208149309,0.04668388845216735
0.20923729334398625,0.970081208149309,0.04670653168574763
0.2092129928398021,0.9699387377119247,0.04670824060259197
0.20931591083781706,0.9699387377119247,0.04677704792725365
0.20929160004919445,0.9697962672745405,0.04678282587219601
0.20963321117304673,0.9697962672745405,0.046980086801500336
0.20960886972590084,0.9696537968371562,0.04699245267381937
0.20963469475759255,0.9696537968371562,0.04700955847372945
0.20961034960726938,0.969511326399772,0.04701223812077805
0.20977188655980272,0.969511326399772,0.047095945863570784
0.20974752612595948,0.9693688559623878,0.04709654632061999
0.21022709717287194,0.9693688559623878,0.04741293759722803
0.21020269435174885,0.9692263855250035,0.047414285256884105
0.21088034717916926,0.9692263855250035,0.047886441622778934
0.21086242172484346,0.9690839150876194,0.047892591999615236
0.21116354153731529,0.9690839150876194,0.04808401769232393
0.21113905187668808,0.9689414446502351,0.048107352225352576
0.211145606954362,0.9689414446502351,0.04811102385580059
0.2111211152162439,0.9687989742128509,0.04811785482332447
0.21120636103863835,0.9687989742128509,0.04819774149386449
0.21118186053735052,0.9686565037754666,0.04819832634612518
0.2119455095233642,0.9686565037754666,0.04856856758304975
0.21192094270216347,0.9685140333380824,0.04857466936608307
0.21200024948543628,0.9685140333380824,0.048619402355337044
0.21198228542914171,0.9683715629006981,0.04861967138575617
0.21206164981904405,0.9683715629006981,0.048641356431530273
0.21203706592618016,0.9682290924633139,0.04864385014151364
0.212275495861315,0.9682290924633139,0.048772213769937345
0.21225089023552196,0.9680866220259297,0.04877842369822969
0.21239021035851594,0.9680866220259297,0.048859119261346735
0.21236559139784947,0.9679441515885454,0.04887300329424926
0.21243199299606028,0.9679441515885454,0.04892070454971775
0.2124073668740815,0.9678016811511612,0.04893459786071323
0.21252033537729947,0.9678016811511612,0.048983609769458966
0.21249569815098707,0.9676592107137769,0.04898489252421908
0.21268867038266426,0.9676592107137769,0.0491144390822823
0.21267067518476762,0.9675167402763927,0.049114927653075666
0.21265267773253993,0.9673742698390084,0.049116347287638154
0.2128059673425894,0.9673742698390084,0.04920718998625563
0.21278129505422178,0.9672317994016242,0.049207813103169074
0.21332956259426847,0.9672317994016242,0.04952643663780077
0.21330484240957798,0.9670893289642399,0.049532412293989636
0.21345911949685534,0.9670893289642399,0.04961288710970599
0.21343438472907952,0.9669468585268557,0.04961558469842181
0.21356198867212084,0.9669468585268557,0.049687590053233664
0.21353724157462475,0.9668043880894714,0.04968811499340474
0.21351249291962993,0.9666619176520872,0.049688797545102435
0.21363350125944586,0.9666619176520872,0.049730353331229264
0.2136154669689527,0.966519447214703,0.04973765131859422
0.21381070944561759,0.966519447214703,0.04985643714991209
0.21378593040847202,0.9663769767773187,0.04985761782087401
0.21388030522797502,0.9663769767773187,0.049931035693663896
0.21385551666509003,0.9662345063399345,0.04993703935008226
0.21392297258934487,0.9662345063399345,0.049980089976717955
0.21389817677118164,0.9660920359025502,0.04998144669654333
0.21397242119213658,0.9660920359025502,0.05001922089302995
0.21394761754496686,0.965949565465166,0.050036271157031874
0.2139881328115137,0.965949565465166,0.05005407016971966
0.2139633241801597,0.9658070950277817,0.05006380468023891
0.21401060739992422,0.9658070950277817,0.05010371698152164
0.21398579321231254,0.9656646245903975,0.050104279688336785
0.21405337123006474,0.9656646245903975,0.050128739395767265
0.21402854977261243,0.9655221541530132,0.050130160646709256
0.2140894013583952,0.9655221541530132,0.0501671983649061
0.21407133605029538,0.965379683715629,0.05018113540009945
0.21424054635133427,0.965379683715629,0.05027429900420486
0.21421570177380087,0.9652372132782447,0.050280782063804444
0.2144190904199766,0.9652372132782447,0.05038015792973808
0.21439422711735662,0.9650947428408605,0.050382344229981224
0.2146455844608511,0.9650947428408605,0.050545819278828126
0.21462069839660308,0.9649522724034763,0.050562179699566404
0.21485217611978175,0.9649522724034763,0.05072353265182119
0.21483408413171753,0.964809801966092,0.05073107055796022
0.21488180231635728,0.964809801966092,0.05073999993579921
0.21486370704153843,0.9646673315287078,0.05074861586894776
0.21551339996180532,0.9646673315287078,0.05107756060995583
0.21548842983098324,0.9645248610913235,0.05108180451014573
0.21553645335880292,0.9645248610913235,0.05110890785265556
0.21551833927661743,0.9643823906539393,0.0511153871545255
0.21560758082497214,0.9643823906539393,0.051158333291260676
0.21558259540039498,0.964239920216555,0.05116524381967456
0.21565128728014274,0.964239920216555,0.05123337593070324
0.21563316550889045,0.9640974497791708,0.05123459627590475
0.21568814942308917,0.9640974497791708,0.051277736664746935
0.215663149842221,0.9639549793417865,0.05128298621243631
0.2156837743066624,0.9639549793417865,0.051294828091691294
0.21565877139851447,0.9638125089044023,0.051303495888694865
0.21575506298835911,0.9638125089044023,0.05139074142636369
0.21573005039229445,0.963670038467018,0.05139378488647001
0.21584019401365753,0.963670038467018,0.05145558971150901
0.21581517056514662,0.9635275680296338,0.05146196749011227
0.21620843989769822,0.9635275680296338,0.05169615109174897
0.2161833818216695,0.9633850975922497,0.05169865595705276
0.216252518468771,0.9633850975922497,0.05173811560632374
0.21622745298707943,0.9632426271548654,0.05173993846679648
0.21643511108265573,0.9632426271548654,0.051863738921912844
0.2164169547957485,0.9631001567174812,0.05187452189168124
0.21650012810658467,0.9631001567174812,0.05189786869883415
0.2164750344297473,0.9629576862800969,0.051910631153158415
0.21691967007927085,0.9629576862800969,0.05219764863779891
0.21689453751845433,0.9628152158427127,0.05220103567339412
0.21691542288557214,0.9628152158427127,0.052215633502686785
0.21689028696154586,0.9626727454053284,0.052216301707297984
0.21712027248481733,0.9626727454053284,0.052366085997094504
0.21709511568123394,0.9625302749679442,0.052367332256334206
0.21726267043992797,0.9625302749679442,0.05246864887321713
0.21723749799003056,0.9623878045305599,0.05247077510204203
0.21731437395444603,0.9623878045305599,0.052509942079473376
0.21729618428672542,0.9622453340931757,0.052516715905454016
0.21727100157652585,0.9621028636557915,0.052519171411080506
0.217677207233343,0.9621028636557915,0.052762868962920983
0.21765900519003256,0.9619603932184072,0.05277213616160403
0.21782050454868057,0.9619603932184072,0.052864800201130574
0.21779527051004935,0.961817922781023,0.0528698299934271
0.21780229707058976,0.961817922781023,0.05287057644776019
0.2177770608162607,0.9616754523436387,0.05287513746022427
0.21831236456547753,0.9616754523436387,0.053153325695820194
0.21828708195872953,0.9615329819062545,0.05315377863404759
0.218343578130055,0.9615329819062545,0.05323180226996158
0.21831828917143875,0.9613905114688702,0.05323570144677774
0.21830006147474681,0.961248041031486,0.053235704952483705
0.21843434343434343,0.961248041031486,0.053311660766032484
0.218416110859289,0.9611055705941017,0.05332589638606349
0.21843025514829686,0.9611055705941017,0.053328995863963224
0.21840494770585758,0.9609631001567175,0.05333913373114468
0.21841201994689463,0.9609631001567175,0.053339536851178176
0.21838671027492634,0.9608206297193332,0.053343273424935514
0.21842914979757086,0.9608206297193332,0.05335694897674574
0.21840383494202242,0.960678159281949,0.05336654137925026
0.21861626248216834,0.960678159281949,0.053472969484307215
0.21859092824952178,0.9605356888445648,0.05347679085073447
0.2186405500064859,0.9605356888445648,0.0534988363571407
0.21861520998864925,0.9603932184071805,0.053499945842964004
0.21865066493674992,0.9603932184071805,0.05352921967672716
0.21863241209290254,0.9602507479697963,0.05353278397562999
0.21896624541113024,0.9602507479697963,0.05378301593900568
0.21894087069525667,0.960108277532412,0.053785684791884704
0.21938277231590597,0.960108277532412,0.05410232222993507
0.21935735911710127,0.9599658070950278,0.05410722226957566
0.21933908513755493,0.9598233366576435,0.05411105028729546
0.21966090642321487,0.9598233366576435,0.054324124136636454
0.21963546251915614,0.9596808662202593,0.05432525623542739
0.21967127576310982,0.9596808662202593,0.05434095308555055
0.21964582721847178,0.959538395782875,0.0543439984534245
0.21965299067249364,0.959538395782875,0.05434660492909308
0.219627539871498,0.9593959253454908,0.05434784774640935
0.2199503527567285,0.9593959253454908,0.054592560265953424
0.21992487342805814,0.9592534549081065,0.054593074242049865
0.2199679832728936,0.9592534549081065,0.05460854848505067
0.2199424986931521,0.9591109844707223,0.054612108458476825
0.22013668617769203,0.9591109844707223,0.05476664274750408
0.22011118378024852,0.958968514033338,0.05476664809191485
0.22019759225333682,0.958968514033338,0.054811570500644946
0.2201720810023882,0.9588260435959538,0.05481549545666337
0.22046779794273733,0.9588260435959538,0.054976489126968765
0.22044226044226045,0.9586835731585696,0.05497649231146532
0.22049282390720232,0.9586835731585696,0.055001045979650685
0.2204672805321624,0.9585411027211853,0.055005542338530874
0.22072766641514385,0.9585411027211853,0.055167710852227395
0.22070934085763969,0.9583986322838011,0.05516908415055877
0.22071658245291687,0.9583986322838011,0.05517197058533623
0.22069101289496998,0.9582561618464168,0.055175987479117124
0.22069825436408977,0.9582561618464168,0.05517929233957481
0.2206726825266612,0.9581136914090326,0.05518361697668642
0.22099175183201342,0.9581136914090326,0.05534163841274093
0.22096615182385804,0.9579712209716483,0.05534278388094147
0.2211842105263158,0.9579712209716483,0.05547286342793388
0.22115859074311656,0.9578287505342642,0.05548310147712065
0.22139164224322455,0.9578287505342642,0.055643112669350576
0.221366001448989,0.95768628009688,0.05564678712345683
0.22165798324869748,0.95768628009688,0.05582531038019384
0.22163962537923756,0.9575438096594957,0.05583336934516938
0.22181518151815183,0.9575438096594957,0.05593485252480779
0.22178949800323444,0.9574013392221115,0.0559395820537933
0.22225897139077228,0.9574013392221115,0.05626199523579578
0.2222332473374347,0.9572588687847272,0.05626228508679167
0.22244661479887437,0.9572588687847272,0.056436100169288204
0.22242087140776057,0.957116398347343,0.05643671656565894
0.2227158201829996,0.957116398347343,0.056587909515752655
0.22269005072439743,0.9569739279099587,0.05659051702278595
0.22286738113407878,0.9569739279099587,0.05667755334516854
0.22284159532815714,0.9568314574725745,0.05667802613895436
0.22286377965820475,0.9568314574725745,0.056685355070491286
0.22283799030994889,0.9566889870351902,0.056685388829713225
0.22281959378733573,0.956546516597806,0.05668656044203438
0.22293057077398148,0.956546516597806,0.05674771767259938
0.22290476822951255,0.9564040461604217,0.05675023460010561
0.22294918631683827,0.9564040461604217,0.05676721332855314
0.22292337839184298,0.9562615757230375,0.05677387929746625
0.22293818713256053,0.9562615757230375,0.0567774954072337
0.22291237627051086,0.9561191052856532,0.05678290049915368
0.2229197807673144,0.9561191052856532,0.0567866900075766
0.22289396757905927,0.955976634848269,0.05678714169909436
0.22286815267581303,0.9558341644108848,0.05679231946048419
0.22306081058616217,0.9558341644108848,0.05689911874547301
0.2230349780555925,0.9556916939735005,0.05689974699882977
0.22314626925251987,0.9556916939735005,0.057003990701173485
0.2231204258150366,0.9555492235361163,0.0570046718893543
0.2234028379188595,0.9555492235361163,0.05717222837315542
0.22337696945471502,0.955406753098732,0.05717607462908669
0.22335109926715524,0.9552642826613478,0.05717725309306808
0.22347020397280362,0.9552642826613478,0.05723611084732104
0.22344432223444322,0.9551218122239635,0.05723634273853977
0.22348901556822348,0.9551218122239635,0.057282324307333876
0.2234631284171223,0.9549793417865793,0.05728602531304758
0.2237839281541081,0.9549793417865793,0.057476973042074796
0.22375801282051283,0.954836871349195,0.05748747333157654
0.22385517218343967,0.954836871349195,0.057540090067053365
0.22382924711069543,0.9546944009118108,0.05755292217351464
0.22409122830485237,0.9546944009118108,0.05772547496804982
0.224065279914387,0.9545519304744265,0.057741935242123
0.22431283270280222,0.9545519304744265,0.05789227787712707
0.22428686219365207,0.9544094600370423,0.05790094081939535
0.2243544659901537,0.9544094600370423,0.05795667979472496
0.2243284881773729,0.954266989599658,0.05795774976974386
0.2243360016076632,0.954266989599658,0.05795826884426099
0.22431753475129795,0.9541245191622738,0.057977257173561635
0.22485226967499328,0.9541245191622738,0.0582495987021268
0.224826243158849,0.9539820487248896,0.058250894778172815
0.224992439770169,0.9539820487248896,0.05832434080969358
0.22496639784946237,0.9538395782875053,0.05832567852586972
0.22503445262344124,0.9538395782875053,0.05836275650448482
0.22500840336134453,0.9536971078501211,0.058368990788383354
0.22513705310597654,0.9536971078501211,0.05846299974815479
0.2251109915242836,0.9535546374127368,0.05846366689263968
0.22543703055003536,0.9535546374127368,0.05862474508122681
0.22541094044731877,0.9534121669753526,0.058631751768404544
0.22538484858692356,0.9532696965379683,0.05863627076248223
0.22540762700444683,0.9532696965379683,0.05864570290588623
0.22538153151635618,0.9531272261005841,0.058646383163366775
0.22613574905354245,0.9531272261005841,0.05914171611615655
0.2261095899672109,0.9529847556631998,0.05914359211181276
0.22638508139574237,0.9529847556631998,0.05929218629060287
0.22635889798957556,0.9528422852258156,0.05929347620520198
0.2264508701835173,0.9528422852258156,0.0593310578373616
0.22643234457537587,0.9526998147884314,0.059332615604594116
0.22644768032509313,0.9526998147884314,0.05933498739853206
0.22642148396491585,0.9525573443510471,0.05933717262846022
0.22680552257539266,0.9525573443510471,0.05954926717495015
0.22677929303209174,0.9524148739136629,0.0595545937038152
0.2268716486798344,0.9524148739136629,0.059608989346426666
0.22684540980824708,0.9522724034762786,0.05961319948562182
0.22687620922575608,0.9522724034762786,0.05966633524087823
0.22685766658746054,0.9521299330388945,0.059669075626520816
0.2268807713199348,0.9521299330388945,0.05969260955067929
0.2268545238499406,0.9519874626015102,0.05969474661187879
0.22682827459767774,0.951844992164126,0.05969682287600873
0.2270518266779949,0.951844992164126,0.05983016215220798
0.22702555736813484,0.9517025217267417,0.05983121199866957
0.22711046136062285,0.9517025217267417,0.05987994442554247
0.22708418332653338,0.9515600512893575,0.05988552212444548
0.2272309733610043,0.9515600512893575,0.0599770665863718
0.2272046815459989,0.9514175808519733,0.05997955827985874
0.22783255433113847,0.9514175808519733,0.06031411700803752
0.22780620948481747,0.951275110414589,0.06031595589858241
0.2278373029413772,0.951275110414589,0.06034926246268606
0.22781095376215663,0.9511326399772048,0.06035303647057864
0.22794318492215243,0.9511326399772048,0.060449147328500555
0.2279168231638611,0.9509901695398205,0.060453008060311154
0.22809595407326408,0.9509901695398205,0.060568291376849714
0.22806957591497795,0.9508476991024363,0.06056879846365348
0.22804319595379674,0.950705228665052,0.06056974172894965
0.22812115410912073,0.950705228665052,0.06063981419471671
0.2280947659909063,0.9505627582276678,0.06064387256311902
0.2281571658174606,0.9505627582276678,0.06070988969212292
0.22813077080911018,0.9504202877902835,0.060710165276123246
0.22827128387626608,0.9504202877902835,0.06081402105819625
0.22824487561167572,0.9502778173528993,0.060816981680669575
0.22872230985529113,0.9502778173528993,0.06109083318772959
0.22869586091011967,0.950135346915515,0.061093853820679174
0.22893137894339363,0.950135346915515,0.0612503790826924
0.22890490902849298,0.9499928764781308,0.061267301797268865
0.22903857383299556,0.9499928764781308,0.06132714717557718
0.22901209123385546,0.9498504060407466,0.0613372291869558
0.22923256773483702,0.9498504060407466,0.061445525293762154
0.2292139467711987,0.9497079356033623,0.0614557126729328
0.22955335927545714,0.9497079356033623,0.06166368501225133
0.2295268269164543,0.9495654651659781,0.0616657470418221
0.22982758620689656,0.9495654651659781,0.061903627712372476
0.2298089523415408,0.9494229947285938,0.0619152003270117
0.22995169082125605,0.9494229947285938,0.06198707235603691
0.22992511818903344,0.9492805242912096,0.061993337494574016
0.230036250647333,0.9492805242912096,0.062056921742261094
0.2300096671730424,0.9491380538538253,0.062057700524206075
0.23032775549716497,0.9491380538538253,0.06222303800273548
0.23030114441793728,0.9489955834164411,0.062227214245589614
0.23027453149851324,0.9488531129790568,0.062228869556238374
0.2303143479614068,0.9488531129790568,0.06224658370986883
0.2302877299764836,0.9487106425416726,0.062247687419034685
0.2303116245287587,0.9487106425416726,0.0622676505851857
0.23028500276701716,0.9485681721042883,0.062278999237866756
0.23048430089659708,0.9485681721042883,0.06238210126245566
0.23045766115073046,0.9484257016669041,0.062385589116907225
0.2305773960029095,0.9484257016669041,0.06247794160703558
0.23055074471770004,0.9482832312295199,0.0624780426254649
0.23056671747263405,0.9482832312295199,0.06248464778027406
0.2305400630477708,0.9481407607921356,0.06248490383214936
0.23060397103156727,0.9481407607921356,0.06252863136193994
0.2305773095848638,0.9479982903547514,0.06253750857541342
0.23072122052704577,0.9479982903547514,0.06265597075221581
0.23069454558063734,0.9478558199173671,0.06265741562580607
0.2307345494901852,0.9478558199173671,0.06268996938773014
0.23071587125416204,0.9477133494799829,0.06269339634785141
0.23076389370707,0.9477133494799829,0.0627291844556695
0.23073720728534258,0.9475708790425986,0.06273426716327488
0.2309294816152217,0.9475708790425986,0.06285965080556143
0.2309027777777778,0.9474284086052144,0.06285992852018556
0.2311274850549145,0.9474284086052144,0.06300662816591637
0.2311007611831358,0.9472859381678301,0.06301539203004937
0.23159984673795675,0.9472859381678301,0.06327106138422754
0.23157308067437649,0.9471434677304459,0.06329176963358532
0.2316295599456465,0.9471434677304459,0.06333706292992418
0.231602787456446,0.9470009972930616,0.06334341971080915
0.23187748552291915,0.9470009972930616,0.06353276456107268
0.23185877756070333,0.9468585268556774,0.06354253767223728
0.23199636960240164,0.9468585268556774,0.06363911898588169
0.23196955944983594,0.9467160564182932,0.06364126058386385
0.23198575617930456,0.9467160564182932,0.06364378333653653
0.23195894284816534,0.946573585980909,0.06365505051061064
0.23199134047976536,0.946573585980909,0.06366974114937202
0.23197262283060377,0.9464311155435248,0.06367606458759532
0.2322970941007798,0.9464311155435248,0.06384761815804206
0.23227024758707512,0.9462886451061405,0.06386406934632774
0.23240841177088073,0.9462886451061405,0.06394872326676727
0.23238155224298412,0.9461461746687563,0.06395494017447495
0.23241408273255407,0.9461461746687563,0.0639746535547833
0.23238721870297133,0.946003704231372,0.06397664906066274
0.23248485697279506,0.946003704231372,0.06403305174757389
0.2324661227634021,0.9458612337939878,0.06403884020196444
0.23291467864159415,0.9458612337939878,0.06431182805726003
0.2328877662000491,0.9457187633566035,0.06431312021383062
0.23296132519126833,0.9457187633566035,0.06436661494780706
0.2329344049415646,0.9455762929192193,0.0643687514318076
0.23299164501860564,0.9455762929192193,0.06439878310998595
0.23296471827277515,0.945433822481835,0.06440148618304768
0.23303834808259588,0.945433822481835,0.0644586099906718
0.23301141352063212,0.9452913520444508,0.06446578961328449
0.2333391946544751,0.9452913520444508,0.06463867221317396
0.23331223183512695,0.9451488816070666,0.06464530716625665
0.23341895077583477,0.9451488816070666,0.06470284747268311
0.23339197748064744,0.9450064111696823,0.06470856140110799
0.23357278681597296,0.9450064111696823,0.06483660768510184
0.23354579709124204,0.9448639407322981,0.06484709452744063
0.2337186354665915,0.9448639407322981,0.06494501273063372
0.23369162995594714,0.9447214702949138,0.06494598663267408
0.2341454802259887,0.9447214702949138,0.06520339700849132
0.2341184363854656,0.9445789998575296,0.06520539604574127
0.23430873621713316,0.9445789998575296,0.06530233273286674
0.23428167520763385,0.9444365294201453,0.06530691979903933
0.2343645041541453,0.9444365294201453,0.06534321608976416
0.23433743459199546,0.9442940589827611,0.06534951739009003
0.23441202475685236,0.9442940589827611,0.06538006839106182
0.23439323736426979,0.9441515885453768,0.06538570168421101
0.23446787432776678,0.9441515885453768,0.06542088329777009
0.23444078830980433,0.9440091181079926,0.06542433805095908
0.2345818877009134,0.9440091181079926,0.06546729388963764
0.23455478845813418,0.9438666476706083,0.06546772892441526
0.23459631728045327,0.9438666476706083,0.06549555685575109
0.2345692127908212,0.9437241772332241,0.06549845150787639
0.2348103509393832,0.9437241772332241,0.06561645008374356
0.23478322521181183,0.9435817067958399,0.06562279919380169
0.23484982802028298,0.9435817067958399,0.06565338321252766
0.234822695035461,0.9434392363584556,0.06566442275744155
0.2351478995774298,0.9434392363584556,0.06591168722898035
0.23512073863636362,0.9432967659210714,0.06591595057446006
0.23551381922953793,0.9432967659210714,0.06615674593036974
0.235486624928856,0.9431542954836871,0.06616108930672698
0.23561234295476385,0.9431542954836871,0.06622750914035044
0.23558513667425968,0.9430118250463029,0.0662291213591875
0.23564384634554453,0.9430118250463029,0.0662581871104292
0.235616633437767,0.9428693546089186,0.06626279622707454
0.23562502225228754,0.9428693546089186,0.06627210435277212
0.23559780673645234,0.9427268841715344,0.06627273930529623
0.23589176856440056,0.9427268841715344,0.06647283576954338
0.23586452762923352,0.9425844137341501,0.06647658686927826
0.23592340334486325,0.9425844137341501,0.06650363317490841
0.23589615576635048,0.9424419432967659,0.06651415840311638
0.2360224069647126,0.9424419432967659,0.06660537743763215
0.23599514736316277,0.9422994728593816,0.06661081651937584
0.2360372577709575,0.9422994728593816,0.0666204545775967
0.23600999286224125,0.9421570024219974,0.06662183610412042
0.23603526430381555,0.9421570024219974,0.06663113646746022
0.23600799543118217,0.9420145319846132,0.06663566253656232
0.2359807246118151,0.9418720615472289,0.06663644077147418
0.23603970294201657,0.9418720615472289,0.06668012327322682
0.2360124254650623,0.9417295911098447,0.0666843271810311
0.23624017155110794,0.9417295911098447,0.06680373228725017
0.23621287394117016,0.9415871206724604,0.06681557699780155
0.23630577803203662,0.9415871206724604,0.06687877302447755
0.23627847105517216,0.9414446502350762,0.06688709837109194
0.23635453179769655,0.9414446502350762,0.06692382680878964
0.23632721679722432,0.9413021797976919,0.06692776435355648
0.2363441244857807,0.9413021797976919,0.06693880249216694
0.23631680618158404,0.9411597093603077,0.06694572327231554
0.23650293570098813,0.9411597093603077,0.06703598147409001
0.23647560058716122,0.9410172389229234,0.06704092510883036
0.236662008671038,0.9410172389229234,0.06717009513438565
0.23663465672925327,0.9408747684855393,0.06717121593291765
0.2368723098995696,0.9408747684855393,0.0673243976147849
0.23684493704939202,0.9407322980481551,0.06732682157888814
0.23681756223545447,0.9405898276107708,0.06732886708869654
0.23682605732324138,0.9405898276107708,0.06733094404521134
0.2367986798679868,0.9404473571733866,0.06733401358530744
0.2370112383756418,0.9404473571733866,0.06753294753057659
0.236983842010772,0.9403048867360023,0.06755000023523489
0.2370519359241434,0.9403048867360023,0.06758191251414218
0.23702453216479294,0.9401624162986181,0.06758478988329546
0.23700563957038687,0.9400199458612338,0.06758990372991393
0.237090804556398,0.9400199458612338,0.06762747349975919
0.2370633893919793,0.9398774754238496,0.06763890978583044
0.23709746981023577,0.9398774754238496,0.06764654207777464
0.2370700499586673,0.9397350049864653,0.06765408731883743
0.2371552870959623,0.9397350049864653,0.067705625861398
0.23712785847835466,0.9395925345490811,0.06770759662743019
0.23749504843530556,0.9395925345490811,0.06793262356781911
0.2374675885911841,0.9394500641116968,0.06793695092289995
0.2375702550799827,0.9394500641116968,0.06803313452616087
0.2375427850837687,0.9393075936743126,0.0680368799908213
0.23767980100219907,0.9393075936743126,0.06810949408729357
0.23765231811954718,0.9391651232369284,0.06811002498118769
0.2377723272255086,0.9391651232369284,0.06815806831899617
0.23774483281030193,0.9390226527995441,0.06817194805826511
0.23806255869392473,0.9390226527995441,0.06840283607093482
0.23804363531281605,0.9388801823621599,0.0684255876785186
0.23818129246783287,0.9388801823621599,0.06852422904968589
0.2381537571836484,0.9387377119247756,0.06853625434189262
0.23823125316364163,0.9387377119247756,0.06858741388210907
0.23820370972990562,0.9385952414873914,0.06858930026572621
0.23840196858941884,0.9385952414873914,0.06873240017806016
0.23837440741142837,0.9384527710500071,0.06874524824405774
0.23834684423856398,0.9383103006126229,0.06874532164884822
0.23836409699601882,0.9383103006126229,0.06875203337460875
0.23833653045712838,0.9381678301752386,0.06876059340880529
0.23852646068026226,0.9381678301752386,0.06890258480382802
0.23849887705571252,0.9380253597378544,0.06890383877668677
0.238827626233314,0.9380253597378544,0.06907521074742749
0.2388086773561634,0.9378828893004701,0.06908149312986447
0.2388520010159283,0.9378828893004701,0.06908873669350102
0.2388243831640058,0.9377404188630859,0.06909051537818664
0.23879676330781233,0.9375979484257017,0.06909181717433466
0.23889211558007842,0.9375979484257017,0.0691524146302667
0.23886448615094202,0.9374554779883174,0.06915871809115386
0.2388731576272417,0.9374554779883174,0.06916626892681732
0.23884552550372118,0.9373130075509332,0.06917322859523704
0.23890623865204444,0.9373130075509332,0.06920843443888082
0.23887859970221884,0.9371705371135489,0.06921399191433035
0.2388959506083167,0.9371705371135489,0.06921465915941917
0.23886830827340744,0.9370280666761647,0.06921751948657955
0.23887698398285692,0.9370280666761647,0.06921820381487095
0.2388493389510388,0.9368855962387804,0.06921966169690619
0.23900559715054154,0.9368855962387804,0.0693298955879907
0.23897793770217715,0.9367431258013962,0.06933421804244624
0.23898662401861007,0.9367431258013962,0.06933493687339175
0.23895896186979754,0.9366006553640119,0.06933927530393318
0.23919371270557416,0.9366006553640119,0.06948458336114964
0.23916602990939853,0.9364581849266277,0.06949212562023765
0.23933148849402855,0.9364581849266277,0.06958496843963591
0.23930379055456433,0.9363157144892434,0.06960566064585902
0.2395742198891805,0.9363157144892434,0.0697655386386805
0.23955523149835947,0.9361732440518592,0.06977277816756752
0.23967756054858477,0.9361732440518592,0.06983821308073893
0.23964982673718768,0.936030773614475,0.06984134980913181
0.2396585686145765,0.936030773614475,0.06984608057531978
0.23963083208696603,0.9358883031770907,0.06985361105642934
0.239709531455262,0.9358883031770907,0.06991268308765955
0.23968178666569354,0.9357458327397065,0.06991942490989576
0.23976053150324889,0.9357458327397065,0.06994744101585625
0.23973277844704852,0.9356033623023222,0.06995321804458596
0.23981156879929885,0.9356033623023222,0.06998217172992709
0.23978380747178907,0.935460891864938,0.0699861826998331
0.24017850610871314,0.935460891864938,0.07025063006698881
0.2401507114899221,0.9353184214275538,0.07025581399263911
0.24029135097544013,0.9353184214275538,0.07036421688147987
0.24026354319180088,0.9351759509901696,0.07036519558903757
0.24045717634991576,0.9351759509901696,0.07048902638318823
0.24042935121075576,0.9350334805527853,0.07049492965758616
0.2406938790479334,0.9350334805527853,0.07063846342525229
0.24066603095430206,0.9348910101154011,0.07064569026814703
0.24091342976723695,0.9348910101154011,0.07078218511626694
0.2408944044646791,0.9347485396780169,0.07078724652469824
0.2409828840079336,0.9347485396780169,0.07084272019166196
0.24095500459136823,0.9346060692406326,0.07084516971423732
0.24116760413220104,0.9346060692406326,0.07094300387634724
0.24114857163866318,0.9344635988032484,0.07095026005583087
0.24129051245263583,0.9344635988032484,0.07104151956404628
0.24126260025016555,0.9343211283658641,0.0710652923147238
0.24127147639895516,0.9343211283658641,0.0710694251969347
0.24124356144223694,0.9341786579284799,0.07107083922127748
0.24140343126426625,0.9341786579284799,0.07117257747616756
0.24137550163837856,0.9340361874910956,0.0711738840275156
0.24145550972304067,0.9340361874910956,0.07120587362278048
0.24142757172848145,0.9338937170537114,0.07120643361792449
0.24144535710339238,0.9338937170537114,0.071212129090512
0.24141741564756153,0.9337512466163271,0.0712127286110405
0.2414885777450258,0.9337512466163271,0.07126622845148624
0.24146952612572775,0.9336087761789429,0.0712674070942531
0.2415051227242574,0.9336087761789429,0.07128726240481814
0.2414771680241772,0.9334663057415586,0.0712923482818419
0.24161073825503357,0.9334663057415586,0.07137113946465604
0.2415827709554892,0.9333238353041744,0.07138039966131225
0.2416629777187546,0.9333238353041744,0.071464750403835
0.2416350020289962,0.9331813648667902,0.07146818179870076
0.24160702427506825,0.9330388944294059,0.07147912959835086
0.2416694342964685,0.9330388944294059,0.07153371944804666
0.24164144955347258,0.9328964239920217,0.07153668873951499
0.24184672206832872,0.9328964239920217,0.0716577822897068
0.24181871906626284,0.9327539535546374,0.0716677319931089
0.24179071399549368,0.9326114831172532,0.07166790017873151
0.2418353775676075,0.9326114831172532,0.07169155886660356
0.24180736690434848,0.9324690126798689,0.07170172192341814
0.241869918699187,0.9324690126798689,0.07174097594486971
0.2418508389385764,0.9323265422424847,0.07174803548099017
0.2419402543626146,0.9323265422424847,0.07178223072600085
0.24191222686434724,0.9321840718051004,0.07178594192423052
0.24193011647254575,0.9321840718051004,0.07181097204656686
0.24190208549031209,0.9320416013677162,0.07181363939256288
0.24205424205424206,0.9320416013677162,0.07192358223474675
0.24202619699548583,0.9318991309303319,0.07193466445400262
0.24207098182894785,0.9318991309303319,0.0719667415213342
0.24204293116210215,0.9317566604929477,0.07196951194943439
0.2420518894111551,0.9317566604929477,0.07197336190812971
0.24202383596121105,0.9316141900555635,0.07197975364153697
0.24213137821224914,0.9316141900555635,0.07204295562472646
0.24210331420107387,0.9314717196181792,0.07204393822568961
0.24266043128085216,0.9314717196181792,0.07232658124829772
0.24263232128275555,0.931329249180795,0.0723279584906593
0.24267735828043213,0.931329249180795,0.07235141992979668
0.24264924264924265,0.9311867787434107,0.07235378246642779
0.24292882363872886,0.9311867787434107,0.0725706934850969
0.24290068391317277,0.9310443083060265,0.07257100619246086
0.24303618580088512,0.9310443083060265,0.07263909187113303
0.24301707144716778,0.9309018378686422,0.0726400829147098
0.24305323066622028,0.9309018378686422,0.07267552709753772
0.2430250725392456,0.930759367431258,0.07267738637216543
0.24316980570237476,0.930759367431258,0.0727575509926718
0.24314163409640796,0.9306168969938737,0.07276314617224991
0.24311346039309112,0.9304744265564895,0.07276490757711732
0.24327646576771214,0.9304744265564895,0.07285666593346198
0.24324827714658223,0.9303319561191052,0.07286636088170066
0.24354766522452634,0.9303319561191052,0.07314769747490754
0.24351945097161612,0.930189485681721,0.07314973925630042
0.24353761796411652,0.930189485681721,0.07315195927380055
0.24350940017905104,0.9300470152443367,0.07316384706505173
0.24352756845482354,0.9300470152443367,0.07316938988189896
0.24349934713672822,0.9299045448069525,0.07319140292051995
0.24362659101937217,0.9299045448069525,0.0732649740295025
0.24359835759611795,0.9297620743695684,0.07326977622309559
0.2436256393026468,0.9297620743695684,0.07327845798681419
0.24359740162771598,0.9296196039321841,0.07327852974778601
0.24362468730164658,0.9296196039321841,0.07332651698048705
0.2435964453737585,0.9294771334947999,0.07333131226116192
0.24360554124192524,0.9294771334947999,0.07333879857735448
0.24357729648991785,0.9293346630574156,0.07334155588327841
0.24367738802345998,0.9293346630574156,0.07339186567042723
0.24364913329348475,0.9291921926200314,0.07339322723837591
0.2436946530657998,0.9291921926200314,0.07342266959539921
0.2436663926462895,0.9290497221826471,0.07342643374947525
0.24368460388639762,0.9290497221826471,0.0734347976817315
0.24365633992301655,0.9289072517452629,0.07343838847351776
0.2436654458479707,0.9289072517452629,0.07347055764863171
0.24363717905594798,0.9287647813078787,0.07347499845488796
0.24381030742763107,0.9287647813078787,0.07359708591917892
0.2437820249093017,0.9286223108704944,0.07360213239844769
0.243827622325303,0.9286223108704944,0.0736449431080503
0.24379933410646815,0.9284798404331102,0.07364790004471598
0.24381757641512963,0.9284798404331102,0.07365310405681758
0.24378928464531577,0.9283373699957259,0.07366159846246147
0.24394444236456891,0.9283373699957259,0.07376839114508392
0.24391613627854736,0.9281948995583417,0.07376910639448242
0.24405319348192545,0.9281948995583417,0.07384005652381834
0.24402487450363378,0.9280524291209574,0.07384070471595407
0.244043158998951,0.9280524291209574,0.07385174949606224
0.24401483646172867,0.9279099586835732,0.07386027350606751
0.24403312226010715,0.9279099586835732,0.07387930584544085
0.24400479616306955,0.9277674882461889,0.07388248053752745
0.24405051905707753,0.9277674882461889,0.07390501003247595
0.24403133315842734,0.9276250178088047,0.07390667375611616
0.24427853230284385,0.9276250178088047,0.07409469942796296
0.24425017821633588,0.9274825473714204,0.07409727149352688
0.24450704225352113,0.9274825473714204,0.07429200918709337
0.2444786658653846,0.9273400769340362,0.07429571767096257
0.24463487052279476,0.9273400769340362,0.07440479251429812
0.24460647974141173,0.927197606496652,0.07442135411355917
0.24467085228767999,0.927197606496652,0.07445449080308
0.24464245431987366,0.9270551360592677,0.07445462506954444
0.24468845184823074,0.9270551360592677,0.07447208662646031
0.24466004813477737,0.9269126656218835,0.07447825339578902
0.2447244686853489,0.9269126656218835,0.07455334764259733
0.24469605777911527,0.9267701951844992,0.07455596589293058
0.24483420527682637,0.9267701951844992,0.07465977959936251
0.24480578139114725,0.926627724747115,0.07466190598967254
0.2449440741159191,0.926627724747115,0.07475492246601395
0.24491563724013257,0.9264852543097307,0.0747553402935582
0.2448871982222892,0.9263427838723465,0.0747753649289996
0.24502562556526983,0.9263427838723465,0.07486004285595733
0.24499717354437536,0.9262003134349622,0.07486602969601956
0.24508953817153628,0.9262003134349622,0.07491411450406266
0.24506107676066957,0.926057842997578,0.07491769237358402
0.24536635083613303,0.926057842997578,0.07515306784670786
0.24533786334465837,0.9259153725601937,0.07515591988817438
0.24535638779824825,0.9259153725601937,0.07515985015044128
0.24532789670404348,0.9257729021228095,0.07517227585222382
0.24541128484024474,0.9257729021228095,0.07520617996198217
0.2453827850587302,0.9256304316854252,0.07520673707592605
0.24535428312433902,0.925487961248041,0.07521266065957202
0.24541916959462012,0.925487961248041,0.07523839743566894
0.24539066042012997,0.9253454908106568,0.07524781508536871
0.2456133716533051,0.9253454908106568,0.07539350385584817
0.24559413054988277,0.9252030203732725,0.07539477031048872
0.24565916398713827,0.9252030203732725,0.07543444866474806
0.24563062722251647,0.9250605499358883,0.07543459846197947
0.24563991979722316,0.9250605499358883,0.0754369200554232
0.24561138014527845,0.924918079498504,0.07545483859354177
0.2457508422606655,0.924918079498504,0.07552511129565312
0.24572228952150213,0.9247756090611198,0.07552512345512842
0.24584327538537287,0.9247756090611198,0.0755887074130966
0.2458147110067419,0.9246331386237355,0.07560381421933797
0.24578614446422484,0.9244906681863513,0.0756040098187604
0.24589791200879155,0.9244906681863513,0.07568033243738707
0.24587865236669573,0.924348197748967,0.0756970900000969
0.24616785551677037,0.924348197748967,0.07585654222610407
0.24613925251375451,0.9242057273115828,0.07585985657586808
0.2463542457845967,0.9242057273115828,0.07597642857510702
0.2463256237894497,0.9240632568741987,0.07597890338112662
0.2463724075058877,0.9240632568741987,0.07600343400555361
0.24634377967711302,0.9239207864368144,0.0760052690628841
0.24652170607465979,0.9239207864368144,0.07611478933539376
0.24649306215548375,0.9237783159994302,0.07612139715857986
0.2465305501691951,0.9237783159994302,0.07618226848031563
0.2465019011406844,0.9236358455620459,0.07618797605581479
0.24653939762701552,0.9236358455620459,0.07621223038339209
0.24651074348735502,0.9234933751246617,0.07621442261049984
0.2465294945422736,0.9234933751246617,0.07623152948104603
0.2465008367564278,0.9233509046872774,0.07623833526462458
0.24652896648788467,0.9233509046872774,0.07625316142837188
0.24650030432136336,0.9232084342498932,0.07626212253189722
0.24687595245352026,0.9232084342498932,0.07651585594304021
0.24684725873433155,0.9230659638125089,0.0765185098781017
0.24697899592116798,0.9230659638125089,0.07660547750102527
0.24695028972247637,0.9229234933751247,0.07661619413885386
0.2469879518072289,0.9229234933751247,0.07664276789606476
0.24695924047737064,0.9227810229377404,0.07665195020248926
0.24705343860853646,0.9227810229377404,0.0767137414104764
0.24702471772963075,0.9226385525003562,0.0767225423153337
0.24720387830667634,0.9226385525003562,0.07682569628885677
0.2471845772093911,0.922496082062972,0.07682626522982507
0.24740180345407306,0.922496082062972,0.0769935189390255
0.24737304650185318,0.9223536116255877,0.07700216883553608
0.2474297725969807,0.9223536116255877,0.07704092623271033
0.2474010090200275,0.9222111411882035,0.0770461944405303
0.2475050663403816,0.9222111411882035,0.0770969981184231
0.24747629244417252,0.9220686707508192,0.07709886445677243
0.24775102400183746,0.9220686707508192,0.0772624478209777
0.24772222647576755,0.921926200313435,0.07726996978548083
0.24774119448698315,0.921926200313435,0.07727953779680269
0.24771239327692485,0.9217837298760507,0.07728186349713169
0.2478927203065134,0.9217837298760507,0.07734575959554095
0.24787340026055638,0.9216412594386665,0.07734711742854539
0.2480539898002224,0.9216412594386665,0.07748011869200991
0.2480251553033208,0.9214987890012822,0.07748066260026548
0.24803466656440543,0.9214987890012822,0.077483119804479
0.2480058291148949,0.921356318563898,0.07748853699979859
0.2482438294115389,0.921356318563898,0.07762143081423784
0.24821497120921304,0.9212138481265137,0.07762154991463847
0.24824355971896955,0.9212138481265137,0.07764290818374062
0.24821469707440683,0.9210713776891295,0.07765221140744198
0.24825282236387375,0.9210713776891295,0.07771787923930479
0.24823348694316436,0.9209289072517453,0.07772312087290716
0.248300234317981,0.9209289072517453,0.07776874251087265
0.24827135832821143,0.920786436814361,0.07777363912978848
0.2483858570330515,0.920786436814361,0.07781588613998631
0.24835696990660672,0.9206439663769768,0.07783477667488735
0.24841425441125592,0.9206439663769768,0.07785821842079092
0.2483853606027987,0.9205014959395925,0.07785934789573895
0.24874874874874875,0.9205014959395925,0.07807147708488346
0.24871982443306512,0.9203590255022083,0.07807560258418951
0.2488252060704106,0.9203590255022083,0.07813034767713434
0.24879627133007204,0.920216555064824,0.078135319589984
0.24892091876059813,0.920216555064824,0.07823123951277354
0.2488919720969669,0.9200740846274398,0.078256508214954
0.248863023202035,0.9199316141900555,0.07827079008307712
0.24892058596761757,0.9199316141900555,0.07828721464819062
0.24889163036354525,0.9197891437526713,0.07828752669724463
0.24917020455422617,0.9197891437526713,0.07847260588709026
0.24914122505693004,0.919646673315287,0.07847302851618225
0.24926629595304295,0.919646673315287,0.0785279726867668
0.24923730449893802,0.9195042028779028,0.07852934116071818
0.24936249130669963,0.9195042028779028,0.07861847517396787
0.24933348788686682,0.9193617324405186,0.07862052102745576
0.24934312210200926,0.9193617324405186,0.07862333141683651
0.24931411569226014,0.9192192620031343,0.07862532645619043
0.24941049132165913,0.9192192620031343,0.07867419316052764
0.24938147518169165,0.9190767915657501,0.07870364452851628
0.249506865209824,0.9190767915657501,0.07879030018251873
0.24947783708517057,0.9189343211283658,0.07879213714346942
0.2496709762328714,0.9189343211283658,0.07892931246554395
0.24964193086362405,0.9187918506909816,0.07892947413148756
0.24973860511946713,0.9187918506909816,0.07902333898500943
0.24970954999612732,0.9186493802535973,0.07902891735415066
0.2496804926222842,0.9185069098162132,0.07904195669080732
0.24965143299767623,0.918364439378829,0.07904450136153324
0.2496901146575767,0.918364439378829,0.07906035008714041
0.24966104977726128,0.9182219689414447,0.07906045611946431
0.24967072131401566,0.9182219689414447,0.07906806852250864
0.24964165343044203,0.9180794985040605,0.07907326887803336
0.2498642884839085,0.9180794985040605,0.07918894978577554
0.24983520105471324,0.9179370280666762,0.07919504338975296
0.24991272642643808,0.9179370280666762,0.07927299259168552
0.24988363072148953,0.917794557629292,0.079273134803281
0.24989332402342992,0.917794557629292,0.07928477094337161
0.24986422530840252,0.9176520871919077,0.0792854649487344
0.250116495806151,0.9176520871919077,0.0794856825539422
0.2500873752475632,0.9175096167545235,0.07948680851051218
0.25016509342345494,0.9175096167545235,0.0795345909521867
0.2501359645715174,0.9173671463171392,0.07953577270563729
0.25016511907999534,0.9173671463171392,0.07955599057833633
0.25013598570207474,0.917224675879755,0.07955975428020093
0.2502332089552239,0.917224675879755,0.07963248515826356
0.2502040657674816,0.9170822054423707,0.07963521950657423
0.2501749203140791,0.9169397350049865,0.07963899614190066
0.2503403477381462,0.9169397350049865,0.07974307614097369
0.25031118717908823,0.9167972645676022,0.07974762440525503
0.2503501400560224,0.9167972645676022,0.0797697277328448
0.25032097420534566,0.916654794130218,0.0797718295360151
0.2502918060851296,0.9165123236928338,0.07978699607250513
0.25044771470840144,0.9165123236928338,0.07991335191721054
0.2504185322172474,0.9163698532554495,0.07991754463165743
0.2504380329400771,0.9163698532554495,0.07993379649183385
0.2504088466630325,0.9162273828180653,0.07993975403456613
0.2504868738801901,0.9162273828180653,0.08000079721364395
0.2504576792739454,0.916084912380681,0.08000836390177801
0.25048694974678615,0.916084912380681,0.08003286493892692
0.25045775059410186,0.9159424419432968,0.0800420433180035
0.2504870256370295,0.9159424419432968,0.08007358638677924
0.25045782193648936,0.9157999715059125,0.08008944661309729
0.25057498148364715,0.9157999715059125,0.08020050536345527
0.2505457664119757,0.9156575010685283,0.08021009504013402
0.2508293330211138,0.9156575010685283,0.08036292798284557
0.2508000936695028,0.915515030631144,0.08036689702616318
0.25085883822610866,0.915515030631144,0.08038948755410301
0.2508393847114859,0.9153725601937598,0.0803895983040648
0.25098636665494745,0.9153725601937598,0.08045066855909638
0.25095710602390814,0.9152300897563755,0.08045151455174844
0.2509865208048447,0.9152300897563755,0.08046626088497628
0.25095725560678284,0.9150876193189913,0.08047296417817873
0.25092798812175204,0.914945148881607,0.08047555103898393
0.25108495914298,0.914945148881607,0.08054507854808894
0.25105567719737254,0.9148026784442228,0.08054547935299024
0.25128164990412083,0.9148026784442228,0.08070461189399676
0.25125234815278646,0.9146602080068386,0.08070760697585742
0.2513605575349438,0.9146602080068386,0.0807578050343198
0.2513312451057165,0.9145177375694543,0.08077275896474945
0.2514296905601253,0.9145177375694543,0.08086655452894848
0.2514003682087038,0.9143752671320701,0.0808742088276703
0.25161720312071195,0.9143752671320701,0.08102080440219425
0.2515878616796048,0.9142327966946858,0.08102100027483021
0.2516470588235294,0.9142327966946858,0.08106421219823583
0.25161771049845094,0.9140903262573016,0.08106587214200595
0.2516571876838596,0.9140903262573016,0.08111271200972209
0.2516278340001569,0.9139478558199173,0.08111884419056334
0.2516771940837224,0.9139478558199173,0.08113316543939135
0.2516478342749529,0.9138053853825331,0.08114324564198079
0.2517466049140435,0.9138053853825331,0.08124038716002044
0.2517172351532755,0.9136629149451488,0.08124246344605111
0.25183585313174944,0.9136629149451488,0.0813143068823883
0.25180647188187244,0.9135204445077646,0.08132191278430315
0.25209357184981324,0.9135204445077646,0.08148062354789314
0.2520641660769049,0.9133779740703803,0.08148187020956214
0.2521335588154324,0.9133779740703803,0.08151477602922087
0.25210414536301423,0.9132355036329961,0.08152390396232953
0.25224303478671495,0.9132355036329961,0.08163187479068569
0.2522136082798788,0.9130930331956119,0.08163663880303115
0.2524122720649049,0.9130930331956119,0.0817443143679373
0.2523828278849941,0.9129505627582276,0.08175117937567429
0.2524126521447985,0.9129505627582276,0.08176328610691992
0.25238320334042386,0.9128080923208435,0.08176355680114927
0.25240308855972265,0.9128080923208435,0.08176907485334606
0.252373635898042,0.9126656218834592,0.08177178187935101
0.2523935227138411,0.9126656218834592,0.0817768500663
0.25236406619385343,0.912523151446075,0.08178295316085886
0.2523740100082746,0.912523151446075,0.08179436382806951
0.2523445503979825,0.9123806810086907,0.08180634952784888
0.2523743842364532,0.9123806810086907,0.08182219938109242
0.25234491999684716,0.9122382105713065,0.08183406591512946
0.2525639002840013,0.9122382105713065,0.08201415652847284
0.25253441678829236,0.9120957401339223,0.08202495267104204
0.25255434139413785,0.9120957401339223,0.08204116272282903
0.2525248540318763,0.911953269696538,0.08204379225420158
0.2526145467461226,0.911953269696538,0.08208043245594104
0.2525850501223459,0.9118107992591538,0.08209256803560357
0.2528445006321112,0.9118107992591538,0.08226051462156658
0.25281498162854094,0.9116683288217695,0.08226346427337174
0.25290490870286936,0.9116683288217695,0.08231738885719508
0.2528753804197463,0.9115258583843853,0.08231908807929858
0.25293536271990513,0.9115258583843853,0.08235216541333319
0.25290582746896495,0.911383387947001,0.08235917619308952
0.2529358269740224,0.911383387947001,0.08238909496098867
0.25290628706998813,0.9112409175096168,0.08242255905025714
0.25294629439215377,0.9112409175096168,0.08245085070104799
0.25291674906070793,0.9110984470722325,0.08245447713274442
0.2529667721518987,0.9110984470722325,0.08249139371840762
0.2529372206179042,0.9109559766348483,0.08250178236317807
0.2529572338489536,0.9109559766348483,0.08250857400423924
0.25292767843013136,0.910813506197464,0.0825090817367396
0.2529977442716372,0.910813506197464,0.08253870184734381
0.2529681810986228,0.9106710357600798,0.08253979263713936
0.2534596930885443,0.9106710357600798,0.08280425500690658
0.2534300896185264,0.9105285653226955,0.0828183061693044
0.25345019035532995,0.9105285653226955,0.08282459215188291
0.25342058298631764,0.9103860948853113,0.08282699463080917
0.25374260413771194,0.9103860948853113,0.08300711044587188
0.25371296958144707,0.9102436244479271,0.0830093866126685
0.25390454238365856,0.9102436244479271,0.08312258534395137
0.2538748907082108,0.9101011540105428,0.08313487798348654
0.25389507154213037,0.9101011540105428,0.08314810570652376
0.2538654159545292,0.9099586835731586,0.08315456630402829
0.2539057841383423,0.9099586835731586,0.08317221604872113
0.253876123081816,0.9098162131357743,0.08319735067812423
0.25402760650781653,0.9098162131357743,0.08329015411832037
0.2539979314185695,0.9096737426983901,0.08329063068173645
0.2541799363057325,0.9096737426983901,0.08339855952306308
0.25415024483458737,0.9095312722610058,0.08339941711613119
0.25424133811230587,0.9095312722610058,0.083465219753336
0.25421163726153967,0.9093888018236216,0.08346866839323183
0.25426226896112175,0.9093888018236216,0.0835018886806581
0.25423256184519777,0.9092463313862373,0.08350439922096496
0.25451645064805584,0.9092463313862373,0.0836311881101968
0.25448671931083994,0.9091038609488531,0.08363783712539512
0.25456794063671906,0.9091038609488531,0.08372599799146893
0.25453820067823657,0.9089613905114688,0.0837281820868307
0.2545585125483781,0.9089613905114688,0.0837377408535741
0.25452876865373875,0.9088189200740846,0.08374217450563172
0.25457955860637743,0.9088189200740846,0.0837780143878253
0.2545498084291188,0.9086764496367004,0.08378513695439735
0.25457012852239164,0.9086764496367004,0.08381811493819624
0.2545403744062587,0.9085339791993161,0.08382331541778017
0.2545911849249441,0.9085339791993161,0.08387270631528478
0.25456142452189884,0.9083915087619319,0.08387378098411691
0.25457158827756926,0.9083915087619319,0.08387741316162109
0.25454182471551207,0.9082490383245476,0.08387851242071369
0.2546740172579099,0.9082490383245476,0.08392838976179974
0.25465441470235717,0.9081065678871634,0.08393219145080952
0.2549294084709835,0.9081065678871634,0.08409477260238937
0.25489960803135747,0.9079640974497791,0.08409572034731065
0.25498119548691683,0.9079640974497791,0.08416139542780914
0.2549513863881887,0.9078216270123949,0.08417494871853741
0.2551760041648312,0.9078216270123949,0.0843300321330086
0.2551563939284713,0.9076791565750106,0.0843339264910899
0.25526885167080693,0.9076791565750106,0.08438883743845954
0.2552390110990904,0.9075366861376264,0.08440590402425618
0.2554437181697879,0.9075366861376264,0.08454256966932631
0.2554138594802695,0.9073942157002421,0.08456409563963721
0.2555060777470213,0.9073942157002421,0.08463736364686392
0.2554762095803579,0.907251745262858,0.08464791415573517
0.2554864593781344,0.907251745262858,0.08465321286454724
0.2554565880276039,0.9071092748254738,0.08467531807563151
0.25550784541915805,0.9071092748254738,0.08471156989999208
0.255488220893366,0.9069668043880895,0.08471812628179023
0.2555394990366089,0.9069668043880895,0.08474352742141168
0.25550961422664686,0.9068243339507053,0.08474529975015349
0.2555301296720061,0.9068243339507053,0.08477219249162597
0.25550024088646217,0.906681863513321,0.08479109772817219
0.25556180226487835,0.906681863513321,0.08485267625451745
0.2555319063491426,0.9065393930759368,0.08485695772757568
0.2555729605976624,0.9065393930759368,0.08487844684631843
0.25554305912596403,0.9063969226385525,0.08488905955971192
0.25557385610412564,0.9063969226385525,0.084902762380464
0.25554394986340995,0.9062544522011683,0.08490280057764027
0.255759720156005,0.9062544522011683,0.08502123666569149
0.255729794933655,0.906111981763784,0.0850217551307003
0.2557606466401255,0.906111981763784,0.08504586859790235
0.25573071664119684,0.9059695113263998,0.08505054202896387
0.25604992953493055,0.9059695113263998,0.08522374079999612
0.25601997261818477,0.9058270408890156,0.08522442380044078
0.256092157731502,0.9058270408890156,0.08528534000897886
0.25606219286232174,0.9056845704516313,0.0852857264823182
0.25616537717601545,0.9056845704516313,0.08535240677799187
0.25613540197461215,0.9055421000142471,0.08535953601940728
0.25636268301536724,0.9055421000142471,0.08554651822750084
0.25633268796385933,0.9053996295768628,0.08554781132856563
0.25640508371999193,0.9053996295768628,0.08558814505021498
0.25637508069722403,0.9052571591394786,0.08559047489528561
0.25635541925591154,0.9051146887020943,0.08559183749107104
0.2564175008072328,0.9051146887020943,0.08562211439083055
0.2563874873864783,0.9049722182647101,0.08562797516972491
0.2563574715427464,0.9048297478273258,0.08562989790468943
0.2564092212039243,0.9048297478273258,0.08568666963266268
0.25637919896640826,0.9046872773899416,0.08568954751638988
0.2563491743045181,0.9045448069525573,0.0856934742914769
0.25660819658879636,0.9045448069525573,0.08582451316762763
0.25657814963016856,0.9044023365151731,0.08583964529992665
0.2566922765871411,0.9044023365151731,0.08588137437445716
0.25666221844797604,0.9042598660777889,0.08588209155493168
0.2566725978647687,0.9042598660777889,0.08588734315616427
0.25664253649856433,0.9041173956404046,0.08589207910769082
0.25669444219723325,0.9041173956404046,0.08590450243827606
0.2566747572815534,0.9039749252030204,0.08591497763209437
0.25664468627371656,0.9038324547656361,0.08592258355244485
0.25681091365421205,0.9038324547656361,0.08603952555030878
0.2567808274633633,0.9036899843282519,0.08604261193043891
0.2568432134758665,0.9036899843282519,0.08607134641276551
0.25681312006479046,0.9035475138908676,0.0860776108369815
0.25694838343732274,0.9035475138908676,0.0861401998496225
0.25691827721729266,0.9034050434534834,0.0861514588778685
0.25694950968473945,0.9034050434534834,0.0861582049269019
0.2569193986303035,0.9032625730160991,0.08616456184103351
0.25706523942748244,0.9032625730160991,0.08625195771142617
0.2570351147514395,0.9031201025787149,0.08625600935197701
0.25709766385463984,0.9031201025787149,0.0862949251387884
0.2570675319407828,0.9029776321413306,0.08630819857984057
0.2571301066980405,0.9029776321413306,0.08638777984343993
0.2570999675430055,0.9028351617039464,0.08640013755498921
0.2571625679733788,0.9028351617039464,0.08642755760064252
0.2571324215737998,0.9026926912665622,0.08642835447414862
0.257215929850201,0.9026926912665622,0.08648189643686202
0.25718577460214354,0.9025502208291779,0.08648436482717374
0.2572902282511575,0.9025502208291779,0.08655747669130968
0.2572600625482312,0.9024077503917937,0.08656047253852826
0.2574168901893847,0.9024077503917937,0.08666296051761686
0.25738671001828894,0.9022652799544094,0.08666357918156979
0.2574285598146417,0.9022652799544094,0.08667515494013273
0.2573983739837398,0.9021228095170252,0.08668702816229894
0.25751352230672253,0.9021228095170252,0.08675355628006969
0.2574833251992842,0.9019803390796409,0.08675508497898884
0.25753569539925963,0.9019803390796409,0.08679885383123902
0.2575054918232853,0.9018378686422567,0.08680390000418588
0.25759980466365523,0.9018378686422567,0.08688684450942544
0.25756959140485103,0.9016953982048724,0.08688887488988345
0.25770593265198094,0.9016953982048724,0.08698639201689261
0.25767570649075655,0.9015529277674883,0.08699327333514072
0.25770718794542863,0.9015529277674883,0.08701030791797185
0.25767695691129755,0.901410457330104,0.08701416220663462
0.2578029500448211,0.901410457330104,0.08710243396896802
0.2577727068986594,0.9012679868927198,0.08710535120748797
0.2579724329173803,0.9012679868927198,0.08722255512810001
0.25794217201582315,0.9011255164553356,0.08724527423610991
0.25808952544171054,0.9011255164553356,0.08735679805609003
0.2580592507957235,0.9009830460179513,0.08735927906556475
0.25812244897959186,0.9009830460179513,0.08740502059537919
0.2580921670272256,0.9008405755805671,0.08740929339071662
0.2583346952116359,0.9008405755805671,0.08755239173277544
0.2583043922369765,0.9006981051431828,0.08756531563239005
0.2583994114281043,0.9006981051431828,0.08762731356556813
0.25836909871244634,0.9005556347057986,0.08763886314561492
0.25833878351863965,0.9004131642684143,0.08764391291353435
0.25835990515902213,0.9004131642684143,0.08765062209107455
0.2583295858713871,0.9002706938310301,0.08765409433346212
0.2584775228044341,0.9002706938310301,0.08775412243699213
0.25844718972429026,0.9001282233936458,0.08776563457599035
0.2585423742685272,0.9001282233936458,0.0878153774307377
0.2585120314290391,0.8999857529562616,0.08781739746938375
0.2584816861059955,0.8998432825188774,0.08781938290458428
0.258619277700434,0.8998432825188774,0.08793059585912007
0.2585889193726711,0.8997008120814931,0.08793203597249329
0.2585995085995086,0.8997008120814931,0.08793711342950454
0.25856914697571565,0.8995583416441089,0.08793955822052299
0.2586009174311927,0.8995583416441089,0.08796685986107926
0.2585705508908458,0.8994158712067246,0.0879804399065227
0.25878253740520596,0.8994158712067246,0.0881435586667524
0.25875215216856606,0.8992734007693404,0.08814363033454209
0.2587627598081417,0.8992734007693404,0.08814687159746346
0.2587323712692686,0.8991309303319561,0.08816511008214561
0.25890219888414834,0.8991309303319561,0.08822622141224905
0.25887179487179485,0.8989884598945719,0.08823010568479049
0.2592227425848328,0.8989884598945719,0.08841273445271358
0.25919230927242104,0.8988459894571876,0.08841554435930338
0.2592455621301775,0.8988459894571876,0.08843586558861519
0.25922577463631136,0.8987035190198034,0.08843740320731067
0.25927904969378107,0.8987035190198034,0.08851924413268616
0.2592486024334101,0.8985610485824191,0.08852391208471085
0.25928057553956835,0.8985610485824191,0.08854055255067551
0.2592501233349778,0.8984185781450349,0.08854653168304397
0.25948481606452145,0.8984185781450349,0.0886810934412396
0.25945434344265667,0.8982761077076507,0.08868425987041388
0.2595718402634829,0.8982761077076507,0.08874526642773226
0.25954135616945945,0.8981336372702664,0.08874943495011724
0.2595520421607378,0.8981336372702664,0.08875399258548573
0.2595215547412196,0.8979911668328822,0.08875616311548966
0.2596284549161758,0.8979911668328822,0.08880334958297653
0.25959795682979075,0.8978486963954979,0.08880938994449265
0.25956745623069,0.8977062259581137,0.08881041236724145
0.25964232734465137,0.8977062259581137,0.08883955348875744
0.2596225171021182,0.8975637555207294,0.08884270317731652
0.25967602324718686,0.8975637555207294,0.08886675503272361
0.2596455070074196,0.8974212850833452,0.08887117598744854
0.2597954301740493,0.8974212850833452,0.08896560386689036
0.2597648999793772,0.8972788146459609,0.08896955732858054
0.25980776370611774,0.8972788146459609,0.08901317967620788
0.2597772277227723,0.8971363442085767,0.08902497547192997
0.2597986632560442,0.8971363442085767,0.08903289581439093
0.25976812311754754,0.8969938737711924,0.08904016795168054
0.25980028059750765,0.8969938737711924,0.08905849589483374
0.25976973548466964,0.8968514033338082,0.08906029759501506
0.2599950437799438,0.8968514033338082,0.08924009921342758
0.2599644789558465,0.896708932896424,0.0892406987674965
0.260050406974342,0.896708932896424,0.08930572954844872
0.26001983307164694,0.8965664624590397,0.0893094813208068
0.260030577248874,0.8965664624590397,0.08930988515332652
0.26,0.8964239920216555,0.08931822516320398
0.26002148937928754,0.8964239920216555,0.0893310435024242
0.25999090796379715,0.8962815215842712,0.08933314333983729
0.2600876467669919,0.8962815215842712,0.08939485882814925
0.26005705544300656,0.896139051146887,0.08940359861350888
0.2601323407775021,0.896139051146887,0.08948164810777309
0.26011249896600214,0.8959965807095028,0.0895006141705484
0.26026320145671245,0.8959965807095028,0.08960807112720352
0.260232587013202,0.8958541102721186,0.08963174732094313
0.2603403303937399,0.8958541102721186,0.08970269897554535
0.2603097052003975,0.8957116398347343,0.08970436737710752
0.2604175296164361,0.8957116398347343,0.08977065630933075
0.2603868936663767,0.8955691693973501,0.08977804302083632
0.260419255944983,0.8955691693973501,0.08979866303301895
0.26038861498943533,0.8954266989599658,0.08980257789302701
0.2605289338418173,0.8954266989599658,0.08987474198498228
0.26049827965012645,0.8952842285225816,0.08988045642485877
0.2606279291609639,0.8952842285225816,0.08997899372742994
0.26059726254666116,0.8951417580851974,0.08998503420303681
0.2606080716744784,0.8951417580851974,0.08999026105709365
0.26057740169238425,0.8949992876478131,0.08999047761150876
0.26059902099062476,0.8949992876478131,0.09000014418684738
0.2605791569863923,0.8948568172104289,0.09001069014844237
0.26062240663900416,0.8948568172104289,0.09003331761582518
0.2605917257977509,0.8947143467730446,0.09003443125116628
0.2606025396298448,0.8947143467730446,0.09004199273702143
0.26057185541768685,0.8945718763356604,0.09005342734222858
0.26060429982568273,0.8945718763356604,0.09005815697386711
0.26057361059228823,0.8944294058982761,0.09007025026677505
0.2606060606060606,0.8944294058982761,0.09007777067199493
0.26057536634978623,0.8942869354608919,0.09007835252333422
0.2607485564740581,0.8942869354608919,0.09022427058734847
0.26071784646061813,0.8941444650235076,0.09022446163322165
0.26077201146798523,0.8941444650235076,0.09026556170748509
0.2607412947727084,0.8940019945861234,0.09027347539048791
0.2609147609147609,0.8940019945861234,0.090350834999798
0.26088402844193104,0.8938595241487391,0.0903583695345043
0.26089487691284097,0.8938595241487391,0.09036165366134756
0.26086414105709654,0.8937170537113549,0.09036753081220177
0.26118999042345004,0.8937170537113549,0.09052568796612125
0.26115922718187873,0.8935745832739707,0.09052638397410524
0.2612571333361103,0.8935745832739707,0.09058431639521408
0.2612263600766475,0.8934321128365864,0.09058543189608957
0.26119558425328054,0.8932896423992022,0.09058595886690286
0.2613588995414756,0.8932896423992022,0.09073983101847835
0.26132810871649503,0.8931471719618179,0.0907458885829165
0.26141528710228934,0.8931471719618179,0.09079158715588564
0.26138448707256046,0.8930047015244337,0.09081308301229149
0.2615917532657235,0.8930047015244337,0.09097180723204534
0.2615609348914858,0.8928622310870494,0.09098418659435423
0.2616482965931864,0.8928622310870494,0.09103652357653551
0.26161746899920674,0.8927197606496652,0.09104147166780917
0.2617267449145817,0.8927197606496652,0.09109010549291227
0.26169590643274854,0.8925772902122809,0.09111316020131545
0.2617287045160212,0.8925772902122809,0.09113816146403368
0.26169786096256686,0.8924348197748967,0.09114059677559506
0.26178535606820463,0.8924348197748967,0.09119613888004478
0.26175450328081246,0.8922923493375124,0.09119634557946857
0.261842050252937,0.8922923493375124,0.09123603894313305
0.26181118822644034,0.8921498789001282,0.0912387355225899
0.2619426085501548,0.8921498789001282,0.09133802768878736
0.26191173394687306,0.892007408462744,0.09134119792800914
0.26202134337727556,0.892007408462744,0.09141060520865364
0.2619904578555286,0.8918649380253597,0.09142548056859938
0.26215503161773945,0.8918649380253597,0.09148849553932675
0.26212413099924614,0.8917224675879755,0.09150518816108047
0.26215706806282724,0.8917224675879755,0.09154504762162725
0.2621261623523498,0.8915799971505912,0.09155057131914693
0.26223600402279584,0.8915799971505912,0.09158308104481808
0.2622050873737585,0.891437526713207,0.09158726570541431
0.2623040160979291,0.891437526713207,0.09164947256170868
0.2622730893388672,0.8912950562758227,0.0916528051318933
0.2623280778262328,0.8912950562758227,0.09167509060222735
0.2622971442948799,0.8911525858384385,0.09167581205403459
0.2624512230940293,0.8911525858384385,0.09173234906847455
0.26242027526015443,0.8910101154010542,0.09173768587844135
0.26238932482900423,0.89086764496367,0.09175743922866869
0.2624113475177305,0.89086764496367,0.09176779327747016
0.26238039281517544,0.8907251745262857,0.09176830206679103
0.26242444593687037,0.8907251745262857,0.09178703558495412
0.26239348528732737,0.8905827040889015,0.09178787937308212
0.2625257234051489,0.8905827040889015,0.09184998679445991
0.2624947501049979,0.8904402336515174,0.09187539037690474
0.2625388557506511,0.8904402336515174,0.09190007929937097
0.26250787649653434,0.8902977632141331,0.09190272923300401
0.26268443398209257,0.8902977632141331,0.09202085663254903
0.2626534387085926,0.8901552927767489,0.09202881275032473
0.2626755234171361,0.8901552927767489,0.09205530611137619
0.2626445238595754,0.8900128223393646,0.09205676180792448
0.2628213218898565,0.8900128223393646,0.09215011332077805
0.26279030629417705,0.8898703519019804,0.09215453582411413
0.26294518817883306,0.8898703519019804,0.09229708093171579
0.2629141582115943,0.8897278814645961,0.09230152176854334
0.2630138140161725,0.8897278814645961,0.09237795543749873
0.2629827738701933,0.8895854110272119,0.09238292760590834
0.2629517311094263,0.8894429405898276,0.0923904750918614
0.26297388374052233,0.8894429405898276,0.09239549189626581
0.2629428366822528,0.8893004701524434,0.09239768578741404
0.2629117870081725,0.8891579997150592,0.0923990115164122
0.26324447443900795,0.8891579997150592,0.09261881201855968
0.2632133968869954,0.8890155292776749,0.09262117594428845
0.2634690086134099,0.8890155292776749,0.09281990776519687
0.2634379090486847,0.8888730588402907,0.09283338973433489
0.26346015793251976,0.8888730588402907,0.09284903848895477
0.26342905405405403,0.8887305884029064,0.09284951290351108
0.26350694884467535,0.8887305884029064,0.09287450462063353
0.26347583643122674,0.8885881179655222,0.0928764876988214
0.2636428963943019,0.8885881179655222,0.09298912232169225
0.2636117686844775,0.8884456475281379,0.09300532036793883
0.2638348282281266,0.8884456475281379,0.09312760948509732
0.26380368098159507,0.8883031770907537,0.09313551239862293
0.2638595006347863,0.8883031770907537,0.09316972221860195
0.26382834652334,0.8881607066533694,0.09317246419489292
0.26394004826622636,0.8881607066533694,0.09324197119767944
0.2639088830552968,0.8880182362159852,0.0932422942707172
0.263975944435033,0.8880182362159852,0.09332346522443101
0.2639447715048071,0.887875765778601,0.0933264754025303
0.26405660777085715,0.887875765778601,0.09340810811171864
0.26402542372881355,0.8877332953412167,0.09341227116852209
0.264047800661073,0.8877332953412167,0.0934255850398311
0.2640166122812222,0.8875908249038325,0.09342682387790203
0.2640725669718549,0.8875908249038325,0.09346307036535619
0.2640413717095503,0.8874483544664482,0.09346329194069189
0.264220572640509,0.8874483544664482,0.09356702348194514
0.26418936116060066,0.887305884029064,0.09356890652952596
0.26425661914460286,0.887305884029064,0.09360411759343525
0.26422539992362204,0.8871634135916797,0.09360850391671958
0.2641941780531274,0.8870209431542955,0.09361134961143351
0.26432877642863206,0.8870209431542955,0.09368748435196513
0.26429754171443126,0.8868784727169112,0.09369199591804225
0.26490488956976893,0.8868784727169112,0.09418557324533736
0.2648736062643629,0.886736002279527,0.09418997706255769
0.26505408397921815,0.886736002279527,0.09428127274852319
0.2650227843788595,0.8865935318421427,0.09428438531164308
0.2651808923168705,0.8865935318421427,0.09441065901130301
0.2651495781130146,0.8864510614047585,0.09441225195645678
0.26516087790326015,0.8864510614047585,0.09441264531992857
0.26514086007756893,0.8863085909673742,0.09442117556195884
0.2652539120794781,0.8863085909673742,0.09452800491463831
0.2652338919449064,0.88616612052999,0.09454269392677009
0.26570976974667865,0.88616612052999,0.09486435522964681
0.2656784005468216,0.8860236500926058,0.09486977859996501
0.26580330811642516,0.8860236500926058,0.0950092630347766
0.2657719268250983,0.8858811796552215,0.09500999209478915
0.2659765591581829,0.8858811796552215,0.09513867251266529
0.2659451597724259,0.8857387092178373,0.09514242709193345
0.26600205373951735,0.8857387092178373,0.0951946108521728
0.26597064738350945,0.885596238780453,0.09520698875880527
0.26600479287915096,0.885596238780453,0.09525673279625477
0.26597338126417597,0.8854537683430688,0.09525897673722421
0.2660530821917808,0.8854537683430688,0.09532809945181063
0.2660216618862109,0.8853112979056845,0.09535998896466037
0.26640943193997857,0.8853112979056845,0.09563546369414727
0.2663894010204519,0.8851688274683003,0.09564726753066116
0.2663579452877112,0.885026357030916,0.09564811644587115
0.26664377387646476,0.885026357030916,0.09579913236361867
0.26661229395604397,0.8848838865935318,0.0958021167734798
0.2666466320353754,0.8848838865935318,0.09584653005316321
0.26661514683153015,0.8847414161561477,0.09584822744524582
0.2666952974017608,0.8847414161561477,0.09592071826526567
0.26666380347019414,0.8845989457187634,0.09592408884893372
0.26675545626396285,0.8845989457187634,0.09595527720315424
0.26672395273899036,0.8844564752813792,0.09595783134050016
0.2667583361980062,0.8844564752813792,0.09597463478325015
0.2667268273817197,0.8843140048439949,0.09599413085657585
0.26676121712222794,0.8843140048439949,0.09602628047267411
0.2667297030128508,0.8841715344066107,0.09602872580512395
0.26680997420464314,0.8841715344066107,0.0960624857076855
0.26677845135216477,0.8840290639692264,0.0960702430463609
0.26674692578897585,0.8838865935318422,0.09607399705497759
0.2668501871048217,0.8838865935318422,0.09613438474094774
0.2668301286187465,0.8837441230944579,0.09613767394838933
0.26685308668530866,0.8837441230944579,0.09615404114154309
0.26682154534503527,0.8836016526570737,0.0961551284274793
0.26683302499677325,0.8836016526570737,0.09615610790482629
0.26680148007916704,0.8834591822196894,0.09616288863984536
0.2668129598554279,0.8834591822196894,0.09616337104328998
0.2667814113597246,0.8833167117823052,0.09617584456506799
0.2669422199259451,0.8833167117823052,0.09629454753694731
0.2669106566200215,0.883174241344921,0.09630276714572333
0.2670026273851057,0.883174241344921,0.09640343097578769
0.26698255438294205,0.8830317709075367,0.09642850841487041
0.26706308169596693,0.8830317709075367,0.09643830511304323
0.26703149911664587,0.8828893004701525,0.09644064243594488
0.2670660230994656,0.8828893004701525,0.09648741141972468
0.26703443520234454,0.8827468300327682,0.09648824945037394
0.2672993960310613,0.8827468300327682,0.09661483203444401
0.2672677854954916,0.882604359595384,0.09662242189425786
0.2672908486861975,0.882604359595384,0.09663180476517594
0.2672592336900242,0.8824618891579997,0.0966375733536839
0.26742077540799586,0.8824618891579997,0.0967553990115666
0.26738914554639265,0.8823194187206155,0.09675595035136869
0.2674815358700816,0.8823194187206155,0.09680298160204234
0.26744989633724947,0.8821769482832312,0.09680407047326785
0.26757702778618037,0.8821769482832312,0.0968753961747167
0.2675453759723423,0.882034477845847,0.09688615704671338
0.2675685020312905,0.882034477845847,0.09691163622655545
0.26753684574491077,0.8818920074084627,0.09691486929406967
0.2676293830256388,0.8818920074084627,0.09695503240876244
0.26759771705292285,0.8817495369710785,0.09695517760375394
0.2677250508283947,0.8817495369710785,0.09705110092297072
0.2676933725558055,0.8816070665336943,0.09705433160214999
0.2679367828534315,0.8816070665336943,0.09720470346612477
0.26790508357149045,0.88146459609631,0.09720983017300672
0.26814891864950374,0.88146459609631,0.09735692104553649
0.2681288197303975,0.8813221256589258,0.09735813417511924
0.2682218271690587,0.8813221256589258,0.09740759156910161
0.2681900962622496,0.8811796552215415,0.0974163671737284
0.26821335646140504,0.8811796552215415,0.09744262944343243
0.2681816210590225,0.8810371847841573,0.09745007533696338
0.26826305743536355,0.8810371847841573,0.0975035592428202
0.2682313131751334,0.880894714346773,0.09750639191628832
0.26828950794064044,0.880894714346773,0.09753342569707034
0.2682577565632458,0.8807522439093888,0.09753793986234532
0.26830432706913765,0.8807522439093888,0.09756010818101604
0.26827256944444444,0.8806097734720045,0.09756060012474198
0.268319152630665,0.8806097734720045,0.09759464941601743
0.26828738875624053,0.8804673030346203,0.09759584947645188
0.2683922522366021,0.8804673030346203,0.09768106631506562
0.2683604777415852,0.880324832597236,0.0976997077327114
0.26844208880006953,0.880324832597236,0.09779519361748555
0.26841030542642397,0.8801823621598518,0.09779727704428709
0.2685736643046559,0.8801823621598518,0.09790275515672806
0.2685418659247022,0.8800398917224675,0.09790599996972978
0.26851006477979217,0.8798974212850833,0.09792739662330449
0.2686034880180925,0.8798974212850833,0.09804026713257741
0.26857167710508,0.8797549508476991,0.09805236954085622
0.2686184096050113,0.8797549508476991,0.09806212975038844
0.2685865924218036,0.8796124804103148,0.09806504651902274
0.26855477247019927,0.8794700099729306,0.09806699362469982
0.26865996431213823,0.8794700099729306,0.09816181019880957
0.2686398258977149,0.8793275395355463,0.09816244416482463
0.26872169975618254,0.8793275395355463,0.09824563368838823
0.2686898593634345,0.8791850690981622,0.09825830461814239
0.2687717770034843,0.8791850690981622,0.09829369231226029
0.26873992769719934,0.8790425986607779,0.09830738229425932
0.2687080756163429,0.8789001282233937,0.09831497873006294
0.2687666100291901,0.8789001282233937,0.09834327332676263
0.26873475078424536,0.8787576577860094,0.09834821668265918
0.26887532693984306,0.8787576577860094,0.09842667254300004
0.2688434543790052,0.8786151873486252,0.09842871386608645
0.26911328329551404,0.8786151873486252,0.09856484224167816
0.26908138773729,0.878472716911241,0.09856771994207186
0.2694223542777244,0.878472716911241,0.09880327974057318
0.26939043041293426,0.8783302464738567,0.09880491392320065
0.26942574949742154,0.8783302464738567,0.09884204009429627
0.26939382020016606,0.8781877760364725,0.09885531370184221
0.26946448087431696,0.8781877760364725,0.09889880545517604
0.26943254349916934,0.8780453055990882,0.09889904643149033
0.2695032359629176,0.8780453055990882,0.0989304343899936
0.2694712905059693,0.877902835161704,0.09893385114922662
0.2695773908478432,0.877902835161704,0.09905046561159293
0.26954543465896663,0.8777603647243197,0.09905181294088952
0.2695134756737837,0.8776178942869355,0.09905527531792056
0.26957244759529125,0.8776178942869355,0.09906955946693671
0.2695404814004376,0.8774754238495512,0.0990739813525977
0.2697884270007447,0.8774754238495512,0.09920525465735026
0.2697564394603119,0.877332953412167,0.0992318250932683
0.2698037153873116,0.877332953412167,0.09926427743916011
0.2697717215090041,0.8771904829747827,0.09926518186632544
0.2698663160201622,0.8771904829747827,0.09933345687117591
0.2698343122643991,0.8770480125373985,0.09933544962508327
0.2698816308636563,0.8770480125373985,0.09939191135625437
0.2698496207637336,0.8769055421000143,0.09939370970014498
0.26995614035087717,0.8769055421000143,0.09946981461180225
0.26992411947892453,0.87676307166263,0.09947442785249118
0.27000702000702,0.87676307166263,0.09953774981782015
0.269974990127682,0.8766206012252458,0.09954501957808416
0.2702952029520295,0.8766206012252458,0.09974824389507446
0.27027501976979174,0.8764781307878615,0.0997513311441548
0.2704889201547661,0.8764781307878615,0.0998967051789281
0.27045684386404606,0.8763356603504773,0.09990447267688302
0.2704247647524404,0.876193189913093,0.09990734603975486
0.27047233705690915,0.876193189913093,0.09992727510350236
0.27044025157232704,0.8760507194757088,0.09993656636266099
0.27080947767110014,0.8760507194757088,0.10017965153853343
0.2707773618145783,0.8759082490383245,0.10020344624761958
0.27114756990385463,0.8759082490383245,0.10047559356580359
0.2711154236316323,0.8757657786009403,0.10047639843975854
0.27113934100833664,0.8757657786009403,0.1004951781828496
0.2711071901191001,0.875623308163556,0.1005013529528677
0.27129866690209237,0.875623308163556,0.10063872604579181
0.27126649891846555,0.8754808377261718,0.10064362785089864
0.27147022442127583,0.8754808377261718,0.1007211559298704
0.27143803843605036,0.8753383672887876,0.10072919529992683
0.271474019088017,0.8753383672887876,0.10073677165782129
0.2714538223596995,0.8751958968514033,0.10073869142573204
0.27150181207460444,0.8751958968514033,0.10075040796348934
0.2714696132596685,0.8750534264140191,0.1007570014729701
0.2715416242981564,0.8750534264140191,0.10080376342584395
0.27150941727827393,0.8749109559766348,0.10080449726667147
0.271545434446164,0.8749109559766348,0.1008210824346229
0.2715132218979393,0.8747684855392506,0.10083429538837065
0.2715252288506611,0.8747684855392506,0.10083652714195492
0.2714930125597028,0.8746260151018663,0.10083751889580929
0.27152903710911586,0.8746260151018663,0.10087096553801206
0.2714968152866242,0.8744835446644821,0.10087442182683543
0.27150882470031407,0.8744835446644821,0.1008746485354953
0.27147659913297356,0.8743410742270978,0.10087908856551245
0.2716809066359733,0.8743410742270978,0.1009823631096294
0.2716486630069063,0.8741986037897136,0.10099396670385212
0.27161641652277857,0.8740561333523293,0.10101621014540603
0.2718571365267869,0.8740561333523293,0.10114364347289946
0.27182486927235666,0.8739136629149451,0.10115366484640304
0.27193332446690605,0.8739136629149451,0.10118877854140346
0.2719010462848023,0.8737711924775609,0.10120121494196156
0.27196133209170326,0.8737711924775609,0.1012345678570741
0.2719290465631929,0.8736287220401766,0.10123903159551034
0.2722066853109602,0.8736287220401766,0.10143670428074375
0.2721743762763029,0.8734862516027925,0.10143933540665627
0.27228316383177154,0.8734862516027925,0.1015300558490203
0.2722508438443773,0.8733437811654082,0.10155519250319292
0.27244444444444443,0.8733437811654082,0.10168363457463679
0.27241210720476466,0.873201310728024,0.10170387581996983
0.27244843527738266,0.873201310728024,0.1017305082750262
0.2724160924649922,0.8730588402906397,0.10174957576190435
0.27242820307637594,0.8730588402906397,0.10175606592960432
0.27239585648868536,0.8729163698532555,0.10176970176911591
0.27261401557285875,0.8729163698532555,0.10190087451363301
0.2725816499065587,0.8727738994158712,0.1019028120842039
0.27269085243712443,0.8727738994158712,0.10196252906122265
0.2726584757834758,0.872631428978487,0.10197466312132046
0.272626096247162,0.8724889585411028,0.10198485347130458
0.27277181417308805,0.8724889585411028,0.10210896605348031
0.27273942093541204,0.8723464881037185,0.10211031775611112
0.27277587205417203,0.8723464881037185,0.10212696106350991
0.272743473224628,0.8722040176663343,0.10213404542270195
0.27276777757975407,0.8722040176663343,0.10215181853132521
0.27273537405872655,0.87206154722895,0.10215452412674632
0.2728204671064361,0.87206154722895,0.10222751395858734
0.272788054379318,0.8719190767915658,0.10222915815254546
0.2729705619982159,0.8719190767915658,0.10236060714419726
0.27295030778838436,0.8717766063541815,0.10236873245955229
0.2729868391701985,0.8717766063541815,0.10238878523493491
0.27295440349781386,0.8716341359167973,0.10239705048881188
0.2729909419481505,0.8716341359167973,0.10245166140525595
0.272958500669344,0.871491665479413,0.1024523681418786
0.27299504619092246,0.871491665479413,0.10245830079879592
0.27296259930375794,0.8713491950420288,0.10246631765488765
0.2732308791994282,0.8713491950420288,0.10262765750889459
0.2731984095072153,0.8712067246046445,0.1026307622328491
0.2734305133249866,0.8712067246046445,0.1028089685533687
0.2733980235209945,0.8710642541672603,0.10283723580659408
0.2734224766334243,0.8710642541672603,0.1028380404110641
0.27338998211091237,0.870921783729876,0.10283913593608847
0.273402209401136,0.870921783729876,0.10283984503934869
0.2733697110653905,0.8707793132924918,0.10284172753204432
0.27339416711397385,0.8707793132924918,0.10287845234947228
0.27336166405725787,0.8706368428551076,0.1028796173007359
0.2734350530225066,0.8706368428551076,0.10292807418259046
0.27340254161446215,0.8704943724177233,0.10294034040126977
0.2736474381941956,0.8704943724177233,0.10306828890726057
0.2736149057195324,0.8703519019803391,0.10307106436486012
0.2735823703305563,0.8702094315429548,0.10307133741725635
0.2738276696852865,0.8702094315429548,0.10325241185345357
0.2737951132033176,0.8700669611055706,0.10325296760777275
0.27385650224215247,0.8700669611055706,0.10327996796541561
0.273823938293197,0.8699244906681863,0.10329419246709236
0.2740205537853969,0.8699244906681863,0.10338119209345298
0.2739879723543667,0.8697820202308021,0.10338590587703374
0.27400026928773397,0.8697820202308021,0.103392645219037
0.273967684021544,0.8696395497934178,0.10340619946391666
0.27402918069584736,0.8696395497934178,0.1034628474401356
0.2739965879500763,0.8694970793560336,0.10346618433967616
0.27396399227764556,0.8693546089186494,0.10346648691261487
0.27403781380518255,0.8693546089186494,0.10349547494006361
0.27400520973681847,0.8692121384812651,0.10349593048058832
0.2741160084467808,0.8692121384812651,0.10356786886368319
0.27408339324227177,0.8690696680438809,0.103587144237885
0.2740507751067176,0.8689271976064966,0.10359178373502893
0.2742479428031836,0.8689271976064966,0.10374055422359642
0.2742153071319363,0.8687847271691124,0.10375138722002362
0.2743263304692069,0.8687847271691124,0.10382898332576361
0.274306024204796,0.8686422567317281,0.10383777798334161
0.27438009090499976,0.8686422567317281,0.10386982833923102
0.27434743474347434,0.8684997862943439,0.10387291094056626
0.27439683111271157,0.8684997862943439,0.10392828458443462
0.2743641683547153,0.8683573158569596,0.10394013290354068
0.2743765193121455,0.8683573158569596,0.10394689253213095
0.27434385269887,0.8682148454195754,0.10395651638466441
0.2745910872797729,0.8682148454195754,0.10407767187202195
0.2745583994232156,0.8680723749821911,0.10408130419607281
0.27463265122149105,0.8680723749821911,0.1041126136423276
0.2745999549244985,0.867929904544807,0.10411390165049988
0.2746247126177704,0.867929904544807,0.10412873719528176
0.274592011540889,0.8677874341074228,0.10413913707668546
0.2746415366579493,0.8677874341074228,0.10415381837713897
0.2746088289669477,0.8676449636700385,0.10415660921987037
0.27505532722099274,0.8676449636700385,0.10433436526025554
0.2750225835591689,0.8675024932326543,0.10437699727326448
0.2750722804481388,0.8675024932326543,0.10441812578922713
0.27503953015586174,0.86736002279527,0.1044184135857301
0.2750768118561359,0.86736002279527,0.1044235551564398
0.2750440558492612,0.8672175523578858,0.1044431416240201
0.27514351579803825,0.8672175523578858,0.10452041780078314
0.2751107494801555,0.8670750819205015,0.10452490861979664
0.2751605027579347,0.8670750819205015,0.10455714072714668
0.27512772980060585,0.8669326114831173,0.10456486148226879
0.2751401700126605,0.8669326114831173,0.10456638663748079
0.2751073931720552,0.866790141045733,0.10458574352832012
0.2751820525577819,0.866790141045733,0.104674935590619
0.27514926723358063,0.8666476706083488,0.10468637990365631
0.27512892427395275,0.8665052001709646,0.10468735132782471
0.27524098293886046,0.8665052001709646,0.10472532668248269
0.27520818247646633,0.8663627297335803,0.10473276954276534
0.2752829334540516,0.8663627297335803,0.10480110088593564
0.27525012449635566,0.8662202592961961,0.10481282815678934
0.27527504867116404,0.8662202592961961,0.10482326669652153
0.2752422348999366,0.8660777888588118,0.10482628190888423
0.2756291090455679,0.8660777888588118,0.10503649090508678
0.2755962637163326,0.8659353184214276,0.10504593364849928
0.27574630251338356,0.8659353184214276,0.1051790253228733
0.27571344312871465,0.8657928479840433,0.10519134619670384
0.2760892281132161,0.8657928479840433,0.10543807494999793
0.27605633802816903,0.8656503775466591,0.10544224054620585
0.2763953964427057,0.8656503775466591,0.10558259486166283
0.27636247839141115,0.8655079071092748,0.10558350559403851
0.2764253537789507,0.8655079071092748,0.10562884279452533
0.2763924281033855,0.8653654366718906,0.10563322803146111
0.2764175844179485,0.8653654366718906,0.10564669240187095
0.27638465389341466,0.8652229662345063,0.10565214392873729
0.2763517203713818,0.8650804957971221,0.10566572522206391
0.27650273224043714,0.8650804957971221,0.10575561167059194
0.2764697845985701,0.8649380253597378,0.10575788005826993
0.27650756057569686,0.8649380253597378,0.10577460045069441
0.27647460715099065,0.8647955549223536,0.10577658380522827
0.2765375854214123,0.8647955549223536,0.10582553764157712
0.2765046243564627,0.8646530844849694,0.1058299975317926
0.2765172225259705,0.8646530844849694,0.10583331314687129
0.2764842575295029,0.8645106140475851,0.10584782565994116
0.2765346579774871,0.8645106140475851,0.10586093825134471
0.27650168626378635,0.8643681436102009,0.10587476322438555
0.2765647080275334,0.8643681436102009,0.10592899496762369
0.27653172866520787,0.8642256731728166,0.10592909374656129
0.27674620192527033,0.8642256731728166,0.10601204710362322
0.2767132037594671,0.8640832027354324,0.1060420238537548
0.27699123127511877,0.8640832027354324,0.10621122928915637
0.2769708595962364,0.8639407322980481,0.10621431323397504
0.2770341267303212,0.8639407322980481,0.10623848132199118
0.27700109649122806,0.8637982618606639,0.10624128549349365
0.27714037573707545,0.8637982618606639,0.10634389092083292
0.2771073322362406,0.8636557914232796,0.10635049114667103
0.2772087067861716,0.8636557914232796,0.10641083753075839
0.2771756528101706,0.8635133209858954,0.10641121052933296
0.27718832891246686,0.8635133209858954,0.10642536773536529
0.2771552709810199,0.8633708505485111,0.10642988451607717
0.27724402964589623,0.8633708505485111,0.10648405290903158
0.2772236456808199,0.8632283801111269,0.10650000070908511
0.27731246281294336,0.8632283801111269,0.10652803511873732
0.2772793848407177,0.8630859096737427,0.1065332157725547
0.2773301593114814,0.8630859096737427,0.10655605616521824
0.2773097701675671,0.8629434392363584,0.10655807319642997
0.2772766814706286,0.8628009687989742,0.10655834218756276
0.2772893772893773,0.8628009687989742,0.1065591317564253
0.27725628462841706,0.8626584983615899,0.10656526477125221
0.27726898067588607,0.8626584983615899,0.106569057643528
0.2772358840500069,0.8625160279242057,0.10656997507094478
0.2772612777650561,0.8625160279242057,0.10659683130641004
0.27722817623889345,0.8623735574868214,0.10660522397464313
0.27739333669401034,0.8623735574868214,0.10672902975323781
0.2773602199816682,0.8622310870494373,0.10673040710228572
0.277372931848389,0.8622310870494373,0.1067313201900891
0.27733981116509304,0.862088616612053,0.10674136541755219
0.277390666544421,0.862088616612053,0.10677243906456002
0.2773575390821987,0.8619461461746688,0.10677484278405358
0.27742112986060163,0.8619461461746688,0.10680923629606123
0.27740071539943134,0.8618036757372846,0.10681104705711347
0.27742616033755274,0.8618036757372846,0.10681612793295961
0.27739301930926935,0.8616612052999003,0.10681650684071366
0.2777242044358727,0.8616612052999003,0.1069801058223166
0.2777037887485649,0.8615187348625161,0.1069813473121079
0.27771654266556445,0.8615187348625161,0.10698477202381249
0.2776961234613265,0.8613762644251318,0.10698501127781768
0.2780409289491837,0.8613762644251318,0.1072400927697045
0.2780077262693157,0.8612337939877476,0.10724864264319628
0.2780716684300106,0.8612337939877476,0.10729257852967475
0.27803845799981597,0.8610913235503633,0.10730115679848812
0.27808962915248,0.8610913235503633,0.10738333525774872
0.2780564119081581,0.8609488531129791,0.10738802421163215
0.27812039764359353,0.8609488531129791,0.10743373977107137
0.2780871726423344,0.8608063826755948,0.10743942717725878
0.27805394458252786,0.8606639122382106,0.10744891016443833
0.2781179503706091,0.8606639122382106,0.1074982364441169
0.2780975183019476,0.8605214418008263,0.10749915701312786
0.2781743655874361,0.8605214418008263,0.10755746717405709
0.27814112011790715,0.8603789713634421,0.10756411728150851
0.2783590689098871,0.8603789713634421,0.10773263115772601
0.27832580436987187,0.8602365009260579,0.10774534375704778
0.27836429855700523,0.8602365009260579,0.1077602318416786
0.27834386094333535,0.8600940304886736,0.10777275370796537
0.278446566117799,0.8600940304886736,0.10786783886043262
0.27841328413284133,0.8599515600512894,0.10786789570165123
0.27851605758582504,0.8599515600512894,0.10791681642924991
0.2784827649854644,0.8598090896139051,0.10792083811779234
0.2785213217648145,0.8598090896139051,0.10794820365670535
0.2784880232611806,0.8596666191765209,0.10795711726636127
0.27845472168374413,0.8595241487391366,0.10797386118638674
0.27855757687690463,0.8595241487391366,0.10803321022459314
0.27852426467193053,0.8593816783017524,0.1080361059419723
0.27861431870669745,0.8593816783017524,0.10806181102374128
0.2785809968127858,0.8592392078643681,0.10806794150940469
0.278619606393791,0.8592392078643681,0.10807386066919572
0.2785862785862786,0.8590967374269839,0.10807635789199392
0.2787279282610705,0.8590967374269839,0.10816834762814351
0.27869458697360516,0.8589542669895996,0.10818080979341156
0.2786612426035503,0.8588117965522154,0.10819570881762938
0.27888040712468193,0.8588117965522154,0.10831718167291775
0.27884704358286294,0.8586693261148312,0.10834281143333488
0.27907945915910354,0.8586693261148312,0.10848375610017778
0.2790460754804353,0.8585268556774469,0.10849062672015079
0.2791236277734031,0.8585268556774469,0.10855278534339327
0.27909023531591626,0.8583843852400627,0.1085613755560215
0.2792713451376657,0.8583843852400627,0.10871221910217624
0.27923793630927546,0.8582419148026784,0.10871326843990921
0.2792508807713703,0.8582419148026784,0.1087300109828669
0.2792174678967132,0.8580994443652942,0.10874019713683265
0.2795673969550687,0.8580994443652942,0.10897372844621678
0.2795339553451237,0.8579569739279099,0.10897629021448665
0.2796377989319712,0.8579569739279099,0.10906012534131244
0.2796043466146559,0.8578145034905257,0.1090677259712365
0.2796173315376399,0.8578145034905257,0.10906825403638805
0.2795838751625488,0.8576720330531414,0.10906993655955378
0.2795504156797176,0.8575295626157572,0.10908057521094011
0.2797453058189254,0.8575295626157572,0.10917854498510922
0.27971182895654195,0.857387092178373,0.10918759154374061
0.279763841755381,0.857387092178373,0.10920216485797675
0.2797303579730358,0.8572446217409887,0.10920272164681233
0.27983443400613894,0.8572446217409887,0.10926006050194102
0.27980093949118645,0.8571021513036045,0.10926977390972616
0.2799832456834365,0.8571021513036045,0.10938475526758232
0.27994973471097456,0.8569596808662202,0.10938625835334322
0.27998882837592515,0.8569596808662202,0.1093926504434289
0.2799553114235174,0.856817210428836,0.10939341950169909
0.2801378796348053,0.856817210428836,0.10948848212766431
0.28010434620580427,0.8566747399914518,0.10949620295313538
0.280221828688601,0.8566747399914518,0.10955487421851497
0.28018828354383185,0.8565322695540676,0.10956675733949078
0.28047585724282714,0.8565322695540676,0.10980123906897178
0.2804422879537184,0.8563897991166833,0.10980161850950045
0.2805469989732101,0.8563897991166833,0.1099039396320927
0.2805134189031505,0.8562473286792991,0.10991678774021325
0.2805265123226288,0.8562473286792991,0.10992347679852126
0.28049292816132193,0.8561048582419148,0.10992371022342531
0.2804593408645318,0.8559623878045306,0.10992424159794226
0.28047243359320295,0.8559623878045306,0.10992890992802759
0.2804388422035481,0.8558199173671464,0.10993438826287436
0.2804912215166231,0.8558199173671464,0.10994464496085257
0.2804576231613355,0.8556774469297621,0.10995685118202142
0.2806542056074766,0.8556774469297621,0.11013204051147979
0.28062058974718446,0.8555349764923779,0.11015455884156791
0.28065993643671716,0.8555349764923779,0.11016101009936964
0.2806263145594765,0.8553925060549936,0.11016266095038642
0.28067879014538827,0.8553925060549936,0.11018310569060602
0.2806582822946374,0.8552500356176094,0.11018496032692057
0.2807895598484494,0.8552500356176094,0.11025123279240315
0.28075591729815697,0.8551075651802251,0.11025934571570695
0.28108462511122556,0.8551075651802251,0.11049285753800855
0.28105095541401276,0.8549650947428409,0.11049303327242148
0.2811826445506513,0.8549650947428409,0.11054456273120293
0.2811489620917483,0.8548226243054566,0.11058495335328776
0.2813335208890139,0.8548226243054566,0.11072941064218285
0.28129982181374846,0.8546801538680724,0.11072978926420265
0.28132620521478147,0.8546801538680724,0.11074483634143151
0.28130569364975144,0.8545376834306881,0.11074502899145008
0.281411278971568,0.8545376834306881,0.11077515927378945
0.2813775629897246,0.8543952129933039,0.11078792106517658
0.2816550817208341,0.8543952129933039,0.11091294654587125
0.2816213423512282,0.8542527425559197,0.11092326096265216
0.28172720011276603,0.8542527425559197,0.11098808289674199
0.2816934498637346,0.8541102721185354,0.1109958808928739
0.28183912368953035,0.8541102721185354,0.11106183029635938
0.28180535966149506,0.8539678016811512,0.11106711600857173
0.28181860924349994,0.8539678016811512,0.11106865223293665
0.2817848410757946,0.8538253312437669,0.1110774807481134
0.2818776162927426,0.8538253312437669,0.11112534715077944
0.28184383819379116,0.8536828608063827,0.11112795940779226
0.2818100569170704,0.8535403903689984,0.11115479284517076
0.2819426796555132,0.8535403903689984,0.11119184470578555
0.2819221537158187,0.8533979199316142,0.11119620992942847
0.282068186099077,0.8533979199316142,0.1112493022027317
0.28203437720744057,0.8532554494942299,0.11126199655896635
0.28211408921757974,0.8532554494942299,0.11128883117813122
0.28208027133973995,0.8531129790568457,0.11129689981330258
0.2820464502755924,0.8529705086194614,0.11130105003245612
0.2820996089148565,0.8529705086194614,0.1113420330481628
0.2820657807935162,0.8528280381820772,0.11137797732850291
0.2821056600216787,0.8528280381820772,0.1114009247364928
0.282071825808276,0.852685567744693,0.11142774283454462
0.2821250117846705,0.852685567744693,0.1114387648711508
0.28209117050865035,0.8525430973073087,0.1114502862947576
0.2821975949068616,0.8525430973073087,0.11149184997647728
0.2821637426900585,0.8524006268699245,0.11149595144809765
0.28231019676308217,0.8524006268699245,0.11160829362769085
0.28227633069082675,0.8522581564325402,0.11161232249179406
0.2823962611528112,0.8522581564325402,0.11167285053100767
0.2823623831555094,0.852115685995156,0.11167693229996285
0.28237571408337664,0.852115685995156,0.11167705389479134
0.28234183191690276,0.8519732155577717,0.11168239230232227
0.28230794655082864,0.8518307451203875,0.11169611461371404
0.2824813379948975,0.8518307451203875,0.11179674311844667
0.2824474368060477,0.8516882746830032,0.11180178468236829
0.2829018976858644,0.8516882746830032,0.11201496487590751
0.28288134791045483,0.851545804245619,0.1120221402892507
0.2829617005160252,0.851545804245619,0.11206523625471573
0.28294114861985703,0.8514033338082347,0.11207654075301066
0.2830751740798636,0.8514033338082347,0.11212794634510724
0.283041212695405,0.8512608633708505,0.11214525215981416
0.2831485167282722,0.8512608633708505,0.11220217597937335
0.28311454433439176,0.8511183929334664,0.11221154813060391
0.2832219219646328,0.8511183929334664,0.11230457805815589
0.2831879385549023,0.8509759224960821,0.11230840434074442
0.28352399487349883,0.8509759224960821,0.11251367309446822
0.28348998386024876,0.8508334520586979,0.112523659851276
0.2834559696178495,0.8506909816213136,0.11252970330331541
0.28348288467929544,0.8506909816213136,0.11253841624863523
0.2834623237263188,0.8505485111839294,0.1125414089411538
0.2836239251270844,0.8505485111839294,0.11266669704808105
0.28358988977575067,0.8504060407465451,0.11266923665614677
0.2839406336219199,0.8504060407465451,0.112951808770713
0.28392007611798287,0.8502635703091609,0.11295224251942655
0.28413635498000384,0.8502635703091609,0.11308249380717966
0.2841157984953814,0.8501210998717766,0.11308549128618689
0.2842646848649421,0.8501210998717766,0.1131602872698512
0.2842305859933302,0.8499786294343924,0.11316132747402233
0.2846781504986401,0.8499786294343924,0.11342823495185875
0.2846440160335942,0.8498361589970082,0.1134332522250359
0.2847255369928401,0.8498361589970082,0.11351176235164674
0.2846913933839324,0.8496936885596239,0.11352614536266836
0.2848001528102765,0.8496936885596239,0.11357615320329967
0.2847659980897803,0.8495512181222397,0.11357737561471856
0.2847318401069774,0.8494087476848554,0.11357930444417903
0.28489511157834374,0.8494087476848554,0.11368747448418433
0.2848609385453503,0.8492662772474712,0.11368770082310974
0.28487455197132616,0.8492662772474712,0.11369652408604354
0.2848403746893519,0.8491238068100869,0.1136971989398178
0.2849765707181792,0.8491238068100869,0.11380428699535468
0.28494238033758906,0.8489813363727027,0.11381958607110361
0.2852151438280764,0.8489813363727027,0.11397254285257541
0.2851945813986884,0.8488388659353184,0.11397608105371856
0.2854131736526946,0.8488388659353184,0.1141143187980241
0.2853789403085178,0.8486963954979342,0.11412735811600436
0.2854609929078014,0.8486963954979342,0.11417269673390448
0.2854404294066903,0.8485539250605499,0.11418795375036798
0.2854951586616815,0.8485539250605499,0.11422794930955435
0.2854609079142898,0.8484114546231657,0.11423102951473821
0.2855430352433469,0.8484114546231657,0.11427158715821173
0.28552246679134896,0.8482689841857814,0.11427784955813082
0.28601623672959603,0.8482689841857814,0.11451094602923144
0.2859819369715603,0.8481265137483972,0.11451786284816318
0.2860231586027963,0.8481265137483972,0.11454198618579371
0.2859888525850471,0.847984043311013,0.11454489877776551
0.28595454327038583,0.8478415728736287,0.11454877772930824
0.2859202306583373,0.8476991024362445,0.11457452794329573
0.28601643993654763,0.8476991024362445,0.11461932772661543
0.2859821171041246,0.8475566319988602,0.11462491951873778
0.2860233665080052,0.8475566319988602,0.11464116854890619
0.285989037407443,0.847414161561476,0.1146419611032358
0.2860578079161256,0.847414161561476,0.11469500964586354
0.28603722764657785,0.8472716911240917,0.11469718668303981
0.28629886385518966,0.8472716911240917,0.11488512468217822
0.2862782859894078,0.8471292206867075,0.11488529905730907
0.28629206991188794,0.8471292206867075,0.11489463120095508
0.28625770416024654,0.8469867502493232,0.11490426261137167
0.286299060919817,0.8469867502493232,0.11492226282177287
0.286264688884608,0.846844279811939,0.11492489797100895
0.2863060546216464,0.846844279811939,0.11495006643308744
0.28627167630057804,0.8467018093745547,0.11495490933915493
0.28663065496286294,0.8467018093745547,0.11518158818048273
0.2865962475280953,0.8465593389371705,0.11518588470047714
0.2868452811972001,0.8465593389371705,0.11532340288227937
0.28681085256348365,0.8464168684997863,0.11532706489016774
0.2868385477018154,0.8464168684997863,0.11534764127168179
0.2868041137559751,0.846274398062402,0.11535978889479191
0.28676967648478996,0.8461319276250178,0.11536063108918006
0.28681122325783553,0.8461319276250178,0.1153757646329388
0.2867767796773882,0.8459894571876335,0.11538135954305498
0.28674233276986233,0.8458469867502493,0.11539296548558699
0.2867561823802164,0.8458469867502493,0.11539412596212517
0.2867217311500749,0.845704516312865,0.11539955307762413
0.2870406189555126,0.845704516312865,0.11559701525616761
0.2870061414962039,0.8455620458754808,0.11560134788898872
0.28710332817337464,0.8455620458754808,0.11567911064754058
0.2870688404044313,0.8454195754380966,0.11568146722782265
0.2870966181237602,0.8454195754380966,0.11568941484843176
0.287062125024192,0.8452771050007124,0.11568942492854095
0.28708990612600405,0.8452771050007124,0.11570157784633879
0.2870554076941689,0.8451346345633282,0.11570931071662435
0.2871109820434635,0.8451346345633282,0.1157395918567414
0.28707647628267186,0.8449921641259439,0.11574205141250721
0.2871876815804765,0.8449921641259439,0.11577765971854134
0.2871531644956661,0.8448496936885597,0.1157979076814871
0.2871809772870357,0.8448496936885597,0.11581813925056744
0.28714645486245644,0.8447072232511754,0.11581954541159385
0.2871881811576653,0.8447072232511754,0.11587047194492456
0.2871536523929471,0.8445647528137912,0.11589002836528277
0.2873763816172193,0.8445647528137912,0.11598194052691219
0.2873418335191739,0.8444222823764069,0.11598476848733764
0.287439379243453,0.8444222823764069,0.11602994083384005
0.2874048207963529,0.8442798119390227,0.11603539104447548
0.28744664338377957,0.8442798119390227,0.1160565085929612
0.28741207858355566,0.8441373415016384,0.11605855274897695
0.2874678569695793,0.8441373415016384,0.11607101561827549
0.28743328481319746,0.8439948710642542,0.11607372459173822
0.28744723179193554,0.8439948710642542,0.11608236490698354
0.2874126552795031,0.84385240062687,0.11609245321297064
0.2874684527276257,0.84385240062687,0.11612395777163913
0.28743386885405037,0.8437099301894857,0.11616430105318562
0.2875036411302068,0.8437099301894857,0.11618479343098602
0.28746904889061514,0.8435674597521015,0.11619577624146829
0.2875248870975574,0.8435674597521015,0.11621665172919653
0.2874902874902875,0.8434249893147172,0.11621692743940684
0.28750424942936237,0.8434249893147172,0.11622344791517565
0.28746964545896064,0.843282518877333,0.11624227981179511
0.28756740999854247,0.843282518877333,0.11635781618447605
0.28753279564668155,0.8431400484399487,0.11635855000829991
0.2874981779311015,0.8429975780025645,0.11639432584424218
0.28754009135970454,0.8429975780025645,0.11642253931695186
0.2875054672692812,0.8428551075651802,0.11642689568954429
0.28757534512930194,0.8428551075651802,0.11647140934470206
0.2875407126537358,0.842712637127796,0.11647823611876501
0.28762460491125696,0.842712637127796,0.1165219294933988
0.2875899630422097,0.8425701666904117,0.11653116314042462
0.28763192451729,0.8425701666904117,0.11654914061853393
0.2875972762645914,0.8424276962530275,0.11655611577196401
0.28762525537503647,0.8424276962530275,0.11657126125923654
0.28759060174149925,0.8422852258156432,0.11658302234598157
0.28755594473633,0.842142755378259,0.11658578492576736
0.2877939529675252,0.842142755378259,0.11676914864607016
0.2877732872376686,0.8420002849408748,0.11677310702959974
0.2879415347137637,0.8420002849408748,0.11682986653288423
0.28790684077177936,0.8418578145034905,0.11683323083308947
0.2879208692686254,0.8418578145034905,0.11684136255681526
0.287886170938505,0.8417153440661063,0.1168491931109365
0.2878514692266459,0.841572873628722,0.11685713084845617
0.2878654970760234,0.841572873628722,0.11686299452603328
0.28783079097421904,0.8414304031913378,0.11687106570010942
0.28781010869035434,0.8412879327539535,0.11687503239241756
0.287908337396392,0.8412879327539535,0.11692699653806046
0.28787361646106585,0.8411454623165693,0.11692714386075176
0.2879438158408115,0.8411454623165693,0.11696838323159325
0.28790908647514996,0.841002991879185,0.1169684746060294
0.28799336488266575,0.841002991879185,0.11701697584123785
0.2879586260733802,0.8408605214418008,0.11703684546725758
0.28809918969052034,0.8408605214418008,0.11710039547362779
0.2880644373932145,0.8407180510044165,0.11710337396767205
0.28807850029291154,0.8407180510044165,0.11711846318298802
0.2880437435922472,0.8405755805670323,0.11711949016103568
0.2880718714906499,0.8405755805670323,0.11712220377466481
0.288037109375,0.840433110129648,0.11715244770746043
0.2881215199765556,0.840433110129648,0.11719259540970192
0.28808674840033216,0.8402906396922638,0.11719420120803142
0.2881430455811227,0.8402906396922638,0.11721862032490833
0.28810826656243893,0.8401481692548796,0.11722061686691769
0.28807348414520934,0.8400056988174953,0.11722748164747843
0.28811571540265835,0.8400056988174953,0.11725119857531775
0.28808092655035916,0.8398632283801112,0.1172613416913088
0.2880950053758186,0.8398632283801112,0.11730045427090001
0.28806021211084504,0.8397207579427269,0.11732244185091668
0.28825744608010956,0.8397207579427269,0.11748138415115643
0.28822263523427566,0.8395782875053427,0.11748657459647145
0.288434242083109,0.8395782875053427,0.11758068147934715
0.2884135297860884,0.8394358170679584,0.11759261847265644
0.2883786959075778,0.8392933466305742,0.11760212493633351
0.2883579751297366,0.83915087619319,0.11761599032159015
0.2884709569987266,0.83915087619319,0.1176434673518542
0.2884361071655973,0.8390084057558057,0.11764372308260507
0.2884643644379133,0.8390084057558057,0.1176571255951174
0.2884295091603801,0.8388659353184215,0.11765749191537749
0.28847190240556564,0.8388659353184215,0.11766696080430221
0.28843704066634,0.8387234648810372,0.11768236406497364
0.28840217551080405,0.838580994443653,0.11769726861714011
0.2883673069384555,0.8384385240062687,0.11772035488576194
0.2884238384630465,0.8384385240062687,0.11774223930115481
0.28838896240748907,0.8382960535688845,0.11774571732326282
0.2885445272655944,0.8382960535688845,0.11783822423374553
0.2885096366043843,0.8381535831315002,0.1178427295378129
0.28852378616969104,0.8381535831315002,0.11785950146012697
0.2884888910687135,0.838011112694116,0.11786668835132222
0.2884539925446341,0.8378686422567317,0.11788187112243904
0.28849644346333086,0.8378686422567317,0.11792139975230762
0.28846153846153844,0.8377261718193475,0.11792218103977378
0.28850399882243266,0.8377261718193475,0.11793865888651268
0.28846908734052995,0.8375837013819633,0.1179425004591043
0.2884973991559525,0.8375837013819633,0.11794751187518525
0.28846248221033516,0.837441230944579,0.1179582541270158
0.288519118441074,0.837441230944579,0.11797905209584528
0.2884841939917534,0.8372987605071948,0.11798415507933191
0.2884983555053753,0.8372987605071948,0.11798533672859096
0.2884634266077565,0.8371562900698105,0.1179865133678944
0.28857676063255083,0.8371562900698105,0.11807041029072556
0.2885418201463582,0.8370138196324263,0.11807717321965955
0.28868360277136257,0.8370138196324263,0.11815558333094543
0.28864864864864864,0.836871349195042,0.11815958242594975
0.28869120754902444,0.836871349195042,0.11819887028512374
0.2886562469281431,0.8367288787576578,0.11820377320567584
0.28867043499631356,0.8367288787576578,0.11821384483844063
0.28864965835914075,0.8365864083202735,0.11825817780685907
0.28866384819585095,0.8365864083202735,0.11826262732174743
0.2886288776363011,0.8364439378828893,0.11826791656518242
0.2887424384006295,0.8364439378828893,0.11837041583190508
0.2887074562266378,0.836301467445505,0.11837158173480548
0.2886724706113816,0.8361589970081208,0.1183792063191173
0.2888145268441514,0.8361589970081208,0.11845682346856828
0.2887795275590551,0.8360165265707366,0.1184600323297556
0.28875873609607244,0.8358740561333523,0.1184734525340103
0.2887871628273282,0.8358740561333523,0.11850130403560068
0.28875215358109774,0.8357315856959681,0.11851467564460967
0.2888374612240878,0.8357315856959681,0.11857702928886946
0.28880244238723657,0.8355891152585838,0.11858949735066152
0.28890202453081126,0.8355891152585838,0.11865612099010628
0.28886699507389163,0.8354466448211996,0.11866359716940633
0.2889523997240564,0.8354466448211996,0.11870471266658673
0.2889173606662396,0.8353041743838153,0.11870506897257309
0.2888823181549379,0.8351617039464311,0.11871017536143397
0.2889107934943322,0.8351617039464311,0.11871557832117074
0.28888998422712936,0.8350192335090468,0.11873331522346917
0.2891750542727452,0.8350192335090468,0.11889468958092557
0.2891399812503084,0.8348767630716626,0.11889829349375533
0.2894684844892314,0.8348767630716626,0.11905431714185802
0.2894333843797856,0.8347342926342783,0.11906061150752552
0.2896623325258318,0.8347342926342783,0.11922205052659805
0.28962721249876394,0.8345918221968941,0.11923528796552489
0.2896558544303797,0.8345918221968941,0.1192498721564103
0.28962072887306534,0.8344493517595098,0.1192609604267046
0.28976401325879386,0.8344493517595098,0.11937476387333298
0.2897288739362755,0.8343068813221256,0.11937477864216867
0.2898149064634267,0.8343068813221256,0.11940614407665365
0.28977975748577084,0.8341644108847415,0.11942040891349687
0.28985148514851483,0.8341644108847415,0.11943377339614329
0.28981632754096737,0.8340219404473572,0.11945472142176387
0.2898306763045846,0.8340219404473572,0.11947234959035406
0.28979551418527505,0.833879470009973,0.11948266881583668
0.2898529193284802,0.833879470009973,0.11952765723464916
0.28981774960380347,0.8337369995725887,0.1195330213061446
0.28996135169953424,0.8337369995725887,0.11959630915700484
0.2899261681779892,0.8335945291352045,0.11961797314994638
0.2901130503768346,0.8335945291352045,0.11972125562128721
0.2900778499528933,0.8334520586978202,0.11973124480562189
0.2901353965183752,0.8334520586978202,0.11974788030846897
0.2901001884733657,0.833309588260436,0.11976562016862775
0.29015775374541125,0.833309588260436,0.11979914125051325
0.2901225380761026,0.8331671178230518,0.11980472397879366
0.2901513272140908,0.8331671178230518,0.11981890062014725
0.29013050166228355,0.8330246473856675,0.119824089510193
0.2901592973053446,0.8330246473856675,0.11985206565597918
0.2901240694789082,0.8328821769482833,0.11986598425131263
0.29041231992051664,0.8328821769482833,0.12004965797357847
0.2903770679119678,0.832739706510899,0.1200509350440002
0.29040592239280566,0.832739706510899,0.12005580639244705
0.2903706648116864,0.8325972360735148,0.12006140840422465
0.2905727923627685,0.8325972360735148,0.12015384682658199
0.2905375167818607,0.8324547656361305,0.12016188617307282
0.290551964196917,0.8324547656361305,0.12020967130646124
0.29051668407180864,0.8323122951987463,0.12021176121645756
0.29060339252847833,0.8323122951987463,0.12024978952614794
0.29056810267635064,0.832169824761362,0.12026457631422813
0.29059701492537315,0.832169824761362,0.12028972366065142
0.29056171948853177,0.8320273543239778,0.12029842744752603
0.2908511380048807,0.8320273543239778,0.12041968426454254
0.2908158183085965,0.8318848838865935,0.12043694926667226
0.29087376706187107,0.8318848838865935,0.12045468311749459
0.29083843969511286,0.8317424134492093,0.12045637890645079
0.290896407394489,0.8317424134492093,0.12050834398381617
0.2908610723539964,0.831599943011825,0.12051438047898776
0.2908900627927838,0.831599943011825,0.12054645281122282
0.29085472215300273,0.8314574725744408,0.12055879490452676
0.2909272183449651,0.8314574725744408,0.12060992883223133
0.29089186898648983,0.8313150021370566,0.12061187230239272
0.2911240832210747,0.8313150021370566,0.12079542521762499
0.2910887137012274,0.8311725316996723,0.12080486706269156
0.29114682104002393,0.8311725316996723,0.12084331567834543
0.2911114438289165,0.8310300612622881,0.12085144456201412
0.29128589263420723,0.8310300612622881,0.12095792814758662
0.2912504994007191,0.8308875908249038,0.12096221438863351
0.29126504519802227,0.8308875908249038,0.12096514820610517
0.2912296473878733,0.8307451203875196,0.12097922163455074
0.29138973564539505,0.8307451203875196,0.12105223267432501
0.2913543228385807,0.8306026499501353,0.12106041785077047
0.291368884002199,0.8306026499501353,0.12107385550636146
0.29134802819013345,0.8304601795127511,0.12107657805470669
0.29131260621813454,0.8303177090753668,0.12109364344693413
0.2913417316536693,0.8303177090753668,0.12110051844346416
0.29130630405439184,0.8301752386379826,0.12110738241681958
0.29132086791320866,0.8301752386379826,0.1211168680210827
0.2912854357282136,0.8300327682005983,0.12112195255409727
0.29125,0.8298902977632141,0.12113451708594174
0.2912145607280364,0.8297478273258299,0.12113962889082963
0.29144773057098533,0.8297478273258299,0.12132346040292816
0.2914122710439395,0.8296053568884456,0.121334273352682
0.2913768079675692,0.8294628864510614,0.12133599431056485
0.2914643304130163,0.8294628864510614,0.12137564390081877
0.2914288575147692,0.8293204160136771,0.12138124872704724
0.2916186563799409,0.8293204160136771,0.12150777819671729
0.29158316633266534,0.8291779455762929,0.12151132708499883
0.2916123860106223,0.8291779455762929,0.12153416519925496
0.2915768903141755,0.8290354751389086,0.12153916683957018
0.2917084419490676,0.8290354751389086,0.12172164752484656
0.2916729332731739,0.8288930047015244,0.12175145241014337
0.29190707942401284,0.8288930047015244,0.12189377778360845
0.2918715504264927,0.8287505342641401,0.12189820774684827
0.29216474133601206,0.8287505342641401,0.12205374856336212
0.2921291878045105,0.828608063826756,0.12205869652986792
0.2922172536803497,0.828608063826756,0.1221234309782312
0.29218169028238367,0.8284655933893718,0.12213226679525241
0.292225739986934,0.8284655933893718,0.12214109669401656
0.29219016986631824,0.8283231229519875,0.12216215658622288
0.29224891927214236,0.8283231229519875,0.12219002450138673
0.29221334137636357,0.8281806525146033,0.1222016741669442
0.2921777599034788,0.828038182077219,0.12221529296924395
0.2923100135794397,0.828038182077219,0.12232433349815966
0.29227441907252794,0.8278957116398348,0.12233238619235304
0.29249509236422205,0.8278957116398348,0.12247041096539507
0.29245947850599013,0.8277532412024505,0.12249115407669553
0.29275420739695657,0.8277532412024505,0.12272120026850969
0.2927185689090451,0.8276107707650663,0.12272523080961854
0.2927333198951824,0.8276107707650663,0.12273105962107775
0.2926976767625863,0.827468300327682,0.12273920270519427
0.29271242818264287,0.827468300327682,0.12275713697219108
0.2926767804042135,0.8273258298902978,0.12277569839526054
0.29272104042746244,0.8273258298902978,0.12278931241016407
0.2926853858950446,0.8271833594529135,0.12279837176111505
0.2929216487563695,0.8271833594529135,0.12292721388627613
0.2928859737638749,0.8270408890155293,0.1229374665228699
0.29303382130237254,0.8270408890155293,0.12300435558090081
0.29299813216214854,0.8268984185781451,0.12300565749187986
0.2930425123699889,0.8268984185781451,0.12304751218468675
0.29300681646048976,0.8267559481407608,0.12304778051075356
0.2930216117955968,0.8267559481407608,0.12305278263705227
0.293000706999293,0.8266134777033766,0.1230537003750461
0.29303030303030303,0.8266134777033766,0.123074730147727
0.2929945956866508,0.8264710072659923,0.12308406672316702
0.29309822150363785,0.8264710072659923,0.12313272532115108
0.2930625031580011,0.8263285368286081,0.1231345569617462
0.29326996005460887,0.8263285368286081,0.12326052566642072
0.2932342233009709,0.8261860663912238,0.12326070128923984
0.2933825761408479,0.8261860663912238,0.12340479689810731
0.29334682519605365,0.8260435959538396,0.12341225452530509
0.293311070633475,0.8259011255164553,0.12341797118428133
0.2935338498151805,0.8259011255164553,0.12359645717120263
0.29349807575450676,0.8257586550790711,0.12361370162394597
0.29355753646677474,0.8257586550790711,0.12364682472115243
0.293521754545915,0.8256161846416868,0.12365034133421932
0.29373004207004916,0.8256161846416868,0.12386964404701022
0.2936942416869424,0.8254737142043026,0.12387372234197763
0.2937538024741432,0.8254737142043026,0.12389506933007303
0.29371799421994627,0.8253312437669184,0.12390782367699404
0.29383717981232566,0.8253312437669184,0.12394651759692829
0.29380135943999186,0.8251887733295341,0.12394941224520693
0.29384607579524125,0.8251887733295341,0.12399155505832164
0.2938102486047692,0.8250463028921499,0.12399520205999347
0.2941833883667767,0.8250463028921499,0.12420524874280064
0.29414753098963625,0.8249038324547656,0.12420526244277025
0.2943718541867914,0.8249038324547656,0.12436480467119065
0.29433597722188326,0.8247613620173814,0.1243707555671996
0.294650582786176,0.8247613620173814,0.12456844890578446
0.294629676762535,0.8246188915799971,0.12456892967220677
0.29464467521889637,0.8246188915799971,0.12458245491026765
0.2946087664816983,0.8244764211426129,0.12458755490576995
0.2946837763519707,0.8244764211426129,0.12465495554599959
0.29464785863421095,0.8243339507052286,0.12465521875512052
0.2947379145229484,0.8243339507052286,0.12471156595003854
0.2947019867549669,0.8241914802678444,0.12471569005767369
0.29474703214958986,0.8241914802678444,0.1247333090632783
0.29471109752369307,0.8240490098304601,0.12475176857553993
0.29504182819832686,0.8240490098304601,0.1249453237774939
0.2950058664490129,0.8239065393930759,0.12496124590135574
0.29502091623303744,0.8239065393930759,0.124962939696455
0.29498494974746187,0.8237640689556917,0.12497560712332484
0.295,0.8237640689556917,0.12497694171888735
0.2949640287769784,0.8236215985183074,0.12500078716108703
0.29492805388304927,0.8234791280809232,0.12500166199857748
0.2951238192494256,0.8234791280809232,0.12507300297709778
0.2950878267973856,0.8233366576435389,0.12508920474478252
0.29525366576406276,0.8233366576435389,0.1251812657255883
0.2952176578786021,0.8231941872061547,0.1251896333139005
0.2953836715914319,0.8231941872061547,0.12526524822739335
0.2953476482617587,0.8230517167687704,0.12527687345517546
0.2957559002713357,0.8230517167687704,0.1255622207182293
0.29571984435797666,0.8229092463313863,0.12556684778572075
0.29573498540781323,0.8229092463313863,0.12557626262349778
0.2956989247311828,0.822766775894002,0.1256032014316932
0.29600205023065096,0.822766775894002,0.12572156162165987
0.2959659644266749,0.8226243054566178,0.1257581925540146
0.2960873801343521,0.8226243054566178,0.12588403704817733
0.29605128205128206,0.8224818350192336,0.1258894115553137
0.2961424027906022,0.8224818350192336,0.12593734747185117
0.29610629456728055,0.8223393645818493,0.1259385361698261
0.29627348321527563,0.8223393645818493,0.12600791493549157
0.2962373594784662,0.8221968941444651,0.12602629699846382
0.2962525667351129,0.8221968941444651,0.12602877183768843
0.29621643821551413,0.8220544237070808,0.12603569381795204
0.2964904167308977,0.8220544237070808,0.1262353639687259
0.2964542651593011,0.8219119532696966,0.12623662947387598
0.29671347014349636,0.8219119532696966,0.12635844117070358
0.2966925569672342,0.8217694828323123,0.12636941411770386
0.29678415230254696,0.8217694828323123,0.12643676984962146
0.2967479674796748,0.8216270123949281,0.12644155100198937
0.2967937831300499,0.8216270123949281,0.12648503796691635
0.29675759135357693,0.8214845419575438,0.126489596401801
0.2969104016477858,0.8214845419575438,0.12660195273923616
0.296874195375663,0.8213420715201596,0.12661221534336076
0.2968379853743949,0.8211996010827753,0.12662940476222656
0.2968991449469455,0.8211996010827753,0.12666761418590283
0.29686292690465155,0.8210571306453911,0.12667343459479044
0.29690880989180835,0.8210571306453911,0.1266993166553791
0.29687258488330154,0.8209146602080069,0.1267209262241127
0.2969031792652136,0.8209146602080069,0.12673487050796992
0.2968669483664846,0.8207721897706226,0.1267539953616496
0.2970812706270627,0.8207721897706226,0.12684444160197902
0.297045020885978,0.8206297193332384,0.12684799556276755
0.29706034038164003,0.8206297193332384,0.12684924203448159
0.29702408582185774,0.8204872488958541,0.12686062738650217
0.29711602951039573,0.8204872488958541,0.1269914047497476
0.297079764730162,0.8203447784584699,0.12699925465871872
0.2971717588769612,0.8203447784584699,0.1270498964263158
0.2971354838709677,0.8202023080210856,0.1270533294412287
0.29715082068751936,0.8202023080210856,0.12707177691332122
0.2971145408558303,0.8200598375837014,0.12709915361643478
0.2972219353506145,0.8200598375837014,0.12714690004894602
0.2972009915306755,0.8199173671463171,0.12715048340633636
0.297164695553375,0.8197748967089329,0.12715284632487664
0.29722609638927633,0.8197748967089329,0.1271626810122052
0.2971897923339188,0.8196324262715486,0.1271672799905319
0.2974817725838978,0.8196324262715486,0.12734291413373472
0.2974454442031234,0.8194899558341644,0.12735558868113522
0.2974762101779065,0.8194899558341644,0.12737275134979195
0.29745526016344265,0.8193474853967802,0.12738562505138565
0.2974189210158796,0.8192050149593959,0.1273997156234214
0.2975266480389113,0.8192050149593959,0.127443690343815
0.297490297542044,0.8190625445220117,0.1274504120026915
0.2974539432829642,0.8189200740846274,0.1274531559942394
0.29753092810186865,0.8189200740846274,0.12748791631096262
0.2974945646547262,0.8187776036472432,0.1275071179979503
0.2977720207253886,0.8187776036472432,0.12777269756947285
0.29773563397067204,0.8186351332098589,0.12777320507637294
0.29784366576819404,0.8186351332098589,0.12783346924420255
0.29780726763775855,0.8184926627724747,0.12784364635165063
0.2980699387776279,0.8184926627724747,0.12795762876381508
0.2980489829804898,0.8183501923350904,0.12796990152095067
0.2980953863718927,0.8183501923350904,0.12799092842990306
0.29805895785758774,0.8182077218977062,0.12799341618841686
0.29807442777806614,0.8182077218977062,0.12799581297408683
0.2980379943942697,0.8180652514603219,0.1279970122746708
0.2980689368770764,0.8180652514603219,0.1280087241624275
0.2980324975341328,0.8179227810229377,0.12800897179635604
0.2980479700965632,0.8179227810229377,0.12803820511898817
0.2980115258813146,0.8177803105855534,0.12804041975599076
0.2982128013300083,0.8177803105855534,0.12811428692273558
0.29817633916974073,0.8176378401481692,0.12813150872785797
0.2983003274598472,0.8176378401481692,0.1282306071680251
0.2982638527913504,0.817495369710785,0.12824067723514626
0.2983879355174207,0.817495369710785,0.1283630159312306
0.29835144833324667,0.8173528992734008,0.12837055888800036
0.29831495735385893,0.8172104288360166,0.12838644832835994
0.29840807408178127,0.8172104288360166,0.1284349832222542
0.29837157275896153,0.8170679583986323,0.12843654899510193
0.29841814965136854,0.8170679583986323,0.1284550278476448
0.29838164125513866,0.8169254879612481,0.12847719778551278
0.2987547543375189,0.8169254879612481,0.12863621445714588
0.2987182159233014,0.8167830175238638,0.12863749362155627
0.29881163348274786,0.8167830175238638,0.12873309294728086
0.2987750847015898,0.8166405470864796,0.12875209864895742
0.29891531080517314,0.8166405470864796,0.12882173607604508
0.2988787483702738,0.8164980766490954,0.1288395393430558
0.29889433608010846,0.8164980766490954,0.12884440267291475
0.2988577687372868,0.8163556062117111,0.12884891603747387
0.29882119757980385,0.8162131357743269,0.12884938225879408
0.2988991495800073,0.8162131357743269,0.1289056456292977
0.29886256913283943,0.8160706653369426,0.12890983153653077
0.2988937591317053,0.8160706653369426,0.12893324933909636
0.298857172676512,0.8159281948995584,0.1289481399226936
0.29887276902202276,0.8159281948995584,0.12895576838412404
0.2988517745302714,0.8157857244621741,0.1289565146743525
0.298867373036171,0.8157857244621741,0.12896416791393206
0.2988307756550788,0.8156432540247899,0.12897131448975518
0.2991118077324974,0.8156432540247899,0.12917015602986315
0.2990751867913684,0.8155007835874056,0.12917025201748777
0.2992941176470588,0.8155007835874056,0.12926160015720486
0.2992574775151642,0.8153583131500214,0.12926756146129365
0.299429707528907,0.8153583131500214,0.1293293513204615
0.2993930514859774,0.8152158427126371,0.12933036826363445
0.29940871749254355,0.8152158427126371,0.12933168091685202
0.29937205651491366,0.8150733722752529,0.12933337294378014
0.29945040565297043,0.8150733722752529,0.12936765845596732
0.29941373534338356,0.8149309018378686,0.12937743779121635
0.2994764397905759,0.8149309018378686,0.1294077991801933
0.2994397612440442,0.8147884314004844,0.12942282878491154
0.29947112111850027,0.8147884314004844,0.12942775625862069
0.2994344365312107,0.8146459609631002,0.12942972027502606
0.2995756273903704,0.8146459609631002,0.12949283711663623
0.2995389290579482,0.8145034905257159,0.12949333188234707
0.29963312368972744,0.8145034905257159,0.1295393463571942
0.2995964149064416,0.8143610200883317,0.12954132814918154
0.2996435311386035,0.8143610200883317,0.1295471127477394
0.29960681520314547,0.8142185496509474,0.1295515037346109
0.29963823205578566,0.8142185496509474,0.1295844444456869
0.29961721986261863,0.8140760792135632,0.1295874422739282
0.2996329313057158,0.8140760792135632,0.1296038268167804
0.29961191525068176,0.8139336087761789,0.12961769902362688
0.29957518225205854,0.8137911383387947,0.12962340456997112
0.29965376141013533,0.8137911383387947,0.12966252386490876
0.2996170190441215,0.8136486679014104,0.12966347380866025
0.2996327387198321,0.8136486679014104,0.12966654211316192
0.29961171161716865,0.8135061974640262,0.12967236741562607
0.29981622473090047,0.8135061974640262,0.12975372011370373
0.29977945809703843,0.813363727026642,0.12975400136061352
0.30029982641628533,0.813363727026642,0.1300796926867859
0.3002630194634403,0.8132212565892577,0.1300842656067677
0.3004368650981631,0.8132212565892577,0.13015028980860935
0.30040004210969573,0.8130787861518735,0.13017547996821877
0.3003632152445123,0.8129363157144892,0.1301780261049846
0.30044229149115415,0.8129363157144892,0.13026038002073415
0.30040545521562845,0.812793845277105,0.1302662280084688
0.3004687417706852,0.812793845277105,0.13029722657777773
0.30043189718740126,0.8126513748397207,0.13030646336607646
0.3003950487226758,0.8125089044023365,0.13034077029573055
0.3004425244968918,0.8125089044023365,0.13038998642742972
0.3004056688267215,0.8123664339649522,0.13039288238613722
0.30043732546498764,0.8123664339649522,0.13042919548908777
0.3004004636948045,0.812223963527568,0.1304334682821081
0.30041629340780945,0.812223963527568,0.13043395666953303
0.3003794266441821,0.8120814930901837,0.13043931241747322
0.30045859469716935,0.8120814930901837,0.1304849398616292
0.30042171850289934,0.8119390226527995,0.13049812479782807
0.3005167686142164,0.8119390226527995,0.13053840553559196
0.3004957282987027,0.8117965522154154,0.13056942580984335
0.3005115763936501,0.8117965522154154,0.13057454601627344
0.3004746835443038,0.8116540817780311,0.13057585004044667
0.3005698005698006,0.8116540817780311,0.13062239837092793
0.3005328971666755,0.8115116113406469,0.13065244668280507
0.3004959898691431,0.8113691409032626,0.13065695230854757
0.30068637803590287,0.8113691409032626,0.13074379795188174
0.300649453508633,0.8112266704658784,0.130762297725167
0.3006653289682121,0.8112266704658784,0.13079748764905738
0.3006283994296879,0.8110842000284941,0.13079775096299315
0.30093033090178667,0.8110842000284941,0.13091403819605524
0.3008933763281704,0.8109417295911099,0.13091511747479023
0.3009092831465426,0.8109417295911099,0.1309343650779083
0.3008723235527359,0.8107992591537256,0.13093723144580566
0.30090414000951726,0.8107992591537256,0.13094149155068907
0.3008671742808799,0.8106567887163414,0.1309575206240805
0.3008989952406134,0.8106567887163414,0.130959236079699
0.30086202337511236,0.8105143182789571,0.13096113542120624
0.3009097640960542,0.8105143182789571,0.13100718522857666
0.3008727849775192,0.8103718478415729,0.13100754711200957
0.30109575988565984,0.8103718478415729,0.13113277613258034
0.3010587612493383,0.8102293774041887,0.131147021714162
0.3010217586955371,0.8100869069668044,0.13116500601775458
0.30108551760656604,0.8100869069668044,0.13119510936600595
0.3010485066723152,0.8099444365294202,0.1311959615384552
0.30128782659388414,0.8099444365294202,0.131401041072286
0.30125079499682,0.8098019660920359,0.1314012030012878
0.30158645938345624,0.8098019660920359,0.13157928192027557
0.3015494004032686,0.8096594956546517,0.13158327831420155
0.3016454352441614,0.8096594956546517,0.13166492132500118
0.3016083656245024,0.8095170252172674,0.1316809234474866
0.30168843580758203,0.8095170252172674,0.1317078316874897
0.30165135666117987,0.8093745547798832,0.13171848245699566
0.3016142735768904,0.8092320843424989,0.1317235130012977
0.30175848695744567,0.8092320843424989,0.1318097296594891
0.30172138986292635,0.8090896139051147,0.13181558939058335
0.3018176020408163,0.8090896139051147,0.13186408663968335
0.3017804942864736,0.8089471434677304,0.1318787438753369
0.3017433825874349,0.8088046730303462,0.13188213850642852
0.3019038502446288,0.8088046730303462,0.13198260705876638
0.3018667233952029,0.808662202592962,0.13199336054913952
0.3018295925965323,0.8085197321555777,0.132009943773079
0.30207058072071113,0.8085197321555777,0.13221277187685843
0.30203342914936654,0.8083772617181935,0.13221406492452162
0.3019962736225712,0.8082347912808092,0.13222189253971994
0.3020445107017357,0.8082347912808092,0.13224128020064266
0.3020073478515521,0.808092320843425,0.13226394189368829
0.3021360464496884,0.808092320843425,0.1323170812685444
0.30209887065842744,0.8079498504060407,0.13231769901143167
0.30206169090618507,0.8078073799686565,0.13232038626865286
0.3021260723610593,0.8078073799686565,0.1323502483739315
0.30208888415219015,0.8076649095312722,0.13235768422200683
0.302153288561987,0.8076649095312722,0.1323991879750774
0.30211609189275623,0.807522439093888,0.13240215930333837
0.30229333333333336,0.807522439093888,0.13248646682218834
0.3022561203264174,0.8073799686565037,0.1324877498307645
0.30240128068303096,0.8073799686565037,0.13259357888170814
0.30236405357809915,0.8072374982191195,0.13259971530369197
0.30232682249973314,0.8070950277817353,0.13260468350415427
0.30242366004697846,0.8070950277817353,0.13267503959030943
0.30238641823714696,0.806952557344351,0.13268108092060918
0.3025964312426541,0.806952557344351,0.1327975919584309
0.3025591708072875,0.8068100869069668,0.13279795003457825
0.3027532745255279,0.8068100869069668,0.13290992348502975
0.30271599657827203,0.8066676164695825,0.13293681132943025
0.3028131350946625,0.8066676164695825,0.13299040633622083
0.3027758463924694,0.8065251460321983,0.1329936532581848
0.30279204107830554,0.8065251460321983,0.1330041767634485
0.3027547472586253,0.806382675594814,0.1330260608817256
0.30277094254841125,0.806382675594814,0.13303088651391015
0.30273364360990745,0.8062402051574298,0.1330508783855876
0.3027660371301696,0.8062402051574298,0.13306748898479864
0.3027287319422151,0.8060977347200456,0.13306823684659047
0.3028745784486912,0.8060977347200456,0.13313127781322634
0.3028372591006424,0.8059552642826614,0.1331596227786175
0.3030968709815688,0.8059552642826614,0.133374884933607
0.3030595295504474,0.8058127938452772,0.13338137220043808
0.3033195688314474,0.8058127938452772,0.13355937635867735
0.3032822052987236,0.8056703234078929,0.1335624912975578
0.3032984714400644,0.8056703234078929,0.13356566566844755
0.30326110276764645,0.8055278529705087,0.13357249852149197
0.3032237300863595,0.8053853825331244,0.13358872124881221
0.30323999570861493,0.8053853825331244,0.13360038944518915
0.30320261788530656,0.8052429120957402,0.1336028036262617
0.3032514218263762,0.8052429120957402,0.13361484476798438
0.3032140365938724,0.8051004416583559,0.13361484486549813
0.3032465790179769,0.8051004416583559,0.1336220968718236
0.30320918750670817,0.8049579712209717,0.13363211165121386
0.3032254602050126,0.8049579712209717,0.13363793983005315
0.30320433685792497,0.8048155007835874,0.13364147924869013
0.303166935050993,0.8046730303462032,0.13365762858934768
0.30321576206581846,0.8046730303462032,0.1336785701208667
0.30317835284011596,0.8045305599088189,0.13369527713965787
0.30321091065292094,0.8045305599088189,0.13373699300316355
0.30317349514041775,0.8043880894714347,0.1337430008399131
0.3032549145987754,0.8043880894714347,0.1338232411456181
0.30321748939141646,0.8042456190340505,0.13383122746736584
0.30326635865477597,0.8042456190340505,0.13385537910421907
0.3032289260194488,0.8041031485966662,0.133864245678109
0.30329410500295556,0.8041031485966662,0.13387827788401052
0.3032566638005159,0.803960678159282,0.13388694761027362
0.3032192185736551,0.8038182077218977,0.13388865486410143
0.30352915859694424,0.8038182077218977,0.13412560986810468
0.30349168773874213,0.8036757372845135,0.13413388817742336
0.30355701447559597,0.8036757372845135,0.13415583803779632
0.3035195350339038,0.8035332668471292,0.13417205856767608
0.30348205155804314,0.803390796409745,0.13417321145376204
0.30353105824093013,0.803390796409745,0.13420786835578144
0.30349356731442106,0.8032483259723607,0.1342154737942803
0.30352624495289365,0.8032483259723607,0.13423274877457983
0.3034887477118553,0.8031058555349765,0.1342338350464412
0.30360316690903216,0.8031058555349765,0.13428794702365612
0.30356565765377574,0.8029633850975922,0.13428796807435117
0.3041061889602331,0.8029633850975922,0.1346256907340115
0.30406863803151307,0.802820914660208,0.13463635694967083
0.3041014570966001,0.802820914660208,0.1346560829966525
0.3040638998326947,0.8026784442228238,0.13467613877370507
0.30409672370054514,0.8026784442228238,0.13470838335443555
0.3040591600993199,0.8025359737854395,0.13471213824836784
0.3045852708986698,0.8025359737854395,0.13497568951663655
0.3045476666846915,0.8023935033480553,0.1349815420569147
0.3048278848235549,0.8023935033480553,0.13520011246011757
0.30480675544007796,0.802251032910671,0.13520612983941385
0.30476912250311267,0.8021085624732868,0.1352106645868661
0.3047856214811607,0.8021085624732868,0.1352171783448099
0.3047644829453167,0.8019660920359025,0.13523727232139973
0.30491305996424894,0.8019660920359025,0.13531151221671714
0.304875406283857,0.8018236215985183,0.1353184141521117
0.304974531266934,0.8018236215985183,0.13535121888083404
0.30493686663415165,0.801681151161134,0.13537024131377062
0.30501951431049434,0.801681151161134,0.1354136503277432
0.3049818398655608,0.8015386807237498,0.13541508888278517
0.3049983736311395,0.8015386807237498,0.1354259939620109
0.30496069395500136,0.8013962102863655,0.13542616231551244
0.3052254598730262,0.8013962102863655,0.13550831935090218
0.30518775775993057,0.8012537398489813,0.13551583949342236
0.3052374491180461,0.8012537398489813,0.1355404466956707
0.3051997394702562,0.801111269411597,0.13554841437124449
0.30516202572870865,0.8009687989742128,0.1355651383854918
0.3051785908153295,0.8009687989742128,0.13556833607081747
0.30514087183106237,0.8008263285368286,0.13559084005552197
0.3052734481073155,0.8008263285368286,0.1356612281608743
0.30523571583749726,0.8006838580994443,0.1356641343290109
0.30535180657430044,0.8006838580994443,0.13576392269929885
0.3053140621603999,0.8005413876620602,0.1357747883784338
0.3053472448646886,0.8005413876620602,0.13581731818827142
0.30530949404923646,0.8003989172246759,0.13582744115719714
0.3053758765016035,0.8003989172246759,0.13584990001443528
0.3053381169819526,0.8002564467872917,0.13586241211923183
0.3053547159554227,0.8002564467872917,0.13588539070716785
0.3053169511797325,0.8001139763499074,0.13588571990239345
0.30536675547822306,0.8001139763499074,0.13591301198490147
0.3053289831430125,0.7999715059125232,0.13591344789556623
0.3056114951287215,0.7999715059125232,0.13600742991426
0.3055736991073372,0.799829035475139,0.13601757388575317
0.3055358989712046,0.7996865650377547,0.13602295319915475
0.30571895424836604,0.7996865650377547,0.13608227181508672
0.3056811373168473,0.7995440946003705,0.13608641309807834
0.3056433162653884,0.7994016241629862,0.13609394093168764
0.3056054910933159,0.799259153725602,0.13610689496596573
0.30565544295521413,0.799259153725602,0.1361577194616461
0.3056176101999673,0.7991166832882177,0.1361755324961684
0.30603448275862066,0.7991166832882177,0.13645054317784228
0.30599661701315,0.7989742128508335,0.13645158979661806
0.3059587471352177,0.7988317424134492,0.13645464688747674
0.3060422466022597,0.7988317424134492,0.13648631032784267
0.3060043668122271,0.798689271976065,0.1364995730803754
0.30620493773213897,0.798689271976065,0.13664165887657567
0.30618376488582977,0.7985468015386807,0.13664955918655294
0.30628415300546447,0.7985468015386807,0.1367216214565597
0.3062462429640964,0.7984043311012965,0.1367276618758827
0.30631320032795845,0.7984043311012965,0.1367597338317239
0.3062752815130644,0.7982618606639122,0.13676467847583113
0.3063590136147411,0.7982618606639122,0.13684739759247772
0.30632108486439197,0.798119390226528,0.13685859212489926
0.30642161689093095,0.798119390226528,0.13689530384640508
0.3063836770417373,0.7979769197891438,0.13690101993395762
0.3063457330415755,0.7978344493517595,0.13691387279861483
0.3063792537476748,0.7978344493517595,0.1369227047528014
0.3063413032773431,0.7976919789143753,0.1369311710308082
0.30645867542419264,0.7976919789143753,0.1370334814947609
0.3064207126826865,0.797549508476991,0.13706674023411777
0.30650459921156376,0.797549508476991,0.13710737524787067
0.30646662651262113,0.7974070380396068,0.13711058469990717
0.30651697699890473,0.7974070380396068,0.13714883469166872
0.30647899665918177,0.7972645676022225,0.13715074494498708
0.30659653736576814,0.7972645676022225,0.13722798478588172
0.3065585447372747,0.7971220971648383,0.13722850722080918
0.30664255179217365,0.7971220971648383,0.1372678814825765
0.30660454919155933,0.796979626727454,0.13726973216873964
0.306823168056165,0.796979626727454,0.13737421233093156
0.30678514617958424,0.7968371562900698,0.13737683574427023
0.306852471608054,0.7968371562900698,0.13742012116487945
0.3068144409085921,0.7966946858526855,0.13746376397978566
0.30684811237928006,0.7966946858526855,0.13748276330565404
0.3068100751797179,0.7965522154153013,0.1374843653743673
0.3068774356441078,0.7965522154153013,0.13752281330241306
0.30683938961466684,0.7964097449779171,0.13752698921439815
0.306873078612209,0.7964097449779171,0.13756429989877167
0.30683502607740876,0.7962672745405328,0.13757308991101128
0.3068687201449514,0.7962672745405328,0.13758412244726023
0.30683066110256974,0.7961248041031486,0.13758763096576898
0.307032967032967,0.7961248041031486,0.13775590327693824
0.3069948898291115,0.7959823336657643,0.13775685155161876
0.3070623797746634,0.7959823336657643,0.13778639228410952
0.30702429372320544,0.7958398632283801,0.13779263004997805
0.30726072607260724,0.7958398632283801,0.1379095744885368
0.3072226195060234,0.7956973927909958,0.13795107190345884
0.30718450874683684,0.7955549223536116,0.13795873506038106
0.3072521184109167,0.7955549223536116,0.13800472577731474
0.30721399878941286,0.7954124519162273,0.13801217944507635
0.30736621889451665,0.7954124519162273,0.13813149633736208
0.3073280845675274,0.7952699814788431,0.1381370886329566
0.3073619294091735,0.7952699814788431,0.1381427356474375
0.3073237885462555,0.7951275110414588,0.13815211852778866
0.3075439466578498,0.7951275110414588,0.13824999035851418
0.30750578639920645,0.7949850406040746,0.13826457235705816
0.3076583779015273,0.7949850406040746,0.13833771624224436
0.30762020291133657,0.7948425701666905,0.1383455284162503
0.3076371657016818,0.7948425701666905,0.13834964779415498
0.30759898533142166,0.7947000997293062,0.1383510657450289
0.30778568669646306,0.7947000997293062,0.13848570705955848
0.30774748923959827,0.794557629291922,0.13849452405479512
0.30788340510102685,0.794557629291922,0.13855173702610446
0.30784519405951527,0.7944151588545377,0.13855648090346853
0.30801524609180797,0.7944151588545377,0.1386514786633549
0.3079940334788133,0.7942726884171535,0.1387027286516654
0.30816428058150463,0.7942726884171535,0.13876969555487753
0.3081260364842454,0.7941302179797692,0.13877353393979625
0.3083135129155374,0.7941302179797692,0.13884232950200626
0.30827525168713354,0.793987747542385,0.13886423990071461
0.3082923051391271,0.793987747542385,0.13886458735945503
0.30825403850409383,0.7938452771050007,0.13887049039444915
0.308288148721921,0.7938452771050007,0.13887117800683177
0.3082498755048968,0.7937028066676165,0.13887686557466766
0.30826693227091634,0.7937028066676165,0.13887851597418807
0.30822865364395996,0.7935603362302323,0.1388926613332267
0.3088952972493345,0.7935603362302323,0.1393820563343025
0.30885696855415673,0.793417865792848,0.1393871679688822
0.3088740987243483,0.793417865792848,0.13939133788905503
0.3088357646014754,0.7932753953554638,0.13939828526731657
0.30890429958391125,0.7932753953554638,0.13941730939499983
0.3088659565024412,0.7931329249180795,0.1394182163471345
0.309003108348135,0.7931329249180795,0.13952164383360507
0.3089647515958923,0.7929904544806953,0.13952681019827792
0.30899905623716206,0.7929904544806953,0.1395338680128703
0.30896069287141903,0.792847984043311,0.13953388901457092
0.30906364545151616,0.792847984043311,0.1395922187282016
0.30902527075812275,0.7927055136059268,0.13959369084148693
0.30917981773727493,0.7927055136059268,0.1397283957853133
0.3091414281744929,0.7925630431685425,0.1397408751125156
0.3092101606358735,0.7925630431685425,0.13980773800986668
0.30917176209005004,0.7924205727311583,0.13981185537674204
0.3092921092142579,0.7924205727311583,0.13987792122207293
0.309253698142587,0.792278102293774,0.13988869643049637
0.309408557280365,0.792278102293774,0.13994406473346047
0.3093701313153795,0.7921356318563898,0.1399495038793286
0.3094217819578162,0.7921356318563898,0.1400064657596535
0.3093833481745325,0.7919931614190056,0.14001006172615285
0.30957286851924043,0.7919931614190056,0.1401414297425668
0.3095344174649142,0.7918506909816213,0.14014946074679116
0.30968964172285063,0.7918506909816213,0.14026049576956745
0.30965117574947065,0.7917082205442371,0.14027013647006878
0.3098756482462499,0.7917082205442371,0.14038476821201654
0.30983716261432076,0.7915657501068528,0.14039456788524768
0.3099408680129421,0.7915657501068528,0.14041850375554235
0.3099023709902371,0.7914232796694686,0.14042714690482275
0.3099196607900022,0.7914232796694686,0.14044642161418977
0.3098984488338355,0.7912808092320843,0.1404473547625854
0.30991574130907873,0.7912808092320843,0.1404480405882482
0.3098772321428571,0.7911383387947001,0.14045248484836317
0.30994641661085065,0.7911383387947001,0.140462861639918
0.30990789840915434,0.7909958683573158,0.14047677824678187
0.3100117259478474,0.7909958683573158,0.14052337172459625
0.3099731963368327,0.7908533979199316,0.14052539773714587
0.31014638507095765,0.7908533979199316,0.14060781693279312
0.31010783930267644,0.7907109274825473,0.14061591695537035
0.31006928922664284,0.7905684570451631,0.14061989129655014
0.3100866163732886,0.7905684570451631,0.14064678880466583
0.31004806080250363,0.7904259866077789,0.14065724459818787
0.3103602595658984,0.7904259866077789,0.14099145993888
0.31032167832167834,0.7902835161703946,0.14100110843912567
0.31058230683090704,0.7902835161703946,0.14113193383950864
0.31054370345484067,0.7901410457330104,0.14113256606584462
0.31063067099809566,0.7901410457330104,0.14118460986112188
0.3105920573573069,0.7899985752956261,0.14119308113980822
0.3106268556383396,0.7899985752956261,0.14123534613330527
0.31058823529411766,0.7898561048582419,0.14124480532440403
0.31062303899596594,0.7898561048582419,0.14126869568311087
0.3105844119459853,0.7897136344208576,0.14127368003442514
0.3105457805670739,0.7895711639834734,0.14128342828833507
0.3106850543782935,0.7895711639834734,0.14136432884693176
0.3106464091495207,0.7894286935460891,0.14136448392632173
0.31092531283317437,0.7894286935460891,0.14152660892205646
0.3108866442199775,0.789286223108705,0.14153407514154384
0.31095644364616076,0.789286223108705,0.14158053106562365
0.31091776592758913,0.7891437526713208,0.1415863894205212
0.3108790838666218,0.7890012822339365,0.14161251441496847
0.3110711677807111,0.7890012822339365,0.1417773438902979
0.31103246826199304,0.7888588117965523,0.1417789183377416
0.31108489240968595,0.7888588117965523,0.1418728378220483
0.31106366241501376,0.788716341359168,0.1418812430546913
0.31122104789745897,0.788716341359168,0.1419643763209541
0.31118232416933717,0.7885738709217838,0.14196534268377825
0.31123481781376516,0.7885738709217838,0.14198708449665043
0.31121358677314137,0.7884314004843995,0.14199398352408937
0.3113186318631863,0.7884314004843995,0.1420327417740172
0.31127988748241914,0.7882889300470153,0.14207348717718074
0.31131491588364374,0.7882889300470153,0.14208819039717066
0.3112761647535449,0.788146459609631,0.14209481705367738
0.3112374092622812,0.7880039891722468,0.1421054865394426
0.3112549240292628,0.7880039891722468,0.14212202320005382
0.3112161629804716,0.7878615187348625,0.14214166074645773
0.3112862369828314,0.7878615187348625,0.14215656912296645
0.31124746678675974,0.7877190482974783,0.14215754632804833
0.31120869222541236,0.787576577860094,0.14217366694907113
0.3112963171528325,0.787576577860094,0.14221021848091442
0.31125753224080643,0.7874341074227098,0.14221279534092776
0.31146801916032685,0.7874341074227098,0.1423278582356269
0.311429215509468,0.7872916369853256,0.14233128911151027
0.3114818781353926,0.7872916369853256,0.14238672842637592
0.31144306651634723,0.7871491665479413,0.14239131838427987
0.31140425052144993,0.7870066961105571,0.14240646663480938
0.31136543014996054,0.7868642256731728,0.14241258646909133
0.31138298472120424,0.7868642256731728,0.14241797134582246
0.31134415877311683,0.7867217552357886,0.1424261742995636
0.31180124223602484,0.7867217552357886,0.14265725249441857
0.31176238071037327,0.7865792847984043,0.14266246151103168
0.3117799864468037,0.7865792847984043,0.14267191234985138
0.3117411193313379,0.7864368143610201,0.14270622236718378
0.311719853148828,0.7862943439236358,0.14270666345897878
0.3118607673616997,0.7862943439236358,0.14277478042263317
0.3118218806509946,0.7861518734862516,0.14279663728899536
0.3118747527270672,0.7861518734862516,0.1428228992409386
0.311835858014922,0.7860094030488673,0.14284827985381535
0.3118887444174346,0.7860094030488673,0.14287901523888863
0.311849841700588,0.7858669326114831,0.14288343972877673
0.31181093458472325,0.7857244621740989,0.1428885221439752
0.31186383171228227,0.7857244621740989,0.1429148197822963
0.31182491658655204,0.7855819917367146,0.14292790014033827
0.31198370487722077,0.7855819917367146,0.1429685463545593
0.3119447745147966,0.7854395212993304,0.14298791055693907
0.3119058397464916,0.7852970508619461,0.14299513476556172
0.31194114318053195,0.7852970508619461,0.14302293586032327
0.3119022015960156,0.7851545804245619,0.1430238246841311
0.31209650016989465,0.7851545804245619,0.14312435096157156
0.31205754091861587,0.7850121099871776,0.14313114803319335
0.3120185772541912,0.7848696395497934,0.14315014706331702
0.31203625035400734,0.7848696395497934,0.14317340411024895
0.311997281069446,0.7847271691124091,0.14317703375130558
0.31205030876437595,0.7847271691124091,0.14321807200202127
0.31201133144475923,0.7845846986750249,0.14321960276764711
0.3120290101422177,0.7845846986750249,0.14322436540835715
0.3119900271985494,0.7844422282376406,0.14323467324470876
0.31209613422514454,0.7844422282376406,0.14330911668873714
0.31205713961793546,0.7842997578002564,0.1433101969400152
0.31219871831225543,0.7842997578002564,0.1433499424994109
0.31217741478078387,0.7841572873628722,0.14336259471567114
0.3124964514846988,0.7841572873628722,0.1435386367266708
0.31245741539859184,0.7840148169254879,0.14354954835127995
0.3125461464190379,0.7840148169254879,0.14357274660081218
0.31250709985232306,0.7838723464881037,0.14358131450970635
0.3125781161231678,0.7838723464881037,0.14364552495081614
0.31253906028066586,0.7837298760507194,0.14365806262775818
0.3125923400386408,0.7837298760507194,0.14366785447997027
0.3125532761266125,0.7835874056133353,0.14369883017800034
0.312677657760091,0.7835874056133353,0.14379806620473404
0.31263858093126384,0.783444935175951,0.1438116965689163
0.3127274795268426,0.783444935175951,0.1438388204608111
0.31268839219700845,0.7833024647385668,0.1438388584471333
0.3127951299994311,0.7833024647385668,0.14386770762546777
0.3127560309512972,0.7831599943011825,0.14387556628318138
0.3129162634485114,0.7831599943011825,0.14396506647857377
0.31287714903791414,0.7830175238637983,0.14397409536849998
0.3128949615713066,0.7830175238637983,0.14401734234158056
0.31285584149396495,0.7828750534264141,0.14403125584157336
0.3129092876259894,0.7828750534264141,0.14407698112666867
0.312870159453303,0.7827325829890298,0.14408008634710623
0.312831026823851,0.7825901125516456,0.14409485583067488
0.3129379593231926,0.7825901125516456,0.14414014718282864
0.31289881494986327,0.7824476421142613,0.14417525022954353
0.312916642926329,0.7824476421142613,0.14419450805983658
0.3128774928774929,0.7823051716768771,0.1442023140366099
0.3129309853536217,0.7823051716768771,0.14422110765692198
0.312891827197082,0.7821627012394928,0.1442316474505458
0.31296317409645424,0.7821627012394928,0.14426024976973997
0.31292400661307795,0.7820202308021086,0.14429050512910907
0.3130667883419837,0.7820202308021086,0.14440425523077915
0.3130276066621036,0.7818777603647243,0.14440766555052575
0.3131347711970786,0.7818777603647243,0.14449150581186565
0.31309557774607705,0.7817352899273401,0.14450337115819337
0.31314918388311835,0.7817352899273401,0.14453374180649683
0.313109982306946,0.7815928194899558,0.14453855606878346
0.3131457274958616,0.7815928194899558,0.14455097596037575
0.3131065190090193,0.7814503490525716,0.14457424836234406
0.3131601484441907,0.7814503490525716,0.14460620020283985
0.3131209318259678,0.7813078786151874,0.14461305990605516
0.3134609888539583,0.7813078786151874,0.1448908482124566
0.3134217445981479,0.7811654081778031,0.14489978335644396
0.31345758060827805,0.7811654081778031,0.14490346998560907
0.3134183294265622,0.7810229377404189,0.14490423734720972
0.31349002115857494,0.7810229377404189,0.14496208775934707
0.3134507606084868,0.7808804673030346,0.14496294932819553
0.31375579598145287,0.7808804673030346,0.14508664674260852
0.3137165101900618,0.7807379968656504,0.14508989911230524
0.31380633339059727,0.7807379968656504,0.14512590450234844
0.3137670369946169,0.7805955264282661,0.14512624501293275
0.3139648157698699,0.7805955264282661,0.14524208222361643
0.31392550143266473,0.7804530559908819,0.14526436859587594
0.31388618258926015,0.7803105855534976,0.14528096906483268
0.3139401582024533,0.7803105855534976,0.14533839187135839
0.31390083118372025,0.7801681151161134,0.14536596104450616
0.3138614996560422,0.7800256446787291,0.1453684845565856
0.31391548649733386,0.7800256446787291,0.14540769457007158
0.31387614678899084,0.7798831742413449,0.14543051762487852
0.31396616002294236,0.7798831742413449,0.14546035618381734
0.31392680968223013,0.7797407038039607,0.14547911532059127
0.313944817300522,0.7797407038039607,0.14551491159166544
0.3139054612207435,0.7795982333665764,0.14552587404685682
0.31437435367114785,0.7795982333665764,0.14583881935611867
0.3143349612180408,0.7794557629291922,0.14584791606881375
0.3144614323485458,0.7794557629291922,0.14592542719967003
0.3144220267862275,0.7793132924918079,0.14592602643076133
0.3148563863466298,0.7793132924918079,0.14618424187901183
0.3148169468109602,0.7791708220544237,0.14619058739213725
0.31483506994415983,0.7791708220544237,0.14619190542513222
0.31479562464018424,0.7790283516170394,0.14619212878457682
0.3148500028790234,0.7790283516170394,0.14622690342560854
0.31481054934930325,0.7788858811796552,0.14623409362190684
0.3148830779864071,0.7788858811796552,0.14624950480151006
0.314843614999136,0.7787434107422709,0.14631442527349514
0.31487988939455036,0.7787434107422709,0.14636766064190054
0.31484041940315705,0.7786009403048867,0.14637055418486464
0.3148585585066544,0.7786009403048867,0.14642077521869962
0.31481908273795806,0.7784584698675024,0.1464241231747001
0.3149098034695407,0.7784584698675024,0.14647081434353107
0.31487031700288187,0.7783159994301182,0.1464721900702224
0.31488846619401695,0.7783159994301182,0.14647410318687923
0.31484897394512334,0.778173528992734,0.14649548887783548
0.31513962612508656,0.778173528992734,0.1466121723440004
0.3151001096301425,0.7780310585553498,0.14661882147650604
0.31515466297322253,0.7780310585553498,0.1466311032392116
0.31511513822358167,0.7778885881179656,0.14665371482012907
0.3150756089114625,0.7777461176805813,0.14668266434601593
0.31523936016631054,0.7777461176805813,0.14674154394546762
0.3151998151998152,0.7776036472431971,0.1467800467434359
0.31525443308496504,0.7776036472431971,0.1468164801957123
0.3152148798521257,0.7774611768058128,0.14682052359485612
0.3151753220495639,0.7773187063684286,0.1468390959668041
0.3151357596764876,0.7771762359310443,0.14685617918154775
0.3152450300508553,0.7771762359310443,0.14690570943822467
0.31520545570132347,0.7770337654936601,0.14693715998218396
0.31527833978842706,0.7770337654936601,0.14699017522541202
0.3152387559255405,0.7768912950562759,0.14699975220922
0.31532990227259583,0.7768912950562759,0.14708570215996566
0.3152903076567199,0.7767488246188916,0.14709290631318067
0.3154179924790281,0.7767488246188916,0.1471581909573417
0.31537838463318674,0.7766063541815074,0.1471593026131124
0.3154331346565592,0.7766063541815074,0.1471831306748633
0.31539351851851855,0.7764638837441231,0.1471858820410067
0.3155213338736757,0.7764638837441231,0.14728607741827404
0.31548170449282076,0.7763214133067389,0.14729447109104293
0.3155182397220614,0.7763214133067389,0.14730632928370804
0.31547860327754934,0.7761789428693546,0.14731722781331674
0.31573456968994495,0.7761789428693546,0.1475371723956361
0.3156949113249102,0.7760364724319704,0.14753993138497867
0.3158230416884096,0.7760364724319704,0.14760274377234034
0.3157833700568248,0.7758940019945861,0.14763369289238784
0.3157436938242969,0.7757515315572019,0.14763656993758653
0.31578031665023487,0.7757515315572019,0.14770411204532533
0.31574063333719987,0.7756090611198176,0.14770960221821305
0.3157589466968273,0.7756090611198176,0.14771501327929912
0.31571925754060326,0.7754665906824334,0.1477334140596164
0.3157558881540782,0.7754665906824334,0.1477520242276188
0.31571619191274586,0.7753241202450492,0.14775256188332456
0.31567649106521234,0.7751816498076649,0.14777308494759053
0.315841411737389,0.7751816498076649,0.14786171374386728
0.3158200290275762,0.7750391793702807,0.14789826508853607
0.315893385982231,0.7750391793702807,0.14792507270740793
0.31585365853658537,0.7748967089328964,0.14792567085727557
0.31625770438423073,0.7748967089328964,0.14812644059677066
0.3162179449904053,0.7747542384955122,0.14813708719745738
0.31634671320535196,0.7747542384955122,0.1482044207703382
0.31630694048519403,0.7746117680581279,0.14824598557576715
0.31626716313707237,0.7744692976207437,0.14824795541775715
0.31622738116017923,0.7743268271833594,0.14825179632706595
0.3162825884543762,0.7743268271833594,0.1482887900429535
0.3162427981144154,0.7741843567459752,0.14830005804522645
0.31629802095459836,0.7741843567459752,0.14830569148353753
0.3162582222480936,0.7740418863085909,0.14831106016484413
0.3162184189079055,0.7738994158712067,0.14831575555874682
0.3162920694072435,0.7738994158712067,0.14835160179115617
0.31627067318891217,0.7737569454338225,0.14836119650793375
0.3162308543474463,0.7736144749964382,0.14836797370646068
0.31626769177005065,0.7736144749964382,0.1483870202822246
0.3162278657968313,0.773472004559054,0.14839380109428332
0.3163015614075973,0.773472004559054,0.14844666316690858
0.3162617258055119,0.7733295341216697,0.14845208319384967
0.3163170163170163,0.7733295341216697,0.1484694085669622
0.31627717232938984,0.7731870636842855,0.1484788263141337
0.3164431486880466,0.7731870636842855,0.14853376608232627
0.31640328882150565,0.7730445932469012,0.14855225327250043
0.31636342430604153,0.772902122809517,0.14856273143152318
0.31643723751749886,0.772902122809517,0.14864476017248088
0.3163973633553054,0.7727596523721327,0.14866259376440333
0.3164712060213548,0.7727596523721327,0.14867902599965582
0.31643132220795894,0.7726171819347485,0.14868667033048844
0.3163914337398611,0.7724747114973642,0.14869266348512683
0.31657616628714896,0.7724747114973642,0.14883957121134417
0.316536260656312,0.7723322410599801,0.14884049367726662
0.3164963503649635,0.7721897706225959,0.14884095521085464
0.3165148329829479,0.7721897706225959,0.14885783582278223
0.3164749167786019,0.7720473001852116,0.14886402058832615
0.316511885987968,0.7720473001852116,0.14889006455653056
0.3164719626168224,0.7719048297478274,0.14889380667270263
0.3165459219443795,0.7719048297478274,0.14897149484141026
0.3165059888986269,0.7717623593104431,0.14899823138816887
0.31659848042080657,0.7717623593104431,0.14907711827805212
0.3165585364428079,0.7716198888730589,0.14908045011808835
0.3165370900800842,0.7714774184356746,0.14908155038992518
0.3166111208559902,0.7714774184356746,0.14913353112348499
0.3165896731185311,0.7713349479982904,0.14915851951457854
0.3165497076023392,0.7711924775609061,0.14918673111221206
0.316568220363764,0.7711924775609061,0.14918703415767204
0.31652824891800213,0.7710500071235219,0.14919269997704374
0.316488272796397,0.7709075366861377,0.149200431694813
0.3166920285613953,0.7709075366861377,0.14933454689527073
0.31665203394790753,0.7707650662487534,0.14933931006431658
0.31689315838800375,0.7707650662487534,0.1494449793255368
0.31687170474516696,0.7706225958113692,0.14945719170303523
0.3171503957783641,0.7706225958113692,0.14961178972526465
0.3171103553418553,0.7704801253739849,0.1496230843247552
0.3173336462856472,0.7704801253739849,0.14975655986988365
0.3172935860571563,0.7703376549366007,0.14977791922186998
0.3175544723086862,0.7703376549366007,0.1500165576074965
0.3175143897568425,0.7701951844992164,0.15005446337316333
0.31757034600246725,0.7701951844992164,0.1501419428461096
0.31753025496416404,0.7700527140618322,0.15015467132153668
0.3176235529176706,0.7700527140618322,0.15020510381924085
0.31758345086976963,0.7699102436244479,0.15021668689502063
0.3175433441081399,0.7697677731870637,0.15021816678164648
0.3177674528024466,0.7697677731870637,0.15033471696558623
0.317727326196918,0.7696253027496794,0.15034638828640914
0.3178768977286101,0.7696253027496794,0.15040221254854982
0.31783675631142233,0.7694828323122952,0.15041006979493993
0.3177966101694915,0.769340361874911,0.15041359953452738
0.31775645930198343,0.7691978914375267,0.15042855708023314
0.3177751618599176,0.7691978914375267,0.15043074637113094
0.31773500500323737,0.7690554210001425,0.15044469130525392
0.3178472590237296,0.7690554210001425,0.15052062369485203
0.3178070898598516,0.7689129505627582,0.15052739611412286
0.31816306077934325,0.7689129505627582,0.15077094475109912
0.31812286286994457,0.768770480125374,0.15077658072099523
0.3182166656837884,0.768770480125374,0.1508147876359253
0.3181952226481864,0.7686280096879897,0.15081653221703362
0.318155007667807,0.7684855392506055,0.15081760654969611
0.31821131496666866,0.7684855392506055,0.15084720816611874
0.3181710914454277,0.7683430688132212,0.1508498453783391
0.3182837582625118,0.7683430688132212,0.15088303517071192
0.3182435223986307,0.768200598375837,0.1508883076899049
0.3182998819362456,0.768200598375837,0.1509180625679566
0.3182596375228762,0.7680581279384527,0.15092552091390463
0.31821938835753927,0.7679156575010685,0.1509318651384286
0.3182569674067076,0.7679156575010685,0.1509684044093044
0.3182167109536463,0.7677731870636842,0.1509845449807602
0.3183671058072901,0.7677731870636842,0.15112666933700955
0.31832683445586674,0.7676307166263,0.1511273736872509
0.3185715130373086,0.7676307166263,0.15127653578559921
0.31853122043519394,0.7674882461889158,0.1512897189957906
0.31858773434265775,0.7674882461889158,0.15133723929168919
0.3185662743242444,0.7673457757515315,0.15133900431531094
0.3188114123357405,0.7673457757515315,0.15147836070597082
0.31877108861658676,0.7672033053141473,0.15148072902860726
0.31886546660350545,0.7672033053141473,0.15152277304808934
0.3188251317581572,0.767060834876763,0.15152874749991832
0.31888178156834873,0.767060834876763,0.15155628323435938
0.31884143813303323,0.7669183644393788,0.15155906110439907
0.3188603246060893,0.7669183644393788,0.15156197842207017
0.31881997511995736,0.7667758940019946,0.15158441430006422
0.31902786010669826,0.7667758940019946,0.1516929461839502
0.3189874918489537,0.7666334235646104,0.15169756303941004
0.31902531570522324,0.7666334235646104,0.15171221399479784
0.31898494011621015,0.7664909531272261,0.15172815533145995
0.3189445597391046,0.7663484826898419,0.1517380192243973
0.319058069873658,0.7663484826898419,0.15181576865800314
0.31901767706726775,0.7662060122524577,0.1518297223982101
0.3190744586176209,0.7662060122524577,0.15186023770871615
0.31903405719710454,0.7660635418150734,0.1518705124121391
0.319071920246855,0.7660635418150734,0.15188006372831286
0.319031511482998,0.7659210713776892,0.15188612523690284
0.3189910979228487,0.7657786009403049,0.15190624827797924
0.3190289648622982,0.7657786009403049,0.151926110164514
0.31898854395441323,0.7656361305029207,0.15193514618516424
0.31906429970907796,0.7656361305029207,0.15196153181745464
0.3190238688991806,0.7654936600655364,0.15199344998084943
0.3190428121845496,0.7654936600655364,0.15200207066725374
0.3190023752969121,0.7653511896281522,0.15200913814434708
0.3190213195557931,0.7653511896281522,0.15202988444338378
0.31898087658866847,0.7652087191907679,0.1520331812050539
0.31911354049076107,0.7652087191907679,0.15208428111446695
0.31907308377896615,0.7650662487533837,0.15209914753529355
0.3192248246344073,0.7650662487533837,0.15218439263056927
0.3191843528922181,0.7649237783159994,0.15219797434781004
0.3191438763376932,0.7647813078786152,0.15220691970991418
0.3191033949699744,0.764638837441231,0.1522148545238545
0.3190629087882031,0.7644963670038467,0.1522160932649237
0.3191198334820101,0.7644963670038467,0.15226481086553142
0.3190793386463661,0.7643538965664625,0.15227193206117212
0.31911729716868903,0.7643538965664625,0.15228751435450238
0.31907679495568375,0.7642114261290782,0.1522950345751776
0.3193807680857398,0.7642114261290782,0.15251706388396186
0.3193402405621055,0.764068955691694,0.15252777488585048
0.3193782753692234,0.764068955691694,0.1525429283385842
0.3193377404561968,0.7639264852543097,0.15255739175709807
0.31954707985697256,0.7639264852543097,0.1527112551364558
0.3195065260146612,0.7637840148169255,0.15272063168321692
0.3197351941313294,0.7637840148169255,0.15292019667171983
0.31969462006441607,0.7636415443795412,0.1529284376415595
0.3197518343971843,0.7636415443795412,0.1529812314185358
0.3197112516406157,0.763499073942157,0.15298834218421556
0.31973032635284293,0.763499073942157,0.15299327918938818
0.31968973747016705,0.7633566035047727,0.15300386920626047
0.3197469714149311,0.7633566035047727,0.153060928166475
0.3197063738362378,0.7632141330673885,0.15309165882515965
0.3198972889048131,0.7632141330673885,0.15317389014964347
0.31985667363392056,0.7630716626300043,0.15319309185211832
0.3200478040035853,0.7630716626300043,0.15328443405618664
0.3200071710290427,0.76292919219262,0.15329210268885538
0.3200645508337816,0.76292919219262,0.15333389554136073
0.32002390914524803,0.7627867217552358,0.15333441563350161
0.32015786641152905,0.7627867217552358,0.15344201360993084
0.320117210859945,0.7626442513178515,0.15344882649001787
0.3202895949261054,0.7626442513178515,0.15356876939507902
0.3202489229296314,0.7625017808804673,0.15357243842896487
0.3204022988505747,0.7625017808804673,0.15362155413414608
0.3203616116865234,0.762359310443083,0.1536409735433815
0.32039997604933834,0.762359310443083,0.1536641245696155
0.3203592814371258,0.7622168400056988,0.1536802365702491
0.3203784657763938,0.7622168400056988,0.15370508826024887
0.3203377650017966,0.7620743695683145,0.15371481136513018
0.32043371473072546,0.7620743695683145,0.1538002870940477
0.3203930026359933,0.7619318991309303,0.15381796513904153
0.32045059620109057,0.7619318991309303,0.1538388191015782
0.3204098753595398,0.761789428693546,0.15384621287537834
0.32075584883023395,0.761789428693546,0.15402861328207956
0.32071509988601593,0.7616469582561618,0.15403191069562797
0.3210810810810811,0.7616469582561618,0.15423495482552818
0.32104030272088413,0.7615044878187776,0.15423556782060274
0.3212718639177736,0.7615044878187776,0.1542954911508367
0.3212310651598942,0.7613620173813933,0.15429755311045718
0.321190261496844,0.7612195469440092,0.15431445182241096
0.3213641284734753,0.7612195469440092,0.15439075273754282
0.3213233082706767,0.7610770765066249,0.15440731561344714
0.3212824831568816,0.7609346060692407,0.15442327231055142
0.32147586372938486,0.7609346060692407,0.15455608544040791
0.3214350207668693,0.7607921356318564,0.15459737814167424
0.32153179190751446,0.7607921356318564,0.1546198106439229
0.3214909375564521,0.7606496651944722,0.15463161233118197
0.32152965974104186,0.7606496651944722,0.15465893941812234
0.32148879788002893,0.760507194757088,0.15468655637108913
0.32144793109678976,0.7603647243197037,0.15469456267450055
0.32150602409638557,0.7603647243197037,0.15472907918094572
0.32146514850292185,0.7602222538823195,0.15473511320924366
0.3214845162067719,0.7602222538823195,0.15473694352242603
0.32144363439175755,0.7600797834449352,0.1547373670263717
0.32148237420909914,0.7600797834449352,0.15476003035708258
0.32146085698788646,0.759937313007551,0.15476746563909832
0.32159652719160736,0.759937313007551,0.15483628399036897
0.3215556225504974,0.7597948425701667,0.1548644281121821
0.32159440390761623,0.7597948425701667,0.1548809949594622
0.32155349173802916,0.7596523721327825,0.15488195386592998
0.32172811198938034,0.7596523721327825,0.15497074002359515
0.32168718320057926,0.7595099016953982,0.1549742787460845
0.32172601086300545,0.7595099016953982,0.1550379142478532
0.3216850745367856,0.759367431258014,0.15504765977792062
0.32176275279203137,0.759367431258014,0.1550939999598305
0.32172180632697417,0.7592249608206297,0.1550957716766073
0.32199395770392747,0.7592249608206297,0.15528631527499664
0.32195298809595746,0.7590824903832455,0.15528834412964568
0.32197244379985496,0.7590824903832455,0.15529403354932275
0.3219314679398078,0.7589400199458612,0.15529931013849185
0.3219509246947903,0.7589400199458612,0.15534478786706882
0.32190994258084016,0.758797549508477,0.15534673545244765
0.322104626549743,0.758797549508477,0.1554189703563908
0.32206362646667475,0.7586550790710928,0.15542421643080098
0.3221220736797532,0.7586550790710928,0.15546286996176834
0.3220810647307925,0.7585126086337085,0.1554759991143546
0.3222760290556901,0.7585126086337085,0.15559887633387068
0.3222350021187723,0.7583701381963243,0.1556122456878327
0.3222545102312629,0.7583701381963243,0.15561376615245265
0.3222134770236726,0.75822766775894,0.15564620400017948
0.3222720116264987,0.75822766775894,0.15567159722517251
0.322230969539151,0.7580851973215558,0.1556731406902696
0.3222700018169705,0.7580851973215558,0.1557113606740896
0.32222895215021197,0.7579427268841715,0.15572359305060748
0.3222875143878355,0.7579427268841715,0.15573894043755185
0.32226598000605877,0.7578002564467873,0.15575551538999685
0.3222249151720795,0.757657786009403,0.15576392538093878
0.32234210207297853,0.757657786009403,0.1558020650616842
0.322301024428684,0.7575153155720188,0.15581190419516847
0.32232056256062075,0.7575153155720188,0.15582536581089643
0.32227947862988787,0.7573728451346345,0.1558305408931504
0.32223838971747304,0.7572303746972503,0.15585399940036873
0.32225792760565086,0.7572303746972503,0.1558543830493838
0.3222168324035896,0.757087904259866,0.1558681047936623
0.3224318912687337,0.757087904259866,0.15595850898442687
0.3223907766990291,0.7569454338224818,0.1559598312739267
0.32242990654205606,0.7569454338224818,0.15598195274692006
0.32240835154163633,0.7568029633850976,0.15598929157588973
0.3227413573121089,0.7568029633850976,0.15615339486747123
0.32270020658646253,0.7566604929477133,0.15615386366475018
0.32289640077821014,0.7566604929477133,0.15622850479951705
0.3228748631886173,0.7565180225103291,0.15629102509817294
0.3228944968075403,0.7565180225103291,0.156293801638188
0.32285332036000974,0.7563755520729448,0.15630507577041933
0.3228729550568631,0.7563755520729448,0.1563139402145584
0.3228317722904756,0.7562330816355606,0.15633434294780738
0.32285140806520285,0.7562330816355606,0.15635543412782527
0.3228102189781022,0.7560906111981763,0.15636250247662267
0.32304601899196494,0.7560906111981763,0.15649060514013136
0.3230048091556584,0.7559481407607921,0.15650600735611023
0.3234774126684143,0.7559481407607921,0.15672841915825908
0.32343616632118033,0.7558056703234078,0.15673208038651754
0.32339491494421074,0.7556631998860236,0.15678542000809895
0.3236119585112874,0.7556631998860236,0.15694635068812912
0.3235706876563549,0.7555207294486395,0.1569628976342142
0.32372871009095905,0.7555207294486395,0.15704173315528863
0.3236874236874237,0.7553782590112552,0.1570561115882148
0.3238258107860502,0.7553782590112552,0.15712332859053885
0.3237845101392621,0.755235788573871,0.15712434009063161
0.3238240684178375,0.755235788573871,0.15714572755636855
0.3237827600953021,0.7550933181364867,0.1571505030619146
0.3237414467253177,0.7549508476991025,0.1571552302168624
0.3237001283069591,0.7548083772617182,0.1571599609964189
0.32375947201173305,0.7548083772617182,0.15721932602994027
0.32371814459451204,0.754665906824334,0.15722877257796483
0.32379729812335717,0.754665906824334,0.15726021827007858
0.3237559603863553,0.7545234363869497,0.15727027936045584
0.3242713690913544,0.7545234363869497,0.15753116828317054
0.3242299920396791,0.7543809659495655,0.15753768048922645
0.3241886099203919,0.7542384955121813,0.15753900757603187
0.32432763585125285,0.7542384955121813,0.15761053551277868
0.32428623943144225,0.754096025074797,0.15762090208611776
0.3243061086943202,0.754096025074797,0.15764013790526749
0.32426470588235295,0.7539535546374128,0.15764112661676435
0.3242431670547861,0.7538110842000285,0.15765910021575724
0.3242630385487528,0.7538110842000285,0.15766282086203787
0.3242216229468007,0.7536686137626443,0.1576634746929728
0.3245199681001166,0.7536686137626443,0.157813617957442
0.32447852760736196,0.75352614332526,0.15782758992618273
0.3244984354868397,0.75352614332526,0.15783159939095473
0.3244768975885132,0.7533836728878758,0.15783316684665674
0.32455655803105626,0.7533836728878758,0.15785508063364764
0.32451509943530565,0.7532412024504915,0.15787874294595738
0.32469446662162993,0.7532412024504915,0.15797713084209733
0.3246529910330426,0.7530987320131073,0.15799078304174818
0.32461151034948715,0.752956261575723,0.15799343254275588
0.3247710932219013,0.752956261575723,0.15804254676993182
0.3247495544219777,0.7528137911383388,0.15805144565779256
0.32482940923341735,0.7528137911383388,0.15809530862599236
0.3247879011434895,0.7526713207009545,0.15811533121793583
0.32534794925483435,0.7526713207009545,0.15835885249246154
0.3253063989653261,0.7525288502635703,0.158359961134994
0.3253264350825326,0.7525288502635703,0.1583926976628632
0.32528487834924547,0.7523863798261861,0.15841839820871062
0.3255054240631164,0.7523863798261861,0.1585562959908363
0.3254638476237441,0.7522439093888018,0.15857527328114565
0.3255039763269835,0.7522439093888018,0.15858803320557366
0.325462392108508,0.7521014389514176,0.15859851722481172
0.32550252805524726,0.7521014389514176,0.1586190630868276
0.32546093605475734,0.7519589685140333,0.1586224926636032
0.32550107924761024,0.7519589685140333,0.15863403810299928
0.32545947946219317,0.7518164980766491,0.15865058883974256
0.32551970883967674,0.7518164980766491,0.1586938372166055
0.3254780999383097,0.7516740276392648,0.15870045932225446
0.3256589099438306,0.7516740276392648,0.15879310755772408
0.3256172839506173,0.7515315572018806,0.15880354384784784
0.325778162055336,0.7515315572018806,0.15886914635113372
0.3257365202890495,0.7513890867644963,0.15887550636668188
0.32581701365293136,0.7513890867644963,0.1589333066926392
0.32577536142345237,0.7512466163271121,0.15894393990406908
0.3258357535685596,0.7512466163271121,0.15898583150603393
0.32579409220121125,0.7511041458897278,0.15900938460211372
0.32587464457905796,0.7511041458897278,0.15903996707417425
0.32583297273907397,0.7509616754523436,0.159044568209804
0.325853115727003,0.7509616754523436,0.1590547276808104
0.3258114374034003,0.7508192050149594,0.15906451685246217
0.3260735057542383,0.7508192050149594,0.15915146629665075
0.3260318049625642,0.7506767345775751,0.15916184340357323
0.326072157930565,0.7506767345775751,0.15918923430778747
0.32603044931303377,0.7505342641401909,0.15920437239986907
0.3260506282106827,0.7505342641401909,0.15920484180647226
0.3260089130973013,0.7503917937028066,0.1592160502237154
0.3259671928195605,0.7502493232654224,0.15922623566950453
0.3259254673765012,0.7501068528280381,0.15925344890607898
0.325883736767164,0.749964382390654,0.15927047844080833
0.3261058109280139,0.749964382390654,0.15936958320251388
0.3260640604671334,0.7498219119532697,0.15937318284569485
0.3261246746808774,0.7498219119532697,0.15943269715219743
0.3260829150399703,0.7496794415158855,0.15943785099227428
0.3262244265344079,0.7496794415158855,0.15952796398562816
0.32618265236530475,0.7495369710785013,0.15953596111471952
0.32640526119865987,0.7495369710785013,0.15961773463769663
0.3263634671464913,0.749394500641117,0.15964003822351513
0.326403971455166,0.749394500641117,0.15969070194435864
0.32636216954201314,0.7492520302037328,0.15970496687025534
0.3264837347901664,0.7492520302037328,0.15974460308571775
0.32644191966225866,0.7491095597663485,0.1597494798756909
0.32650273224043713,0.7491095597663485,0.15979732573415692
0.32646090790535925,0.7489670893289643,0.15983366326445472
0.3265217391304348,0.7489670893289643,0.15985665735366675
0.32647990558419776,0.74882461889158,0.15988652314984378
0.3265001863585539,0.74882461889158,0.15988823329434895
0.3264583462757035,0.7486821484541958,0.1598892320830202
0.3265191997017522,0.7486821484541958,0.1599193320046051
0.3264773504007954,0.7485396780168115,0.15993527274050487
0.32655851824227733,0.7485396780168115,0.15996106910678484
0.32651665837891597,0.7483972075794273,0.1599765942023596
0.32667910447761195,0.7483972075794273,0.16002860779702824
0.32663722868337586,0.748254737142043,0.16003781558385285
0.3269625848222623,0.748254737142043,0.16020729991655824
0.326920682355871,0.7481122667046588,0.16021092211780402
0.3270224824064271,0.7481122667046588,0.1602562939928547
0.32698056801195813,0.7479697962672746,0.1602598916128539
0.3269590133300112,0.7478273258298903,0.16029570631115087
0.32699975080986793,0.7478273258298903,0.16030488602951626
0.32695782194255807,0.7476848553925061,0.1603162586543286
0.32705970335286055,0.7476848553925061,0.1603462122348434
0.32701776254284826,0.7475423849551218,0.16035399117528643
0.3271400960159611,0.7475423849551218,0.1604030592919752
0.3270981419129567,0.7473999145177376,0.16040696728858805
0.32705618257778885,0.7472574440803533,0.1604267034492841
0.327199001871491,0.7472574440803533,0.16051381410555265
0.3271570278869549,0.7471149736429691,0.16052669723071555
0.327218270310745,0.7471149736429691,0.16054653189327472
0.32717628705148205,0.7469725032055848,0.16055303138068705
0.327339701567085,0.7469725032055848,0.16062359039510368
0.3272977022977023,0.7468300327682006,0.16063032007405895
0.3276045247172052,0.7468300327682006,0.16081022747579882
0.3275625,0.7466875623308163,0.16081598932677615
0.3276034504313039,0.7466875623308163,0.16083595825562563
0.32758189547386846,0.7465450918934321,0.1608399983767001
0.3275398562050641,0.7464026214560479,0.16084481890963143
0.32766276815310524,0.7464026214560479,0.16095254677352402
0.3276207155366525,0.7462601510186636,0.16095301616330207
0.3277437116756351,0.7462601510186636,0.1610388168192547
0.32770164570427385,0.7461176805812794,0.16105547830395914
0.3278042063094642,0.7461176805812794,0.16112880015952916
0.3277621283255086,0.7459752101438951,0.16115218354358907
0.32772004507324404,0.7458327397065109,0.16115805743182687
0.32767795655168097,0.7456902692691266,0.1611954965962647
0.32773951158422043,0.7456902692691266,0.16129016404796273
0.32769741373911954,0.7455477988317424,0.16131226305407814
0.32771793587174347,0.7455477988317424,0.16131801427780482
0.3276758314022672,0.7454053283943581,0.16134462745562753
0.3277579402367976,0.7454053283943581,0.1613871710295008
0.32771582508457586,0.7452628579569739,0.16139458177943886
0.32775689223057647,0.7452628579569739,0.16139774766195583
0.327714769095808,0.7451203875195896,0.1614134519366075
0.32775584383029394,0.7451203875195896,0.1614637853210907
0.32771371270995237,0.7449779170822054,0.16146783817835283
0.3277342525853964,0.7449779170822054,0.1614723366421416
0.32769211483013666,0.7448354466448212,0.1614750562178993
0.3276499717921394,0.7446929762074369,0.16149176083427835
0.3277938040887997,0.7446929762074369,0.1616038249709858
0.3277722027094832,0.7445505057700527,0.16162049770161627
0.3277300382613059,0.7444080353326684,0.1616255179284343
0.32787399598393574,0.7444080353326684,0.16168793162043246
0.3278318167555695,0.7442655648952843,0.16171324915435265
0.3278935475772031,0.7442655648952843,0.16174673520375774
0.3278513589856255,0.7441230944579,0.16176545554981733
0.32824283559577677,0.7441230944579,0.1620000862898936
0.32820061592608885,0.7439806240205158,0.16200045510604105
0.328468989810039,0.7439806240205158,0.16212109190117668
0.3284267471850035,0.7438381535831315,0.162127100647038
0.3283844992450931,0.7436956831457473,0.16213027036230965
0.32840515885498583,0.7436956831457473,0.16213206126271573
0.32836290424059394,0.743553212708363,0.16213877040493496
0.3286110061705075,0.743553212708363,0.16223274059861306
0.3285894206549118,0.7434107422709788,0.16223776688271646
0.3285471377290761,0.7432682718335946,0.16224333295191434
0.32856782970147375,0.7432682718335946,0.1622496607017732
0.3285255400894376,0.7431258013962103,0.16227475658539087
0.3285462333081381,0.7431258013962103,0.16227805234736767
0.328503937007874,0.7429833309588261,0.16230527284183666
0.32854532854532853,0.7429833309588261,0.16233834033454375
0.3285030241935484,0.7428408605214418,0.1623422680296796
0.3286272532459347,0.7428408605214418,0.16242630171818043
0.32858493539237316,0.7426983900840576,0.16243745744448404
0.3286056480080686,0.7426983900840576,0.16245366466546257
0.3285840373219014,0.7425559196466733,0.16246031030085195
0.3288535554293646,0.7425559196466733,0.16263865431344
0.3288112064613831,0.7424134492092891,0.16264525091292958
0.32891497822382126,0.7424134492092891,0.16274028403673282
0.3288726170938013,0.7422709787719048,0.1627456818565126
0.32893490750678706,0.7422709787719048,0.16280945532247657
0.3288925369364819,0.7421285083345206,0.16282512355700168
0.3288501610153438,0.7419860378971364,0.1628351118776517
0.3288077797423592,0.7418435674597521,0.16285021350673376
0.32897397017942887,0.7418435674597521,0.16296995627389985
0.3289315726290516,0.7417010970223679,0.16298572577109996
0.3293894337235052,0.7417010970223679,0.1632296708882568
0.32934700075930146,0.7415586265849836,0.16323033495942083
0.32936784154907295,0.7415586265849836,0.1632385700249434
0.32932540184786735,0.7414161561475994,0.16324665122171456
0.32972185262624343,0.7414161561475994,0.1634927464133497
0.329679381573945,0.7412736857102151,0.16350463555493064
0.3299302473050095,0.7412736857102151,0.16358940355955437
0.3298877544549432,0.7411312152728309,0.1635947208521577
0.3300970873786408,0.7411312152728309,0.1636960190806023
0.3300545754537378,0.7409887448354466,0.1637178899092268
0.3302431900438123,0.7409887448354466,0.16381628790012065
0.3302006604013208,0.7408462743980624,0.16381987623955674
0.3304314672428036,0.7408462743980624,0.16395836299846384
0.33038891713268936,0.7407038039606781,0.16395851230177313
0.3306620873879031,0.7407038039606781,0.16409144655792918
0.3306195140567358,0.7405613335232939,0.16411874708867663
0.33068261339779886,0.7405613335232939,0.16414221016105648
0.33064003053823643,0.7404188630859097,0.16417356299421265
0.33066106763377234,0.7404188630859097,0.16419739160368432
0.3306184779842199,0.7402763926485254,0.16421503710931085
0.330575882914413,0.7401339222111412,0.1642181855060138
0.33063900203665986,0.7401339222111412,0.16423212858575628
0.33059639742855323,0.7399914517737569,0.1642324768544839
0.3306384874912471,0.7399914517737569,0.16424152684828253
0.33059587471352175,0.7398489813363727,0.1642461772846563
0.33055325650983636,0.7397065108989884,0.1642530716426992
0.33065851483887404,0.7397065108989884,0.16432739003994207
0.33061588433857714,0.7395640404616042,0.16433307757045518
0.3307422746097483,0.7395640404616042,0.1645124784093442
0.3306996304320122,0.7394215700242199,0.16453289292864898
0.33072070349837507,0.7394215700242199,0.1645550775433541
0.33067805251083354,0.7392790995868357,0.16455852106126484
0.330699126888025,0.7392790995868357,0.16456179225274786
0.3306564690885915,0.7391366291494514,0.16457636625300864
0.33071970421368013,0.7391366291494514,0.16461403974826577
0.33067703684814487,0.7389941587120672,0.1646187734408646
0.3306981192221868,0.7389941587120672,0.1646209468697751
0.3306554450395307,0.738851688274683,0.16463032452009552
0.33061276541478035,0.7387092178372988,0.1646327897168961
0.3308237095642187,0.7387092178372988,0.16469516300272624
0.33078101071975496,0.7385667473999146,0.16470189241713973
0.33082322910019146,0.7385667473999146,0.1647276823130521
0.3307805220499075,0.7384242769625303,0.1647366384719881
0.3308227484521606,0.7384242769625303,0.16476676823583677
0.33078003319290183,0.7382818065251461,0.16477152172736353
0.33092790088766844,0.7382818065251461,0.16483907439780235
0.33088517051986205,0.7381393360877618,0.1648547588329604
0.3309274399591211,0.7381393360877618,0.16486518278065865
0.3308847013733631,0.7379968656503776,0.16486617357826497
0.3309269788538938,0.7379968656503776,0.1649463097144375
0.33090537345856497,0.7378543952129933,0.16497051280018693
0.3308626198083067,0.7377119247756091,0.16499019504631907
0.33081986069397407,0.7375694543382249,0.16501363246902676
0.3309044423138383,0.7375694543382249,0.16503647769637608
0.3308616722065968,0.7374269839008406,0.16504258971496477
0.3309251326641519,0.7374269839008406,0.16509602425231482
0.33088235294117646,0.7372845134634564,0.1651216016676179
0.33100933862095433,0.7372845134634564,0.16520488664226665
0.330966545128894,0.7371420430260721,0.1652232771752022
0.3310724340926542,0.7371420430260721,0.16526300826922025
0.3310296282075894,0.7369995725886879,0.16528098436771477
0.331072,0.7369995725886879,0.1653139865736981
0.33102918586789554,0.7368571021513036,0.16532287518142239
0.33113515589986553,0.7368571021513036,0.16536641875861402
0.33109232936355487,0.7367146317139194,0.1653670883648983
0.33104949734263944,0.7365721612765351,0.16537954444692096
0.33107069672131145,0.7365721612765351,0.1653978837000061
0.3310490585372102,0.7364296908391509,0.1653987232519736
0.331239987183595,0.7364296908391509,0.1655005658293683
0.3311971289412971,0.7362872204017666,0.1655229081155912
0.3312608166143196,0.7362872204017666,0.16554996205566755
0.33121794871794874,0.7361447499643824,0.16555018503077343
0.33123918199884606,0.7361447499643824,0.16556148666764436
0.3311963072188742,0.7360022795269981,0.16557128741713484
0.33155766638855017,0.7360022795269981,0.16580611021855537
0.3315147625160462,0.7358598090896139,0.16581360675513662
0.33153604210796583,0.7358598090896139,0.16582858466117975
0.33149313133906794,0.7357173386522297,0.16583892826489505
0.3315356959424756,0.7357173386522297,0.16588016738217948
0.3314927768860353,0.7355748682148454,0.16588909167416208
0.33147113594040967,0.7354323977774612,0.16589993622655122
0.3314282044695607,0.7352899273400769,0.16593237786328935
0.3314494894354891,0.7352899273400769,0.16593507031140833
0.33140655105973027,0.7351474569026927,0.16595247102990685
0.3314917127071823,0.7351474569026927,0.16599401031218344
0.3314487632508834,0.7350049864653084,0.1660043081979323
0.3315552699228792,0.7350049864653084,0.1660632983706036
0.3315336161460342,0.7348625160279242,0.16606546816008302
0.3319817210529703,0.7348625160279242,0.16633054151684068
0.3319387229660144,0.7347200455905399,0.16634016261209092
0.3321953104869879,0.7347200455905399,0.1664547384717377
0.33215229015009984,0.7345775751531557,0.16645606622253456
0.3321950905225179,0.7345775751531557,0.16646951840818683
0.3321520618556701,0.7344351047157714,0.16651123798682874
0.3322591040928134,0.7344351047157714,0.16657412225970591
0.33223747824405336,0.7342926342783872,0.16659562008881787
0.33240890035472426,0.7342926342783872,0.1667197420064184
0.33236584107327144,0.734150163841003,0.16673071613209364
0.3323227762368574,0.7340076934036187,0.16676354163909216
0.3326231519142617,0.7340076934036187,0.16700060029920555
0.33258006198347106,0.7338652229662345,0.1670114817698424
0.33275193798449615,0.7338652229662345,0.16706773290028837
0.3327088313198527,0.7337227525288502,0.1670801584391265
0.3327733264409408,0.7337227525288502,0.1671090838476792
0.332751712550084,0.733580282091466,0.16711068072737587
0.33294536049143225,0.733580282091466,0.16722238680887477
0.3329022245214692,0.7334378116540817,0.1672245259523494
0.3329452852153667,0.7334378116540817,0.16724311567445113
0.33290214087057757,0.7332953412166975,0.16724517687258408
0.33300983436853004,0.7332953412166975,0.1672876562909192
0.3329666774506632,0.7331528707793132,0.16729613990988057
0.332988223113757,0.7331528707793132,0.16729862890542632
0.3329450592118035,0.7330104003419291,0.16730487831535124
0.33298815610640087,0.7330104003419291,0.1673461265364216
0.33294498381877025,0.7328679299045449,0.16736056924894965
0.33311747183007384,0.7328679299045449,0.1674496072893655
0.33307428275370765,0.7327254594671606,0.16745381512227636
0.33311742988535525,0.7327254594671606,0.16745637536894586
0.3330742324135251,0.7325829890297764,0.1674619625448453
0.33309580877113426,0.7325829890297764,0.1674717383134349
0.3330526043016325,0.7324405185923921,0.16747801705637097
0.33307418205377387,0.7324405185923921,0.1674782130700648
0.333030970584424,0.7322980481550079,0.16747842081200978
0.3330525497310957,0.7322980481550079,0.16749206956534454
0.33300933125972004,0.7321555777176236,0.16751485443860092
0.3330309118009202,0.7321555777176236,0.16752108176970967
0.33298768632534026,0.7320131072802394,0.16760835790619913
0.33326846987092174,0.7320131072802394,0.1678016192874462
0.33322522055007786,0.7318706368428551,0.1678132807564052
0.3333117051648066,0.7318706368428551,0.16783623842575976
0.333268444617481,0.7317281664054709,0.16784132972340926
0.33344153736285137,0.7317281664054709,0.16790621471899475
0.3333982599662382,0.7315856959680866,0.16794289314335883
0.3334199077981949,0.7315856959680866,0.16794566065446612
0.3333766233766234,0.7314432255307024,0.1679637724575131
0.3333333333333333,0.7313007550933182,0.16796810028061787
0.33335498116638523,0.7313007550933182,0.16797828675656096
0.33331168409430406,0.7311582846559339,0.16798551157224267
0.33339829792762943,0.7311582846559339,0.16799353491883467
0.3333549896049896,0.7310158142185497,0.16801015063853234
0.33331167565460335,0.7308733437811654,0.16802084970782977
0.33326835607537364,0.7307308733437812,0.16803305620110764
0.33322503086620314,0.7305884029063969,0.1680417865490801
0.3333116672083198,0.7305884029063969,0.1680796618698927
0.3332683307332293,0.7304459324690127,0.16808262830148088
0.33331166298270704,0.7304459324690127,0.16814909442601456
0.3332683180547429,0.7303034620316284,0.16815446632137265
0.3333766909469303,0.7303034620316284,0.16819249889330184
0.3333333333333333,0.7301609915942442,0.16821095732356645
0.3334200767679396,0.7301609915942442,0.16830815122334913
0.33337670787247886,0.73001852115686,0.1683206560198269
0.3335720330707636,0.73001852115686,0.16841879827317396
0.33352864583333336,0.7298760507194757,0.16842103880232043
0.33357207969787733,0.7298760507194757,0.16845700981169723
0.33352868398775803,0.7297335802820915,0.16845962852826288
0.3335070009768805,0.7295911098447072,0.16846043220621662
0.3335287221570926,0.7295911098447072,0.16846235367308304
0.33348531231681106,0.729448639407323,0.16852622524906655
0.33396386406627093,0.729448639407323,0.16875732615810665
0.3339204174820613,0.7293061689699387,0.16876133242533703
0.33387696522930393,0.7291636985325545,0.16876996709240422
0.3339641109298532,0.7291636985325545,0.16880410697824605
0.3339206473505612,0.7290212280951702,0.16880946047623108
0.33409506398537475,0.7290212280951702,0.16892300847561856
0.33405158341495267,0.728878757657786,0.16892427268281296
0.33413885441839203,0.728878757657786,0.16899975821244478
0.3340953625081646,0.7287362872204017,0.16901752272276593
0.33420450833061094,0.7287362872204017,0.16907301559191273
0.33416100365917406,0.7285938167830175,0.169074790708814
0.33435763321346845,0.7285938167830175,0.16916674593477846
0.3343141101085393,0.7284513463456332,0.1691734234042134
0.33435783416165316,0.7284513463456332,0.16927812414768714
0.33431430253090055,0.728308875908249,0.16928606659833295
0.33433616742969263,0.728308875908249,0.16929472253371677
0.33429262868729154,0.7281664054708648,0.1693317368296587
0.3343582362946487,0.7281664054708648,0.16936436580371145
0.3343146876022244,0.7280239350334805,0.1693783674224639
0.33433656110965715,0.7280239350334805,0.1693809187290343
0.33429300530000655,0.7278814645960963,0.1693925429170274
0.33431488025127604,0.7278814645960963,0.16941420435484658
0.3342713173221648,0.727738994158712,0.16943216822355334
0.33444640869508285,0.727738994158712,0.16948806494754437
0.33440282870612886,0.7275965237213278,0.16950191206712817
0.3347535395909806,0.7275965237213278,0.16968501771048183
0.33470993117010817,0.7274540532839436,0.16970545485668118
0.334841628959276,0.7274540532839436,0.16975069478094895
0.33479800629590767,0.7273115828465594,0.16982536155860914
0.3348419257510167,0.7273115828465594,0.16983119407580732
0.33479829452279436,0.7271691124091751,0.16984430939980788
0.3348861623253067,0.7271691124091751,0.16986988766082756
0.33484251968503936,0.7270266419717909,0.16987237406433284
0.3349084465445954,0.7270266419717909,0.1699148179356251
0.3348647939091625,0.7268841715344067,0.16994039703260522
0.3348211355431572,0.7267417010970224,0.16994103582554412
0.3349530501017795,0.7267417010970224,0.1700099446241582
0.33490937746256894,0.7265992306596382,0.17001058694152288
0.3348656990871478,0.7264567602222539,0.1700134601296142
0.33515183383725516,0.7264567602222539,0.17015116061496854
0.3351081312035759,0.7263142897848697,0.17017428953293587
0.33513016039968446,0.7263142897848697,0.17018443962304375
0.33508645059496417,0.7261718193474854,0.1701894295372313
0.335240726124704,0.7261718193474854,0.170326136271494
0.3351970005919884,0.7260293489101012,0.17034213345859703
0.33541762653853746,0.7260293489101012,0.17052507989572005
0.3353738809899947,0.7258868784727169,0.17053022495601153
0.3354842957792849,0.7258868784727169,0.1705887761225465
0.33544053733702095,0.7257444080353327,0.17061785510129715
0.33548472075869334,0.7257444080353327,0.17067854370324748
0.3354409536982151,0.7256019375979484,0.17068395353104646
0.3355514560548162,0.7256019375979484,0.17072933375241847
0.3355076760888186,0.7254594671605642,0.17073666074505153
0.33557400817187294,0.7254594671605642,0.17075955808747748
0.33553021815066236,0.72531699672318,0.17077172694831633
0.3358179419525066,0.72531699672318,0.170974403564403
0.335774127580975,0.7251745262857957,0.17097590247150593
0.3357962791925056,0.7251745262857957,0.17097892227102426
0.33575245761034506,0.7250320558484115,0.17104674610425505
0.33570863024544734,0.7248895854110272,0.17105024240780958
0.33573078192015837,0.7248895854110272,0.17105102260095129
0.33568694734063614,0.724747114973643,0.17106400767219687
0.3357755775577558,0.724747114973643,0.17109107973829124
0.3357538949036176,0.7246046445362587,0.17110645841925137
0.33571004159239454,0.7244621740988745,0.1711225381617954
0.3357543743809838,0.7244621740988745,0.17115279967068117
0.33571051241415745,0.7243197036614902,0.17116886525911817
0.3357548540483424,0.7243197036614902,0.1711739322122489
0.3357109834224952,0.724177233224106,0.1711803972584498
0.3357775135420795,0.724177233224106,0.17120030010775808
0.33573363282024177,0.7240347627867217,0.1712133005518524
0.3357779980178394,0.7240347627867217,0.17123522271419458
0.3357341086295758,0.7238922923493375,0.17124651065481528
0.335756294191502,0.7238922923493375,0.17127010858053474
0.33571239756806764,0.7237498219119533,0.17128455774560405
0.33566849514242286,0.723607351474569,0.17129283677950077
0.3356906807666887,0.723607351474569,0.1713049020976937
0.33564677110185737,0.7234648810371848,0.1713159977527141
0.3357577360486644,0.7234648810371848,0.17137701777096745
0.3357138133968128,0.7233224105998005,0.1713801102010049
0.3358914985114125,0.7233224105998005,0.17152630634904553
0.33584755855498216,0.7231799401624163,0.17153588050623855
0.3359587001125157,0.7231799401624163,0.17158647833915422
0.3359147471538258,0.723037469725032,0.17159326629664454
0.3359592215013902,0.723037469725032,0.17161346943992511
0.3359152598477325,0.7228949992876478,0.17161795312088518
0.33627145602756975,0.7228949992876478,0.1718140407494481
0.3362274655355249,0.7227525288502635,0.1718358087329748
0.336272040302267,0.7227525288502635,0.17186761584667593
0.3362280411004309,0.7226100584128793,0.17189535825518767
0.3362726248093881,0.7226100584128793,0.17190909574352098
0.3362509117432531,0.722467587975495,0.1719224326674902
0.33627320954907164,0.722467587975495,0.17195542181224735
0.33625149224035017,0.7223251175381108,0.1719623763384041
0.3362074683292432,0.7221826471007265,0.1719717692124155
0.33631900212314225,0.7221826471007265,0.1720224221324629
0.3362749651648862,0.7220401766633423,0.17203918677502936
0.33654293113752576,0.7220401766633423,0.17227817374783097
0.33649887103200954,0.7218977062259582,0.1722821037454168
0.33652121936640766,0.7218977062259582,0.1722841026869799
0.33647715196599365,0.7217552357885739,0.17230680930901868
0.3365218546565697,0.7217552357885739,0.17231805292526683
0.33647777851591043,0.7216127653511897,0.1723186107217894
0.33643369651873506,0.7214702949138054,0.17232514422200734
0.33679169992019153,0.7214702949138054,0.1725410309354483
0.33674758895909546,0.7213278244764212,0.17254261033353557
0.3368372031135653,0.7213278244764212,0.17260959888693267
0.3367930805056554,0.7211853540390369,0.17261414813964274
0.3367489520260829,0.7210428836016527,0.1726142337452786
0.3368386023294509,0.7210428836016527,0.17264191661897743
0.3367944621938232,0.7209004131642684,0.1726997245443828
0.33675031618185447,0.7207579427268842,0.1727176542930788
0.3367061642923712,0.7206154722895,0.17271907739990527
0.3369304556354916,0.7206154722895,0.17283922541300634
0.3368862833921791,0.7204730018521157,0.17285816185156935
0.33690872751499,0.7204730018521157,0.17286351303533726
0.33686454793790394,0.7203305314147315,0.17287103192853512
0.3369094422602785,0.7203305314147315,0.1729013517398437
0.33686525389844063,0.7201880609773472,0.172907860295634
0.3368877040986338,0.7201880609773472,0.17291805813839126
0.3368435083977606,0.720045590539963,0.17292046445114942
0.33688841487801624,0.720045590539963,0.17293014279302174
0.3368442103859743,0.7199031201025787,0.17295621917815557
0.3370014672535681,0.7199031201025787,0.17303800824835255
0.3369572467151337,0.7197606496651945,0.17303874046115578
0.33697972251867664,0.7197606496651945,0.17304837105050763
0.3369354946301114,0.7196181792278102,0.1730497363888094
0.33716040317735796,0.7196181792278102,0.17320331927067822
0.3371161548731642,0.719475708790426,0.17322223378010992
0.3371386607917751,0.719475708790426,0.17322450124854602
0.33709440512752037,0.7193332383530417,0.1732323142379458
0.3371394230769231,0.7193332383530417,0.1732479766086696
0.3371176706290904,0.7191907679156575,0.1732639132146549
0.3373204143000334,0.7191907679156575,0.17340951249311912
0.3372986700527969,0.7190482974782733,0.1734328796040224
0.3373212137414784,0.7190482974782733,0.173440093674914
0.3372769199919791,0.718905827040889,0.1734611102423058
0.3372994652406417,0.718905827040889,0.1734629395505394
0.33725516411524836,0.7187633566035048,0.173463160707473
0.3373904902026349,0.7187633566035048,0.17350142095019128
0.3373461744248261,0.7186208861661205,0.1735075189316789
0.33754935421267485,0.7186208861661205,0.173621921817403
0.33750501940837907,0.7184784157287363,0.1736283630273913
0.33764059989287626,0.7184784157287363,0.17366714285422657
0.33759625041848007,0.718335945291352,0.17367387922340624
0.33793565683646115,0.718335945291352,0.17388052987321126
0.3378912795763791,0.7181934748539678,0.1738859297666889
0.3379139294811637,0.7181934748539678,0.173891450552588
0.337869544814641,0.7180510044165835,0.17389691559298914
0.3380281690140845,0.7180510044165835,0.17404329327115312
0.3379837681937085,0.7179085339791993,0.17404943638591305
0.3382333199087126,0.7179085339791993,0.17422909792785138
0.3381888970933745,0.717766063541815,0.1742726596172248
0.3382343068143672,0.717766063541815,0.17428413761178985
0.338189875117497,0.7176235931044308,0.1742953426971857
0.33814543745383735,0.7174811226670466,0.174306145622169
0.3382362818187924,0.7174811226670466,0.17441418100911063
0.3381918323481999,0.7173386522296623,0.1744200983983138
0.33814737690602537,0.7171961817922781,0.17442105756053994
0.33821553345874766,0.7171961817922781,0.17448848773984185
0.33817106766108984,0.7170537113548938,0.1744977473638338
0.3383984401264036,0.7170537113548938,0.1745836410286051
0.33835395373856914,0.7169112409175096,0.1745879480076475
0.3384449825127791,0.7169112409175096,0.17464718392599712
0.3384232476792681,0.7167687704801253,0.17465937715419322
0.3384687836383208,0.7167687704801253,0.17466641355647963
0.3384242750454148,0.7166263000427411,0.17466813710777798
0.3384698203351053,0.7166263000427411,0.17472763087969215
0.33842530282637956,0.7164838296053568,0.17473216357679633
0.33851642434033385,0.7164838296053568,0.17474324143540126
0.3384718949848536,0.7163413591679726,0.17475461226367758
0.3385174712179358,0.7163413591679726,0.1747644605801283
0.3384729329383248,0.7161988887305885,0.1747655369079256
0.3385185185185185,0.7161988887305885,0.17478379684660994
0.33849676724137934,0.7160564182932042,0.17478659753244766
0.3384522125681956,0.71591394785582,0.17479076882612954
0.3386575010109179,0.71591394785582,0.17487730671915802
0.33861292714160546,0.7157714774184357,0.17488433857625366
0.33856834726341334,0.7156290069810515,0.1749029377948262
0.3385237613751264,0.7154865365436672,0.1749116926329718
0.33866073234877603,0.7154865365436672,0.1749890991246018
0.3386161316428379,0.715344066106283,0.1749950983577775
0.33857152492075265,0.7152015956688987,0.17501118590291237
0.33877716290997434,0.7152015956688987,0.17513263248794478
0.33873253695079975,0.7150591252315145,0.1751460731706198
0.3386879049676026,0.7149166547941302,0.1751762765441434
0.33887088060507836,0.7149166547941302,0.17522201894216216
0.3388262308367664,0.714774184356746,0.17522610627413382
0.3387815750371471,0.7146317139193618,0.17523644586475734
0.33885023306086604,0.7146317139193618,0.17530529650777038
0.3388055668152952,0.7144892434819775,0.17531504985411595
0.3389200513617625,0.7144892434819775,0.17536708125402847
0.33887537172208704,0.7143467730445933,0.17536909558751698
0.33889827644474485,0.7143467730445933,0.17540152850143767
0.3388535892929566,0.714204302607209,0.17541821071664224
0.33887649563982963,0.714204302607209,0.17544187035905018
0.3388318009734992,0.7140618321698248,0.17546509163200802
0.3388547089446285,0.7140618321698248,0.17546758097561252
0.3388100067613252,0.7139193617324405,0.17546993666506489
0.33885582905058154,0.7139193617324405,0.175515157020357
0.3388111178738081,0.7137768912950563,0.1755303724048724
0.33887987012987014,0.7137768912950563,0.1755885809705035
0.3388351484813637,0.713634420857672,0.17559674613165918
0.3388809958730803,0.713634420857672,0.17563166618671056
0.3388362652232747,0.7134919504202878,0.1756526027741939
0.33885919209689425,0.7134919504202878,0.17566670910657134
0.3388144539179862,0.7133494799829035,0.1756684482799459
0.3389291274622622,0.7133494799829035,0.17568202082538018
0.3388843758461955,0.7132070095455193,0.17568835334542016
0.33883961817074,0.713064539108135,0.17569351291072338
0.33886255924170616,0.713064539108135,0.17569901087045725
0.3388177940280317,0.7129220686707508,0.17571448543825166
0.33907033473370374,0.7129220686707508,0.17584615203237677
0.33902554719794,0.7127795982333666,0.17586085833948586
0.3392094379279951,0.7127795982333666,0.17592664873433406
0.33916463249254136,0.7126371277959823,0.17593978627459148
0.33921063339210633,0.7126371277959823,0.17596536135580992
0.33916581892166836,0.7124946573585981,0.17596667272887723
0.33934993553640497,0.7124946573585981,0.1760538210199843
0.33930510314875134,0.7123521869212138,0.17606103087033514
0.339397230518599,0.7123521869212138,0.17610309092957235
0.33935238612449936,0.7122097164838296,0.17614718262603563
0.3398599496906656,0.7122097164838296,0.17637735496184115
0.3398381722989053,0.7120672460464453,0.17638943500819684
0.34011568560734945,0.7120672460464453,0.17650287036004855
0.34007077718796785,0.7119247756090611,0.17652797802190048
0.3400258626556864,0.7117823051716768,0.17655261493401456
0.3403733478675569,0.7117823051716768,0.17675193493069882
0.34032840498739525,0.7116398347342926,0.1767698544833647
0.3403979828267684,0.7116398347342926,0.1767847120917283
0.34035302937367956,0.7114973642969084,0.17681482813324542
0.34042263122017724,0.7114973642969084,0.176835818768677
0.3403776671893108,0.7113548938595241,0.17686154340379348
0.34056339949525954,0.7113548938595241,0.17695451296919745
0.34051841746248296,0.7112124234221399,0.17697101696537046
0.3404734292925848,0.7110699529847556,0.17698056069245094
0.3406128437862554,0.7110699529847556,0.17704403204342675
0.34056784056784056,0.7109274825473714,0.1770445244793801
0.34068409913292824,0.7109274825473714,0.1771293801128246
0.3406623420962786,0.7107850121099871,0.1771410334492218
0.34070887113296455,0.7107850121099871,0.1772092983896431
0.3406638437371944,0.710642541672603,0.17721100956079025
0.3409898824172819,0.710642541672603,0.1773733277053275
0.3409448280577015,0.7105000712352187,0.17739315392273153
0.3410147702407002,0.7105000712352187,0.17742710892813995
0.3409697052588388,0.7103576007978345,0.17750361235381404
0.34099302421009436,0.7103576007978345,0.17750902222033874
0.34094795157649954,0.7102151303604503,0.17753897644683003
0.34097127222982215,0.7102151303604503,0.17754533709939047
0.3409261919419933,0.710072659923066,0.17756321279948378
0.34099616858237547,0.710072659923066,0.1776134570246113
0.34095107765993843,0.7099301894856818,0.17763301474482385
0.3409977417368097,0.7099301894856818,0.1776529082466593
0.34095264166438544,0.7097877190482975,0.17765567329666337
0.34141995614035087,0.7097877190482975,0.1779019837932906
0.34137482009457887,0.7096452486109133,0.17794766637404202
0.3418433875506142,0.7096452486109133,0.17817851844889615
0.34179821551132467,0.709502778173529,0.17817983506074195
0.3418451400329489,0.709502778173529,0.17819859781091046
0.34179995881101116,0.7093603077361448,0.1781995721287317
0.34187036528426257,0.7093603077361448,0.17822951195221676
0.34182517338460483,0.7092178372987605,0.1782384200725336
0.3418721241672962,0.7092178372987605,0.17824628032666956
0.3418269230769231,0.7090753668613763,0.1782472537193521
0.34196784389171364,0.7090753668613763,0.17834404664748427
0.34192262763691333,0.708932896423992,0.17835554553489277
0.34187740516767456,0.7087904259866078,0.17835608110173146
0.34190090028176756,0.7087904259866078,0.17836349723695105
0.34185567010309276,0.7086479555492236,0.1783648518031501
0.34202021591143505,0.7086479555492236,0.17839212796066212
0.3419749690551506,0.7085054851118393,0.17840026497695233
0.342116125481563,0.7085054851118393,0.17848431797951106
0.3420708634330925,0.7083630146744551,0.17851895959273892
0.3420943993394798,0.7083630146744551,0.17852441027182386
0.3420491295671919,0.7082205442370708,0.17855391997875533
0.3421432996076812,0.7082205442370708,0.17859501370228353
0.3420980176211454,0.7080780737996866,0.17859649934466368
0.34228650137741046,0.7080780737996866,0.1786669911600697
0.34224120118465456,0.7079356033623023,0.1786673984848677
0.3423119316616148,0.7079356033623023,0.17872076893979386
0.34226662073716846,0.7077931329249181,0.17873000249544296
0.3424789742175651,0.7077931329249181,0.178784529994717
0.34243364357118233,0.7076506624875338,0.17879937846810734
0.3425044821403944,0.7076506624875338,0.1788212675410111
0.34245914074891387,0.7075081920501496,0.1788257118120979
0.34260089686098655,0.7075081920501496,0.17889979792382027
0.3425555402235408,0.7073657216127653,0.17889980775325293
0.34251017732698547,0.7072232511753811,0.17890629993661528
0.3425338117582114,0.7072232511753811,0.17891351267081984
0.3424884411013733,0.7070807807379969,0.1789186357566848
0.34251207729468597,0.7070807807379969,0.1789212061472075
0.34246669887500863,0.7069383103006126,0.17893378596334733
0.3424449506454062,0.7067958398632284,0.17893476951185244
0.342634159817667,0.7067958398632284,0.17907494151741987
0.3425887553529493,0.7066533694258441,0.17908367101791492
0.3427781617138908,0.7066533694258441,0.17916496923776998
0.34273273895915407,0.7065108989884599,0.17916600799080698
0.342874922215308,0.7065108989884599,0.17922475046009337
0.342829484165399,0.7063684285510756,0.17922853654908963
0.3429006155335777,0.7063684285510756,0.17928993378860836
0.34285516668972194,0.7062259581136914,0.1793061968977336
0.3428788822023933,0.7062259581136914,0.17930839092317402
0.3428334255672385,0.7060834876763071,0.17931542374888693
0.3427879626426842,0.7059410172389229,0.1793183943219803
0.34285911984500417,0.7059410172389229,0.1793454387613805
0.34281364611445575,0.7057985468015386,0.17934986331717795
0.34295604015230186,0.7057985468015386,0.1794146134040286
0.3429105510938798,0.7056560763641544,0.1794190314414502
0.34286505573634285,0.7055136059267701,0.1794205337862999
0.3428195540783825,0.7053711354893859,0.17942470989446668
0.342843293400734,0.7053711354893859,0.17942581829477203
0.342797783933518,0.7052286650520017,0.1794426317174102
0.3427760077573071,0.7050861946146174,0.1794912467717083
0.34279975064071483,0.7050861946146174,0.17949787669535122
0.342754225547243,0.7049437241772333,0.17950373106994386
0.34277797021129197,0.7049437241772333,0.1795167594614791
0.34273243730081754,0.704801253739849,0.17951935054407295
0.34280368650821147,0.704801253739849,0.1795848576312091
0.34275814275814276,0.7046587833024648,0.179589856244271
0.3429007210205213,0.7046587833024648,0.17971903704357658
0.3428551618941968,0.7045163128650805,0.17972565475958316
0.34287893496047706,0.7045163128650805,0.17972949351162198
0.34285714285714286,0.7043738424276963,0.17973838217121496
0.34302365919655864,0.7043738424276963,0.17977878624319038
0.34300187356880163,0.704231371990312,0.17977960440439383
0.343120921838123,0.704231371990312,0.17982151171312996
0.34307532106907324,0.7040889015529278,0.17982320735065022
0.34321827904715607,0.7040889015529278,0.17990863777113156
0.34317266286984305,0.7039464311155436,0.179919862179349
0.3431964992706814,0.7039464311155436,0.1799246115917335
0.3431508752431231,0.7038039606781593,0.1799301087736474
0.3432462479155086,0.7038039606781593,0.17997920360534056
0.3432006114932944,0.7036614902407751,0.1799792177081643
0.3432483146848287,0.7036614902407751,0.18003241922048985
0.3432026688907423,0.7035190198033908,0.18004001161740776
0.34336972394131143,0.7035190198033908,0.1801749883020396
0.3433240611961057,0.7033765493660066,0.18017867411426072
0.3434195882025598,0.7033765493660066,0.18023561980686761
0.34337391304347825,0.7032340789286223,0.18025278297304026
0.3433282315291499,0.7030916084912381,0.18026157204264898
0.34349551054499894,0.7030916084912381,0.18031852133295226
0.3434498120562439,0.7029491380538538,0.18034244506518116
0.3435215484230314,0.7029491380538538,0.18038517084247205
0.34347583901963513,0.7028066676164696,0.18038712314247016
0.3434997562843813,0.7028066676164696,0.1803919148745756
0.3434540389972145,0.7026641971790853,0.18040916927100076
0.34362154253466176,0.7026641971790853,0.18050505522757349
0.34359974914640096,0.7025217267417011,0.1805207151416216
0.34355400696864113,0.7023792563043169,0.1805321867185533
0.34360189573459715,0.7023792563043169,0.18061407848336467
0.3435561441416324,0.7022367858669326,0.18063198561330215
0.3436279977691021,0.7022367858669326,0.1806814968247009
0.34358223523670084,0.7020943154295484,0.18069712572583835
0.34367808075876977,0.7020943154295484,0.18072161619510646
0.343632305760915,0.7019518449921641,0.18073573038237287
0.3437042204394838,0.7019518449921641,0.1807749040139491
0.34365843449141903,0.7018093745547799,0.1807758329356107
0.34370639129221325,0.7018093745547799,0.18081526683435634
0.34366059591096226,0.7016669041173956,0.18084022022022297
0.3438285395141022,0.7016669041173956,0.18093008520988066
0.3438067309035051,0.7015244336800114,0.18093321763426012
0.34376091055093916,0.7013819632426271,0.18094836336974626
0.34385695327233357,0.7013819632426271,0.18101215323378234
0.34381112042469963,0.7012394928052429,0.18102086447868454
0.3438351379671673,0.7012394928052429,0.181023923522444
0.3437892971915607,0.7010970223678586,0.18105974312648945
0.3437674678591392,0.7009545519304744,0.181156640304632
0.3437914890643561,0.7009545519304744,0.18116470332064466
0.3437456324248777,0.7008120814930902,0.1811669461849922
0.34379368185630416,0.7008120814930902,0.18123559794667146
0.34374781575452573,0.7006696110557059,0.18130633888133593
0.34379587556798324,0.7006696110557059,0.1813124717998611
0.34375,0.7005271406183217,0.18133941580059332
0.34399048551839934,0.7005271406183217,0.18142365172577207
0.3439445882599874,0.7003846701809374,0.18142774419615482
0.34408903198712115,0.7003846701809374,0.1814607658331373
0.34404311913761726,0.7002421997435532,0.18147762190121922
0.343997199859993,0.7000997293061689,0.18147875743553446
0.34411764705882353,0.7000997293061689,0.18156417986544404
0.34407171370544154,0.6999572588687847,0.1815766167430915
0.34431284602985496,0.6999572588687847,0.18171847018087142
0.34426689094477153,0.6998147884314004,0.1817501035131235
0.34429102123782157,0.6998147884314004,0.18176668601974608
0.3442450581802888,0.6996723179940162,0.18176958028903456
0.34426919032597264,0.6996723179940162,0.18178482660309148
0.34424735329173384,0.699529847556632,0.1817926681059747
0.344201374281307,0.6993873771192478,0.18182309524170556
0.3445637678107672,0.6993873771192478,0.1819893840101865
0.3445177593710515,0.6992449066818636,0.18199322666721188
0.34456613310867734,0.6992449066818636,0.18203880876577913
0.3445201151442814,0.6991024362444793,0.18205981071346672
0.3444740907175958,0.6989599658070951,0.18209101661173696
0.3444982796151956,0.6989599658070951,0.1821190383831105
0.34445224719101125,0.6988174953697108,0.18212107261840838
0.34452482966917186,0.6988174953697108,0.18215666968970798
0.3444787861758921,0.6986750249323266,0.18218722395857695
0.3445513946462446,0.6986750249323266,0.1822070790814618
0.3445053400786959,0.6985325544949423,0.1822100221605416
0.344893078221722,0.6985325544949423,0.18240377080557932
0.3448469926134365,0.6983900840575581,0.1824049034110783
0.34480090052061346,0.6982476136201738,0.18240624293009733
0.34482516006472946,0.6982476136201738,0.18245576966852703
0.3447790599493386,0.6981051431827896,0.182481474549002
0.34473295334599957,0.6979626727454054,0.182496355920015
0.3447110985994792,0.6978202023080211,0.18251651115281695
0.34473536036036034,0.6978202023080211,0.18254490611458157
0.34471350133746304,0.6976777318706369,0.18255901243780817
0.3447620388622923,0.6976777318706369,0.18259500935809253
0.34471590509047384,0.6975352614332526,0.1825967974937507
0.34481301500105643,0.6975352614332526,0.1826636352421875
0.34476686857303845,0.6973927909958684,0.1826665135446811
0.3448397323001057,0.6973927909958684,0.18275368466701528
0.3447935747498943,0.6972503205584841,0.1827760231651637
0.3448421645997745,0.6972503205584841,0.18279470237377907
0.3447959974631809,0.6971078501210999,0.18279669836065404
0.34482029598308667,0.6971078501210999,0.18282630196673963
0.3447741207978011,0.6969653796837156,0.18287173974507523
0.34491997461749985,0.6969653796837156,0.1829163529791084
0.34487378366944016,0.6968229092463314,0.1829392148142249
0.3448275862068966,0.6966804388089471,0.182960595575516
0.3448762254037661,0.6966804388089471,0.18297542973613654
0.34483001833827054,0.6965379683715629,0.18297651850429808
0.34507340485601357,0.6965379683715629,0.18319595647742457
0.34502717583115694,0.6963954979341787,0.18320686188740642
0.34498094027954257,0.6962530274967944,0.1832234280084372
0.345029652640497,0.6962530274967944,0.18324172174027584
0.34498340747016876,0.6961105570594102,0.18324413517155158
0.3450321304992585,0.6961105570594102,0.18325833354644896
0.3449858757062147,0.6959680866220259,0.1832738783760364
0.34530289107231216,0.6959680866220259,0.18348890998246511
0.3452566096423017,0.6958256161846417,0.1834971507277187
0.34537868609009265,0.6958256161846417,0.1835468387664654
0.34533239038189534,0.6956831457472574,0.18356087644857125
0.34535681448475847,0.6956831457472574,0.18356991504768402
0.3453105106804357,0.6955406753098732,0.18357509223890842
0.3455304692476467,0.6955406753098732,0.18374751725343644
0.3454841449603624,0.6953982048724889,0.18375091557928427
0.3456309304631072,0.6953982048724889,0.18383139975726995
0.34558459032646416,0.6952557344351047,0.18383295941649005
0.34563354345208586,0.6952557344351047,0.1838557782383834
0.345587193653492,0.6951132639977204,0.18386447925913554
0.34563615755171434,0.6951132639977204,0.18390878674769864
0.34558979808714135,0.6949707935603362,0.1839226222728854
0.345810293492131,0.6949707935603362,0.1840738685563041
0.345763913505849,0.694828323122952,0.18407955948646162
0.34603377323683837,0.694828323122952,0.18421968181927426
0.3459873696161215,0.6946858526855677,0.18423457077607375
0.34611016467915956,0.6946858526855677,0.184319496290676
0.3460637467168311,0.6945433822481835,0.1843203956184018
0.34613746094859416,0.6945433822481835,0.18435296171748158
0.34609103174039624,0.6944009118107992,0.1843892584743287
0.34675583380762665,0.6944009118107992,0.18491897385629896
0.3467340259000996,0.694258441373415,0.18492840742963884
0.3467833760318816,0.694258441373415,0.18497568109999854
0.34673688705430217,0.6941159709360307,0.18498936815104536
0.3466903914590747,0.6939735004986465,0.18501729072242865
0.3468632058676921,0.6939735004986465,0.18505192673157134
0.34681669277880645,0.6938310300612622,0.1850555862436567
0.3469402293937451,0.6938310300612622,0.18514405450718915
0.3468937019093759,0.6936885596238781,0.18515644386893404
0.34741348555119517,0.6936885596238781,0.18534024847840408
0.3473669187954902,0.6935460891864939,0.18534763707353463
0.34749089870797345,0.6935460891864939,0.18542207596928337
0.3474443175328384,0.6934036187491096,0.18544440782654606
0.34751874330596216,0.6934036187491096,0.18548142493169473
0.34747215081405314,0.6932611483117254,0.18549284627226859
0.34769560557341905,0.6932611483117254,0.18559305120355724
0.34764899242532515,0.6931186778743411,0.18559651481074993
0.347872720772256,0.6931186778743411,0.18568442605837232
0.34782608695652173,0.6929762074369569,0.18568647912298422
0.3479504971743329,0.6929762074369569,0.18578152038063198
0.3479038489054228,0.6928337369995726,0.1857866286760011
0.34802834037071495,0.6928337369995726,0.18589799688108805
0.3479816776409963,0.6926912665621884,0.185912659272203
0.34800658506907167,0.6926912665621884,0.1859152840109801
0.3479599141016464,0.6925487961248041,0.1859489254721828
0.34791323645214406,0.6924063256874199,0.18595409608032862
0.34803781151532515,0.6924063256874199,0.18603502782651454
0.3479911193869512,0.6922638552500356,0.18603927534871967
0.3479444205701189,0.6921213848126514,0.1860555185610054
0.34801919908302886,0.6921213848126514,0.186088553529766
0.3479724888952572,0.6919789143752672,0.18609150163157456
0.3479257720140431,0.6918364439378829,0.1861043090598826
0.3479507022069361,0.6918364439378829,0.18611056813107693
0.3479039770691508,0.6916939735004987,0.18613481755383218
0.3480286738351254,0.6916939735004987,0.18620333888205468
0.3479819341888307,0.6915515030631144,0.18621170296697198
0.3479351878405506,0.6914090326257302,0.18622452084873725
0.34788843478884346,0.6912665621883459,0.18626238707857035
0.34796328169822144,0.6912665621883459,0.18630836535302223
0.3479165172487987,0.6911240917509617,0.18633922501745612
0.34801635698400174,0.6911240917509617,0.18643928862139994
0.3479695795666523,0.6909816213135774,0.18644498399948037
0.3480444922856118,0.6909816213135774,0.18646482216504934
0.34799770345916464,0.6908391508761932,0.18646867910513604
0.34795090791645733,0.6906966804388089,0.1864825324039872
0.34802584350323046,0.6906966804388089,0.18657273310285286
0.3480040206777714,0.6905542100014247,0.18657900628522425
0.3482540594913062,0.6905542100014247,0.186666184329589
0.3482072285693756,0.6904117395640404,0.1866973011678766
0.3483824586628325,0.6904117395640404,0.18675348653299814
0.3483356100366669,0.6902692691266562,0.1867925162556993
0.3482887546735692,0.690126798689272,0.18679514924301374
0.3483388465410614,0.690126798689272,0.18679904420949198
0.34829198130169003,0.6899843282518877,0.18680040709954984
0.34869321045431634,0.6899843282518877,0.18699249297865358
0.3486463133640553,0.6898418578145035,0.186997150833032
0.3485994095196947,0.6896993873771192,0.18701573743776928
0.3485524989197753,0.689556916939735,0.18701965151400576
0.3486278181949146,0.689556916939735,0.18704912324558975
0.34858089612447773,0.6894144465023507,0.1870817495023794
0.3485339672934227,0.6892719760649665,0.18710374401046181
0.34873495278598715,0.6892719760649665,0.18724049504789966
0.34868800461361016,0.6891295056275822,0.18725571770659039
0.3487885780213441,0.6891295056275822,0.18730864125101068
0.348741616788058,0.688987035190198,0.18731271062575627
0.3487667676330593,0.688987035190198,0.18732532928828527
0.3487197980526506,0.6888445647528137,0.18733564336421948
0.34874495095210617,0.6888445647528137,0.18736436721651148
0.34869797302171246,0.6887020943154295,0.18736610370803936
0.3486509883133747,0.6885596238780453,0.18737774556378708
0.3487264593405008,0.6885596238780453,0.18747608307632094
0.3486794631259922,0.688417153440661,0.18748050031122443
0.34870462582088474,0.688417153440661,0.18748386311677298
0.34865762124711314,0.6882746830032768,0.18748760152189628
0.34875830205024544,0.6882746830032768,0.1875369914850971
0.348711284383799,0.6881322125658926,0.18758474273814224
0.3488120170434029,0.6881322125658926,0.18763262975726785
0.3487649862776253,0.6879897421285084,0.18763407798225976
0.3488657708423638,0.6879897421285084,0.1876908838760825
0.34881872697059463,0.6878472716911241,0.1876964631200445
0.34884393063583813,0.6878472716911241,0.18770029718668527
0.3487968783871667,0.6877048012537399,0.18770373270058702
0.34874981933805466,0.6875623308163556,0.18771602558660103
0.3489515545914678,0.6875623308163556,0.1878213340003629
0.34890447610094727,0.6874198603789714,0.18787044106811515
0.3490811749385038,0.6874198603789714,0.18798239361515576
0.3490340785760799,0.6872773899415872,0.18798466914623774
0.34901222953904043,0.6871349195042029,0.1879969078131173
0.34921439432336543,0.6871349195042029,0.18808282196615222
0.3491672700941347,0.6869924490668187,0.1881051628785213
0.3491201390397567,0.6868499786294344,0.1881193416979561
0.34924659518980006,0.6868499786294344,0.18816062215955282
0.34919944939505904,0.6867075081920502,0.1881656742021386
0.3493006739618813,0.6867075081920502,0.18828404377226146
0.3492535150021742,0.6865650377546659,0.18829774532372764
0.3492788287308835,0.6865650377546659,0.18829783354188728
0.3492316613511163,0.6864225673172817,0.18831436221478984
0.3492822966507177,0.6864225673172817,0.18833778052906536
0.34923511926339446,0.6862800968798974,0.1883406471467111
0.34943779470438885,0.6862800968798974,0.18841775674154806
0.3494159471813103,0.6861376264425132,0.18843133746353952
0.34959349593495936,0.6861376264425132,0.18850822249137256
0.34954627949183303,0.685995156005129,0.18851320088924306
0.3495716567445913,0.685995156005129,0.18853460358249477
0.3495244318594351,0.6858526855677447,0.1885573517678556
0.3498038075861067,0.6858526855677447,0.18870887967700695
0.3497565583896519,0.6857102151303605,0.1887691922423821
0.34978197674418604,0.6857102151303605,0.18880430123677247
0.34973471909295734,0.6855677446929762,0.18881343793076116
0.3497601395551679,0.6855677446929762,0.1888236881830983
0.3497128734462455,0.685425274255592,0.18882797470432314
0.3496656004652515,0.6852828038182077,0.18883880480169477
0.34969102144674663,0.6852828038182077,0.18883992465205604
0.34964374000290827,0.6851403333808235,0.18884276943862469
0.34969458987783597,0.6851403333808235,0.18886687158013166
0.3496472983782998,0.6849978629434392,0.1888731725802076
0.3497490361533426,0.6849978629434392,0.18893415587054752
0.3497017314127746,0.684855392506055,0.188990523937032
0.3496544197890142,0.6847129220686707,0.1889940130998328
0.3496071012805588,0.6845704516312865,0.1890017200593923
0.3496579828263717,0.6845704516312865,0.18901643831871812
0.34961065424641585,0.6844279811939022,0.18902734923388131
0.3496869995632552,0.6844279811939022,0.18909126380463626
0.3496396593142608,0.684285510756518,0.18910088765601646
0.3499198601194813,0.684285510756518,0.18926723356579345
0.3498724954462659,0.6841430403191338,0.18930005509555697
0.3498979889245118,0.6841430403191338,0.18931303263298618
0.3498506157545726,0.6840005698817495,0.18931507397301536
0.34990161066977626,0.6840005698817495,0.18933896911190548
0.3498542274052478,0.6838580994443653,0.18934806329587503
0.34980683723303446,0.683715629006981,0.18935347298586325
0.35001094012107065,0.683715629006981,0.18942426643354895
0.34998905828287985,0.6835731585695968,0.18943513015883065
0.35006566467240624,0.6835731585695968,0.18948901424572326
0.3500182415176943,0.6834306881322125,0.1894912532550498
0.3502738225629792,0.6834306881322125,0.18965812981577476
0.35022637651526217,0.6832882176948283,0.18966087270631105
0.35027753432661407,0.6832882176948283,0.18967567093936116
0.3502300781535315,0.683145747257444,0.18968006668076365
0.35018261504747994,0.6830032768200598,0.1896853942150868
0.3502593702053043,0.6830032768200598,0.18971200504191243
0.35021189536752884,0.6828608063826755,0.18974305443999295
0.3507757611241218,0.6828608063826755,0.19002919562375412
0.3507539159713073,0.6827183359452913,0.1900352519253149
0.3510108409024319,0.6827183359452913,0.1901474322835249
0.35096329939198595,0.6825758655079072,0.1901754271402775
0.3509157509157509,0.6824333950705229,0.19018250402323045
0.3510443385855625,0.6824333950705229,0.19024001250314418
0.35102250238217403,0.6822909246331387,0.1902664752288051
0.35115119518991056,0.6822909246331387,0.19029382537518738
0.3511036151646256,0.6821484541957544,0.19029766888618707
0.351129363449692,0.6821484541957544,0.1903072591736711
0.3510817748441511,0.6820059837583702,0.19032348856078884
0.3512105649303008,0.6820059837583702,0.19041076297194906
0.35116296133245284,0.6818635133209859,0.19044239373381325
0.35118872908717347,0.6818635133209859,0.19044365635072166
0.3511411169002715,0.6817210428836017,0.19048680460070075
0.35127000440463957,0.6817210428836017,0.19054752902066524
0.35122237721165844,0.6815785724462174,0.1905703724143598
0.3512739555033409,0.6815785724462174,0.19058430089663086
0.35122631810838595,0.6814361020088332,0.1905903919651952
0.351252111331424,0.6814361020088332,0.19060572038949924
0.35120446533490013,0.681293631571449,0.19062629979468249
0.35154010144820996,0.681293631571449,0.1908982952203439
0.35151827071538855,0.6811511611340647,0.1908988521001745
0.3514705882352941,0.6810086906966805,0.19090959014923295
0.35175509603355654,0.6810086906966805,0.19105736133724854
0.3517073888725346,0.6808662202592962,0.19108578670506068
0.35173327445352176,0.6808662202592962,0.19109210246168254
0.3516855586633299,0.680723749821912,0.19113046423101596
0.3517632334535817,0.680723749821912,0.19117038885221901
0.3517155058165219,0.6805812793845277,0.19117100430660197
0.35184503203947853,0.6805812793845277,0.19120667405260308
0.351797289334119,0.6804388089471435,0.19120859438503998
0.35184912332400176,0.6804388089471435,0.19126186321997055
0.35180137036764164,0.6802963385097592,0.19129183232296323
0.35185321641736056,0.6802963385097592,0.19129988919059726
0.3518054532056006,0.680153868072375,0.19131050891127677
0.3518573113207547,0.680153868072375,0.19131563386621622
0.3518095378491929,0.6800113976349907,0.19133588457170814
0.3518614080353852,0.6800113976349907,0.19134565875521078
0.35181362429961666,0.6798689271976065,0.19136379080897953
0.3522551118328781,0.6798689271976065,0.19160144937967363
0.3522072936660269,0.6797264567602223,0.19160444604338228
0.352259303012404,0.6797264567602223,0.19164603846200323
0.3522114745625046,0.679583986322838,0.19164645504124359
0.35223748338502436,0.679583986322838,0.19165079890862977
0.35218964625950816,0.6794415158854538,0.19166699081541808
0.35224167220621905,0.6794415158854538,0.19167044813852277
0.35219382478948147,0.6792990454480695,0.19168147498543142
0.35221984191475214,0.6792990454480695,0.19169321824169802
0.35217198581560283,0.6791565750106853,0.19170847360730528
0.35232815964523284,0.6791565750106853,0.1917520611350939
0.3522802867913371,0.679014104573301,0.1917786259913088
0.35241052942916296,0.679014104573301,0.19190520596106914
0.35236264142571916,0.6788716341359168,0.19191191942849398
0.35231474633929893,0.6787291636985325,0.1919131776456728
0.35234080319503,0.6787291636985325,0.19193388603144412
0.352292899408284,0.6785866932611483,0.191942241926114
0.35231895850284783,0.6785866932611483,0.19194275889728676
0.3522710460127238,0.678444222823764,0.19194309770182702
0.35234924158342584,0.678444222823764,0.19195305548307953
0.3523013171525825,0.6783017523863798,0.19197023259470172
0.3525360977415772,0.6783017523863798,0.1920962850551034
0.352514256091239,0.6781592819489956,0.19210288449650514
0.35259259259259257,0.6781592819489956,0.19216185195374913
0.35254463293577304,0.6780168115116113,0.19217000011403365
0.3526229994072318,0.6780168115116113,0.19220649474995577
0.35257502778806965,0.6778743410742271,0.19223817478709196
0.35260115606936415,0.6778743410742271,0.19225303495015486
0.35257930625555883,0.6777318706368428,0.19226099043639802
0.3526315789473684,0.6777318706368428,0.19228748272064672
0.3525835866261398,0.6775894001994586,0.1922947769494953
0.3526097271648873,0.6775894001994586,0.19232740403694015
0.3525617261066212,0.6774469297620743,0.19233012780235004
0.35274480712166173,0.6774469297620743,0.19246296425923948
0.352696787595519,0.6773044593246901,0.19247816383530506
0.35280148423005564,0.6773044593246901,0.19252028870655097
0.35275345109099004,0.6771619888873058,0.1925347858650356
0.3528582034149963,0.6771619888873058,0.19256399984130995
0.35281015665602494,0.6770195184499216,0.1925966623543219
0.35283635283635284,0.6770195184499216,0.1926065293146268
0.3527882973193733,0.6768770480125375,0.19260792925353018
0.35310293571163137,0.6768770480125375,0.19270499696789917
0.35305485357514493,0.6767345775751532,0.19271385632099092
0.35318611049148635,0.6767345775751532,0.1927699862812596
0.35313801308744797,0.676592107137769,0.19278641587292958
0.3532956405296831,0.676592107137769,0.19291266106516938
0.35327380952380955,0.6764496367003847,0.1929233848415741
0.35348421679571174,0.6764496367003847,0.19307748676005757
0.353436080708808,0.6763071662630005,0.19308723785402
0.3535940409683426,0.6763071662630005,0.19320194832474574
0.35357222677493855,0.6761646958256162,0.19324724371759863
0.35380945281049647,0.6761646958256162,0.1933984581348967
0.35376127637366733,0.676022225388232,0.19341228575496114
0.35381403325628213,0.676022225388232,0.1934876668454101
0.35376584638329606,0.6758797549508477,0.19348961132478099
0.3538450063399717,0.6758797549508477,0.19355552282528513
0.3537968073996718,0.6757372845134635,0.1935603181039289
0.35398164042092695,0.6757372845134635,0.19368370764255424
0.35395984175561696,0.6755948140760792,0.19373454703709875
0.35398626455658405,0.6755948140760792,0.19373480367615584
0.35393803658081374,0.675452343638695,0.19374000165679175
0.3540437607348219,0.675452343638695,0.19381855308811052
0.35399551904406273,0.6753098732013108,0.1938483864853977
0.3540484015536301,0.6753098732013108,0.19386006097139447
0.35400014939867036,0.6751674027639265,0.1938749154899266
0.3540530444527456,0.6751674027639265,0.1939181045307714
0.3540047818290496,0.6750249323265423,0.19393349579717556
0.3540841491667289,0.6750249323265423,0.19395520085948134
0.3540358744394619,0.674882461889158,0.1939593941614584
0.3541682242990654,0.674882461889158,0.19400574911547377
0.3541199342006879,0.6747399914517738,0.19402189475490134
0.35419938673248075,0.6747399914517738,0.19403591778736212
0.35415108451757665,0.6745975210143895,0.1940391889400595
0.35425707017806374,0.6745975210143895,0.19407390640199523
0.3542087542087542,0.6744550505770053,0.19409392119490254
0.3542352589045196,0.6744550505770053,0.19410062054025962
0.3541869340716905,0.674312580139621,0.1941119914087327
0.35413860200568775,0.6741701097022368,0.1941119914972294
0.3542711686756008,0.6741701097022368,0.19421285843804315
0.35422282120395326,0.6740276392648525,0.1942311359536391
0.35417446649195056,0.6738851688274683,0.19426976113761651
0.3544398651180217,0.6738851688274683,0.19440865565053875
0.35439148681055155,0.673742698390084,0.1944092714837144
0.35457749118992277,0.673742698390084,0.19454457782583767
0.35452909418116374,0.6736002279526998,0.19455752719002642
0.3544806899137608,0.6734577575153156,0.19457696599460905
0.35503980772119575,0.6734577575153156,0.19495028857381022
0.35499136182678587,0.6733152870779313,0.19496631996582117
0.3550446998722861,0.6733152870779313,0.19497944993136002
0.3549962434259955,0.6731728166405471,0.194989058194059
0.35528987141890367,0.6731728166405471,0.1951381182772459
0.35524138968265906,0.6730303462031628,0.19514137809967733
0.3553750094034454,0.6730303462031628,0.19522100472103018
0.3553265121877821,0.6728878757657786,0.1952211831965518
0.3555137372977042,0.6728878757657786,0.19529502038455418
0.35546522131887986,0.6727454053283943,0.19533985188017125
0.3557598131545242,0.6727454053283943,0.1954972500583034
0.3557112718505124,0.6726029348910101,0.195535361545494
0.3556627232311054,0.6724604644536258,0.19554100726759746
0.3559040868647263,0.6724604644536258,0.19569993158344334
0.35585551617525074,0.6723179940162416,0.19571193217204616
0.35596288753111566,0.6723179940162416,0.19581027407393686
0.3559143029571515,0.6721755235788573,0.1958649236579299
0.3561561108175436,0.6721755235788573,0.19599758395157985
0.3561075041521969,0.6720330531414731,0.19599987849494147
0.3561343903359758,0.6720330531414731,0.19601056051289809
0.35608577469042585,0.6718905827040889,0.19601339492021322
0.3561395559583145,0.6718905827040889,0.19607142465696797
0.35609092968809003,0.6717481122667046,0.19607863910349893
0.3561178247734139,0.6717481122667046,0.1960845689620124
0.35606918951582445,0.6716056418293204,0.1961171802304749
0.3560205469104094,0.6714631713919361,0.1961303712842373
0.3565052950075643,0.6714631713919361,0.19634676588476208
0.35645661547772145,0.671320700954552,0.1963671809000274
0.35648358299288846,0.671320700954552,0.19642048137725354
0.35643489445411214,0.6711782305171677,0.19642238871458167
0.35654279875879813,0.6711782305171677,0.1964598123391344
0.3564940962761126,0.6710357600797835,0.19647088456131695
0.35660205935796485,0.6710357600797835,0.19652226764413236
0.3565533429242069,0.6708932896423992,0.19652484670003856
0.35663435322629505,0.6708932896423992,0.19654121993120083
0.356585624479285,0.670750819205015,0.19656115810149744
0.35653688835024994,0.6706083487676308,0.1965726416401
0.35659090909090907,0.6706083487676308,0.1966367209705063
0.3565421622850216,0.6704658783302465,0.19668426321954452
0.35673135233474834,0.6704658783302465,0.19678421783989986
0.356682586612084,0.6703234078928623,0.19678727328436607
0.3567366745014785,0.6703234078928623,0.19683110350222882
0.35668789808917195,0.670180937455478,0.19683431108478536
0.35663911427921435,0.6700384670180938,0.19684694625741053
0.35666616107993326,0.6700384670180938,0.19685843113583418
0.3566173682214638,0.6698959965807095,0.19688440834348012
0.35664441747572817,0.6698959965807095,0.1968880664798304
0.356595615565501,0.6697535261433253,0.19689843382861374
0.35654680625094826,0.669611055705941,0.19689945318413846
0.3565738563083226,0.669611055705941,0.19692706355316014
0.35652503793626705,0.6694685852685568,0.19693110109296083
0.35663327261687916,0.6694685852685568,0.19703106662076902
0.35658444022770397,0.6693261148311725,0.19705389878107377
0.3565356004250797,0.6691836443937883,0.1970637710053072
0.3565626660593639,0.6691836443937883,0.1970728677071751
0.3565138171879745,0.6690411739564041,0.19710019734613776
0.35646496089894464,0.6688987035190198,0.19710713384336948
0.35651909788138814,0.6688987035190198,0.19715407567361415
0.35647023086269747,0.6687562330816356,0.1971815355407581
0.3565243809813155,0.6687562330816356,0.19720531103967834
0.3564755032282567,0.6686137626442513,0.19721403731455023
0.3565025828015801,0.6686137626442513,0.1972140470187283
0.3564536959659652,0.6684712922068671,0.19721455373381608
0.3565620487879018,0.6684712922068671,0.19726485061411722
0.3565402447366421,0.6683288217694828,0.19727747070755455
0.3564913347522043,0.6681863513320986,0.19728036016502337
0.356442417331813,0.6680438808947143,0.19728765742548388
0.3566593139119191,0.6680438808947143,0.1973971430724861
0.35661037577970484,0.6679014104573301,0.19740207625889178
0.35663750475465955,0.6679014104573301,0.19740542754969512
0.3565885575167377,0.6677589400199458,0.1974408087207344
0.35694158860711295,0.6677589400199458,0.1976330035350444
0.3568926123381569,0.6676164695825616,0.1976453554395219
0.3568436286084241,0.6674739991451774,0.1977289909869021
0.35679463741620965,0.6673315287077931,0.19773963387772525
0.35684900198080144,0.6673315287077931,0.19776307172367794
0.3568,0.6671890582704089,0.19779999012511074
0.35677817572201476,0.6670465878330246,0.19780126299936437
0.3568053650358177,0.6670465878330246,0.19783347604291296
0.3567563447907934,0.6669041173956404,0.1978453657654234
0.3568923452272034,0.6669041173956404,0.19792196972395518
0.3568433091879527,0.6667616469582561,0.19792319608310566
0.3569249542403905,0.6667616469582561,0.1979473418794621
0.3569031273836766,0.6666191765208719,0.19795472574139955
0.356957583155325,0.6666191765208719,0.197977846818748
0.3569085221637293,0.6664767060834876,0.19800366011669293
0.3569357546162063,0.6664767060834876,0.19802230671515988
0.3569139194139194,0.6663342356461034,0.1980224758878783
0.3570501565004962,0.6663342356461034,0.19806211532374296
0.35700106886547567,0.6661917652087191,0.19806559104231442
0.35705558949297495,0.6661917652087191,0.19808927523735742
0.3570064910271096,0.6660492947713349,0.19810706660548716
0.35714285714285715,0.6660492947713349,0.19815348447304554
0.3571210268948655,0.6659068243339507,0.198172608252999
0.35717560751948646,0.6659068243339507,0.19819742977783192
0.35712648070309516,0.6657643538965664,0.19819826987244352
0.3571537756037909,0.6657643538965664,0.19824961870456223
0.35710463960865246,0.6656218834591823,0.19827220666568357
0.3571319370126892,0.6656218834591823,0.19827432377363363
0.35711009174311925,0.665479413021798,0.19827937101780752
0.3571373958253689,0.665479413021798,0.19829580548150494
0.35708823979201715,0.6653369425844138,0.19832393561179829
0.35717017208413004,0.6653369425844138,0.19843381160103268
0.3571210035184335,0.6651944721470295,0.19843788940437793
0.35720296840333565,0.6651944721470295,0.1984677900464615
0.35715378729915837,0.6650520017096453,0.19849678105961396
0.3571811156171092,0.6650520017096453,0.19849812554001925
0.3571319253137435,0.664909531272261,0.1985227296678552
0.3571865911526098,0.664909531272261,0.19855243658963198
0.3571373899732109,0.6647670608348768,0.19856357228001875
0.35716472749540723,0.6647670608348768,0.19856524225270092
0.35711551710939293,0.6646245903974926,0.1985663256404594
0.35733435465338953,0.6646245903974926,0.19870676990336456
0.3573124952118287,0.6644821199601083,0.19872955301100145
0.3573946360153257,0.6644821199601083,0.1988016795223926
0.3573453904513756,0.6643396495227241,0.1988130156062237
0.3573727774371551,0.6643396495227241,0.19881757329417543
0.3573235226488848,0.6641971790853398,0.19881962588777216
0.3574605121913817,0.6641971790853398,0.19888006417101475
0.3574112414692125,0.6640547086479556,0.1988939810955202
0.357658072437078,0.6640547086479556,0.1990296629939239
0.3576087790653058,0.6639122382105713,0.1990483925855366
0.35769112680380716,0.6639122382105713,0.19907789865260614
0.3576418208336532,0.6637697677731871,0.19908635755789597
0.35780662007526304,0.6637697677731871,0.19914301125499648
0.3577572964669739,0.6636272973358028,0.19915299465494485
0.3577847760964744,0.6636272973358028,0.19916280648818735
0.3577354432324474,0.6634848268984186,0.19918058920636347
0.357686102788661,0.6633423564610343,0.19918060611305635
0.35807121433515343,0.6633423564610343,0.19937598667527787
0.3580218427934164,0.6631998860236501,0.19939028750773996
0.35826983760486414,0.6631998860236501,0.19968975543582776
0.35822044334975367,0.6630574155862659,0.19969635442343817
0.35817104149026247,0.6629149451488816,0.19970919047615798
0.3581216320246343,0.6627724747114974,0.19972672193905186
0.35817677856482905,0.6627724747114974,0.19976058143585804
0.35812735812735813,0.6626300042741131,0.1997638471904926
0.3582376954478934,0.6626300042741131,0.19980082147723022
0.3581882606686181,0.6624875338367289,0.19980864923945396
0.3581388182728603,0.6623450633993446,0.19981844521966796
0.35827681874229345,0.6623450633993446,0.19984146483721368
0.35822736030828517,0.6622025929619604,0.19985447239844398
0.35817789425003854,0.6620601225245761,0.19985726984407942
0.35823311748381126,0.6620601225245761,0.19988299654673927
0.35818364042864853,0.6619176520871919,0.199886378420744
0.3581341557440247,0.6617751816498076,0.19988792885035703
0.35808466342817485,0.6616327112124234,0.1999018162927085
0.3581398935760006,0.6616327112124234,0.19990893782405897
0.3580903902514268,0.6614902407750392,0.19991716233999138
0.3582008949236229,0.6614902407750392,0.19992809554010926
0.3581513772085487,0.6613477703376549,0.1999443353552562
0.35826194335108436,0.6613477703376549,0.1999718264745213
0.35821241123803643,0.6612052999002707,0.1999764860613545
0.3582953755886667,0.6612052999002707,0.20000332643008548
0.3582458307597282,0.6610628294628864,0.20001067952294485
0.3584118646686235,0.6610628294628864,0.20006124794464591
0.35836230204712244,0.6609203590255022,0.20007928664241695
0.35841767750907827,0.6609203590255022,0.20009130763717264
0.35836810384793694,0.6607778885881179,0.2000975598827851
0.3586729564612172,0.6607778885881179,0.20023958184649468
0.3586233565351895,0.6606354181507337,0.2002440532517558
0.35867883663366334,0.6606354181507337,0.20026566681624278
0.35862922565173666,0.6604929477133494,0.2002733969056203
0.3585796069936562,0.6603504772759652,0.20027431011613128
0.3588572313409724,0.6603504772759652,0.20040951201359875
0.35880758807588076,0.6602080068385809,0.20042683542038903
0.3589465530596437,0.6602080068385809,0.20050131491793924
0.3588968936400961,0.6600655364011968,0.20050889936131147
0.3593701520322681,0.6600655364011968,0.2006935970134711
0.35934833204034133,0.6599230659638126,0.2007035581944946
0.3592986267359764,0.6597805955264283,0.2007197961576681
0.3594101668606907,0.6597805955264283,0.2008003336613523
0.3593604470661285,0.6596381250890441,0.20080361614293224
0.35944414253551743,0.6596381250890441,0.20083642775353153
0.3593944099378882,0.6594956546516598,0.20085043562492463
0.35945022519024694,0.6594956546516598,0.200934740352121
0.35940048147860526,0.6593531842142756,0.20093952572854665
0.35945631067961165,0.6593531842142756,0.20094726788203995
0.359406555848998,0.6592107137768913,0.2009597360266639
0.35949032709191203,0.6592107137768913,0.20097891077874536
0.3594405594405594,0.6590682433395071,0.2009927444092959
0.3594684901701764,0.6590682433395071,0.20099917752495314
0.35941871308672674,0.6589257729021228,0.20100486447571597
0.3595025262339681,0.6589257729021228,0.20103061430147146
0.35945273631840796,0.6587833024647386,0.2010381379337078
0.3595086300730835,0.6587833024647386,0.2010417843954113
0.3594588290179613,0.6586408320273544,0.20105455430564007
0.3594867807153966,0.6586408320273544,0.2010567184586737
0.3594369702154133,0.6584983615899701,0.2010669003822283
0.3595208462974487,0.6584983615899701,0.20112734085689896
0.35947102294826916,0.6583558911525859,0.20113824864199453
0.35955493308434483,0.6583558911525859,0.20117730844886764
0.3595050968796203,0.6582134207152016,0.20119916891668643
0.3595610553350455,0.6582134207152016,0.20125788196487066
0.3595112079701121,0.6580709502778174,0.2012641243441534
0.3597632214346912,0.6580709502778174,0.20136421366010046
0.35971335098925067,0.6579284798404331,0.20138804746524472
0.3601060511540861,0.6579284798404331,0.20161527650719002
0.36005614910707323,0.6577860094030489,0.2016268467108619
0.360006239276244,0.6576435389656646,0.2016447799792524
0.3599563216597769,0.6575010685282804,0.20166679584419236
0.3600967540574282,0.6575010685282804,0.20172429473573544
0.36007491805837366,0.6573585980908961,0.20173141911924625
0.3601311270683734,0.6573585980908961,0.20175947361862737
0.36008118023573493,0.6572161276535119,0.20176293748512877
0.36010928961748634,0.6572161276535119,0.20179207878308547
0.3600593332812866,0.6570736572161276,0.20181825602691505
0.3601436826487584,0.6570736572161276,0.20185444752291942
0.3600937133932058,0.6569311867787434,0.20186830656860977
0.3602625205094148,0.6569311867787434,0.20192136761471302
0.3602125332083138,0.6567887163413592,0.20195105844643296
0.3602406814097054,0.6567887163413592,0.20196123359586604
0.36019068458893405,0.6566462459039749,0.2019803292228702
0.3602188354826104,0.6566462459039749,0.2019875079277473
0.3601688291386587,0.6565037754665907,0.2019912626639928
0.360450563204005,0.6565037754665907,0.202183917435948
0.36040053195650473,0.6563613050292064,0.20218972098770782
0.3604287278986074,0.6563613050292064,0.20219477574184444
0.36037868711368437,0.6562188345918222,0.20221904482984646
0.36032863849765256,0.6560763641544379,0.2022229852690014
0.360385036781969,0.6560763641544379,0.20223849106033173
0.3603349769116381,0.6559338937170537,0.20225458713923172
0.3602849092047589,0.6557914232796694,0.202336264395114
0.3602348336594912,0.6556489528422852,0.20233780844564747
0.36018475027399405,0.655506482404901,0.2023969720303083
0.36013465904642605,0.6553640119675167,0.20239744490006284
0.3601628562480426,0.6553640119675167,0.20240714352956174
0.36011275546159266,0.6552215415301325,0.20241243915553014
0.3602255815775045,0.6552215415301325,0.20247394157009857
0.36017546608177975,0.6550790710927482,0.2024826017574642
0.36023190222500784,0.6550790710927482,0.2025002922157155
0.3601817754446447,0.654936600655364,0.2025315371905772
0.36043594166535986,0.654936600655364,0.20263856910867015
0.36038579157845213,0.6547941302179797,0.2026473710370231
0.3604988626558946,0.6547941302179797,0.2026948861576652
0.3604486978349545,0.6546516597805955,0.20269836207929895
0.36039852514317094,0.6545091893432112,0.2027227289615264
0.3608514649281282,0.6545091893432112,0.20293490520362806
0.3608012568735271,0.6543667189058271,0.202939946484769
0.3609146628948609,0.6543667189058271,0.20302017747503365
0.3608644400785855,0.6542242484684428,0.20305309673719812
0.3610062893081761,0.6542242484684428,0.20308598415549922
0.3609560500039311,0.6540817780310586,0.20310844627488966
0.3609844315143891,0.6540817780310586,0.20311834774983226
0.3609341825902335,0.6539393075936744,0.20312856099518858
0.36088392576281847,0.6537968371562901,0.20315113548376196
0.3610826973011252,0.6537968371562901,0.20321939898891997
0.3610324205225055,0.6536543667189059,0.20323479594295732
0.3611176702085793,0.6536543667189059,0.20334062040632542
0.36106738035264485,0.6535118962815216,0.20334572418225375
0.3613518197573657,0.6535118962815216,0.20351598522354372
0.36130150476640666,0.6533694258441374,0.2035169369569385
0.36125118184683264,0.6532269554067531,0.20352463395626347
0.36120085099676935,0.6530844849693689,0.20353314687116572
0.361150512214342,0.6529420145319846,0.20353689447187392
0.3614638378421011,0.6529420145319846,0.20372218516894647
0.36141347215649156,0.6527995440946004,0.2037701735798216
0.3617273229651851,0.6527995440946004,0.20406439262141304
0.36167693036475607,0.6526570736572161,0.20406754737940333
0.3618483412322275,0.6526570736572161,0.20413367504290225
0.3617979303262501,0.6525146032198319,0.20413494596908383
0.36208395920626135,0.6525146032198319,0.20421289192244854
0.36203352308665404,0.6523721327824477,0.20422196690985917
0.3620907796931836,0.6523721327824477,0.2042357809209635
0.3620403321470937,0.6522296623450634,0.20424632848400806
0.3620689655172414,0.6522296623450634,0.20424996415129743
0.36201850826544335,0.6520871919076792,0.20425184778906538
0.36224772457459437,0.6520871919076792,0.20435026155974095
0.36219724552794047,0.6519447214702949,0.2043603078486935
0.36214675848966993,0.6518022510329107,0.20436850712479876
0.36209626345788476,0.6516597805955264,0.20440429866882906
0.3620457604306864,0.6515173101581422,0.20442870842898817
0.3620744259699129,0.6515173101581422,0.2044549805233595
0.36202391321561483,0.6513748397207579,0.2044690135582985
0.3620812544547398,0.6513748397207579,0.20450853067622632
0.36203073023918897,0.6512323692833737,0.2045169807378374
0.36205940594059405,0.6512323692833737,0.20452456836681254
0.3620088719898606,0.6510898988459894,0.20457637626439407
0.36229586174092276,0.6510898988459894,0.20470759806985556
0.36224530246570996,0.6509474284086052,0.20471632803900544
0.3621947351728513,0.650804957971221,0.20480411589248937
0.3622234557132662,0.650804957971221,0.20481460735578727
0.362172878667724,0.6506624875338367,0.20484641032683712
0.36225906242563655,0.6506624875338367,0.20486475795979214
0.3622372074573582,0.6505200170964525,0.20486528930049866
0.362352194270296,0.6505200170964525,0.2049413100168019
0.3623015873015873,0.6503775466590682,0.20495109956449406
0.36247419406066383,0.6503775466590682,0.20504014859748143
0.3624235686492496,0.650235076221684,0.20506188254959515
0.36237293519695046,0.6500926057842997,0.20506782619819067
0.3624305003971406,0.6500926057842997,0.20507676414866274
0.3623798554293431,0.6499501353469155,0.20509036325619442
0.3624950337703615,0.6499501353469155,0.20514210157103602
0.36244437380801015,0.6498076649095312,0.20514291585009914
0.36264610002385306,0.6498076649095312,0.20528125664315708
0.36259541984732824,0.649665194472147,0.205283623230877
0.3626530936853825,0.649665194472147,0.20532313782328765
0.3626024019724807,0.6495227240347627,0.20534197884871308
0.3626312440343621,0.6495227240347627,0.20535119032995508
0.362580542518495,0.6493802535973785,0.2054044195056988
0.362667091024825,0.6493802535973785,0.20546835365012592
0.36261637622344234,0.6492377831599943,0.2054711001490091
0.3625656533503104,0.64909531272261,0.20547180133846227
0.36259450855551134,0.64909531272261,0.20547669923461398
0.3625437758675581,0.6489528422852258,0.20548510983912863
0.3626592356687898,0.6489528422852258,0.20553411872765107
0.3626084879369377,0.6488103718478416,0.20556133255127015
0.3626951258362536,0.6488103718478416,0.20561205301056254
0.3626443647949024,0.6486679014104574,0.2056125087961087
0.3627310388782664,0.6486679014104574,0.20563465725834695
0.3626802645207553,0.6485254309730731,0.205646731759681
0.36273806677822934,0.6485254309730731,0.20567077256154068
0.36268728084156837,0.6483829605356889,0.20568422344728557
0.3627161871363673,0.6483829605356889,0.20568682374975716
0.362665391359796,0.6482404900983046,0.20568934002471553
0.3626145874850538,0.6480980196609204,0.20568970582955814
0.3627013235528624,0.6480980196609204,0.20569716378822506
0.3626794258373206,0.6479555492235362,0.20570352117785526
0.3627662120124432,0.6479555492235362,0.20572211322901898
0.36271537970644546,0.6478130787861519,0.20573354161319984
0.36277325674166266,0.6478130787861519,0.20574734674053066
0.36272241283012846,0.6476706083487677,0.2057809983798327
0.3629830725007985,0.6476706083487677,0.20587913371025815
0.36293220474327237,0.6475281379113834,0.20588405686248124
0.3628813288612043,0.6473856674739992,0.2058968273770169
0.3630842988413903,0.6473856674739992,0.2060047271080259
0.3630334025891002,0.6472431970366149,0.20601105628282093
0.3632075471698113,0.6472431970366149,0.20610202216045462
0.3631566322859199,0.6471007265992307,0.2061137984692956
0.3632437619961612,0.6471007265992307,0.2061744420728141
0.36319283371990724,0.6469582561618464,0.20618594930934928
0.3631418972964326,0.6468157857244622,0.2061874049172076
0.36322905832466595,0.6468157857244622,0.206243042792444
0.3631781084973596,0.6466733152870779,0.2062435421621168
0.36323623559539053,0.6466733152870779,0.20626542526613026
0.36318527410964385,0.6465308448496937,0.20627157262639906
0.36324341631313534,0.6465308448496937,0.2063306758159576
0.3631924431636247,0.6463883744123095,0.2063339417590904
0.3632506004803843,0.6463883744123095,0.20639964266726316
0.3631996156617824,0.6462459039749252,0.20641131795054685
0.36314862267777065,0.646103433537541,0.20641971430285602
0.3632358830596716,0.646103433537541,0.2064836595839443
0.3631848766421019,0.6459609631001567,0.20648806032177258
0.36327217370403014,0.6459609631001567,0.20652854125261347
0.36322115384615383,0.6458184926627725,0.20653888631173298
0.3631701258113631,0.6456760222253882,0.20654042141725926
0.3632283401458684,0.6456760222253882,0.20655881811910246
0.36317730041680024,0.645533551788004,0.20656826332360392
0.3632646516475587,0.645533551788004,0.2066665367320969
0.3632135984605516,0.6453910813506197,0.20669040757024573
0.36330098644638703,0.6453910813506197,0.20672891561988152
0.36327905670971367,0.6452486109132355,0.2067326902190443
0.3634831460674157,0.6452486109132355,0.20683509681798198
0.3634320571474436,0.6451061404758512,0.20687754042290363
0.3633809600256863,0.644963670038467,0.20688040585122433
0.3633298547001686,0.6448211996010828,0.20688617958514538
0.36327874116891457,0.6446787291636985,0.20689039984658944
0.3633370804560784,0.6446787291636985,0.20689263370136948
0.3632859551915201,0.6445362587263143,0.20691122842106466
0.3633443096940005,0.6445362587263143,0.20698179228357066
0.36329317269076306,0.64439378828893,0.20701575424375232
0.36332235520925377,0.64439378828893,0.2070465396115529
0.36327120822622105,0.6442513178515458,0.2070582255789432
0.3633879781420765,0.6442513178515458,0.2071276963071134
0.36336601832502813,0.6441088474141615,0.20715933881493412
0.3634244372990354,0.6441088474141615,0.2071704893785037
0.36337326151619903,0.6439663769767773,0.20722185980226213
0.3634024762823605,0.6439663769767773,0.20722245335629846
0.3633512905041409,0.643823906539393,0.20722341688764584
0.3635559131134352,0.643823906539393,0.20735262607609053
0.36350470673425056,0.6436814361020088,0.20735616070917826
0.3637388294018195,0.6436814361020088,0.20743622520617525
0.36368760064412237,0.6435389656646245,0.2074584185816134
0.3637168854175054,0.6435389656646245,0.2075230413071996
0.3636656466419713,0.6433964952272403,0.20753511995588828
0.363753523962948,0.6433964952272403,0.20755438437351864
0.3637022716288062,0.6432540247898562,0.20756360726003562
0.36408354164986695,0.6432540247898562,0.2077696777351977
0.3640322580645161,0.6431115543524719,0.20777288292407656
0.36406161787240904,0.6431115543524719,0.20777414800690794
0.3640103242458461,0.6429690839150877,0.20780310944339225
0.36409842678499393,0.6429690839150877,0.20785492737317968
0.3640471195739874,0.6428266134777034,0.207859178344911
0.36413525946251313,0.6428266134777034,0.2079341364002128
0.3640839386602098,0.6426841430403192,0.2079596924959483
0.36423092450545014,0.6426841430403192,0.20802156188218685
0.3641795865633075,0.6425416726029349,0.20802993494597322
0.36438555384988286,0.6425416726029349,0.20815801492152294
0.36433419521654814,0.6423992021655507,0.2081707197038441
0.3644225329346157,0.6423992021655507,0.2082115848493918
0.3643711606854187,0.6422567317281664,0.20821370558511507
0.3643197801309514,0.6421142612907822,0.20822287045497775
0.3642683912691997,0.641971790853398,0.20822671009304536
0.36432729624838295,0.641971790853398,0.20827480929919553
0.36427589552842243,0.6418293204160137,0.2082803252887463
0.36422448649522887,0.6416868499786295,0.20828377333280768
0.3644012944983819,0.6416868499786295,0.20834483463520828
0.36434986649405293,0.6415443795412452,0.20834580914917925
0.3643793494092895,0.6415443795412452,0.20834854595453006
0.364327911305333,0.641401909103861,0.2083507975282979
0.3642764648753642,0.6412594386664767,0.20838567198949973
0.36442393328475425,0.6412594386664767,0.20845258261628558
0.3643724696356275,0.6411169682290925,0.20847111536784105
0.3644905232463956,0.6411169682290925,0.20856169709251443
0.3644390441474281,0.6409744977917082,0.20857584993899142
0.3646458096936294,0.6409744977917082,0.20870660218382905
0.36459430979978924,0.640832027354324,0.20871995688678555
0.3646829901086428,0.640832027354324,0.20876388691025505
0.3646314765263926,0.6406895569169397,0.20876891887176338
0.3647793640493186,0.6406895569169397,0.2088190389714728
0.3647278332116492,0.6405470864795555,0.20882247210552934
0.36484622251075227,0.6405470864795555,0.20890286763389124
0.36479467618893036,0.6404046160421712,0.20891842788961518
0.3648538961038961,0.6404046160421712,0.20895352340874598
0.36480233785209837,0.640262145604787,0.20896662587728806
0.3647507712290956,0.6401196751674028,0.2089857548158121
0.3646991962328489,0.6399772047300185,0.20905720648666096
0.36472880805456315,0.6399772047300185,0.20907244877172787
0.36467722289890375,0.6398347342926343,0.20908112908286072
0.3647957111526277,0.6398347342926343,0.2091983729081545
0.3647441104792851,0.63969226385525,0.20920377258800302
0.3647737427898286,0.63969226385525,0.2092123905212741
0.36472213194670133,0.6395497934178658,0.20921961597797373
0.3648407022106632,0.6395497934178658,0.20925308385911448
0.3647890758351622,0.6394073229804815,0.2092712917361145
0.36481872866200615,0.6394073229804815,0.20928666031195686
0.3647670921063328,0.6392648525430973,0.20936721764858093
0.3647154471544715,0.639122382105713,0.20937171170843064
0.3647451012277421,0.639122382105713,0.20938038547266208
0.36469344608879495,0.6389799116683288,0.20938569771595317
0.36472310319590145,0.6389799116683288,0.20941527399349638
0.36467143786597267,0.6388374412309445,0.20944450159190195
0.36473076297380835,0.6388374412309445,0.20947480232701116
0.3646790856585048,0.6386949707935603,0.20948040032460463
0.364627399934917,0.6385525003561761,0.2094821760565067
0.3645757058009926,0.6384100299187918,0.20950293503601572
0.365080658302102,0.6384100299187918,0.20972336318660645
0.36502892528314185,0.6382675594814076,0.20975024504542017
0.3650586701434159,0.6382675594814076,0.2097545713098959
0.3650069269008231,0.6381250890440233,0.20975765203505156
0.36548347613219095,0.6381250890440233,0.20999038676371193
0.3654316957728089,0.6379826186066391,0.20999810106034217
0.36546151962784623,0.6379826186066391,0.20999995123600196
0.36540972902383284,0.6378401481692548,0.2100212461757903
0.36543955595461597,0.6378401481692548,0.21005180696669037
0.3654175851089885,0.6376976777318706,0.21005478621107088
0.36547725973707845,0.6376976777318706,0.21006153787949247
0.36542544504327945,0.6375552072944864,0.21007881768896478
0.36545528787260106,0.6375552072944864,0.21010499689989365
0.36540346292061415,0.6374127368571022,0.21011819302864157
0.3656124867206015,0.6374127368571022,0.21025443935496582
0.36556064073226546,0.637270266419718,0.21027184998636358
0.3657698912421294,0.637270266419718,0.21042248762800878
0.36571802420673866,0.6371277959823337,0.2104469373212804
0.36574793489817614,0.6371277959823337,0.21045826092527314
0.36569605758220186,0.6369853255449495,0.2104594849796411
0.3657259713701432,0.6369853255449495,0.2104751302419847
0.3656740837696335,0.6368428551075652,0.21048713753982243
0.36562218767896587,0.636700384670181,0.2104916696548734
0.365861645517806,0.636700384670181,0.21060702506760845
0.36580972654331095,0.6365579142327967,0.2106412085344511
0.36578774975434,0.6364154437954125,0.2106551105567589
0.3658776312556311,0.6364154437954125,0.210691035047793
0.36585565659048086,0.6362729733580282,0.21075499456468189
0.36580370309683763,0.636130502920644,0.21075615042331033
0.36598360655737705,0.636130502920644,0.21084041168579995
0.36593163374047055,0.6359880324832597,0.21084739653121592
0.36587965240203313,0.6358455620458755,0.210862379430892
0.3659096499139133,0.6358455620458755,0.21087116106843287
0.36588765887658875,0.6357030916084913,0.21087278752219596
0.3659476748954318,0.6357030916084913,0.210900009712272
0.3658956692913386,0.635560621171107,0.21090124271976265
0.3659557013945857,0.635560621171107,0.2109638078213149
0.3659036836491919,0.6354181507337228,0.21097189911284323
0.36585165736790287,0.6352756802963385,0.21098122899816188
0.36579962254861736,0.6351332098589543,0.21098219834875107
0.3658596635207222,0.6351332098589543,0.21102118607304324
0.36580761654629024,0.63499073942157,0.21109065441229852
0.3657555610276615,0.6348482689841858,0.2110997136912094
0.36614626129827443,0.6348482689841858,0.2113704954354334
0.3660941737201085,0.6347057985468015,0.21137886355094712
0.36621454993834773,0.6347057985468015,0.21138590136426566
0.3661624465636304,0.6345633281094173,0.21140274893025474
0.3662226607465877,0.6345633281094173,0.21140754353552788
0.36617054518542885,0.634420857672033,0.21142342538351577
0.3665623971024037,0.634420857672033,0.2116103011298436
0.3665102494443072,0.6342783872346488,0.21162786080083384
0.3665706051873199,0.6342783872346488,0.21167726277216928
0.36651844532279315,0.6341359167972646,0.21168110682542676
0.36646627686733096,0.6339934463598803,0.2117059670716283
0.36649645857354635,0.6339934463598803,0.21171379784513863
0.3664442797133679,0.6338509759224961,0.21171841290319843
0.36639209225700164,0.6337085054851118,0.21172064147994443
0.366482656340117,0.6337085054851118,0.2117563546297653
0.366430454845089,0.6335660350477276,0.21177126079391728
0.3664606510094767,0.6335660350477276,0.21177843029769988
0.3664084390967529,0.6334235646103433,0.2117797529076705
0.3664990520154975,0.6334235646103433,0.2118128074379211
0.36644682605111295,0.6332810941729591,0.21181344933669277
0.366477038502762,0.6332810941729591,0.2118508030131861
0.3664550177290344,0.6331386237355748,0.2118615022531237
0.36648523833085933,0.6331386237355748,0.21186193261488587
0.36643298969072163,0.6329961532981906,0.21186595104948638
0.3665539146935071,0.6329961532981906,0.21192434170436797
0.3665016501650165,0.6328536828608063,0.21193187976566097
0.3664493770113046,0.6327112124234221,0.2119329410044013
0.366397095230236,0.6325687419860379,0.2119417144054504
0.36654833649797736,0.6325687419860379,0.2119827215304362
0.36649603698811095,0.6324262715486536,0.2119848423353624
0.36688982560542194,0.6324262715486536,0.21217461594940928
0.3668374938006282,0.6322838011112694,0.21218054052282845
0.36698916728686015,0.6322838011112694,0.2122319280662765
0.36693681773073106,0.6321413306738851,0.2122366618584057
0.3670278765820167,0.6321413306738851,0.2122664430838466
0.3669755129053607,0.631998860236501,0.212279700452591
0.3670058740795896,0.631998860236501,0.21228544414500375
0.3669534999172596,0.6318563897991167,0.21231719856865436
0.3669011170872983,0.6317139193617325,0.21232504924154552
0.3670225974670971,0.6317139193617325,0.21236827855725848
0.3669701986754967,0.6315714489243482,0.21237916408051502
0.36706135629709363,0.6315714489243482,0.2124660449571019
0.3670089433587281,0.631428978486964,0.21247232412898584
0.3671001408100721,0.631428978486964,0.21252663547564904
0.36704771371769385,0.6312865080495798,0.21253761901386353
0.36710853355426676,0.6312865080495798,0.21255494322636276
0.3670560941254454,0.6311440376121955,0.2125951355862589
0.3671777869871529,0.6311440376121955,0.21265067887801567
0.3671253315649867,0.6310015671748113,0.21267306370358702
0.36724709784411275,0.6310015671748113,0.21269452936554434
0.36719462642010114,0.630859096737427,0.2127270519412803
0.3672555362030356,0.630859096737427,0.21273145918016334
0.36720305242203055,0.6307166263000428,0.21274893735576034
0.36772157155909957,0.6307166263000428,0.21294028990407998
0.36766904801462036,0.6305741558626585,0.21296159870306527
0.36769959292182436,0.6305741558626585,0.21296710640265157
0.36764705882352944,0.6304316854252743,0.21299554165457973
0.3677081602127306,0.6304316854252743,0.21302697738883136
0.36768617021276595,0.63028921498789,0.21303401337744818
0.36763361316598786,0.6301467445505058,0.21310763011827383
0.36761160528722253,0.6300042741131215,0.21314507741621985
0.3676421682740273,0.6300042741131215,0.2131789150368574
0.36758959008896647,0.6298618036757373,0.21317989983747826
0.3675370031598204,0.629719333238353,0.2131942745579525
0.36748440748440747,0.6295768628009688,0.2132187425015599
0.36751497005988026,0.6295768628009688,0.21322567675831977
0.36746236380271147,0.6294343923635846,0.21323317911878498
0.3674929296290135,0.6294343923635846,0.21324137315532546
0.3674403127859579,0.6292919219262003,0.2132624692465891
0.3678993836415126,0.6292919219262003,0.2135065029434958
0.3678467305289463,0.6291494514888161,0.21351435637602095
0.3677940686437854,0.6290069810514318,0.21354424662068017
0.36774139798383737,0.6288645106140476,0.21355498613746676
0.3678946491081847,0.6288645106140476,0.21365589916477154
0.3678419604901225,0.6287220401766633,0.21366920708649642
0.3677892630876959,0.6285795697392791,0.21366982059913303
0.3680040036700309,0.6285795697392791,0.2137774970243304
0.3679512846179513,0.6284370993018948,0.2137845030993859
0.3679819804788521,0.6284370993018948,0.21378560162762567
0.36792925079259137,0.6282946288645106,0.21378955928733157
0.3679906542056075,0.6282946288645106,0.21383949255090073
0.3679379120420596,0.6281521584271264,0.213844211245207
0.36803005008347245,0.6281521584271264,0.21392922006633944
0.36797729359712833,0.6280096879897421,0.21396175635384065
0.36800801469360495,0.6280096879897421,0.21396736217697973
0.36795524755781917,0.6278672175523579,0.2139783629441441
0.36798597194388777,0.6278672175523579,0.2139920631961109
0.3679331941544885,0.6277247471149736,0.2140019059535058
0.367880407549691,0.6275822766775894,0.21400608831094578
0.3678276121272864,0.6274398062402051,0.2140078693363174
0.36791979949874687,0.6274398062402051,0.214041315288106
0.3678669897234523,0.6272973358028209,0.21404987998947989
0.36781417112299464,0.6271548653654366,0.21406682944959587
0.36776134369516167,0.6270123949280524,0.21409782865472798
0.3680073584747889,0.6270123949280524,0.2142209547722743
0.3679545074427162,0.6268699244906681,0.21426388307651592
0.36790164757046084,0.6267274540532839,0.21429831079278924
0.36784877885580464,0.6265849836158996,0.21429888444788806
0.36779590129652867,0.6264425131785154,0.2143291559416854
0.3677430148904133,0.6263000427411313,0.21436922625079988
0.3678045515394913,0.6263000427411313,0.21441408425088387
0.36775165258137393,0.626157572303747,0.21445643287239297
0.3679055750878955,0.626157572303747,0.2145254596992736
0.36788345612860013,0.6260151018663628,0.2145792202555994
0.3680683531579829,0.6260151018663628,0.2146768079940151
0.36801541425818884,0.6258726314289785,0.21468406069746038
0.36810792693145633,0.6258726314289785,0.2147077404210258
0.3680549736026146,0.6257301609915943,0.21472823531031715
0.3681783888004024,0.6257301609915943,0.21478949534617134
0.36812541918175723,0.62558769055421,0.2147983710375632
0.36807244068080824,0.6254452201168258,0.21479893808191705
0.36810330370618816,0.6254452201168258,0.21480640142517302
0.3680503144654088,0.6253027496794415,0.21482832953043451
0.3679973163367997,0.6251602792420573,0.21486624548485928
0.3680281808269731,0.6251602792420573,0.2148993416071226
0.3679751719510149,0.6250178088046731,0.21490789623829817
0.3680369127516778,0.6250178088046731,0.21491653645865488
0.3679838912660458,0.6248753383672888,0.21493175439868362
0.3680765357502518,0.6248753383672888,0.21494608873316082
0.36802349979018045,0.6247328679299046,0.21496087491550353
0.3680852849827919,0.6247328679299046,0.21500438946646716
0.36803223640026866,0.6245903974925203,0.21501669651465694
0.36812494751868335,0.6245903974925203,0.2150839432074014
0.3680718844474303,0.6244479270551361,0.2151005814229185
0.36813371409373424,0.6244479270551361,0.2151080456579607
0.36808063838723226,0.6243054566177518,0.21512256689492287
0.36817341623256594,0.6243054566177518,0.21522139094834422
0.36812032602302325,0.6241629861803676,0.2152302450178963
0.3682440951500378,0.6241629861803676,0.21530609915738272
0.36819098856758575,0.6240205157429833,0.21532858484224374
0.3684387617765814,0.6240205157429833,0.21548512147392554
0.3683856313619921,0.6238780453055991,0.2155094018533249
0.3685096356139022,0.6238780453055991,0.2155843680960299
0.3684564888065982,0.6237355748682148,0.2156019643025312
0.3684875010521,0.6237355748682148,0.21562561220217508
0.36843434343434345,0.6235931044308306,0.2156728918016341
0.36855843718423714,0.6235931044308306,0.21573120939116175
0.3685052631578947,0.6234506339934464,0.21574285605669474
0.36845208017517267,0.6233081635560621,0.21574829926031808
0.3686072963181397,0.6233081635560621,0.2158593017736953
0.3685540950455005,0.6231656931186779,0.21585949647643055
0.368585152102469,0.6231656931186779,0.21586579783783344
0.36853193999662903,0.6230232226812936,0.2158799216028406
0.3686251369805277,0.6230232226812936,0.21589813410477932
0.3685719103018041,0.6228807522439094,0.21591501157785745
0.36860298457128404,0.6228807522439094,0.2159379130041963
0.36854974704890386,0.6227382818065251,0.21596776772142157
0.36861190757294654,0.6227382818065251,0.21600606978613568
0.3685586573332209,0.6225958113691409,0.21602298718424168
0.36862083509067906,0.6225958113691409,0.2160480303422024
0.36856757212755187,0.6224533409317566,0.21605383128683128
0.36851430017717035,0.6223108704943724,0.21606742311852736
0.36846101923725955,0.6221684000569881,0.2161065090051297
0.36840772930554383,0.6220259296196039,0.2161217049576041
0.3686254643701452,0.6220259296196039,0.2162636707180608
0.36857215232626866,0.6218834591822197,0.21626645987794443
0.36860327647356866,0.6218834591822197,0.2162672399624583
0.36854995355122033,0.6217409887448354,0.21626750735464992
0.36864335191755365,0.6217409887448354,0.216345129815521
0.36859001436174704,0.6215985183074512,0.21634708237441996
0.3686834544532702,0.6215985183074512,0.216366434371871
0.3686301022564016,0.6214560478700669,0.2163692489347215
0.3686924182233116,0.6214560478700669,0.2163982610044
0.36863905325443785,0.6213135774326827,0.21642329545069808
0.3688261163734777,0.6213135774326827,0.21652635150769023
0.36877273111731373,0.6211711069952984,0.21653551783738
0.36892875275004233,0.6211711069952984,0.2165949021767862
0.3688753490733689,0.6210286365579142,0.2166551607744085
0.36900025395750446,0.6210286365579142,0.21674593771177716
0.3689468337284118,0.6208861661205299,0.21675096913111147
0.36889340445347557,0.6207436956831458,0.2167657393056234
0.3689871273712737,0.6207436956831458,0.21679914199640343
0.3689336834081477,0.6206012252457616,0.21680261723778388
0.3689961880559085,0.6206012252457616,0.21681557010412564
0.368942731277533,0.6204587548083773,0.21681572062955703
0.3690365223286162,0.6204587548083773,0.21688661322050853
0.36898305084745764,0.6203162843709931,0.21689676808499128
0.368929570302568,0.6201738139336088,0.21689724829873344
0.3690233977619532,0.6201738139336088,0.2169256094884845
0.36896990250105977,0.6200313434962246,0.21692920366284574
0.3692203274794265,0.6200313434962246,0.2170244035284345
0.36916680807737995,0.6198888730588403,0.2170554114707527
0.3692921405533865,0.6198888730588403,0.2170775463541371
0.36923860453272217,0.6197464026214561,0.21708503022492906
0.3692699490662139,0.6197464026214561,0.21714164458832688
0.36921640207148315,0.6196039321840718,0.21714461204443297
0.369247750042452,0.6196039321840718,0.2171859961472448
0.3691941920692876,0.6194614617466876,0.2171872266006959
0.3692569002123142,0.6194614617466876,0.2172276332323437
0.3692033293697979,0.6193189913093033,0.2172438281690053
0.36926605504587157,0.6193189913093033,0.21727124146427418
0.36921247132783963,0.6191765208719191,0.21728985561178546
0.3692438402718777,0.6191765208719191,0.21729459414217517
0.36919024556037044,0.6190340504345349,0.21733352926126975
0.36916801223761364,0.6188915799971506,0.21733532560575144
0.3693877551020408,0.6188915799971506,0.21749228198702178
0.36933412705162005,0.6187491095597664,0.21749846488995644
0.3692804898792312,0.6186066391223821,0.2175415172554827
0.36931189929403757,0.6186066391223821,0.2175435382416158
0.3692582511058183,0.6184641686849979,0.2175673308834666
0.36920459378987663,0.6183216982476136,0.2175703232129278
0.36915092734388294,0.6181792278102294,0.21758610435876502
0.369213750850919,0.6181792278102294,0.21760961271125787
0.369160071483278,0.6180367573728451,0.2176308879151738
0.3691063829787234,0.6178942869354609,0.21765736872702035
0.36905268533492214,0.6177518164980766,0.21765897195898357
0.3692412501064464,0.6177518164980766,0.21779414521911428
0.3691875319366377,0.6176093460606924,0.21780708370948215
0.36913380461630185,0.6174668756233082,0.21783205937189046
0.36919669477809014,0.6174668756233082,0.2178994245034182
0.3691744057254835,0.6173244051859239,0.2179017501113507
0.36912065439672803,0.6171819347485397,0.21790499719854
0.369277981416759,0.6171819347485397,0.21803940144139922
0.36922421142369993,0.6170394643111554,0.2180580458609334
0.3691704322619149,0.6168969938737712,0.21807735768728662
0.3693908889268043,0.6168969938737712,0.21816271279509822
0.36933708727924236,0.6167545234363869,0.21817377392014858
0.36962090163934425,0.6167545234363869,0.21828675044212079
0.36956707369140124,0.6166120529990027,0.21829063503206356
0.36981970434931216,0.6166120529990027,0.21840871084906008
0.3697658519911126,0.6164695825616184,0.21842968419284856
0.36989228928021883,0.6164695825616184,0.21850671883173253
0.36983842010771995,0.6163271121242342,0.21853262533229056
0.3699649362866672,0.6163271121242342,0.21864602220427976
0.3699110502907971,0.6161846416868499,0.21865665030325313
0.3700059885362306,0.6161846416868499,0.2187073053735187
0.36995208761122517,0.6160421712494657,0.2187254013600667
0.3700787401574803,0.6160421712494657,0.21879218616212517
0.370024822391509,0.6158997008120815,0.21881110406217152
0.37011986301369865,0.6158997008120815,0.21884175654363947
0.3700659303022519,0.6157572303746972,0.21889573643228363
0.3700976194553862,0.6157572303746972,0.2188999760109366
0.37004367560161,0.615614759937313,0.21890312432167586
0.3699897225077081,0.6154722894999287,0.2189222044155504
0.3700531094740449,0.6154722894999287,0.21893447613109188
0.3699991433221965,0.6153298190625445,0.21898494445931346
0.3699451679232351,0.6151873486251602,0.21898804470805736
0.37004027765875397,0.6151873486251602,0.2190172904588061
0.36998628728145355,0.6150448781877761,0.2190531157474215
0.3701449026837006,0.6150448781877761,0.21911500933464675
0.37009089350025726,0.6149024077503918,0.21911851746807312
0.3701226309921962,0.6149024077503918,0.2191246668618939
0.37010035165966204,0.6147599373130076,0.21919747358170374
0.37022737022737023,0.6147599373130076,0.21928216138550274
0.3701733310451347,0.6146174668756234,0.21928334132762403
0.3705230610667354,0.6146174668756234,0.21948004173536312
0.37046899158220237,0.6144749964382391,0.21951816237488486
0.3705008160810927,0.6144749964382391,0.21954431353770862
0.370446735395189,0.6143325260008549,0.21955526354815025
0.3705103969754253,0.6143325260008549,0.2195647347983577
0.3704563031709203,0.6141900555634706,0.2195834118702045
0.37055183084063953,0.6141900555634706,0.2196100372646451
0.370497721997765,0.6140475851260864,0.2196348735415884
0.3704436038514443,0.6139051146887021,0.21964884597212955
0.3703894763992778,0.6137626442513179,0.2196547618324047
0.370335339638865,0.6136201738139336,0.2196671178316674
0.37049462365591396,0.6136201738139336,0.21973638267767487
0.37044046799724706,0.6134777033765494,0.21974358425338414
0.3705360984424748,0.6134777033765494,0.21981350563907556
0.3704819277108434,0.6133352329391651,0.21986946987686107
0.3706414119672837,0.6133352329391651,0.21996019618574544
0.3705872223178922,0.6131927625017809,0.21997197726794146
0.37061913372944116,0.6131927625017809,0.21999648468992322
0.3705968478167255,0.6130502920643967,0.22000515452776065
0.37085236576747393,0.6130502920643967,0.22011546469191717
0.3707981382520255,0.6129078216270124,0.22012571686010776
0.37086206896551727,0.6129078216270124,0.22022248298014777
0.370807828261057,0.6127653511896282,0.22022598798199128
0.3707535782031385,0.6126228807522439,0.2202310053979575
0.3710735243355195,0.6126228807522439,0.2203735178299057
0.3710192457063951,0.6124804103148597,0.22038681131612867
0.3709649577075781,0.6123379398774754,0.22039097885585004
0.3709106603366422,0.6121954694400912,0.22039145577841304
0.370942679558011,0.6121954694400912,0.22041249436970287
0.3708883708883709,0.6120529990027069,0.22041541668525658
0.37101649537956644,0.6120529990027069,0.2204657215103419
0.3709942126630388,0.6119105285653227,0.22046616970731298
0.3713470517032682,0.6119105285653227,0.2206132475464925
0.3712926934716818,0.6117680581279384,0.22061682682177994
0.3714532871972318,0.6117680581279384,0.22063745099875853
0.3713989099403063,0.6116255876905542,0.2206487311878648
0.37152747728256164,0.6116255876905542,0.2207240330980459
0.3714730829150078,0.61148311725317,0.22073903974919445
0.37156956107696304,0.61148311725317,0.22078539980749506
0.3715151515151515,0.6113406468157857,0.22084062436771038
0.3716438593452278,0.6113406468157857,0.2209445916330211
0.3715894326548289,0.6111981763784015,0.2209497658981095
0.37178265014299333,0.6111981763784015,0.2210465175724079
0.3717282024614318,0.6110557059410172,0.2210856179137664
0.37167374534107656,0.610913235503633,0.22111195296604425
0.372060737527115,0.610913235503633,0.22138431960846747
0.37200624783061437,0.6107707650662487,0.22139008859073958
0.37207082103801425,0.6107707650662487,0.2214255020379192
0.372016318027949,0.6106282946288645,0.22146720098300304
0.3719618055555556,0.6104858241914802,0.2214730525592829
0.37202639347108873,0.6104858241914802,0.22148976837629664
0.3719718676738734,0.610343353754096,0.22149819036968482
0.372133425990271,0.610343353754096,0.22157266962716257
0.3720788810702806,0.6102008833167117,0.22158728733764077
0.3720243266724587,0.6100584128793275,0.2216149363330994
0.37208898157803266,0.6100584128793275,0.2216611461913595
0.3720344138350569,0.6099159424419432,0.22167658107560034
0.372066747783765,0.6099159424419432,0.22167708099079284
0.3720121686223381,0.609773472004559,0.22168649550946887
0.37214155290844275,0.609773472004559,0.22177767787831193
0.3720869565217391,0.6096310015671748,0.2217833478958453
0.3721516785527918,0.6096310015671748,0.22180466761726417
0.37209706880055665,0.6094885311297906,0.22180505192049432
0.3722265726964239,0.6094885311297906,0.2218514628995172
0.3721719457013575,0.6093460606924064,0.22185234747055047
0.37211730919850317,0.6092035902550221,0.2218770014883949
0.3722144846796657,0.6092035902550221,0.2219580919729299
0.3721598328545312,0.6090611198176379,0.2219887483955912
0.3721051715131464,0.6089186493802536,0.22199030366211397
0.3722672241093981,0.6089186493802536,0.22211589101668833
0.37221254355400696,0.6087761789428694,0.22211607218645674
0.37224496907396115,0.6087761789428694,0.22213035724439284
0.3721902770517512,0.6086337085054851,0.22214275246770715
0.3722227062821295,0.6086337085054851,0.2221502137949539
0.37216800278842804,0.6084912380681009,0.2221799382106115
0.3722653185740434,0.6084912380681009,0.22223879610837988
0.37221059972105996,0.6083487676307167,0.22224067172491707
0.3723404255319149,0.6083487676307167,0.22229164120044273
0.3723181580324437,0.6082062971933324,0.22229873794383984
0.37235063235935456,0.6082062971933324,0.22230287798672235
0.37229588276343334,0.6080638267559482,0.2223034523193895
0.3724258289703316,0.6080638267559482,0.22235261545533247
0.3723710620472991,0.6079213563185639,0.22235866626763803
0.37231628556467095,0.6077788858811797,0.22235978187032612
0.3723812849162011,0.6077788858811797,0.22237562732925933
0.3723264949803579,0.6076364154437954,0.22239989943562896
0.37227169547756245,0.6074939450064112,0.2224356236362137
0.37221688640530864,0.6073514745690269,0.22243738797127863
0.3725096120237679,0.6073514745690269,0.22253458279288715
0.3724547758454951,0.6072090041316427,0.22254729388707362
0.37261759048784754,0.6072090041316427,0.2226695779542991
0.37256273498295006,0.6070665336942584,0.2227086887457192
0.3726930814309455,0.6070665336942584,0.22276109022162452
0.3726382085374388,0.6069240632568742,0.2227642320838944
0.3728338876247156,0.6069240632568742,0.22283056607263724
0.37277899343544857,0.60678159281949,0.22284026357593606
0.37281162464985995,0.60678159281949,0.2228425783597105
0.37275671890046397,0.6066391223821057,0.2228599234754574
0.3727893538784801,0.6066391223821057,0.2229471297626055
0.3727344365642238,0.6064966519447215,0.22296409557378968
0.37279971976530346,0.6064966519447215,0.22300371683987777
0.37274478892976004,0.6063541815073372,0.22301015545726505
0.3727774371551196,0.6063541815073372,0.22301217990949196
0.37272249474421865,0.606211711069953,0.22301370470181398
0.3729184925503944,0.606211711069953,0.22311215665704803
0.3728635287930581,0.6060692406325687,0.2231134666349551
0.37289621318373073,0.6060692406325687,0.22312378822420426
0.37284123783641626,0.6059267701951845,0.2231532767828153
0.3727862528493775,0.6057842997578002,0.22316604052820538
0.3727312582200789,0.605641829320416,0.2231682733197016
0.37270893624484785,0.6054993588830317,0.22318183121905572
0.37280701754385964,0.6054993588830317,0.22325449202083733
0.3727519957891043,0.6053568884456475,0.2232642595958081
0.3728174080898482,0.6053568884456475,0.22329515683613563
0.3727623727623728,0.6052144180082633,0.22330385541251638
0.3727950855638438,0.6052144180082633,0.22330449057885302
0.37274003861681587,0.605071947570879,0.2233057865973343
0.372838205600913,0.605071947570879,0.22335118381768615
0.3727831431079895,0.6049294771334948,0.22335202987432118
0.37281587496707347,0.6049294771334948,0.22337242951574643
0.3727608008429926,0.6047870066961105,0.2233745414944472
0.37282627788512207,0.6047870066961105,0.2233816776567034
0.3727711901624945,0.6046445362587263,0.22338961566154186
0.37290220543010283,0.6046445362587263,0.2234500451245621
0.3728471001757469,0.604502065821342,0.2234858000467934
0.37291263842503075,0.604502065821342,0.22355319347438418
0.37285751955700097,0.6043595953839578,0.22355600027831887
0.3731527093596059,0.6043595953839578,0.22367664979636678
0.3730975631213161,0.6042171249465735,0.22367833541901944
0.3731632204135504,0.6042171249465735,0.22369611571106296
0.37310806054206264,0.6040746545091893,0.22371071078997937
0.3734037868780273,0.6040746545091893,0.2239045793000967
0.37334859961247135,0.6039321840718052,0.22392311997730424
0.3732934026248569,0.6037897136344209,0.2239270151692695
0.37323819591261453,0.6036472431970367,0.2239678705948997
0.37327107743811117,0.6036472431970367,0.2239681024972151
0.373215859030837,0.6035047727596524,0.22397091501529554
0.3736438211166975,0.6035047727596524,0.22412885535766014
0.37358856739590685,0.6033623023222682,0.2241339894702685
0.37362152624614026,0.6033623023222682,0.22413933015770035
0.3735662608081878,0.6032198318848839,0.22414962338015154
0.3736651663577795,0.6032198318848839,0.22419037071475817
0.3736098852603707,0.6030773614474997,0.22423540898635114
0.3736758474576271,0.6030773614474997,0.22431858110710043
0.37362055266178157,0.6029348910101154,0.22439325690078438
0.37365354052622285,0.6029348910101154,0.22440890444415454
0.373598233995585,0.6027924205727312,0.22442992364499906
0.37402758132956154,0.6027924205727312,0.22457821186907723
0.3739722394129608,0.602649950135347,0.22459735650961934
0.37391688770999115,0.6025074796979627,0.22460402796345827
0.3741153573956122,0.6025074796979627,0.22478467843587763
0.37405998407502433,0.6023650092605785,0.2248054800918047
0.3744243712362735,0.6023650092605785,0.22496154001259272
0.3743689664334426,0.6022225388231942,0.22496319475588564
0.37440212577502213,0.6022225388231942,0.22498201039924468
0.3743467091859332,0.60208006838581,0.22500088356234405
0.37429128277817153,0.6019375979484257,0.22504436459375793
0.3750554815801154,0.6019375979484257,0.2253243479485436
0.375,0.6017951275110415,0.22532711859601542
0.3750332948592737,0.6017951275110415,0.22534422465532475
0.37497780145622445,0.6016526570736572,0.22536090717072715
0.37511103215491204,0.6016526570736572,0.22543211868049468
0.37505552100914985,0.601510186636273,0.22545676208416973
0.375188838531947,0.601510186636273,0.22553373523035744
0.3751333096338429,0.6013677161988887,0.22553640481270681
0.3755338078291815,0.6013677161988887,0.22577668160493497
0.37547824539549784,0.6012252457615045,0.22578772742624498
0.37542267307350063,0.6010827753241202,0.2257957152955823
0.37562321937321935,0.6010827753241202,0.22590274079794131
0.37556762532276733,0.600940304886736,0.2259086160237571
0.3755120213713268,0.6007978344493518,0.2259353442518461
0.37557890986818665,0.6007978344493518,0.22598477714096207
0.3755232920637748,0.6006553640119675,0.22598820778789178
0.3757240887621424,0.6006553640119675,0.22608341477683772
0.37566844919786097,0.6005128935745833,0.2260976426842647
0.37586944890315677,0.6005128935745833,0.22623820333523534
0.37581378756800143,0.600370423137199,0.22624048276084138
0.37575811630396005,0.6002279526998148,0.22624790829919927
0.3757916332173758,0.6002279526998148,0.22627081238882252
0.37573595004460303,0.6000854822624305,0.22627871918566583
0.3756802569363904,0.5999430118250463,0.22630184195394193
0.37562455389007854,0.599800541387662,0.22632472941131312
0.3757251227130745,0.599800541387662,0.22636171803149432
0.37570293671338034,0.5996580709502778,0.22636826473481278
0.3758706911948562,0.5996580709502778,0.22641877793805212
0.3758149504331517,0.5995156005128935,0.2264259018929015
0.375848517327617,0.5995156005128935,0.22643506761550278
0.3757927646270657,0.5993731300755093,0.2264478521947613
0.3758599124452783,0.5993731300755093,0.22645022040919285
0.37580414581844174,0.599230659638125,0.2264526106890593
0.3761402253621892,0.599230659638125,0.2266041406433332
0.3760844289419551,0.5990881892007408,0.2266089378142468
0.37615171303336614,0.5990881892007408,0.22662690836935917
0.376095902665951,0.5989457187633566,0.22666322543565884
0.3762642083594379,0.5989457187633566,0.22679788919499738
0.37620837808807733,0.5988032483259723,0.2267987948157932
0.37615253782114405,0.5986607778885881,0.22680584321414488
0.3764895618672162,0.5986607778885881,0.22699799434702062
0.3764336917562724,0.5985183074512038,0.22700757533040017
0.3766699542723931,0.5985183074512038,0.22715370714802552
0.3766140602582496,0.5983758370138196,0.22716490385684687
0.3767154004843484,0.5983758370138196,0.22718357364099892
0.376659490491568,0.5982333665764354,0.22718632525495577
0.37679468772433594,0.5982333665764354,0.22720477823602486
0.3767387597594903,0.5980908961390512,0.22721334581319014
0.37684021543985635,0.5980908961390512,0.22725599779515246
0.37678427147858873,0.597948425701667,0.2272642419067026
0.376818100197522,0.597948425701667,0.22729831076738458
0.37676214420400467,0.5978059552642827,0.22737433987545264
0.37670617816091956,0.5976634848268985,0.22737482750248114
0.3767400089806915,0.5976634848268985,0.22739383157299536
0.3766840308963535,0.5975210143895142,0.22740011856382478
0.37678555385859314,0.5975210143895142,0.22744498066953484
0.3767295597484277,0.59737854395213,0.2274523995739255
0.37710225739724795,0.59737854395213,0.22766612060910602
0.37704623133657134,0.5972360735147457,0.22768868420311725
0.3769901951965458,0.5970936030773615,0.22769127610926776
0.37726167971914665,0.5970936030773615,0.22782493567569823
0.3772056175729204,0.5969511326399772,0.22785421829142657
0.3772395786440983,0.5969511326399772,0.22786305702586587
0.3771835044120295,0.596808662202593,0.22788811948483426
0.3772514409221902,0.596808662202593,0.2279202929150737
0.3771953526074034,0.5966661917652087,0.22797030786308517
0.3774333093006489,0.5966661917652087,0.22805242052733565
0.37737719693555655,0.5965237213278245,0.22806047572591046
0.3773210744546602,0.5963812508904403,0.2280774627992349
0.3773550887947354,0.5963812508904403,0.2280942334707924
0.3772989542012261,0.596238780453056,0.22809691568946686
0.37736699729486023,0.596238780453056,0.22814461656323054
0.3773108485886915,0.5960963100156718,0.22814941539007738
0.3773789122395598,0.5960963100156718,0.22816814238495764
0.3773227494136749,0.5959538395782875,0.2281841391664004
0.37742488495894616,0.5959538395782875,0.22825113681087833
0.37736870600974554,0.5958113691409033,0.2282537063959348
0.3774027614836206,0.5958113691409033,0.2282665460804638
0.3773465703971119,0.595668898703519,0.228276480049627
0.3772903691668923,0.5955264282661348,0.22828019339903308
0.37723415779021485,0.5953839578287505,0.22828179423677308
0.37733634311512415,0.5953839578287505,0.22832253204715233
0.37728011558605745,0.5952414873913663,0.22834242664602125
0.37731418766368646,0.5952414873913663,0.22836922444237312
0.3772579479768786,0.595099016953982,0.22841173750082588
0.37729202420738867,0.595099016953982,0.2284155926431493
0.3772357723577236,0.5949565465165978,0.22841951008981035
0.37717951034420455,0.5948140760792135,0.22845513685726404
0.37728176396168445,0.5948140760792135,0.22859457491854474
0.3772254857659286,0.5946716056418293,0.22861284544219582
0.3773960216998192,0.5946716056418293,0.22864334088803734
0.37737384698860554,0.5945291352044451,0.22865149925732098
0.3776128857117003,0.5945291352044451,0.22870442151691922
0.37755656108597285,0.5943866647670608,0.22870752204169517
0.37759073219295863,0.5943866647670608,0.2287493629487459
0.37753439536567707,0.5942441943296766,0.2287560057840353
0.37756857065266586,0.5942441943296766,0.228789091376769
0.3775464010864645,0.5941017238922923,0.22879246761997063
0.37785429503443274,0.5941017238922923,0.2288893386096527
0.3777979157227005,0.5939592534549081,0.2288959476309093
0.3779006526468455,0.5939592534549081,0.2289910806371699
0.37784425709364516,0.5938167830175238,0.228996883941576
0.3777878513145966,0.5936743125801396,0.228999733714647
0.37782210535860006,0.5936743125801396,0.2290109700321411
0.377765687341313,0.5935318421427553,0.22903390245507874
0.3777999455881019,0.5935318421427553,0.22903769783728303
0.37774351532740796,0.5933893717053711,0.2290393737124879
0.3778806024315006,0.5933893717053711,0.22915584387533108
0.3778241538880319,0.5932469012679868,0.2291980890508277
0.3778584392014519,0.5932469012679868,0.22922505923856806
0.3778019784009438,0.5931044308306026,0.22924672132440008
0.37774550735160645,0.5929619603932184,0.2292585683467318
0.37798565071292345,0.5929619603932184,0.22940643401010943
0.3779291553133515,0.5928194899558341,0.22943120044798654
0.37799781976744184,0.5928194899558341,0.22948043691155218
0.37794131007540654,0.59267701951845,0.2294821173577192
0.37791912766924124,0.5925345490810657,0.22950050645688772
0.3781252841167379,0.5925345490810657,0.22965556677084845
0.3780687397708674,0.5923920786436815,0.22967161120421978
0.3781031190324634,0.5923920786436815,0.22972910039258618
0.3780465623863223,0.5922496082062972,0.22975033718813018
0.3784595775673707,0.5922496082062972,0.22994109159558232
0.37840298643357917,0.592107137768913,0.22994149003550693
0.3784374430886906,0.592107137768913,0.22996885244463178
0.3783808396320918,0.5919646673315287,0.22998797949405408
0.37841530054644806,0.5919646673315287,0.2299899556652565
0.378358684761818,0.5918221968941445,0.22999309760170752
0.37839314993623613,0.5918221968941445,0.2300002973092508
0.3783365218183474,0.5916797264567603,0.23001545527004158
0.3782798833819242,0.591537256019376,0.23001876735653046
0.37859031640375673,0.591537256019376,0.2301006738772165
0.3785336494619734,0.5913947855819918,0.23012926759282254
0.37856817145462834,0.5913947855819918,0.23013605131330359
0.3785114921561474,0.5912523151446075,0.23014210596038187
0.37871874429640445,0.5912523151446075,0.23023323005248686
0.37866204252988955,0.5911098447072233,0.23027579715788526
0.37876574767208326,0.5911098447072233,0.23033299206754593
0.3787090294896375,0.590967374269839,0.23033893192073135
0.37877819377225824,0.590967374269839,0.23036824516307616
0.3787214611872146,0.5908249038324548,0.23037267020982227
0.3797966846780841,0.5908249038324548,0.23085180057120241
0.379739879098736,0.5906824333950705,0.23087352546946738
0.3798442510306917,0.5906824333950705,0.23092402374895282
0.3797874289902877,0.5905399629576863,0.23092723731544393
0.379891852259188,0.5905399629576863,0.23107316095547442
0.37983501374885426,0.590397492520302,0.2311002296310014
0.37977816481804016,0.5902550220829178,0.23112354091140047
0.3798478041624645,0.5902550220829178,0.23115826900906222
0.3797909407665505,0.5901125516455336,0.23116703722696846
0.3797340669417698,0.5899700812081493,0.23116703796913451
0.37967718268525313,0.5898276107707651,0.23118904538201043
0.37962028799413006,0.5896851403333808,0.2311914272432921
0.37956338286552926,0.5895426698959966,0.2312034819983289
0.3795064672965783,0.5894001994586123,0.23121380415513507
0.37944954128440367,0.5892577290212281,0.23122383820050985
0.37948435636296907,0.5892577290212281,0.23123841381547955
0.3794274178748394,0.5891152585838438,0.23131351229425537
0.37956673398200846,0.5891152585838438,0.23140541303405046
0.3795097769209584,0.5889727881464596,0.23141085357926086
0.3795794692865669,0.5889727881464596,0.2314322302871717
0.3795224977043159,0.5888303177090753,0.23144028717212337
0.3794655156580035,0.5886878472716911,0.23147277957389964
0.379709612203639,0.5886878472716911,0.23157386761168486
0.37965260545905705,0.5885453768343069,0.2315781856930526
0.3796875,0.5885453768343069,0.23160757488021028
0.3796304807427153,0.5884029063969226,0.2316165779677422
0.37970028500505654,0.5884029063969226,0.23166019733673496
0.3796432511952924,0.5882604359595384,0.23169420899864168
0.3796781609195402,0.5882604359595384,0.23170322656927764
0.3796211145852492,0.5881179655221541,0.23173644071561667
0.3797608095676173,0.5881179655221541,0.23177024736935914
0.37970374459471895,0.5879754950847699,0.23183414373483657
0.3797736265758719,0.5879754950847699,0.23188101073119413
0.379716547027425,0.5878330246473856,0.2319106651164931
0.3801013357899585,0.5878330246473856,0.23206231099792374
0.3800442233278054,0.5876905542100014,0.23206754261486756
0.3803245436105477,0.5876905542100014,0.23226678475160684
0.38026740433379436,0.5875480837726171,0.2322825914553492
0.3803726249769415,0.5875480837726171,0.23231573215106982
0.38031546905267044,0.5874056133352329,0.23236132430683848
0.38025830258302584,0.5872631428978486,0.23238955961544533
0.380201125565089,0.5871206724604644,0.23240241981849027
0.38034148592524225,0.5871206724604644,0.23245183871870392
0.3802842901975263,0.5869782020230803,0.23245894474478818
0.3804950129294422,0.5869782020230803,0.23256432220249285
0.38043779440288167,0.586835731585696,0.232565799989035
0.38047293552558653,0.586835731585696,0.23256641338138
0.38041570438799077,0.5866932611483118,0.23259041498518518
0.3805211605987803,0.5866932611483118,0.23262692904402518
0.3804639127622216,0.5865507907109275,0.23265780290157112
0.38049907578558223,0.5865507907109275,0.23272218346516874
0.3804418153248914,0.5864083202735433,0.2327240692681696
0.38058252427184464,0.5864083202735433,0.23275218412920037
0.38052524505270946,0.586265849836159,0.2327536876611676
0.38046795523906407,0.5861233793987748,0.23275730601272338
0.38057354301572616,0.5861233793987748,0.23284171919509042
0.38051623646960864,0.5859809089613905,0.23284992980760222
0.3806571031929662,0.5859809089613905,0.2329052830091685
0.38059977786005184,0.5858384385240063,0.23292709052704755
0.38074074074074077,0.5858384385240063,0.2330278675015741
0.3806833966107973,0.585695968086622,0.23303188647176357
0.38062604185960364,0.5855534976492378,0.23306567138897238
0.3809435536194272,0.5855534976492378,0.23320516458797275
0.38088616981831663,0.5854110272118536,0.23322672892298876
0.3811334755588535,0.5854110272118536,0.23327312928540128
0.3810760667903525,0.5852685567744693,0.23330113789901427
0.3812175204157387,0.5852685567744693,0.23344123555015422
0.3811600928074246,0.5851260863370851,0.23353692814977273
0.3812308549150654,0.5851260863370851,0.23356158846693797
0.3811734125510583,0.5849836158997008,0.23356379985962394
0.3813150074294205,0.5849836158997008,0.23358038481156518
0.38125754620599983,0.5848411454623166,0.23362239904598567
0.381541035412213,0.5848411454623166,0.23375763254607548
0.3814835471277189,0.5846986750249323,0.23379219410308757
0.3815190108766385,0.5846986750249323,0.23379511753100837
0.3814615098549647,0.5845562045875481,0.23380055584369205
0.3814039981403998,0.5844137341501638,0.23382206086366733
0.3814749372268204,0.5844137341501638,0.23384314132825135
0.3814174107142857,0.5842712637127796,0.23384889040267032
0.38145288810343225,0.5842712637127796,0.23386007726501426
0.3813953488372093,0.5841287932753954,0.2338926773069527
0.381608339538347,0.5841287932753954,0.23403921216324125
0.3815507772503025,0.5839863228380111,0.23405535557685495
0.38169289505540555,0.5839863228380111,0.23410878559961443
0.3816353138387037,0.5838438524006269,0.2341095726788938
0.3815777218962466,0.5837013819632426,0.23414515796055518
0.38152011922503726,0.5835589115258584,0.2341693947750269
0.3815912055151854,0.5835589115258584,0.23417878443816817
0.38153358799962733,0.5834164410884741,0.23418801985198504
0.38156913902348116,0.5834164410884741,0.23422251557927445
0.38151150871307427,0.5832739706510899,0.23422429209304568
0.3814538676607642,0.5831315002137056,0.23423390549774778
0.3813962158635474,0.5829890297763214,0.23423948298325437
0.3814673254404773,0.5829890297763214,0.234295889513559
0.38140965877307476,0.5828465593389371,0.2343277985439499
0.38135198135198134,0.5827040889015529,0.23433013246953047
0.3816010449710767,0.5827040889015529,0.23443902744892217
0.38154334235327053,0.5825616184641687,0.23446311373510534
0.38161455902939806,0.5825616184641687,0.23447665829556694
0.38155684151577374,0.5824191480267844,0.23447785961574444
0.3816637102044627,0.5824191480267844,0.23450075196918335
0.38160597572362276,0.5822766775894002,0.23450364832138995
0.3816772506537168,0.5822766775894002,0.23451946908418553
0.38161950126085736,0.5821342071520159,0.23455728510812274
0.3818691588785047,0.5821342071520159,0.23460159370985612
0.3818113842415179,0.5819917367146317,0.2346519103569034
0.3822401048002246,0.5819917367146317,0.23478593340975895
0.38218229459105374,0.5818492662772474,0.2347990553816199
0.38221806270472625,0.5818492662772474,0.23483328957773975
0.3821602396106327,0.5817067958398632,0.23483807330529477
0.3822317917992885,0.5817067958398632,0.23487623234935928
0.3821739537496489,0.5815643254024789,0.23489787474912732
0.38235294117647056,0.5815643254024789,0.2350396776798366
0.3822950819672131,0.5814218549650948,0.23507657458826545
0.3823308975079633,0.5814218549650948,0.23508374914650237
0.38227302539117397,0.5812793845277106,0.23508835276116657
0.3822151424287856,0.5811369140903263,0.23510963674908428
0.3824660103141116,0.5811369140903263,0.2352617771576216
0.3824081020255064,0.5809944436529421,0.23529765508787642
0.3824439651130076,0.5809944436529421,0.235326724877941
0.3823860438942037,0.5808519732155578,0.23533679824206827
0.38232811180939874,0.5807095027781736,0.23533728424448136
0.3822701688555347,0.5805670323407893,0.23534924800942322
0.3826650389707954,0.5805670323407893,0.2354750455060684
0.3826070623591285,0.5804245619034051,0.23548233322833484
0.3826789404471163,0.5804245619034051,0.23550534742527487
0.38262094880225456,0.5802820914660208,0.23552021794551864
0.3825988912900498,0.5801396210286366,0.23552379440763388
0.3825408757752302,0.5799971505912523,0.23553571533643436
0.3825768254863265,0.5799971505912523,0.2355372380030249
0.3825187969924812,0.5798546801538681,0.23555923217572317
0.38259071253995114,0.5798546801538681,0.2355610625917557
0.3825326689856162,0.5797122097164839,0.23556995131255928
0.3824746145167356,0.5795697392790996,0.23557880933342015
0.3825825260979968,0.5795697392790996,0.2356301175892024
0.3825244544770504,0.5794272688417154,0.23563442676995697
0.38246637193114474,0.5792847984043311,0.23563602984917384
0.38261033217276746,0.5792847984043311,0.23571451274691002
0.3825522303783173,0.5791423279669469,0.23574761792080615
0.3825882352941177,0.5791423279669469,0.23575313667781436
0.3825301204819277,0.5789998575295626,0.23579472947158212
0.3826021464884203,0.5789998575295626,0.23581553221981605
0.38254401657094433,0.5788573870921784,0.23582497867614582
0.38283237538867426,0.5788573870921784,0.23594921208143685
0.3827742178665661,0.5787149166547941,0.23595065578069377
0.3828463713477851,0.5787149166547941,0.2359875664440131
0.38278819869921765,0.5785724462174099,0.23600148083344402
0.3829325789721829,0.5785724462174099,0.23606944758015536
0.38287438702376464,0.5784299757800256,0.2360740464380485
0.3829827374775965,0.5784299757800256,0.23622742695458168
0.3829245283018868,0.5782875053426414,0.23624051968906667
0.3829606566657232,0.5782875053426414,0.2362772726177635
0.382902434421589,0.5781450349052571,0.23630551266395614
0.3829385675191092,0.5781450349052571,0.23634429764249568
0.3828803322008305,0.5780025644678729,0.23639630600123435
0.38282208588957056,0.5778600940304887,0.2364064294831527
0.38276382858221636,0.5777176235931044,0.23644447913343136
0.3827999622392146,0.5777176235931044,0.23647038367033774
0.3827416918429003,0.5775751531557202,0.23647994484667298
0.38324825108716204,0.5775751531557202,0.23668591993485544
0.3831899404367968,0.5774326827183359,0.23671549334341732
0.3832624113475177,0.5774326827183359,0.2367353537664078
0.383204085492718,0.5772902122809517,0.23674660006938716
0.38353052531945103,0.5772902122809517,0.23688541100122787
0.38347216963271485,0.5771477418435674,0.23688804443510308
0.3834138028969043,0.5770052714061832,0.23690595840098275
0.3834864122715652,0.5770052714061832,0.23694368206955974
0.3834280303030303,0.5768628009687989,0.2369442787623754
0.3837914691943128,0.5768628009687989,0.23705419814818682
0.38373305526590196,0.5767203305314147,0.2370686279327057
0.3837110078695364,0.5765778600940304,0.23706868656342678
0.38396584440227705,0.5765778600940304,0.23714944251502382
0.38390739159313025,0.5764353896566462,0.2371599563399851
0.3838489276902638,0.576292919219262,0.23716192723669496
0.38379045269051915,0.5761504487818777,0.2371709409003589
0.3840091159434052,0.5761504487818777,0.2372635438825318
0.3839870832937601,0.5760079783444935,0.2373723330661703
0.38392857142857145,0.5758655079071092,0.23739042296070523
0.3841475004751948,0.5758655079071092,0.2375296030349242
0.3840889649272883,0.5757230374697251,0.2375535124876947
0.3840304182509506,0.5755805670323408,0.23756301944891534
0.38406692651392715,0.5755805670323408,0.23758427111317995
0.3840083666096216,0.5754380965949566,0.23759608388663966
0.38394979556907866,0.5752956261575723,0.2375975935203753
0.38405934943884346,0.5752956261575723,0.23764620076580906
0.3840007609626177,0.5751531557201881,0.23766619995730098
0.3839421613394216,0.5750106852828039,0.23769287196189265
0.3840517651536778,0.5750106852828039,0.23775056198154956
0.3839931480776551,0.5748682148454196,0.23780191453093633
0.3841393754760091,0.5748682148454196,0.23783759864579096
0.3840807388365229,0.5747257444080354,0.2378480275195907
0.38402209103027996,0.5745832739706511,0.23786489945448092
0.38396343205409006,0.5744408035332669,0.23786555315362382
0.384,0.5744408035332669,0.23786574370526425
0.38394132774549955,0.5742983330958826,0.23787976506503297
0.384124261482752,0.5742983330958826,0.23796221277619695
0.38406556752120463,0.5741558626584984,0.23796430205853986
0.3842120316522071,0.5741558626584984,0.23801874817624014
0.38418994946123775,0.5740133922211141,0.2380194666831563
0.38429988553987027,0.5740133922211141,0.2380353196207188
0.3842411523418869,0.5738709217837299,0.23804139066041474
0.38446120072539847,0.5738709217837299,0.2381288735991703
0.3844024436807942,0.5737284513463456,0.23814052401439315
0.3843436754176611,0.5735859809089614,0.23815977472343008
0.38438037044109225,0.5735859809089614,0.23821695108243773
0.38432158884751266,0.5734435104715772,0.23822822591303824
0.38435828877005346,0.5734435104715772,0.23823045790958278
0.38433619866284624,0.5733010400341929,0.23823263837270067
0.38437291049765976,0.5733010400341929,0.23823749854353096
0.38431410011463507,0.5731585695968087,0.23823795138609308
0.3844610091743119,0.5731585695968087,0.23831994272807167
0.3844021791073306,0.5730160991594244,0.23834696606865566
0.38462274074782443,0.5730160991594244,0.23848787465516252
0.3845638867635807,0.5728736287220402,0.238492737775134
0.38450502152080346,0.5727311582846559,0.23854575161288447
0.384688995215311,0.5727311582846559,0.23857134405261032
0.38463010814432,0.5725886878472717,0.23858920755903978
0.38457120980091886,0.5724462174098874,0.2386142945315387
0.3846816658688368,0.5724462174098874,0.23869163622199685
0.38462274990425127,0.5723037469725032,0.2387108070386173
0.38465958058029304,0.5723037469725032,0.2387283237008431
0.3846006512162421,0.572161276535119,0.2387529656147894
0.3846743295019157,0.572161276535119,0.23879168432495546
0.38461538461538464,0.5720188060977347,0.23881409184138083
0.38494726749760305,0.5720188060977347,0.23894269832631168
0.38488829226196186,0.5718763356603505,0.23894394818310388
0.3849621175793613,0.5718763356603505,0.23897255893552324
0.3849031267983886,0.5717338652229662,0.23899998801973107
0.38494004796163067,0.5717338652229662,0.23901061932742268
0.3848810437452034,0.571591394785582,0.2390366061017801
0.3849179698743164,0.571591394785582,0.23905881631227435
0.38485895221646516,0.5714489243481977,0.23907194130693785
0.384895883312542,0.5714489243481977,0.23908768545334616
0.3848368522072937,0.5713064539108135,0.23908819042732246
0.3849476816741864,0.5713064539108135,0.23912936104383523
0.38488863287250386,0.5711639834734292,0.23914560782106348
0.38482957273163704,0.571021513036045,0.23914654167974447
0.38494045332308874,0.571021513036045,0.23924383127814053
0.38488137546825474,0.5708790425986607,0.2392620668280415
0.38495532712076086,0.5708790425986607,0.23926465628738017
0.38489623366641046,0.5707365721612765,0.23929395612701146
0.3852293489758631,0.5707365721612765,0.2394235055391213
0.3851702250432776,0.5705941017238922,0.23942848105033362
0.38511108973742425,0.570451631286508,0.2394768328411491
0.3855932203389831,0.570451631286508,0.23958815075709353
0.3855340460367909,0.5703091608491238,0.2395912947243735
0.3856083228976014,0.5703091608491238,0.23960131919923702
0.3855491329479769,0.5701666904117396,0.23962826464764575
0.3856234341877048,0.5701666904117396,0.23967795155265348
0.38556422858244194,0.5700242199743554,0.2396852700201218
0.3855050115651503,0.5698817495369711,0.23969518418780475
0.38580246913580246,0.5698817495369711,0.23977899235355868
0.3857432236905566,0.5697392790995869,0.23978361003915033
0.3859666055400058,0.5697392790995869,0.2399356932278955
0.3859073359073359,0.5695968086622026,0.2399733241603998
0.386019117505069,0.5695968086622026,0.2400169434403875
0.38595983005021245,0.5694543382248184,0.2400181997951843
0.3859005311443747,0.5693118677874341,0.24005320197289753
0.3859378018157234,0.5693118677874341,0.24006539865822143
0.38587848932676516,0.5691693973500499,0.24011050861004324
0.3858191653786708,0.5690269269126657,0.24011459983934944
0.3860429151362846,0.5690269269126657,0.240216772443711
0.38598356694055097,0.5688844564752814,0.24022049162395454
0.3860955327789596,0.5688844564752814,0.24026554814005036
0.3860361667150179,0.5687419860378972,0.24026648541723797
0.38597678916827854,0.5685995156005129,0.24026684793167044
0.38635043562439497,0.5685995156005129,0.2405746971279672
0.38629102526866105,0.5684570451631287,0.24057861474097716
0.38681531749878817,0.5684570451631287,0.2408625508931428
0.38675586581345744,0.5683145747257444,0.2408697593466654
0.3866964025986619,0.5681721042883602,0.24087402220475523
0.3866369278510473,0.5680296338509759,0.24087910354237643
0.38674944223494034,0.5680296338509759,0.24092546385614122
0.38668994955374464,0.5678871634135917,0.2409280241845293
0.38663044532841756,0.5677446929762074,0.24093223805507913
0.3867805493545569,0.5677446929762074,0.2409749717148782
0.38672102504368083,0.5676022225388232,0.24098361143433994
0.38666148917580817,0.567459752101439,0.24099742878671146
0.38669902912621357,0.567459752101439,0.24101324225584816
0.38663947956112243,0.5673172816640547,0.24103903085197126
0.38678970373967947,0.5673172816640547,0.2410939388327739
0.38673013405867496,0.5671748112266705,0.2410982098174023
0.3867677062081026,0.5671748112266705,0.2411165917731557
0.386708122813836,0.5670323407892862,0.24113878125173344
0.386745700126324,0.5670323407892862,0.2411527705731756
0.3866861030126336,0.566889870351902,0.2411569334954584
0.3871375754037751,0.566889870351902,0.24139655517187256
0.3870779410333755,0.5667473999145177,0.24143037954455998
0.3872286576462572,0.5667473999145177,0.2414509372797583
0.3871690031152648,0.5666049294771335,0.2414744133416767
0.3872444011684518,0.5666049294771335,0.24152380739655455
0.38718473074301296,0.5664624590397492,0.24155701467492122
0.3872978764854861,0.5664624590397492,0.24159068245573379
0.3872381880175353,0.566319988602365,0.2416128127762424
0.3872759158222915,0.566319988602365,0.24161444931449855
0.3872162135827731,0.5661775181649807,0.2416160433097975
0.38774514586788955,0.5661775181649807,0.2417739969612353
0.38768540202966434,0.5660350477275965,0.24179797762118124
0.38772323606909337,0.5660350477275965,0.24186390305394573
0.38766347843060706,0.5658925772902123,0.24187177677031313
0.3877770184516255,0.5658925772902123,0.2419187214951483
0.3877172427260301,0.565750106852828,0.24194488534490954
0.38790661326560516,0.565750106852828,0.24205149121044095
0.38784681516217273,0.5656076364154438,0.2420646401489622
0.3880363600821034,0.5656076364154438,0.24209240403276755
0.38797653958944284,0.5654651659780595,0.24210161193324822
0.3879167074005279,0.5653226955406753,0.2421024193947802
0.3880305104635243,0.5653226955406753,0.24218782818359985
0.3879706601466993,0.565180225103291,0.24219303233682535
0.3882364454883539,0.565180225103291,0.24240848040158294
0.3881765684643242,0.5650377546659068,0.24242127367402344
0.38815467449828683,0.5648952842285225,0.2424303922267669
0.38809477188173097,0.5647528137911383,0.24243267773005658
0.38820879443737144,0.5647528137911383,0.2425117862438381
0.3881488736532811,0.564610343353754,0.24256362408793136
0.38822492163009403,0.564610343353754,0.24262377447660208
0.3881649848143431,0.5644678729163699,0.24266185371387491
0.38820301783264743,0.5644678729163699,0.242686214463112
0.38814306712395885,0.5643254024789857,0.24272305467201746
0.38829526517008134,0.5643254024789857,0.24279604121657286
0.38823529411764707,0.5641829320416014,0.2428117637151586
0.38869257950530034,0.5641829320416014,0.2429968055145127
0.38863257092372633,0.5640404616042172,0.24301959340371682
0.3885725505595916,0.5638979911668329,0.24302169960408185
0.38851251840942563,0.5637555207294487,0.24303696872551545
0.3887033398821218,0.5637555207294487,0.2431577354879752
0.38864328519500935,0.5636130502920644,0.24318181541038433
0.38875786163522014,0.5636130502920644,0.24321827156419165
0.3886977886977887,0.5634705798546802,0.24325406301507774
0.3888124262681872,0.5634705798546802,0.2432892242064114
0.3887523350702979,0.5633281094172959,0.2432947308621633
0.38890528179403955,0.5633281094172959,0.2433591672409895
0.38884517017509346,0.5631856389799117,0.2433741368283969
0.3889982286951387,0.5631856389799117,0.2435004980516366
0.3889380966440311,0.5630431685425275,0.24352186742469975
0.3889763779527559,0.5630431685425275,0.24359359141988066
0.38891623191258984,0.5629006981051432,0.24359913146856857
0.3888560740303209,0.562758227667759,0.2436113535173188
0.3894695326365608,0.562758227667759,0.24392571144521716
0.38940932846859283,0.5626157572303747,0.24395743722796437
0.3895245610574078,0.5626157572303747,0.24402078494989068
0.38950276243093923,0.5624732867929905,0.24402176033930378
0.3895411938825851,0.5624732867929905,0.24405148465037363
0.3894809552003158,0.5623308163556062,0.24407411208334306
0.389519392085266,0.5623308163556062,0.24411185477513284
0.3894591393604422,0.562188345918222,0.24411957403987625
0.3893988747408943,0.5620458754808377,0.2441304606388735
0.3894757626616645,0.5620458754808377,0.24415574297415563
0.38941548183254343,0.5619034050434535,0.24416412965722564
0.3899930782161574,0.5619034050434535,0.24445362074606747
0.38993275316455694,0.5617609346060692,0.24446265089890987
0.39012565548629663,0.5617609346060692,0.24456229591399373
0.39006530773797743,0.561618464168685,0.24458984097048567
0.3902197584636706,0.561618464168685,0.24464766892228895
0.39015939015939016,0.5614759937313007,0.24469401180443556
0.3903912828132739,0.5614759937313007,0.24484100125158745
0.39033088963740836,0.5613335232939165,0.24487813556655522
0.3905243334324512,0.5613335232939165,0.24491567142665222
0.3904639175257732,0.5611910528565323,0.24492180766877783
0.3904034896401309,0.561048582419148,0.24492202202843252
0.39044219710489786,0.561048582419148,0.24493102487263374
0.39038175508180467,0.5609061119817638,0.24493274201533707
0.3905753968253968,0.5609061119817638,0.24495576539787917
0.39055368128596946,0.5607636415443795,0.24497485946006134
0.39063120285827707,0.5607636415443795,0.24502940309436097
0.3905707196029777,0.5606211711069953,0.2450456476835625
0.39051022433988486,0.560478700669611,0.24505622652009873
0.39062655148446035,0.560478700669611,0.24513650933404538
0.3905660377358491,0.5603362302322268,0.24513823489211187
0.390682427734181,0.5603362302322268,0.24517515822257008
0.39062189548976756,0.5601937597948425,0.24523185054494345
0.39089372701063724,0.5601937597948425,0.24536268152395085
0.390833167627759,0.5600512893574583,0.2453768787641576
0.3907725962016506,0.559908818920074,0.2453979932629214
0.39092808116980005,0.559908818920074,0.24545911184825203
0.3908674890569041,0.5597663484826898,0.2454614024575804
0.391256721768572,0.5597663484826898,0.2456320864354998
0.3911960960063739,0.5596238780453056,0.2456460118334936
0.3911354581673307,0.5594814076079213,0.24564824408666808
0.39129135113591074,0.5594814076079213,0.24576092861549662
0.39123069257598403,0.5593389371705371,0.24576312186105073
0.3913867012261988,0.5593389371705371,0.24581483332558
0.391365041379998,0.5591964667331528,0.24581506847504273
0.391304347826087,0.5590539962957686,0.24582414450049175
0.3914214463840399,0.5590539962957686,0.24582926212850395
0.3913607342378292,0.5589115258583844,0.24583120164028352
0.3916733226837061,0.5589115258583844,0.24598024490199932
0.39161258112830755,0.5587690554210002,0.24598505302295381
0.3916516876373078,0.5587690554210002,0.24599146026976745
0.3915909317886747,0.558626584983616,0.24600505117929167
0.39153016380343586,0.5584841145462317,0.24601949706120912
0.391960803919608,0.5584841145462317,0.24625513104867955
0.3919,0.5583416441088475,0.24627819697063202
0.39217452216551585,0.5583416441088475,0.24658155577530486
0.3921136909527622,0.5581991736714632,0.24658191200618274
0.3920528475628065,0.558056703234079,0.2465910384687929
0.39213134447892684,0.558056703234079,0.24665179091782652
0.3920704845814978,0.5579142327966947,0.24666133615743896
0.3921097426654651,0.5579142327966947,0.24667902750820894
0.39208813219829747,0.5577717623593105,0.24667954331784825
0.3922059707473452,0.5577717623593105,0.2467421618422639
0.3921450756437231,0.5576292919219262,0.24676839587137273
0.39208416833667337,0.557486821484542,0.24676860618720708
0.3924380704041721,0.557486821484542,0.24698762877123426
0.39237713139418257,0.5573443510471577,0.2469956633251733
0.39281052314489406,0.5573443510471577,0.24715039464412258
0.3927495481020285,0.5572018806097735,0.2471614795324279
0.39278899266847445,0.5572018806097735,0.2471766846666047
0.39272800321414225,0.5570594101723892,0.24718102035146328
0.39276745354093423,0.5570594101723892,0.24719040579006
0.392706449668475,0.556916939735005,0.247191983011193
0.3927459057570582,0.556916939735005,0.24720858973740964
0.39268488745980706,0.5567744692976208,0.24721646671697284
0.39262385689880414,0.5566319988602365,0.24724979090647048
0.39256281407035176,0.5564895284228523,0.24725360888525252
0.39250175897075085,0.556347057985468,0.24726165423891538
0.39254121431443506,0.556347057985468,0.24730996707883632
0.3924801447672665,0.5562045875480838,0.24733480899802654
0.3926775296720982,0.5562045875480838,0.24742316869078482
0.3926164369781712,0.5560621171106995,0.2474305565747259
0.3925553319919517,0.5559196466733153,0.24743521051735906
0.39249421470972934,0.555777176235931,0.2474396459731024
0.3924330851277923,0.5556347057985468,0.2474583547906584
0.3923719432424273,0.5554922353611625,0.2474605797396771
0.39241143317230276,0.5554922353611625,0.24747910145007318
0.39235027679919476,0.5553497649237783,0.2474883427944026
0.39238977249849005,0.5553497649237783,0.24751914240369652
0.3923286016309272,0.555207294486394,0.24752298027524774
0.3922674184454289,0.5550648240490098,0.24752679867104238
0.39234642497482375,0.5550648240490098,0.24754547163705876
0.3922852250981972,0.5549223536116256,0.2475464466628967
0.39232473811442387,0.5549223536116256,0.24755387817314356
0.3922635237231792,0.5547798831742413,0.2475806814934923
0.39234256926952144,0.5547798831742413,0.2476068537943356
0.3922813381700927,0.5546374127368571,0.2476072025166822
0.3922200947294165,0.5544949422994728,0.24763728749463412
0.39233870967741935,0.5544949422994728,0.2476989294013124
0.3922774473233189,0.5543524718620886,0.24770750637135755
0.39231699939503933,0.5543524718620886,0.24773554798297
0.3922557224967228,0.5542100014247043,0.24774476705848025
0.39241400181579744,0.5542100014247043,0.24787726275635977
0.3923527037933818,0.5540675309873201,0.24789565420717086
0.3924318869828456,0.5540675309873201,0.24791479401451758
0.3923705722070845,0.5539250605499358,0.24792575838647235
0.39252902574457343,0.5539250605499358,0.24800951769361945
0.392467689822294,0.5537825901125516,0.2480373740583202
0.3926262626262626,0.5537825901125516,0.24807418014779328
0.39256490554601475,0.5536401196751674,0.24808988559264875
0.3925035360678925,0.5534976492377831,0.24811480166440678
0.3924421541881378,0.553355178800399,0.24814134879432212
0.39248181083265965,0.553355178800399,0.24815233397406414
0.39242041435068215,0.5532127083630147,0.24815429902611916
0.39253942579862516,0.5532127083630147,0.2482259015781754
0.3924780103124052,0.5530702379256305,0.2482482452076722
0.3924165824064712,0.5529277674882462,0.24826187744067763
0.3926945259536578,0.5529277674882462,0.2484886376737429
0.39263307022869864,0.552785297050862,0.2484927256485576
0.39283183152779183,0.552785297050862,0.24864403926606612
0.3927703523693803,0.5526428266134777,0.24866597275314614
0.3927088607594937,0.5525003561760935,0.24867484371002196
0.39294761373999393,0.5525003561760935,0.24880065942892343
0.3928860964734495,0.5523578857387093,0.24888994864263783
0.3929657409284411,0.5523578857387093,0.24892977074838166
0.3929042067916878,0.552215415301325,0.2489658457635919
0.3929440389294404,0.552215415301325,0.24896998093659414
0.3928824901145696,0.5520729448639408,0.2490498577213325
0.39304189065828177,0.5520729448639408,0.2491603112357113
0.39298032055183607,0.5519304744265565,0.2491705351642957
0.392918737952724,0.5517880039891723,0.24922606028670927
0.39285714285714285,0.551645533551788,0.24925620093055229
0.3929368784250051,0.551645533551788,0.2492687786223517
0.3928752664163199,0.5515030631144038,0.249275710923547
0.39295502994619835,0.5515030631144038,0.2493322715922671
0.3928934010152284,0.5513605926770195,0.24934693099633576
0.3930131004366812,0.5513605926770195,0.24941836353721933
0.39295145236644324,0.5512181222396353,0.24943295559295015
0.3930312880942706,0.5512181222396353,0.2494341796398184
0.3929696230823936,0.551075651802251,0.24948275260618324
0.39300955090428774,0.551075651802251,0.24948909033018765
0.39294787115130575,0.5509331813648668,0.2495017161177789
0.39302774672222784,0.5509331813648668,0.24954345579776593
0.39296605001016466,0.5507907109274826,0.24958097944557128
0.3931258897701851,0.5507907109274826,0.24966795737920655
0.39306417166683616,0.5506482404900983,0.24976027580025814
0.3931441358966534,0.5506482404900983,0.2497662347416094
0.3930824008138352,0.5505057700527141,0.24979438657076097
0.39312239291891343,0.5505057700527141,0.24979766567949505
0.39306064306064303,0.5503632996153298,0.24981101856331314
0.39322068403908794,0.5503632996153298,0.24991533509474306
0.39315891275577725,0.5502208291779456,0.24995354254161126
0.39323897770084515,0.5502208291779456,0.24995680809568263
0.39317718940936863,0.5500783587405613,0.24996312089659004
0.3932572825422693,0.5500783587405613,0.2500493433624183
0.39319547723337067,0.5499358883031771,0.2501738345580136
0.39313365933170336,0.5497934178657928,0.2501996007948304
0.39337410805300715,0.5497934178657928,0.2502621753930703
0.39331226424712,0.5496509474284086,0.25028078645733565
0.3932504078303426,0.5495084769910243,0.25030830029586065
0.39333061390985113,0.5495084769910243,0.25032993318621527
0.39326874043855176,0.5493660065536401,0.2504073846971927
0.39338910426443585,0.5493660065536401,0.25045281885455056
0.3933272115090297,0.5492235361162559,0.25050745001222796
0.393265306122449,0.5490810656788716,0.2505079431605386
0.39330543933054396,0.5490810656788716,0.25053434596169855
0.3932435190855277,0.5489385952414874,0.25054695980818475
0.393484477124183,0.5489385952414874,0.2506040398464877
0.39346271705822267,0.5487961248041031,0.2506171898454355
0.39362354383813614,0.5487961248041031,0.2506733079108742
0.3935615738375064,0.5486536543667189,0.250683747657545
0.3934995911692559,0.5485111839293346,0.25070885758135003
0.39362028422451695,0.5485111839293346,0.250756093061976
0.39355828220858896,0.5483687134919504,0.25077331834418115
0.39384017190217946,0.5483687134919504,0.2508992835607983
0.3937781416291445,0.5482262430545661,0.2509058235116064
0.3941815201802909,0.5482262430545661,0.25100959634991066
0.3941194549738756,0.5480837726171819,0.2510313287790163
0.3940573770491803,0.5479413021797976,0.2510411708102088
0.3942997744515071,0.5479413021797976,0.25110722323717477
0.39423767046037117,0.5477988317424134,0.2511106807359264
0.3941755537325677,0.5476563613050293,0.2511320216730428
0.3944182228606608,0.5476563613050293,0.25126618862318106
0.39435608004104666,0.547513890867645,0.2512676230033302
0.39476117103235747,0.547513890867645,0.2514467041567671
0.39469899321964247,0.5473714204302608,0.25147307028879656
0.394780106863954,0.5473714204302608,0.2515284285957398
0.394717911828178,0.5472289499928765,0.25155731850559776
0.3947584789311408,0.5472289499928765,0.25156651435324473
0.39473684210526316,0.5470864795554923,0.251573535681229
0.39481801357186924,0.5470864795554923,0.25159523452132304
0.39475578406169665,0.546944009118108,0.25160024107252427
0.3947963800904977,0.546944009118108,0.2516269423600255
0.39477473770829047,0.5468015386807238,0.2516498625411255
0.3948965942998251,0.5468015386807238,0.251718423218637
0.3948343280510393,0.5466590682433395,0.25175044400841384
0.39487496140784195,0.5466590682433395,0.2517580925204098
0.39481268011527376,0.5465165978059553,0.2517643274502577
0.3953823953823954,0.5465165978059553,0.252179520301791
0.3953200700958664,0.546374127368571,0.2521959777903336
0.3955239273927393,0.546374127368571,0.2522776976961821
0.39546157813305827,0.5462316569311868,0.2522895647808291
0.39570647125606356,0.5462316569311868,0.2524575388522166
0.39568493857747494,0.5460891864938026,0.2525052871722304
0.39601198470916416,0.5460891864938026,0.2526314884759806
0.39594957635875183,0.5459467160564183,0.25263727654432444
0.39603141794129804,0.5459467160564183,0.2526516521798055
0.39596899224806203,0.5458042456190341,0.2526519380109847
0.3960508632275406,0.5458042456190341,0.25267621374109384
0.39598842018196856,0.5456617751816498,0.25268472690463845
0.39611128348329716,0.5456617751816498,0.2527069678850931
0.39604882085229626,0.5455193047442656,0.25280239872819954
0.3961307676391475,0.5455193047442656,0.25282698752891314
0.3961092715231788,0.5453768343068813,0.2528525111156961
0.39651957737725296,0.5453768343068813,0.2530155003026599
0.39649813510153337,0.5452343638694971,0.2530419865407953
0.3966625207296849,0.5452343638694971,0.25311555775975286
0.39659997926816626,0.5450918934321128,0.2531497816810764
0.39680564198299106,0.5450918934321128,0.2532241603183196
0.39674307644435225,0.5449494229947286,0.2532313963442
0.3967842323651452,0.5449494229947286,0.2532385187623648
0.3967216516236124,0.5448069525573443,0.2532407041975244
0.396659057895829,0.5446644821199601,0.25324400073078107
0.39678256357031655,0.5446644821199601,0.2533423471309068
0.3967199501764584,0.5445220116825759,0.25335538467119695
0.3967611336032389,0.5445220116825759,0.2533699807348561
0.3966985049833887,0.5443795412451916,0.25339094035706483
0.39715206319509405,0.5443795412451916,0.25353018245458725
0.3970893970893971,0.5442370708078074,0.2535360088649731
0.39702671795404926,0.5440946003704231,0.25355118969159807
0.397191887675507,0.5440946003704231,0.25358064730524993
0.39712918660287083,0.5439521299330389,0.25358945956969375
0.39706647248517635,0.5438096594956546,0.2535931254383386
0.3972317618898949,0.5438096594956546,0.25368725802543163
0.3971690258118235,0.5436671890582704,0.25373385159084005
0.3974585980627018,0.5436671890582704,0.2538196311116446
0.39739583333333334,0.5435247186208861,0.2538196627039659
0.39756148395164653,0.5435247186208861,0.2539015564815716
0.39749869723814485,0.5433822481835019,0.25390165806877446
0.39770594369134515,0.5433822481835019,0.2539555560992617
0.39764313275628327,0.5432397777461176,0.25400607083847354
0.397975159169189,0.5432397777461176,0.25419218005679645
0.39791231732776616,0.5430973073087334,0.2542200163600073
0.39795385739638794,0.5430973073087334,0.254225631194433
0.39789100020881185,0.5429548368713492,0.2542301879811533
0.397828129894539,0.5428123664339649,0.25424677160642917
0.39828559481496967,0.5428123664339649,0.2543551884844726
0.3982226868792473,0.5426698959965807,0.2543633104284305
0.39847264358196466,0.5426698959965807,0.25446706101901173
0.3984097091441724,0.5425274255591964,0.2544766187570648
0.39834676153604687,0.5423849551218122,0.25448837754464204
0.39859700554915717,0.5423849551218122,0.25459984785232415
0.39853403141361254,0.5422424846844279,0.2546123569533529
0.398575767096031,0.5422424846844279,0.25461476652833076
0.3985127775450356,0.5421000142470438,0.25461981620090485
0.39859627068929393,0.5421000142470438,0.25464961712407713
0.3985332634887376,0.5419575438096595,0.25466909853573705
0.3986585621463006,0.5419575438096595,0.25477850423877496
0.39859553505921813,0.5418150733722753,0.2547888079634169
0.39863731656184487,0.5418150733722753,0.25480525078440397
0.3985742740329175,0.5416726029348911,0.25484330509690345
0.39861606206751937,0.5416726029348911,0.25487063934643134
0.39855300408933625,0.5415301324975068,0.25487771997253605
0.39859479865771813,0.5415301324975068,0.25489602023042307
0.3985317252228631,0.5413876620601226,0.25489832226184345
0.3984686385567443,0.5412451916227383,0.25490150072749296
0.3985104374278821,0.5412451916227383,0.2549049073226354
0.39848914069877245,0.5411027211853541,0.25490508383981264
0.3986146095717884,0.5411027211853541,0.25494133798722896
0.39855148525244044,0.5409602507479698,0.25502803505750643
0.39863517060367454,0.5409602507479698,0.25503320064793045
0.3985720285594288,0.5408177803105856,0.2550355510432999
0.3986557445914724,0.5408177803105856,0.2551031825895616
0.3985925848125197,0.5406753098732013,0.2551138954234341
0.3985294117647059,0.5405328394358171,0.25512930418256563
0.39846622544384913,0.5403903689984328,0.25513984537822515
0.3984030258457659,0.5402478985610486,0.25514328766758276
0.3984448880949879,0.5402478985610486,0.2551631021366207
0.3983816729718369,0.5401054281236644,0.2551648528478268
0.39867493953097066,0.5401054281236644,0.2552587196431494
0.3986116954143879,0.5399629576862801,0.25531882258833405
0.3985484379930577,0.5398204872488959,0.2553233480235807
0.3985903639806438,0.5398204872488959,0.25534815715041376
0.3985270910047343,0.5396780168115116,0.25536207589530124
0.3986109649584342,0.5396780168115116,0.25536978139064176
0.3985476741738581,0.5395355463741274,0.25539479660514636
0.3984843700663088,0.5393930759367431,0.2554389913419525
0.39869418702611625,0.5393930759367431,0.25548760341612
0.39863085834649814,0.5392506054993589,0.2554938690236933
0.39875684787189214,0.5392506054993589,0.25552980208271564
0.3986934991044147,0.5391081350619746,0.25559783042625106
0.39898776887389287,0.5391081350619746,0.2557661950389442
0.3989243910155014,0.5389656646245904,0.2557806078750184
0.3990085434025947,0.5389656646245904,0.2558333730429078
0.3989451476793249,0.5388231941872061,0.25583552526453657
0.3991978045176272,0.5388231941872061,0.25597666126710455
0.39913438192758366,0.5386807237498219,0.25600470795318725
0.39964062995455024,0.5386807237498219,0.2562927568127121
0.39957716701902746,0.5385382533124377,0.25630073881741045
0.3997039230199852,0.5385382533124377,0.2563661123318864
0.3996404399323181,0.5383957828750534,0.25639754705842677
0.3998941798941799,0.5383957828750534,0.25655871469813774
0.39983066991216004,0.5382533124376692,0.2565897867670654
0.39987298899237933,0.5382533124376692,0.25660076120720704
0.39980946332168943,0.5381108420002849,0.2566059713210849
0.3998941238750662,0.5381108420002849,0.2566405934191731
0.3998305802626006,0.5379683715629007,0.2566440367567826
0.39976702319178226,0.5378259011255164,0.2566516781289747
0.3997034526583351,0.5376834306881322,0.25665854452943626
0.3997457896409279,0.5376834306881322,0.2566965163661819
0.3996822033898305,0.5375409602507479,0.2567179079101214
0.39972454709185296,0.5375409602507479,0.25671843424361696
0.39966094511549055,0.5373984898133637,0.2567332825735763
0.3997032955388365,0.5373984898133637,0.25677769451818044
0.3996396778295888,0.5372560193759794,0.2567938289436212
0.3996820349761526,0.5372560193759794,0.25680427952101004
0.3996184015263939,0.5371135489385952,0.2568142546241579
0.3996607653980706,0.5371135489385952,0.25684448187480546
0.39959711620016963,0.536971078501211,0.2568545440030864
0.3998514746446,0.536971078501211,0.2569464677230405
0.39978779840848805,0.5368286080638267,0.2570025639725635
0.399830220713073,0.5368286080638267,0.25706437456883974
0.39976652870635676,0.5366861376264425,0.25707344814467886
0.3998089577584377,0.5366861376264425,0.25708568052090597
0.39974524997346356,0.5365436671890582,0.2571050239084622
0.3998725844128265,0.5365436671890582,0.2571529141054854
0.39980885632366997,0.5364011967516741,0.25715989565372716
0.39974511469838575,0.5362587263142898,0.25718428317221664
0.4,0.5362587263142898,0.25728573782288006
0.399936231267935,0.5361162558769056,0.25729741974000636
0.4001063264221159,0.5361162558769056,0.25739468008043825
0.40008507923003295,0.5359737854395213,0.2574310675154666
0.40012763241863436,0.5359737854395213,0.25745266357508084
0.40006382299755344,0.5358313150021371,0.25746520274609447
0.4002341172714696,0.5358313150021371,0.25753628077708196
0.4001702852277565,0.5356888445647529,0.25753638899226494
0.4004686335072958,0.5356888445647529,0.25757595905575736
0.4004047720494248,0.5355463741273686,0.25758781516711005
0.4003835499680375,0.5354039036899844,0.25762398932326624
0.4003196590303676,0.5352614332526001,0.25764142028688025
0.40025575447570333,0.5351189628152159,0.25765701088756343
0.40029841202174143,0.5351189628152159,0.25771278327659985
0.40023449157962054,0.5349764923778316,0.257739502437334
0.4002771559535231,0.5349764923778316,0.2577919537476806
0.4002132196162047,0.5348340219404474,0.25779236020937063
0.40059758830434317,0.5348340219404474,0.25800283961835124
0.40053361792956244,0.5346915515030631,0.2580055774906378
0.40079026057240497,0.5346915515030631,0.25812354623655487
0.4007262629499092,0.5345490810656789,0.258132405788564
0.40089753178758414,0.5345490810656789,0.25818300083893964
0.4008335114340671,0.5344066106282946,0.2582255742456433
0.40091919623770844,0.5344066106282946,0.2582612651801498
0.40085515766969537,0.5342641401909104,0.25828032055164774
0.40089801154586274,0.5342641401909104,0.2583006061342342
0.40083395701913827,0.5341216697535262,0.2583573844697836
0.4007698887938409,0.5339791993161419,0.25837741199109554
0.400812747299754,0.5339791993161419,0.2584224565826409
0.4007486631016043,0.5338367288787577,0.25843498036327595
0.40087728682999896,0.5338367288787577,0.2585209287058046
0.40081318210999356,0.5336942584413734,0.2585287473668781
0.40074906367041196,0.5335517880039892,0.2585650975512009
0.4009635974304068,0.5335517880039892,0.25864841293108826
0.4008994539029875,0.5334093175666049,0.2586661219317086
0.4012861736334405,0.5334093175666049,0.25878363698530243
0.40122199592668023,0.5332668471292207,0.25889654436251197
0.40126500857632935,0.5332668471292207,0.25890872534969783
0.4012008148386405,0.5331243766918364,0.25893810973864784
0.4011366073343341,0.5329819062544522,0.258938548094248
0.4012656870106189,0.5329819062544522,0.25905817861485386
0.40120145891439607,0.5328394358170679,0.25907324578140256
0.4014167650531287,0.5328394358170679,0.25919554623694663
0.40135251180764275,0.5326969653796837,0.2591965534462545
0.40128824476650565,0.5325544949422995,0.2592434285713473
0.40133132918187675,0.5325544949422995,0.2592820191524991
0.4012670460646408,0.5324120245049152,0.2592828844630635
0.4012027491408935,0.532269554067531,0.25928381914449006
0.4015045674368619,0.532269554067531,0.2595026644296217
0.4014402407566638,0.5321270836301467,0.2595100952739514
0.4013759002472321,0.5319846131927625,0.25953622010097416
0.40141904966673836,0.5319846131927625,0.2595597431229786
0.40135469304375876,0.5318421427553782,0.25956445202565376
0.4013978494623656,0.5318421427553782,0.2595680538807432
0.4013334767179267,0.531699672317994,0.259575671236284
0.40141981284285255,0.531699672317994,0.2595852108023144
0.401355421686747,0.5315572018806097,0.25959777932667233
0.40129101667563205,0.5314147314432255,0.25963576157886764
0.40133419410372284,0.5314147314432255,0.25966436102667334
0.40126977294737975,0.5312722610058412,0.2596937153048154
0.40135615111398126,0.5312722610058412,0.25971669930247077
0.40129171151776105,0.531129790568457,0.2597314018544861
0.40137812230835485,0.531129790568457,0.259774029665134
0.40131366426187143,0.5309873201310727,0.25980562404330304
0.4013568813267284,0.5309873201310727,0.2598316578420775
0.4012924071082391,0.5308448496936886,0.25983971284000906
0.40150862068965515,0.5308448496936886,0.2599495125324886
0.40144412113374284,0.5307023792563044,0.25996116800349434
0.40148738952360424,0.5307023792563044,0.25996549223916954
0.40142287377384933,0.5305599088189201,0.25996790152356325
0.40146614920224233,0.5305599088189201,0.2599836680689774
0.40140161725067386,0.5304174383815359,0.2600325515522842
0.4013370713823593,0.5302749679441516,0.260040225575995
0.40164022876874933,0.5302749679441516,0.26012375412449773
0.40157565292467085,0.5301324975067674,0.26013717143784026
0.4017490822716476,0.5301324975067674,0.2601845660842536
0.40168448331713635,0.5299900270693831,0.2601927951836107
0.40177124959498867,0.5299900270693831,0.260233139804347
0.4017066321019659,0.5298475566319989,0.26025108840939637
0.4017934312878133,0.5298475566319989,0.2603028247965929
0.40172879524581306,0.5297050861946146,0.26032454431745117
0.40181562736409815,0.5297050861946146,0.26033031418890923
0.40175097276264593,0.5295626157572304,0.26034378331698205
0.4016863041833315,0.5294201453198462,0.26036282922125614
0.4018600627230453,0.5294201453198462,0.260392021291692
0.4017953709712308,0.5292776748824619,0.2603920330962688
0.4019257816726171,0.5292776748824619,0.26045254461634554
0.40186106903267693,0.5291352044450777,0.26047956502375497
0.40194805194805194,0.5291352044450777,0.2605150468322724
0.4018833207057041,0.5289927340076934,0.2605220776482944
0.4021009313406974,0.5289927340076934,0.26059762406010367
0.4020361745911405,0.5288502635703092,0.26061134144501463
0.40212328025132704,0.5288502635703092,0.260643906037133
0.4020585048754063,0.5287077931329249,0.2606626287237104
0.40199371546213025,0.5285653226955407,0.2606639027884123
0.40212443095599393,0.5285653226955407,0.2607070973273644
0.402059620596206,0.5284228522581564,0.260714358424337
0.40214680689580395,0.5284228522581564,0.26075829794853467
0.40208197787898503,0.5282803818207722,0.2607629976818086
0.40225645476242133,0.5282803818207722,0.2608353345310664
0.4021916024736899,0.528137911383388,0.2608594155131382
0.4021267361111111,0.5279954409460037,0.2608599518146286
0.4020618556701031,0.5278529705086195,0.2608788619153203
0.4021491370888961,0.5278529705086195,0.26089467131946675
0.40208423795049936,0.5277105000712352,0.260925816894034
0.40212789056562803,0.5277105000712352,0.2609440540026689
0.4020629750271444,0.527568029633851,0.2610180681898663
0.40219398283914415,0.527568029633851,0.26107797849408415
0.402129046274169,0.5274255591964667,0.2610873980053876
0.4025663331883428,0.5274255591964667,0.26146130077309854
0.40250135943447524,0.5272830887590825,0.2615086643839598
0.40254513813356535,0.5272830887590825,0.26153103011817924
0.40248014793864895,0.5271406183216982,0.2615358237501549
0.4027868495536686,0.5271406183216982,0.2616408048732719
0.40272182906913445,0.526998147884314,0.2616528069208709
0.4028534088433892,0.526998147884314,0.2617183428246779
0.4028322440087146,0.5268556774469297,0.26172325736478363
0.40276718596797034,0.5267132070095455,0.26172516887537906
0.40281106994988014,0.5267132070095455,0.2617486717191564
0.40274599542334094,0.5265707365721612,0.2617504102289995
0.40283378746594006,0.5265707365721612,0.2617821238561277
0.4027686941356006,0.526428266134777,0.26178551679234374
0.40270358661288563,0.5262857956973928,0.2618091218883663
0.4026384648931531,0.5261433252600085,0.26182302182962935
0.4026823683349689,0.5261433252600085,0.26183126952955066
0.40261723009814615,0.5260008548226243,0.261876343562566
0.4027489909457838,0.5260008548226243,0.26193341270443526
0.40268383155138554,0.52585838438524,0.26194585339745763
0.4026186579378069,0.5257159139478558,0.26194623008258305
0.40255347010039283,0.5255734435104715,0.26195617174119434
0.4025974025974026,0.5255734435104715,0.2619717396529319
0.4025321982099978,0.5254309730730873,0.26197254331013203
0.40288398514310686,0.5254309730730873,0.2622173286950907
0.4028187479514913,0.525288502635703,0.26222002149453316
0.4027534965034965,0.5251460321983189,0.26224387922390274
0.4026882307944487,0.5250035617609347,0.2622628986750587
0.4027322404371585,0.5250035617609347,0.262267884554559
0.40266695813750136,0.5248610913235504,0.26227193556732425
0.40279903783074567,0.5248610913235504,0.2623267475569933
0.4027337342810279,0.5247186208861662,0.2623292185166412
0.4027777777777778,0.5247186208861662,0.26233922635276885
0.40271245761784974,0.5245761504487819,0.26237241765881314
0.402647123167797,0.5244336800113977,0.2623736974372079
0.40291155866900175,0.5244336800113977,0.2624787997365884
0.4028461959496442,0.5242912095740134,0.26248004391925994
0.40302267002518893,0.5242912095740134,0.26257567895451567
0.40295728368017525,0.5241487391366292,0.2626057186487522
0.40300142403330047,0.5241487391366292,0.262653678819567
0.4029360210341805,0.5240062686992449,0.2626555835507131
0.4028706037032979,0.5238637982618607,0.26266568566892823
0.4030472432313932,0.5238637982618607,0.2627152878788546
0.40298180223635166,0.5237213278244764,0.26277485847131693
0.4029163468917882,0.5235788573870922,0.26279507931673307
0.4031373409390083,0.5235788573870922,0.26287326308813586
0.4030718595721339,0.523436386949708,0.26292027220123104
0.40329308452250273,0.523436386949708,0.26298840845313937
0.4032275771215282,0.5232939165123237,0.26299646971027313
0.4033161304491051,0.5232939165123237,0.26301923621037515
0.4032506039973644,0.5231514460749395,0.2630210017136112
0.40329489291598025,0.5231514460749395,0.26302537454312763
0.40322934973637964,0.5230089756375552,0.2630413348867096
0.40316379215643194,0.522866505200171,0.2630569920575359
0.4030982201713909,0.5227240347627867,0.2630783176645149
0.40303263377650805,0.5225815643254025,0.26309325038456827
0.40329851566794944,0.5225815643254025,0.2631370347253093
0.4032329008137233,0.5224390938880182,0.2632033313392179
0.4034547254923534,0.5224390938880182,0.2633045062290732
0.40338908450704225,0.522296623450634,0.26331007531771805
0.4035667107001321,0.522296623450634,0.26335083313131025
0.4035010459099416,0.5221541530132497,0.26335960296547317
0.40343536665932617,0.5220116825758655,0.26336829282593144
0.40336967294350845,0.5218692121384813,0.2633922728937114
0.40330396475770924,0.521726741701097,0.26340613421375014
0.40348171000440725,0.521726741701097,0.26346076377379385
0.4034159779614325,0.5215842712637128,0.26346782795880125
0.403638368246968,0.5215842712637128,0.26352054058519897
0.4035726099900761,0.5214418008263285,0.2635262657264621
0.40350683722981917,0.5212993303889443,0.263559452310333
0.403684907325684,0.5212993303889443,0.26364602479390925
0.40361911066975614,0.52115685995156,0.26364784719890555
0.4037081999779274,0.52115685995156,0.2637080511707917
0.40364238410596026,0.5210143895141758,0.2637153096031831
0.4036869411634838,0.5210143895141758,0.26376123096004744
0.4036211084124531,0.5208719190767915,0.26377511329789455
0.4035552611239925,0.5207294486394073,0.263816802575988
0.40359982332155475,0.5207294486394073,0.26387536539112705
0.40353395913859746,0.520586978202023,0.2638841883848149
0.40357852882703776,0.520586978202023,0.26391527129656117
0.4035126477410803,0.5204445077646388,0.26392293401265043
0.4036018119544802,0.5204445077646388,0.26393559589078996
0.4035359116022099,0.5203020373272546,0.26394100728822323
0.40375898286346046,0.5203020373272546,0.26409650161318776
0.40369305616983636,0.5201595668898703,0.26410198070734486
0.4038270102864727,0.5201595668898703,0.2641571732742798
0.40376106194690264,0.5200170964524861,0.2641678576325212
0.40385040938260675,0.5200170964524861,0.2641996543829723
0.40378444173951533,0.5198746260151018,0.2642093212143727
0.4037184594953519,0.5197321555777176,0.2642165657658085
0.40376314333148866,0.5197321555777176,0.2642314011530868
0.403697144122205,0.5195896851403334,0.2642462851437573
0.40387596899224804,0.5195896851403334,0.26428322898414747
0.40380994573042417,0.5194472147029492,0.26432748382184595
0.40385467434647765,0.5194472147029492,0.26433744738557347
0.4037886340977069,0.5193047442655649,0.2643882459288415
0.4038781163434903,0.5193047442655649,0.26442699451111995
0.40381205673758863,0.5191622738281807,0.2644695671553817
0.40385681037348997,0.5191622738281807,0.2644932698877497
0.4037907337619153,0.5190198033907965,0.26453463911093056
0.4037246425008314,0.5188773329534122,0.26453846061364117
0.4038589487691284,0.5188773329534122,0.2645826169666556
0.4037928357546856,0.518734862516028,0.2645999051801545
0.4038824181919024,0.518734862516028,0.2646502533653731
0.40381628577767914,0.5185923920786437,0.26465359095817287
0.40375013868856097,0.5184499216412595,0.2646779853405798
0.4039294039294039,0.5184499216412595,0.26474185183819093
0.40386323268206037,0.5183074512038752,0.2647488299089856
0.40379704674142336,0.518164980766491,0.26477382022159857
0.4037308461025983,0.5180225103291067,0.26477698749512385
0.4038205242114616,0.5180225103291067,0.2647954126685358
0.4037543041208486,0.5178800398917225,0.26479620826458156
0.40379915574316816,0.5178800398917225,0.26484186978134205
0.4037329185646039,0.5177375694543382,0.26486301714091615
0.4042269187986652,0.5177375694543382,0.26508245103099076
0.4041606407831794,0.517595099016954,0.2650998159861286
0.40409434801958166,0.5174526285795698,0.2651158755443792
0.4040280405029487,0.5173101581421855,0.26517267348718704
0.40411797440178077,0.5173101581421855,0.2652205948201753
0.4040516473731077,0.5171676877048013,0.26523735276787985
0.4041866161897339,0.5171676877048013,0.26524946417887907
0.4041202672605791,0.517025217267417,0.26525603917376983
0.4044355288086482,0.517025217267417,0.26536284815126626
0.40436914846188143,0.5168827468300328,0.26536602917138985
0.4044593088071349,0.5168827468300328,0.2654237721142428
0.40439290890846247,0.5167402763926485,0.26542503440195697
0.4043264942016057,0.5165978059552643,0.26544471852829005
0.4046875,0.5165978059552643,0.2656868228684019
0.4046210514566358,0.51645533551788,0.26569895393885545
0.40471139890588365,0.51645533551788,0.26570954565453697
0.4046449307726664,0.5163128650804958,0.2657142387419285
0.4046901172529313,0.5163128650804958,0.2657285421012976
0.4046236318963592,0.5161703946431115,0.2657318000264469
0.4046688260918128,0.5161703946431115,0.26574837103898435
0.4046023235031278,0.5160279242057273,0.26579619953272393
0.4046475254161546,0.5160279242057273,0.2657977261851583
0.40458100558659216,0.515885453768343,0.2657980665760428
0.40489768534048975,0.515885453768343,0.26588312919729384
0.4048311339745023,0.5157429833309588,0.26588381519997606
0.4048764120344481,0.5157429833309588,0.26588528538769385
0.4048098434004474,0.5156005128935746,0.26589629957204103
0.40474325987246895,0.5154580424561903,0.2659025992761522
0.40467666144551356,0.5153155720188061,0.26593980138358875
0.40461004811457985,0.5151731015814218,0.26593983293978746
0.4047459144839937,0.5151731015814218,0.26597718298923434
0.4046792790775775,0.5150306311440376,0.26601830070031396
0.4046126287505598,0.5148881607066533,0.26608550200498227
0.4048846067667488,0.5148881607066533,0.26613870201303774
0.40481792717086834,0.5147456902692691,0.2661522832422461
0.4048632900044823,0.5147456902692691,0.26615736607827706
0.4047965930740782,0.5146032198318848,0.2662418559398926
0.404887344468109,0.5146032198318848,0.2662618469587839
0.40482062780269057,0.5144607493945006,0.2662619234590026
0.40475389617670143,0.5143182789571163,0.26626238236602817
0.4052537045352492,0.5143182789571163,0.26644422335843315
0.40518693162681035,0.5141758085197321,0.26646019820292993
0.4053234501347709,0.5141758085197321,0.26649730939513233
0.4052566550600921,0.514033338082348,0.26651977071862215
0.4054388133498146,0.514033338082348,0.26655702271677506
0.4053719937064509,0.5138908676449637,0.266560377361134
0.40530515904237385,0.5137483972075795,0.2665818945884653
0.405238309352518,0.5136059267701952,0.2666266978360032
0.40532943557454465,0.5136059267701952,0.2666464273478524
0.4052625660631958,0.513463456332811,0.266653140318697
0.40535372848948376,0.513463456332811,0.2666653749234438
0.4052868391451069,0.5133209858954267,0.26667761157668596
0.40521993475081564,0.5131785154580425,0.26669531216465464
0.4054936395361927,0.5131785154580425,0.2668272833320268
0.40542670569691514,0.5130360450206582,0.2668328471271657
0.40535975678414593,0.512893574583274,0.266837152757971
0.4052927927927928,0.5127511041458898,0.26687482282102076
0.4053840955170083,0.5127511041458898,0.2669163526246901
0.4053171116368142,0.5126086337085055,0.2669303621116913
0.40536277602523657,0.5126086337085055,0.26695949824603443
0.4052957746478873,0.5124661632711213,0.26697002835880845
0.40543282236248873,0.5124661632711213,0.2669764005793709
0.40541149943630217,0.512323692833737,0.26700487182070404
0.40559440559440557,0.512323692833737,0.26714108727477215
0.40552735476593343,0.5121812223963528,0.2671534639055572
0.4055731046931408,0.5121812223963528,0.26716259588703495
0.4055060363308135,0.5120387519589685,0.2671661247452877
0.405597562351879,0.5120387519589685,0.26719762884170106
0.405530474040632,0.5118962815215843,0.2672178670988238
0.40562203657710544,0.5118962815215843,0.2672461297064706
0.40555492830529527,0.5117538110842,0.2672599026550959
0.4056465273856578,0.5117538110842,0.2673058267197366
0.4055793991416309,0.5116113406468158,0.2673517723987278
0.40551225573252003,0.5114688702094315,0.2673580347428731
0.4054450971531857,0.5113263997720473,0.267408100062407
0.40537792339848605,0.5111839293346631,0.26741668677920427
0.40602014258232433,0.5111839293346631,0.267611261452046
0.40595291987324583,0.5110414588972788,0.26761743341270583
0.4060448268055241,0.5110414588972788,0.26763471465339306
0.40597758405977585,0.5108989884598946,0.2676394445744536
0.4060235507246377,0.5108989884598946,0.2676686058126414
0.40595629034084474,0.5107565180225103,0.2676788489151366
0.4060022650056625,0.5107565180225103,0.2677053945706431
0.40593498697474234,0.5106140475851261,0.2677158290443928
0.40607296623612055,0.5106140475851261,0.26774292607557065
0.4060056657223796,0.5104715771477418,0.2677465227337387
0.4059383499546691,0.5103291067103576,0.26774656453253837
0.4058710189278023,0.5101866362729733,0.26776639743452896
0.4059630427389185,0.5101866362729733,0.2677905953202261
0.40589569160997735,0.5100441658355891,0.26779557057059805
0.40603379834410797,0.5100441658355891,0.2678393746858677
0.40596642468239563,0.5099016953982048,0.2678669610585492
0.40601247872943846,0.5099016953982048,0.2678961544112936
0.4059450873610166,0.5097592249608206,0.26795647365190156
0.40617550232716537,0.5097592249608206,0.2680025886167373
0.4061080835603996,0.5096167545234364,0.2680076292567504
0.4061541955262859,0.5096167545234364,0.2680153754083494
0.4060867590279355,0.5094742840860521,0.2680365759345025
0.40622515051686925,0.5094742840860521,0.26806012235431975
0.40615769143376507,0.5093318136486679,0.26808801406034344
0.40609021702079307,0.5091893432112836,0.2680949965518617
0.4062286883382587,0.5091893432112836,0.26816748023483705
0.4061611913152211,0.5090468727738994,0.26817279808500344
0.406093678944975,0.5089044023365151,0.268177065711795
0.40637087599544935,0.5089044023365151,0.26825074037756563
0.4063033337125953,0.5087619318991309,0.2683099823382465
0.40634956759217117,0.5087619318991309,0.26833348471697877
0.40628200751109594,0.5086194614617466,0.26835678118374606
0.40651332270553403,0.5086194614617466,0.26848567532412104
0.40644573510989634,0.5084769910243624,0.268514065808775
0.4065383301059346,0.5084769910243624,0.26853583295538386
0.4064707222601959,0.5083345205869783,0.2685591929238803
0.406563354603464,0.5083345205869783,0.2686879050010023
0.4064957264957265,0.508192050149594,0.268690623020349
0.40668110819746894,0.508192050149594,0.26877390645318355
0.4066134549600912,0.5080495797122098,0.26879063597794856
0.4065457862926217,0.5079071092748255,0.26879292723415665
0.40663853085434015,0.5079071092748255,0.2688803936817353
0.406570841889117,0.5077646388374413,0.2688839519996035
0.40666362391602007,0.5077646388374413,0.2689094417489071
0.40659591464110467,0.507622168400057,0.26891578509078146
0.40664231910522713,0.507622168400057,0.2689244591428814
0.4065745919415592,0.5074796979626728,0.26892987742788527
0.40703919552051193,0.5074796979626728,0.26908933376091854
0.4069714285714286,0.5073372275252885,0.2691182224450688
0.4069036461309864,0.5071947570879043,0.269120026359576
0.4071828891684776,0.5071947570879043,0.26923476958402914
0.4071150766415008,0.50705228665052,0.2692389284069028
0.4070472485985585,0.5069098162131358,0.2692608294818848
0.40714040508067284,0.5069098162131358,0.2692923896254638
0.4070725566491188,0.5067673457757516,0.26930789176626985
0.4071657509157509,0.5067673457757516,0.2693939648199999
0.40709788208357184,0.5066248753383673,0.26941447824562154
0.4073777064955894,0.5066248753383673,0.26961428645929963
0.40730980751604035,0.5064824049009831,0.2696319386882965
0.4075432763957354,0.5064824049009831,0.26966617798267484
0.40747534969043797,0.5063399344635988,0.2697237104902871
0.4074074074074074,0.5061974640262146,0.26973508979754546
0.4075008601903888,0.5061974640262146,0.26974556160480334
0.4074328974535444,0.5060549935888303,0.26974696593871206
0.4075263882514915,0.5060549935888303,0.26977366029604366
0.4074584050487665,0.5059125231514461,0.2697810327791955
0.4075987144168962,0.5059125231514461,0.2698142350818393
0.4075307082998508,0.5057700527140618,0.2698192933822834
0.40757749712973596,0.5057700527140618,0.2698264269630635
0.4075094729590079,0.5056275822766776,0.2698478866414758
0.407556270096463,0.5056275822766776,0.2698635440633298
0.4074882278626393,0.5054851118392933,0.2699082922412444
0.407675514190509,0.5054851118392933,0.26996827740721324
0.40760744656400827,0.5053426414019091,0.269984877164776
0.40779489537824787,0.5053426414019091,0.2700388123620486
0.4077268023456364,0.5052001709645249,0.2700517854804913
0.40765869365225393,0.5050577005271406,0.2700791314994309
0.40759056929269694,0.5049152300897564,0.2701009877372322
0.40777816131630423,0.5049152300897564,0.2701602660617868
0.4077100115074799,0.5047727596523721,0.270164763195138
0.4076418460121993,0.5046302892149879,0.2701754651113568
0.4078765545831414,0.5046302892149879,0.2702669595156452
0.4078083611654958,0.5044878187776036,0.2703300021624396
0.40790231540145144,0.5044878187776036,0.2703630496277743
0.4078341013824885,0.5043453483402194,0.2703757123799906
0.4079280940308827,0.5043453483402194,0.2704369395446784
0.4078598593984096,0.5042028779028351,0.27048312165732874
0.40795389048991354,0.5042028779028351,0.270586831208747
0.407885635231727,0.5040604074654509,0.2705978822414576
0.407979704797048,0.5040604074654509,0.27064855863377285
0.4079114289009341,0.5039179370280666,0.270666802220674
0.4081467805215786,0.5039179370280666,0.2707424080769758
0.4080784766301212,0.5037754665906824,0.27078109510115755
0.4080101569713758,0.5036329961532982,0.27080337588569636
0.4081986143187067,0.5036329961532982,0.2708741968004053
0.40813026908418987,0.5034905257159139,0.27087438643429324
0.4083188908145581,0.5034905257159139,0.27090485308444856
0.40825051999075573,0.5033480552785297,0.27092630683766505
0.40839209339960697,0.5033480552785297,0.27115168928295835
0.40832369942196534,0.5032055848411454,0.27115282602475244
0.40837090993178404,0.5032055848411454,0.2711535879505244
0.40830249768732657,0.5030631144037612,0.27116140339649086
0.4083969465648855,0.5030631144037612,0.27118881356554186
0.4083285135916715,0.5029206439663769,0.27120154384276207
0.40842300127270625,0.5029206439663769,0.2712398751135742
0.40835454755843553,0.5027781735289928,0.2712444906535662
0.4085909459302999,0.5027781735289928,0.27143700503160023
0.40852246410375176,0.5026357030916085,0.2715541899190885
0.4084539664157499,0.5024932326542243,0.2715649532760361
0.408595922150139,0.5024932326542243,0.2716235656828822
0.40852740122813114,0.50235076221684,0.27166154309342866
0.4087642012520287,0.50235076221684,0.27172720452456806
0.40869565217391307,0.5022082917794558,0.27176900778944346
0.4087430426716141,0.5022082917794558,0.271798211761095
0.4086744752406355,0.5020658213420716,0.2718122130119343
0.40860589190443053,0.5019233509046873,0.2718163201306393
0.4089853726491758,0.5019233509046873,0.272047531231115
0.40891675374433994,0.5017808804673031,0.27205492653395336
0.4088481189038551,0.5016384100299188,0.2720674470956395
0.4088955986528858,0.5016384100299188,0.2720711309519301
0.4088269454123113,0.5014959395925346,0.2720910826995502
0.40911204091120407,0.5014959395925346,0.272248538005634
0.40904335696849936,0.5013534691551503,0.2722732194771273
0.4089746570564985,0.5012109987177661,0.27227809320995544
0.4092601209865053,0.5012109987177661,0.2723388714942969
0.4091913903432228,0.5010685282803818,0.27235066265422986
0.40923900395624857,0.5010685282803818,0.2723546365690362
0.40917025485860586,0.5009260578429976,0.272397590631638
0.4091014897579143,0.5007835874056134,0.27241691792103045
0.4090327086485857,0.5006411169682291,0.272430765520014
0.4091279543602282,0.5006411169682291,0.27247764772605726
0.40905915230554263,0.5004986465308449,0.2725190596440779
0.4089903342261558,0.5003561760934606,0.2725240282657488
0.4090379687863965,0.5003561760934606,0.27252874274194383
0.4089691322073384,0.5002137056560764,0.2725289853680534
0.4090167753960857,0.5002137056560764,0.2725409519128102
0.40894792030758476,0.5000712352186921,0.2725472974353486
0.4090432350541895,0.5000712352186921,0.2725802175841491
0.40897435897435896,0.4999287647813079,0.27259255516703673
0.40916511194029853,0.4999287647813079,0.2726338347108327
0.4090962099125364,0.49978629434392363,0.2726464357486668
0.40928713102321784,0.49978629434392363,0.2727044046256685
0.409218203033839,0.4996438239065394,0.2727236794697171
0.4091492589567044,0.49950135346915514,0.2727285023140908
0.40943594534625716,0.49950135346915514,0.27286740584281033
0.40936697033403413,0.4993588830317709,0.2728928776170606
0.40929797920803646,0.49921641259438665,0.27289608058505505
0.40927678467110645,0.4990739421570024,0.2729061195898057
0.4093724436134159,0.4990739421570024,0.2729452553491279
0.40930341280972415,0.49893147171961816,0.27296949582534596
0.4093512565751023,0.49893147171961816,0.2730378465183014
0.4092822071545476,0.4987890012822339,0.27306679475303164
0.40921314158774696,0.49864653084484967,0.27306879200148415
0.40914405986903646,0.4985040604074655,0.27309258903766004
0.40943131289492163,0.4985040604074655,0.27320863615021823
0.4093622001170275,0.49836158997008123,0.27321063597272754
0.40955391640323147,0.49836158997008123,0.27328672532895865
0.4094847775175644,0.498219119532697,0.27329732186532574
0.40977267400984296,0.498219119532697,0.2734609605908088
0.40970350404312667,0.49807664909531274,0.2735068713729886
0.4097515236755743,0.49807664909531274,0.2735783700755014
0.4096823350134802,0.4979341786579285,0.27358078369570715
0.4097303634232122,0.4979341786579285,0.27360073485583564
0.4096611560558096,0.49779170822054425,0.27365670248147855
0.4099495482811217,0.49779170822054425,0.2736970304195539
0.4098803097864351,0.49764923778316,0.2737240965954411
0.4103136379654646,0.49764923778316,0.27404637808270516
0.41024436090225563,0.49750676734577576,0.2740914410287788
0.41053374088878436,0.49750676734577576,0.2741403678565353
0.4104644326866549,0.4973642969083915,0.27415682903882865
0.41065756969768263,0.4973642969083915,0.2742355516298776
0.41058823529411764,0.49722182647100727,0.2742927159191223
0.41087826701200847,0.49722182647100727,0.27440644618819815
0.4108089014482515,0.497079356033623,0.27442198037933585
0.4107395195478097,0.4969368855962388,0.27443929892872876
0.4106701213049111,0.49679441515885453,0.2744576313087956
0.41096051856216853,0.49679441515885453,0.2746396545804996
0.41089108910891087,0.4966519447214703,0.27464493925743205
0.4110364343827379,0.4966519447214703,0.27469446070268433
0.41096698113207547,0.49650947428408604,0.2746993141427374
0.41101544993513384,0.49650947428408604,0.27471868702711877
0.41094597782495873,0.4963670038467018,0.2747225091216757
0.4112370160528801,0.4963670038467018,0.2748071070679564
0.41116751269035534,0.49622453340931755,0.27483073356735777
0.41150756143667294,0.49622453340931755,0.2750577032058367
0.41143802434125015,0.4960820629719333,0.27505832516070183
0.41168124852210924,0.4960820629719333,0.2752013841079705
0.41161168262977416,0.49593959253454906,0.27521760516124194
0.41154210028382215,0.4957971220971648,0.27523374007895235
0.41147250147841513,0.4956546516597806,0.2752796112524169
0.41152117340903716,0.4956546516597806,0.27527975317176595
0.4114515556607122,0.4955121812223964,0.27528842911135815
0.4115489291208141,0.4955121812223964,0.27535926811751843
0.4114792899408284,0.49536971078501213,0.27536562975265716
0.4114096342762457,0.4952272403476279,0.27536979145720836
0.4114583333333333,0.4952272403476279,0.2754164603265502
0.4113886586953948,0.49508476991024364,0.2754172918062247
0.41143736680085247,0.49508476991024364,0.2754542528077822
0.4113676731793961,0.4949422994728594,0.27545909521885875
0.4118065433854908,0.4949422994728594,0.27564517004215355
0.41173681090693537,0.49479982903547515,0.27564523577609534
0.41178562959449844,0.49479982903547515,0.2756492416294818
0.4117158780979485,0.4946573585980909,0.27566256729605804
0.41181354524967384,0.4946573585980909,0.27571167401674246
0.4117437722419929,0.49451488816070666,0.27573742929174566
0.4119392356990268,0.49451488816070666,0.27575567888280467
0.4118694362017804,0.4943724177233224,0.2757789162080379
0.4119183285849953,0.4943724177233224,0.2757829008198458
0.4118485100320551,0.49422994728593816,0.2757900542826338
0.41189741154120163,0.49422994728593816,0.2758606155739363
0.411827573922337,0.4940874768485539,0.275860802910997
0.4122681883024251,0.4940874768485539,0.27617571051971845
0.4121983117346332,0.4939450064111697,0.2761929486100644
0.4122473246135553,0.4939450064111697,0.27620602571439395
0.4121774289451778,0.49380253597378543,0.2762243839080898
0.41210751665080875,0.4936600655364012,0.2763030315928258
0.412303664921466,0.4936600655364012,0.2763451097649955
0.4122337260502202,0.49351759509901694,0.27635798404191136
0.41228278981194955,0.49351759509901694,0.2763687154294796
0.4122128318057374,0.4933751246616327,0.27637941035511143
0.4122619047619048,0.4933751246616327,0.2763843937894372
0.41219192761042983,0.49323265422424845,0.2764076570449195
0.4123883263847528,0.49323265422424845,0.27650420949111376
0.41231832261138907,0.4930901837868642,0.2765054738342291
0.41241658722592944,0.4930901837868642,0.2765761790578853
0.4123465617923966,0.49294771334948,0.27660664472930385
0.4122765196662694,0.49280524291209576,0.2766093150223053
0.41242398950757125,0.49280524291209576,0.2766995190547452
0.41235392320534225,0.4926627724747115,0.27671161978113595
0.41228384019081693,0.4925203020373273,0.2767273055248088
0.41238220207562926,0.4925203020373273,0.2767425121105139
0.41231209735146745,0.492377831599943,0.2767751391753238
0.41236129340174205,0.492377831599943,0.27677931653816035
0.41229116945107397,0.4922353611625588,0.2768110998223062
0.4123895917880162,0.4922353611625588,0.2768210636763921
0.4123194461024233,0.49209289072517454,0.27683684025895394
0.41224928366762176,0.4919504202877903,0.2768627025590803
0.412396990326048,0.4919504202877903,0.2768945407369025
0.4123268036311515,0.49180794985040605,0.2769025667054556
0.41247460867487157,0.49180794985040605,0.276972614825558
0.41240439770554493,0.4916654794130218,0.276979113537265
0.41245368710409946,0.4916654794130218,0.27698821185582817
0.41238345684915134,0.49152300897563755,0.2770179727959282
0.41243275552898984,0.49152300897563755,0.2770259403546878
0.41236250597800095,0.4913805385382533,0.27704983825747237
0.41246113370007176,0.4913805385382533,0.2770961319827993
0.41239086233704103,0.49123806810086906,0.27712180934917735
0.4128846844689259,0.49123806810086906,0.2772565903519577
0.41281437125748505,0.4910955976634848,0.2773038694807829
0.41286381602587136,0.4910955976634848,0.2773079748259008
0.4127934834690944,0.49095312722610057,0.27733097024022074
0.4127231340601414,0.4908106567887163,0.27733176210894317
0.4128220491312163,0.4908106567887163,0.277356770890282
0.412751677852349,0.4906681863513321,0.2773669763673352
0.4126812897039434,0.49052571591394784,0.2773980015109588
0.41273076000959,0.49052571591394784,0.27739874437412326
0.41266035247572236,0.4903832454765636,0.2774246623923806
0.41275932365991125,0.4903832454765636,0.27746026789928985
0.4126888942192372,0.49024077503917934,0.27750309302999526
0.4126184478829315,0.49009830460179515,0.27750748131505953
0.41291561637258434,0.49009830460179515,0.2776671826203985
0.4128451380552221,0.4899558341644109,0.277680440579766
0.41304347826086957,0.4899558341644109,0.27778044838618515
0.412972972972973,0.48981336372702666,0.2777821126655739
0.41307220953982937,0.48981336372702666,0.2778084681462542
0.41300168228791156,0.4896708932896424,0.2778527554083611
0.41315061906479145,0.4896708932896424,0.2778960382127732
0.4131297342791872,0.48952842285225817,0.2779015881573902
0.4132291040288635,0.48952842285225817,0.27796778711429293
0.41315852778445994,0.4893859524148739,0.27798277044980463
0.4130879345603272,0.4892434819774897,0.27800090973737523
0.41323706377858005,0.4892434819774897,0.27803278798919356
0.4131664460223854,0.48910101154010543,0.2780435026714496
0.41336544250451535,0.48910101154010543,0.2781162214809994
0.41329479768786126,0.4889585411027212,0.278222980059984
0.4133943628041436,0.4889585411027212,0.2782441555382363
0.41332369594024815,0.48881607066533694,0.2782504942793085
0.41352296010606243,0.48881607066533694,0.27835701321590206
0.4134522661523626,0.4886736002279527,0.2783855073931766
0.41338155515370706,0.48853112979056845,0.2783877741519707
0.4133108271039306,0.4883886593531842,0.2783927094823242
0.41324008199686485,0.48824618891579996,0.2784092142207024
0.4132899179932465,0.48824618891579996,0.2784172534452854
0.4132191532987577,0.4881037184784157,0.2784279402575992
0.41336872586872586,0.4881037184784157,0.27846943194449714
0.4132979365270906,0.48796124804103147,0.2784761610518491
0.4132271300989621,0.4878187776036472,0.2784984554988326
0.41342670852451097,0.4878187776036472,0.2785608604847575
0.41335587489433645,0.487676307166263,0.27856239538662547
0.41345573136852276,0.487676307166263,0.27859944376904455
0.4133848755738101,0.48753383672887873,0.2786121948019994
0.41343481937900206,0.48753383672887873,0.27862403355199095
0.4133639439342678,0.4873913662914945,0.27863663170272446
0.4132930513595166,0.4872488958541103,0.27866395564864677
0.41334300217548947,0.4872488958541103,0.2786951270934588
0.41327208993110115,0.48710642541672605,0.2786958904635859
0.41320116054158607,0.4869639549793418,0.2786964571474322
0.4131302140007254,0.48682148454195756,0.2787397751457214
0.41333010765694933,0.48682148454195756,0.2787707467660945
0.413259133801113,0.4866790141045733,0.2788355093185344
0.4133091349062311,0.4866790141045733,0.2788534425489343
0.4132381413359148,0.48653654366718907,0.2788557549638851
0.41333817477608326,0.48653654366718907,0.2788709926361627
0.4132671589395957,0.4863940732298048,0.2788730347423515
0.4131961259079903,0.4862516027924206,0.27889144215783673
0.4132461557089236,0.4862516027924206,0.2789073621981271
0.41317510293049164,0.48610913235503633,0.27891371694723677
0.41332525741974563,0.48610913235503633,0.2789927228346359
0.41325417979161616,0.4859666619176521,0.2790722465615044
0.4135046672323918,0.4859666619176521,0.27917941845340677
0.41343355965082446,0.48582419148026784,0.27919209557154095
0.4133624348247848,0.4856817210428836,0.27922023103644267
0.41361320067944674,0.4856817210428836,0.2792798232720073
0.41354204586821985,0.48553925060549935,0.2792808073561884
0.4134708737864078,0.4853967801681151,0.27930624700806383
0.4133996844277218,0.48525430973073086,0.27940310274144214
0.4138517618469016,0.48525430973073086,0.27962755666340683
0.41378053226394457,0.4851118392933466,0.27963613365419043
0.4141328144003892,0.4851118392933466,0.2797926654926559
0.41406154968981873,0.48496936885596237,0.27985068269219926
0.4143639683505782,0.48496936885596237,0.2799946466654673
0.4142926710494278,0.4848268984185781,0.28002348959094875
0.4143431145744551,0.4848268984185781,0.2800308912307515
0.4142717973697029,0.4846844279811939,0.28003618568305133
0.4142004627938132,0.4845419575438097,0.28005270453606484
0.41412911084043846,0.48439948710642544,0.2800641206663519
0.41405774150322816,0.4842570166690412,0.2800733349621781
0.41398635477582846,0.48411454623165695,0.2800770996474341
0.41391495065188255,0.4839720757942727,0.28008207365856785
0.4141672762740795,0.4839720757942727,0.2801815065953433
0.41409584197049143,0.48382960535688846,0.2801818927994843
0.4142979138709284,0.48382960535688846,0.28026069744962034
0.41422645192776963,0.4836871349195042,0.2803103155272089
0.4141549725442343,0.48354466448211997,0.28033144662871134
0.4142560722568046,0.48354466448211997,0.28034675074981935
0.4141845703125,0.4834021940447357,0.28041091229255155
0.4142351361250153,0.4834021940447357,0.28044080255993226
0.4141636141636142,0.4832597236073515,0.28047040280885605
0.4140920747343998,0.48311725316996723,0.28052701110067124
0.414142647777235,0.48311725316996723,0.2805307677048832
0.4140710883107365,0.482974782732583,0.2805352969394069
0.41399951136086,0.48283231229519874,0.28059206374888235
0.4139279169211973,0.4826898418578145,0.2805993184203558
0.414535666218035,0.4826898418578145,0.28079012787695484
0.4144640234948605,0.48254737142043025,0.2808226720393652
0.4145147472769551,0.48254737142043025,0.2808627492464983
0.41444308445532435,0.482404900983046,0.28087770724284544
0.4145445641527914,0.482404900983046,0.28091636717350477
0.41447287865801397,0.48226243054566176,0.28094965589555104
0.41440117560617196,0.4821199601082775,0.2809783509239094
0.41432945499081447,0.48197748967089327,0.2810567355240556
0.4142577168054875,0.481835019233509,0.2810773982760795
0.4141859610437339,0.48169254879612483,0.2811716994609807
0.41411418769909336,0.4815500783587406,0.2811772058454533
0.4140423967651023,0.48140760792135634,0.2812130360455982
0.4141946555528316,0.48140760792135634,0.28131116890390967
0.4141228392791467,0.4812651374839721,0.2813470746408418
0.4140510053948014,0.48112266704658785,0.2814018260245667
0.41435582822085887,0.48112266704658785,0.28154676590934
0.4142839612222359,0.4809801966092036,0.28156938484362537
0.41433480608738343,0.4809801966092036,0.28157041125164584
0.4142629188658402,0.48083772617181936,0.28163983217778826
0.41456823486058225,0.48083772617181936,0.2818143780281272
0.4144963144963145,0.4806952557344351,0.2818196935990692
0.4145981813713443,0.4806952557344351,0.2818665448955482
0.41452623817131623,0.48055278529705087,0.28186751031243323
0.414679124661913,0.48055278529705087,0.2819129220599905
0.41460715603098486,0.4804103148596666,0.2819167739194769
0.4145351696999508,0.4802678444222824,0.2819462891765118
0.41446316566228014,0.48012537398489813,0.28198781045130117
0.4143911439114391,0.4799829035475139,0.28201145704683483
0.4144931102362205,0.4799829035475139,0.2820200204482822
0.4144210655838563,0.47984043311012964,0.2820239034815579
0.41447206497661826,0.47984043311012964,0.28203510079018834
0.4144,0.4796979626727454,0.28205404823525015
0.4145020312692355,0.4796979626727454,0.2820706764878574
0.41442994336370353,0.47955549223536115,0.28208000283087775
0.41509433962264153,0.47955549223536115,0.2824788311790764
0.41502220029600395,0.4794130217979769,0.28251953809889335
0.4150733933637597,0.4794130217979769,0.2825530498114348
0.41500123365408337,0.47927055136059266,0.28255340799513723
0.41520612194519874,0.47927055136059266,0.28266530074587315
0.41513393408221205,0.4791280809232084,0.28268741544258036
0.4151851851851852,0.4791280809232084,0.2827133738095507
0.41511297691072974,0.47898561048582416,0.28271466818258034
0.41504075080266734,0.47884314004844,0.28272169466079466
0.4149685068543905,0.47870066961105573,0.28274646800473796
0.4150710315009265,0.47870066961105573,0.28280907787848863
0.41499876451692613,0.4785581991736715,0.2828525746047063
0.415255284954877,0.4785581991736715,0.2829465950884499
0.41518298714144414,0.47841572873628724,0.2829628261306582
0.41511067144800295,0.478273258298903,0.28297793042713953
0.4150383378679199,0.47813078786151875,0.28297941693584067
0.4151410192973775,0.47813078786151875,0.28302788435926735
0.4150686626252629,0.4779883174241345,0.28303760041381393
0.414996288047513,0.47784584698675026,0.2830715988210753
0.4150990099009901,0.47784584698675026,0.28311967120870185
0.4150266122044807,0.477703376549366,0.2831222099342209
0.4150779896013865,0.477703376549366,0.2831464278868335
0.4150569588905399,0.47756090611198176,0.2831779589652535
0.415159772108001,0.47756090611198176,0.28318969640447555
0.41513875123885036,0.4774184356745975,0.2831897780619227
0.4150662867054888,0.4772759652372133,0.28322684414357946
0.4149938042131351,0.477133494799829,0.28331935887268384
0.41504523484942374,0.477133494799829,0.283328442261076
0.4149727317798711,0.4769910243624448,0.2833505761172044
0.41512709237445755,0.4769910243624448,0.28342820455891315
0.4150545634920635,0.47684855392506054,0.2834331087611205
0.41520903113757596,0.47684855392506054,0.2834776525696322
0.415136476426799,0.4767060834876763,0.2834805256860393
0.41506390371013774,0.47656361305029205,0.28349949670354313
0.4162000746547219,0.47656361305029205,0.284062272192131
0.41612742658038826,0.4764211426129078,0.2840755124649776
0.4160547604231487,0.47627867217552355,0.28411925099840524
0.4162101593625498,0.47627867217552355,0.28413913132044405
0.4161374673141576,0.4761362017381393,0.2841821497635989
0.41606475716064756,0.4759937313007551,0.28419296731064747
0.4159920288952547,0.4758512608633709,0.28419450596334667
0.41591928251121074,0.4757087904259866,0.2842493548673945
0.4161784868503054,0.4757087904259866,0.28444168635407346
0.4161057092994266,0.4755663199886024,0.2845264659496576
0.4164691203992514,0.4755663199886024,0.28466146493080136
0.4163963064636885,0.47542384955121814,0.2846739781921453
0.4163234743541745,0.4752813791138339,0.28468137609510946
0.41653140217255585,0.4752813791138339,0.284726194193539
0.41645854145854144,0.47513890867644964,0.284733982102888
0.41638566254527287,0.4749964382390654,0.28474566674447804
0.41643767174619034,0.4749964382390654,0.28477947074649257
0.41636477201748906,0.47485396780168115,0.2848094490005716
0.4164688241909284,0.47485396780168115,0.2848216252110842
0.41639590102474383,0.4747114973642969,0.28483552463853357
0.41660415103775944,0.4747114973642969,0.28496020354374224
0.4165311991996999,0.47456902692691266,0.2849609391564176
0.4165832916458229,0.47456902692691266,0.2849655904550432
0.4165103189493433,0.4744265564895284,0.2849772511422988
0.416437327995997,0.47428408605214417,0.2849971318956043
0.41675012518778165,0.47428408605214417,0.28510436968151676
0.41667710028796795,0.4741416156147599,0.2851138997855168
0.41688588250031317,0.4741416156147599,0.285289356374777
0.41681282886494614,0.4739991451773757,0.2852917608347001
0.41686505450444805,0.4739991451773757,0.2853322335739678
0.4167919799498747,0.47385667473999143,0.2853351697667294
0.4167188870785813,0.4737142043026072,0.28535384585157814
0.4170324846356453,0.4737142043026072,0.2854797522853094
0.41695935775213244,0.47357173386522294,0.2854831589724255
0.41732580037664785,0.47357173386522294,0.2856931017199979
0.41725263686589653,0.4734292634278387,0.2856946731454975
0.41717945497927916,0.4732867929904545,0.2857079407134558
0.4171062547098719,0.47314432255307026,0.2857234581948745
0.417420814479638,0.47314432255307026,0.28582087580287846
0.41734758013827783,0.473001852115686,0.2858364236668373
0.41750503018108653,0.473001852115686,0.2858754565195979
0.41743176958873096,0.47285938167830177,0.2858867972916227
0.4179574360911724,0.47285938167830177,0.2861871338672975
0.4179367678548936,0.4727169112409175,0.2862570830836159
0.4180947580645161,0.4727169112409175,0.2862856915108204
0.4180214240705734,0.4725744408035333,0.2862897043734962
0.41794807159062264,0.47243197036614903,0.28630008918753086
0.4180007563342998,0.47243197036614903,0.2863836414008271
0.4179273827534039,0.4722894999287648,0.2863929635231318
0.4180855088914113,0.4722894999287648,0.2864840009745672
0.41806484168033303,0.47214702949138054,0.28648574210482786
0.4181703470031546,0.47214702949138054,0.28654242824239723
0.4180969207470974,0.4720045590539963,0.28654457888915147
0.41825527079914154,0.4720045590539963,0.28663098382305946
0.41818181818181815,0.47186208861661205,0.28665427782439934
0.4181083470135118,0.4717196181792278,0.2867261327031039
0.418266801414856,0.4717196181792278,0.2868513619191512
0.41819330385344283,0.47157714774184356,0.28685443044298997
0.41811978771796815,0.4714346773044593,0.28687084053585776
0.41822548028311424,0.4714346773044593,0.28694745161506646
0.4181519403362407,0.47129220686707507,0.2869676450472706
0.4186811795975193,0.47129220686707507,0.2871477667361229
0.41860759493670885,0.4711497364296908,0.2871497831282005
0.41853399164451194,0.4710072659923066,0.28716058741465295
0.4184603697138516,0.47086479555492233,0.2871931306539089
0.4190971341618057,0.47086479555492233,0.28755230655594133
0.41902346227013315,0.4707223251175381,0.2875613306144445
0.41966213641559763,0.4707223251175381,0.2878887799378794
0.41958841463414637,0.47057985468015384,0.28790187998923583
0.4198017285205897,0.47057985468015384,0.2880418829674593
0.41972797762806663,0.47043738424276965,0.2880626078219679
0.41965420798372743,0.4702949138053854,0.28807439324692424
0.4198677181378784,0.4702949138053854,0.28814545903755134
0.4197939193486834,0.47015244336800116,0.2881737815776705
0.4197201017811705,0.4700099729306169,0.288241962495093
0.42004074357015536,0.4700099729306169,0.28835718828744694
0.41996689163377054,0.46986750249323267,0.2883954306478105
0.41989302088639835,0.4697250320558484,0.2884001305480476
0.42,0.4697250320558484,0.2884918698737212
0.41992610523633583,0.4695825616184642,0.2885114641205444
0.42035454661395233,0.4695825616184642,0.28861468502019394
0.42028061224489793,0.46944009118107993,0.2886217133467058
0.42033422630437556,0.46944009118107993,0.2886503803875889
0.4202602704771625,0.4692976207436957,0.28865215543592443
0.420582226762002,0.4692976207436957,0.2888311301189033
0.4205082364959775,0.46915515030631144,0.288832058489953
0.420938258979931,0.46915515030631144,0.28903126265456947
0.42086422909741755,0.4690126798689272,0.2890336706875024
0.4207901802838512,0.46887020943154295,0.289046067372899
0.42084398976982096,0.46887020943154295,0.2890480141095955
0.42076991942703673,0.4687277389941587,0.28906365359583025
0.42082374008697876,0.4687277389941587,0.28907438006716774
0.4207496482026353,0.46858526855677446,0.2890921845121966
0.42091118505246994,0.46858526855677446,0.2891760663266696
0.42083706642774865,0.4684427981193902,0.28920647653809983
0.4209448214057099,0.4684427981193902,0.2892992715922318
0.4208706786171575,0.46830032768200597,0.28930055818207817
0.4207965168395441,0.4681578572446217,0.2893027462789224
0.421120082019736,0.4681578572446217,0.2896386398931045
0.42104588567034096,0.4680153868072375,0.28965179347960307
0.42136993329912775,0.4680153868072375,0.28980000417423835
0.4212957023733162,0.46787291636985323,0.28983147269742077
0.4212214523992815,0.467730445932469,0.2898385957396762
0.42154596815613765,0.467730445932469,0.28995571059593267
0.42147168357518944,0.4675879754950848,0.28996764533837444
0.42139737991266374,0.46744550505770055,0.2900012976428324
0.4215056526207605,0.46744550505770055,0.29002656454879017
0.42143132468199923,0.4673030346203163,0.29004996348152057
0.42186495176848876,0.4673030346203163,0.29022762415825065
0.42179058399794184,0.46716056418293206,0.29023452247914283
0.4218448475492088,0.46716056418293206,0.2902384890201082
0.4217704580545548,0.4670180937455478,0.29025355566655714
0.42198764160659114,0.4670180937455478,0.29039650088173385
0.42191322260847175,0.46687562330816357,0.2904314982634134
0.421967550862735,0.46687562330816357,0.290458894588981
0.42189311010946556,0.4667331528707793,0.2904758232777908
0.42181865018031944,0.4665906824333951,0.2904884138514028
0.42174417106788614,0.46644821199601083,0.29049681587423415
0.42179850553980935,0.46644821199601083,0.29051087198971864
0.4217240046385775,0.4663057415586266,0.2905173943431692
0.4218327104008249,0.4663057415586266,0.2905952849716959
0.4217581850992524,0.46616327112124234,0.29061516884998984
0.4220301818650845,0.46616327112124234,0.2907077367106103
0.42195562435500517,0.4660208006838581,0.2907228090595081
0.42201006321764933,0.4660208006838581,0.2907274303397358
0.42193548387096774,0.46587833024647385,0.29075363184033315
0.4218608852755194,0.4657358598090896,0.2907582510707859
0.4219153329891585,0.4657358598090896,0.29076182228315456
0.4218407125338841,0.46559338937170536,0.29076997912912844
0.42189517170152335,0.46559338937170536,0.29077524104955293
0.42182052937378955,0.4654509189343211,0.2907753053184068
0.421875,0.4654509189343211,0.29077716118007313
0.4218003357871626,0.46530844849693687,0.2907970782014973
0.42240041386445937,0.46530844849693687,0.2910970055475967
0.42232570172034667,0.4651659780595526,0.2911055152091427
0.4222509702457956,0.4650235076221684,0.2911295800356758
0.4225242718446602,0.4650235076221684,0.29119744798208136
0.42244950802692904,0.4648810371847842,0.2911990442102814
0.4227779217413838,0.4648810371847842,0.2913337055660004
0.4227031229752494,0.46473856674739994,0.2913493992674448
0.4226283048211509,0.4645960963100157,0.2913650022019894
0.4225534672715489,0.46445362587263145,0.29136874502488885
0.4224786103189007,0.4643111554352472,0.2913912916065215
0.4224037339556593,0.46416868499786296,0.2913999654173494
0.4227874383597197,0.46416868499786296,0.2916504941453748
0.4227125243348475,0.4640262145604787,0.29166058448365095
0.423096908287867,0.4640262145604787,0.2918507909248281
0.4230219566064701,0.46388374412309447,0.2918739975198982
0.4232969318772751,0.46388374412309447,0.29194394233342635
0.42322194773111427,0.4637412736857102,0.29195269895483816
0.42314694408322495,0.463598803248326,0.29195701591817913
0.42307192092599816,0.46345633281094173,0.2919580183838627
0.42312695109261184,0.46345633281094173,0.2919811312702066
0.42305190581501234,0.4633138623735575,0.2920359844563362
0.4229768410096279,0.46317139193617324,0.29204195344331424
0.4230869338885997,0.46317139193617324,0.29211805881863695
0.4230118443316413,0.463028921498789,0.2921815332785345
0.4232873144047929,0.463028921498789,0.2922895753211232
0.4232121922626026,0.46288645106140475,0.29232735529187465
0.42313705054716,0.4627439806240205,0.2923807683102082
0.42319218241042345,0.4627439806240205,0.2924160458209632
0.4231170185040396,0.46260151018663626,0.2924247691497855
0.42361382909328116,0.46260151018663626,0.2926194114539927
0.4235386221294363,0.462459039749252,0.29262411394200305
0.42346339553699597,0.46231656931186776,0.29263214187719516
0.42351866353432527,0.46231656931186776,0.292637104963343
0.42344341469782015,0.4621740988744835,0.2926534181632688
0.42355398877138006,0.4621740988744835,0.292753419845063
0.42347871506920864,0.46203162843709933,0.2927575165327971
0.42340342170562884,0.4618891579997151,0.2927599449611405
0.42351404310907903,0.4618891579997151,0.2927959643417686
0.42343872484975176,0.46174668756233084,0.29280826344673133
0.42336338690709524,0.4616042171249466,0.29281237674360844
0.4235847823244869,0.4616042171249466,0.29287984800722694
0.4235094142259414,0.46146174668756235,0.29288099089137476
0.42362019356526287,0.46146174668756235,0.292924387160832
0.4235448005232178,0.4613192762501781,0.292949795711273
0.42360020931449505,0.4613192762501781,0.29300618110311116
0.42352479392908543,0.46117680581279386,0.2930084242523809
0.4235802146035069,0.46117680581279386,0.2930128988199316
0.4235047768616673,0.4610343353754096,0.29301413411997485
0.4236711180937418,0.4610343353754096,0.293052708052459
0.42365112624410683,0.46089186493802536,0.2930708945042148
0.4237621168456903,0.46089186493802536,0.29313679247672075
0.42368662387003797,0.4607493945006411,0.29314239622603433
0.42374213836477986,0.4607493945006411,0.29314411458082984
0.423666622985192,0.4606069240632569,0.2931629848933759
0.42438960357049094,0.4606069240632569,0.2934132904658271
0.42431403439674414,0.4604644536258726,0.29343298392219697
0.42436974789915966,0.4604644536258726,0.2934344939346885
0.4242941562705187,0.4603219831884884,0.29345169779700053
0.4244613767735155,0.4603219831884884,0.2935207227471073
0.42438575745631324,0.46017951275110414,0.29366801463007447
0.4243101182654402,0.4600370423137199,0.29367743161475846
0.4245332632132527,0.4600370423137199,0.2938402016877368
0.42445759368836294,0.45989457187633564,0.2938550855069863
0.4243819042609153,0.4597521014389514,0.29387026120142473
0.4243061949230567,0.45960963100156715,0.29388170840613714
0.4244178397579266,0.45960963100156715,0.2939742995143534
0.4243421052631579,0.4594671605641829,0.293996799287471
0.4244538036325349,0.4594671605641829,0.2940634021083127
0.4243780439647229,0.45932469012679866,0.29408817190429104
0.42454569396892283,0.45932469012679866,0.29417287991922886
0.42446990649282235,0.4591822196894145,0.2941999689435908
0.4246376811594203,0.4591822196894145,0.29425565924167496
0.4245618658584794,0.4590397492520302,0.2942676564751703
0.42454197970212204,0.458897278814646,0.2942704794175686
0.4244661218033219,0.45875480837726174,0.29430958115729333
0.4245220830586684,0.45875480837726174,0.29434509938355136
0.42444620253164556,0.4586123379398775,0.2943764677666735
0.4246701846965699,0.4586123379398775,0.29453735935725095
0.42459427365087743,0.45846986750249324,0.29454671007902267
0.4248184818481848,0.45846986750249324,0.2946934468501158
0.4247425402693425,0.458327397065109,0.2946947661039879
0.42479862670011886,0.458327397065109,0.29473425509862855
0.4247226624405705,0.45818492662772475,0.29478042963670975
0.4246466781138555,0.4580424561903405,0.29478098804904845
0.4248711510506145,0.4580424561903405,0.2948673372094895
0.4247951361353423,0.45789998575295626,0.29487818977362795
0.4247191011235955,0.457757515315572,0.29495984505336253
0.42477525118984666,0.457757515315572,0.29498655919375444
0.42469919344175594,0.45761504487818777,0.29499104410913685
0.42475535572599843,0.45761504487818777,0.2950294818970565
0.4246792752281444,0.4574725744408035,0.2950381256165664
0.4246031746031746,0.4573301040034193,0.2950550551388168
0.42482795129698253,0.4573301040034193,0.2951744059575755
0.42475181998676376,0.45718763356603503,0.2951939031404433
0.42486429233417183,0.45718763356603503,0.29525077481677575
0.4247881355932203,0.4570451631286508,0.29533781608215975
0.4250695640651915,0.4570451631286508,0.2954005655334645
0.4249933739729658,0.45690269269126654,0.2954510245065646
0.42510604453870626,0.45690269269126654,0.29553561498600417
0.4250298289805117,0.4567602222538823,0.29553681916618474
0.425142554037926,0.4567602222538823,0.29556452984161824
0.4250663129973475,0.45661775181649805,0.29558604251651166
0.4251226953176814,0.45661775181649805,0.29558778065164515
0.4250464314141682,0.4564752813791138,0.2956049956609849
0.4251028260581133,0.4564752813791138,0.2956411903306952
0.4250265392781316,0.4563328109417296,0.29565810768325895
0.4250829462508295,0.4563328109417296,0.29566952656133383
0.42500663658083354,0.45619034050434537,0.29570238388086995
0.4249303066507368,0.4560478700669611,0.29570809750276983
0.42498672331386084,0.4560478700669611,0.29575024098172653
0.42491037046872926,0.4559053996295769,0.29575204659184756
0.4251926654265214,0.4559053996295769,0.29578473363738267
0.42511627906976746,0.45576292919219263,0.2958021070403957
0.4251727804359383,0.45576292919219263,0.2958048247034806
0.42509637112853915,0.4556204587548084,0.29581010077372005
0.42537909018355946,0.4556204587548084,0.2959215005921641
0.4253026473327125,0.45547798831742414,0.2959558883603251
0.4252261841405003,0.4553355178800399,0.2959792212999642
0.42579269917399415,0.4553355178800399,0.29623134140973695
0.42571618920719523,0.45519304744265565,0.2962574654751229
0.4256396588486141,0.4550505770052714,0.2962592174347857
0.42580989201439806,0.4550505770052714,0.2962873517487696
0.42573333333333335,0.45490810656788716,0.2963167993100409
0.42565675423389787,0.4547656361305029,0.29642387128730696
0.4255801547079221,0.45462316569311867,0.29645363566470334
0.42550353474723224,0.4544806952557344,0.29662533794360935
0.42573068196983854,0.4544806952557344,0.29667909612871174
0.4256540309663641,0.4543382248183502,0.29669389676508884
0.42588141025641024,0.4543382248183502,0.296773586370393
0.42580472819553894,0.45419575438096593,0.2967974183841063
0.42572802564787604,0.4540532839435817,0.29686260589529245
0.42612648749832865,0.4540532839435817,0.2969856888734786
0.42604974592136935,0.45391081350619744,0.2970600529915342
0.4263918629550321,0.45391081350619744,0.2970855222425073
0.42631508499531523,0.4537683430688132,0.2970860991620093
0.4263721552878179,0.4537683430688132,0.29709794685412366
0.4262953541304057,0.453625872631429,0.29713041086292147
0.4265809217577706,0.453625872631429,0.2972298494907573
0.4265040868283532,0.45348340219404476,0.29723443672353456
0.4266756032171582,0.45348340219404476,0.29727002851539946
0.42659873977745005,0.4533409317566605,0.2973374694825135
0.42665593993027623,0.4533409317566605,0.29734031840572084
0.42657905323856776,0.45319846131927627,0.2974062006253141
0.4266362660944206,0.45319846131927627,0.2974326875991454
0.42655935613682094,0.453055990881892,0.29743521867136025
0.42661658170110006,0.453055990881892,0.2975641904094367
0.4265396484637059,0.4529135204445078,0.29760049662806515
0.4264626945786366,0.45277105000712353,0.2976050752777771
0.42651993021071,0.45277105000712353,0.29762656261797044
0.4265002013693113,0.4526285795697393,0.2976485661640882
0.4264232008592911,0.45248610913235504,0.29768850075727066
0.42634617966966565,0.4523436386949708,0.29770359634977245
0.4262691377921031,0.45220116825758655,0.29771380809124526
0.4261920752182673,0.4520586978202023,0.2977327913915059
0.4264784946236559,0.4520586978202023,0.29794823312820434
0.4264013980373706,0.45191622738281806,0.29798042657465107
0.4265160683071131,0.45191622738281806,0.2980138691280165
0.4264389456697149,0.4517737569454338,0.2980407480221563
0.42661105879187405,0.4517737569454338,0.2981797279572295
0.4265339074273412,0.45163128650804957,0.2981843072342487
0.4267635971997846,0.45163128650804957,0.29820339446728855
0.42668641443382255,0.4514888160706653,0.2982165739654526
0.42691634110198035,0.4514888160706653,0.2983322414879448
0.42683912691996767,0.4513463456332811,0.2983339564522958
0.4271268707024403,0.4513463456332811,0.29845567392916383
0.42704962243797195,0.45120387519589683,0.2984666583289572
0.4271072151045179,0.45120387519589683,0.29853909618026303
0.4270299433504181,0.4510614047585126,0.2985477760925475
0.4272028066387802,0.4510614047585126,0.2986780771009278
0.4271255060728745,0.45091893432112834,0.298703254757806
0.42718315562154136,0.45091893432112834,0.29870587054586095
0.4271058315334773,0.45077646388374415,0.2987160525846281
0.42722117202268434,0.45077646388374415,0.2987270060236131
0.4272015126958401,0.4506339934463599,0.2987567549157112
0.42743243243243245,0.4506339934463599,0.29882469399158046
0.42735504797945667,0.45049152300897566,0.298906019175514
0.4272776426061098,0.4503490525715914,0.29892392359602515
0.42739318550567873,0.4503490525715914,0.29904403485293646
0.427315753887762,0.45020658213420717,0.2990444351285934
0.4274891774891775,0.45020658213420717,0.29916683609573536
0.427411716953051,0.4500641116968229,0.2991904720389815
0.42746955345060894,0.4500641116968229,0.29919106825296304
0.4273920692921911,0.4499216412594387,0.29920852264770453
0.4273145641580942,0.44977917082205443,0.2992121327994581
0.42748815165876775,0.44977917082205443,0.29927881429988856
0.42746850873628606,0.4496367003846702,0.2993139874650343
0.42739095096179897,0.44949422994728594,0.29935634987220383
0.42731337217179244,0.4493517595099017,0.2993653684005322
0.4272357723577236,0.44920928907251745,0.2993669692205534
0.42715815151104486,0.4490668186351332,0.2993671745524108
0.42727395960417514,0.4490668186351332,0.29947844740011625
0.4271963123644252,0.44892434819774896,0.29951317306325415
0.4272542372881356,0.44892434819774896,0.29951888909328905
0.42717656631407647,0.4487818777603647,0.29951931396368053
0.42735042735042733,0.4487818777603647,0.29967381579030505
0.42727272727272725,0.44863940732298047,0.2996759480241781
0.42738870792616723,0.44863940732298047,0.29974322033178347
0.4273109814035564,0.4484969368855962,0.2997527045277385
0.4272332337768124,0.448354466448212,0.29975450704104895
0.42729124236252547,0.448354466448212,0.29975479969818836
0.4272134709397067,0.44821199601082773,0.2997611161206213
0.4271356783919598,0.4480695255734435,0.2997873838066548
0.4271936973648465,0.4480695255734435,0.29979281112288136
0.4271158809944301,0.4479270551360593,0.29979595045527635
0.42723196086424786,0.4479270551360593,0.2998408348444151
0.42715411796683883,0.44778458469867505,0.2998608749774164
0.42713431212615555,0.4476421142612908,0.29988414252282264
0.42725047593146587,0.4476421142612908,0.29993304279500976
0.42717258261933905,0.44749964382390656,0.2999384274917305
0.4272888042443205,0.44749964382390656,0.29998539870648566
0.4272108843537415,0.4473571733865223,0.30005722048724126
0.42713294325758605,0.44721470294913807,0.3000678983531438
0.4270549809471965,0.4470722325117538,0.3000862981794571
0.42717124965967873,0.4470722325117538,0.3001117498804297
0.4270932607215793,0.4469297620743696,0.30011866200030096
0.42701525054466233,0.44678729163698533,0.30012548668801264
0.42693721912025057,0.4466448211996011,0.3001329880775065
0.4268591664396622,0.44650235076221684,0.3001351423894792
0.42697547683923703,0.44650235076221684,0.30016491132148443
0.42689739746559474,0.4463598803248326,0.3001918496719963
0.4268192968111202,0.44621740988744835,0.30023128870655397
0.42693565976008724,0.44621740988744835,0.3002754202524137
0.42685753237900476,0.4460749394500641,0.30035068967788564
0.4267793836923916,0.44593246901267986,0.30035189989007666
0.42683758352652396,0.44593246901267986,0.3003577211013895
0.426759410801964,0.4457899985752956,0.30037528558477444
0.42681762378938753,0.4457899985752956,0.30038763554890585
0.4267394270122783,0.44564752813791136,0.30040118741755195
0.42720568150778476,0.44564752813791136,0.30054674309105284
0.4271274416063379,0.4455050577005271,0.30058311974861146
0.42704918032786887,0.4453625872631429,0.30059320798269423
0.42697089766361523,0.4452201168257587,0.3006392811742192
0.42702924296255806,0.4452201168257587,0.3006446859937885
0.4269509361760284,0.44507764638837444,0.30064871187009223
0.4268726079825041,0.4449351759509902,0.3006501323967453
0.4267942583732057,0.44479270551360595,0.30065048992568516
0.42691098044578146,0.44479270551360595,0.30068934549276694
0.42683260393873085,0.4446502350762217,0.3007561622894171
0.4270662287903667,0.4446502350762217,0.3007983744417685
0.42698781989872725,0.44450776463883745,0.3008081441695485
0.42722168971655483,0.44450776463883745,0.30086269927034476
0.427143248425089,0.4443652942014532,0.3009560345636148
0.42720175318449527,0.4443652942014532,0.30096418230289285
0.42712328767123287,0.44422282376406896,0.30096468485558747
0.4272403398191285,0.44422282376406896,0.3009983063059397
0.42716184733452106,0.4440803533266847,0.3010380085704266
0.4272203947368421,0.4440803533266847,0.3010560469657658
0.4271418779986292,0.4439378828893005,0.30108321394123116
0.4272004387167535,0.4439378828893005,0.30112638359983174
0.427121897710133,0.4437954124519162,0.3011491963340678
0.4270433351618212,0.443652942014532,0.3011642076394711
0.4271019064600192,0.443652942014532,0.30117995198385034
0.4270233196159122,0.44351047157714774,0.301222783789636
0.4269447112086706,0.4433680011397635,0.3012338672137139
0.4268660812294182,0.44322553070237924,0.30126722496003777
0.4271004942339374,0.44322553070237924,0.3013645751513137
0.42702183166277635,0.443083060264995,0.30138794672662333
0.4270804723976929,0.443083060264995,0.301402212722834
0.427001785469029,0.44294058982761075,0.30143009714064517
0.4269230769230769,0.4427981193902265,0.3014604763670811
0.427040395713108,0.4427981193902265,0.3015048051411926
0.42696166002473546,0.44265564895284226,0.3015156952674579
0.427020340846619,0.44265564895284226,0.30155178050702647
0.42694158075601374,0.442513178515458,0.3015798167408747
0.4269214904441083,0.4423707080780738,0.30158236110211767
0.42698019801980197,0.4423707080780738,0.30163850526956476
0.4269013890799065,0.4422282376406896,0.3016405405992823
0.4271363698912894,0.4422282376406896,0.30174098812162786
0.4270575282135976,0.44208576720330534,0.30175410934821745
0.42711631108052306,0.44208576720330534,0.3017569940398924
0.4270374449339207,0.4419432967659211,0.30177386574517834
0.4270962412226353,0.4419432967659211,0.3018551094936354
0.42701735059212337,0.44180082632853684,0.3018556520589408
0.4271349862258953,0.44180082632853684,0.3018820861595393
0.4270560683289709,0.4416583558911526,0.30193161182388084
0.42735042735042733,0.4416583558911526,0.3020386186896842
0.42727147387288017,0.44151588545376835,0.30204297502213295
0.4273303916161059,0.44151588545376835,0.3020571660733643
0.4272514135981244,0.4413734150163841,0.30206526044869847
0.42742825607064017,0.4413734150163841,0.30211502313311017
0.42734924796467505,0.44123094457899986,0.30213047362454165
0.4272702180513387,0.4410884741416156,0.3021413293450913
0.4275652534180362,0.4410884741416156,0.3022747701045106
0.42748618784530384,0.44094600370423137,0.30236358003000724
0.4275452410553944,0.44094600370423137,0.30238526441395774
0.4274661508704062,0.4408035332668471,0.3023893460177646
0.4274461028192372,0.4406610628294629,0.30240283747351615
0.42736696613683484,0.44051859239207863,0.302438339769625
0.4274260436826099,0.44051859239207863,0.3024619035579567
0.4273468823448085,0.4403761219546944,0.3024742108705529
0.4275242047026279,0.4403761219546944,0.30257524994183427
0.42744501314151334,0.44023365151731014,0.3025890455464144
0.42750415052573326,0.44023365151731014,0.30261044221921674
0.4274249342742493,0.4400911810799259,0.30263030230075233
0.42734569609742595,0.43994871064254165,0.3026454966968103
0.4275231898103281,0.43994871064254165,0.3027011141020134
0.42744392135142617,0.4398062402051574,0.30271534741492084
0.42768079800498754,0.4398062402051574,0.3028387858996271
0.4276014964666759,0.43966376976777316,0.3028704360338112
0.427838624705393,0.43966376976777316,0.3029670640652631
0.42775929007210206,0.43952129933038897,0.30300398053178856
0.4276799334350298,0.4393788288930047,0.3030077643647429
0.4277985851019559,0.4393788288930047,0.3030551987446378
0.42771920088790233,0.4392363584556205,0.303097134496803
0.4277785486332732,0.4392363584556205,0.30311966549027525
0.42769913960588396,0.43909388801823623,0.3031625908137392
0.4281150159744409,0.43909388801823623,0.30328412577343966
0.428035565434843,0.438951417580852,0.3032849572522077
0.42821403752605974,0.438951417580852,0.303317587754365
0.42813455657492355,0.43880894714346774,0.3033212887333156
0.42825361512791993,0.43880894714346774,0.3033286868472409
0.42817410652204146,0.4386664767060835,0.3033376904363107
0.4282336578581363,0.4386664767060835,0.30335088173874797
0.428154124356656,0.43852400626869925,0.3033832078492726
0.42827327118408237,0.43852400626869925,0.30339380289424017
0.4281937099916504,0.438381535831315,0.3034069701220013
0.4281141266527488,0.43823906539393076,0.30341890649070674
0.4280345211581292,0.4380965949565465,0.30343073242665214
0.42851170568561875,0.4380965949565465,0.30368815080364847
0.4284320557491289,0.43795412451916227,0.3037064699407415
0.4285515126167573,0.43795412451916227,0.3037306844636013
0.42847183491355273,0.437811654081778,0.3037535457118264
0.42865113683916867,0.437811654081778,0.3038487202123352
0.42857142857142855,0.4376691836443938,0.3038581577896789
0.4286910410270723,0.4376691836443938,0.303863973812236
0.4286113049546406,0.43752671320700953,0.30393307966004396
0.4286711334450028,0.43752671320700953,0.30398223433409166
0.42865121474448475,0.4373842427696253,0.30398662708906937
0.4288308422964101,0.4373842427696253,0.30400741451818036
0.42875104777870915,0.43724177233224104,0.3040421437051245
0.42899077439194855,0.43724177233224104,0.30411481002300417
0.42891094645603245,0.4370993018948568,0.30416662605733585
0.428831096196868,0.43695683145747255,0.3041797953777544
0.42895104895104896,0.43695683145747255,0.30424542265514715
0.42887117079311793,0.4368143610200883,0.3042463967204349
0.4290512174643157,0.4368143610200883,0.3042741907125893
0.4289713086074178,0.4366718905827041,0.3042867749289846
0.42889137737961924,0.43652942014531987,0.30428969169912956
0.42895142097158057,0.43652942014531987,0.3043215287203705
0.4288714645757491,0.4363869497079356,0.30432677571142924
0.4289315221957709,0.4363869497079356,0.30434651082926556
0.4288515406162465,0.4362444792705514,0.3043629914017099
0.42877153662978007,0.43610200883316713,0.3043680166596982
0.42869151022695434,0.4359595383957829,0.304371943070293
0.42861146139834666,0.43581706795839864,0.30437448205361106
0.4285313901345291,0.4356745975210144,0.30437667116285394
0.42845129642606866,0.43553212708363015,0.30442129443405896
0.4286916281026504,0.43553212708363015,0.30449156128142596
0.42861150070126225,0.4353896566462459,0.3045082219687995
0.42853135082059196,0.43524718620886166,0.30451792895031665
0.4287117597530171,0.43524718620886166,0.3045753695229946
0.4286315789473684,0.4351047157714774,0.30457545684655374
0.4285513756316676,0.43496224533409317,0.3045883299127504
0.4284711497964341,0.4348197748967089,0.3045894821912281
0.4287721270019668,0.4348197748967089,0.3046370448313212
0.4286918645496698,0.4346773044593247,0.30464910539786616
0.428752107925801,0.4346773044593247,0.3046542665897594
0.42867182009838367,0.43453483402194043,0.30466841971447367
0.42879235203149163,0.43453483402194043,0.3046884329720808
0.42871203599550056,0.4343923635845562,0.3047695005971559
0.42877232456757136,0.4343923635845562,0.30479108697501645
0.4286919831223629,0.43424989314717194,0.30479806102902995
0.4288126055149128,0.43424989314717194,0.3048164870355723
0.42873223582383563,0.4341074227097877,0.3048281426022912
0.42885292047853624,0.4341074227097877,0.30487240434809326
0.4287725225225225,0.4339649522724035,0.3049112299756489
0.42895366849739475,0.4339649522724035,0.3049798273097839
0.4288732394366197,0.43382248183501926,0.3049864607671742
0.4287927877165798,0.433680011397635,0.30501229199785107
0.42871231332769794,0.43353754096025077,0.30501286068694966
0.42877272086797236,0.43353754096025077,0.3050342359228962
0.42869222096956033,0.4333950705228665,0.30511144850965793
0.42861169837914026,0.4332526000854823,0.30511398177572757
0.42853115308711587,0.43311012964809803,0.30515086939923997
0.4284505850838855,0.4329676592107138,0.30515841818047923
0.4286923402454507,0.4329676592107138,0.30528074193225613
0.4286117381489842,0.43282518877332954,0.3052960574493894
0.42873271239062943,0.43282518877332954,0.3053038715268857
0.42865208186309106,0.4326827183359453,0.3053480140728658
0.42871259175607,0.4326827183359453,0.3053580254608018
0.4286319356204998,0.43254024789856105,0.3053848816632167
0.4286924597571308,0.43254024789856105,0.30540518969504793
0.428611777997458,0.4323977774611768,0.3054076129964
0.4287934444758406,0.4323977774611768,0.3055156840587362
0.42871273138335453,0.43225530702379256,0.30551809420961273
0.428631995477671,0.4321128365864083,0.30552061378062684
0.4285512367491166,0.43197036614902407,0.30553109280381313
0.42847045518801247,0.4318278957116398,0.30555868961483745
0.428591628959276,0.4318278957116398,0.30558397409675264
0.4285108188375053,0.4316854252742556,0.3055999623932381
0.42857142857142855,0.4316854252742556,0.30566465787926134
0.42849059272881596,0.43154295483687133,0.30569383010245876
0.42861185793122963,0.43154295483687133,0.3057380884676549
0.4285309934899519,0.4314004843994871,0.3057385350116218
0.42845010615711254,0.43125801396210284,0.3057564470512451
0.42836919592298983,0.43111554352471865,0.305774602262415
0.4282882627778564,0.4309730730873344,0.3057802837932226
0.4282073067119796,0.43083060264995016,0.3058173077930278
0.42826795071519613,0.43083060264995016,0.305839428364461
0.4281869688385269,0.4306881322125659,0.3058466174099891
0.42830830263530745,0.4306881322125659,0.3058500911461738
0.4282879818594104,0.43054566177518167,0.3058798434247069
0.4283486888731396,0.43054566177518167,0.3059024583288525
0.42826764956053304,0.4304031913377974,0.3059104092710642
0.4286930608769689,0.4304031913377974,0.3060688217883227
0.42861197842747656,0.4302607209004132,0.3060783911804535
0.4289772727272727,0.4302607209004132,0.3061743948163087
0.4288961500213098,0.43011825046302893,0.30618015796654224
0.4288150042625746,0.4299757800256447,0.3061849035142236
0.42873383544123916,0.42983330958826044,0.30624174665854165
0.4287947697555429,0.42983330958826044,0.30624575079121713
0.42871357498223167,0.4296908391508762,0.3062990563646754
0.4288354898336414,0.4296908391508762,0.3063075339451606
0.4287542662116041,0.42954836871349195,0.3063090659852232
0.42887624466571833,0.42954836871349195,0.30641246641347786
0.4287949921752739,0.4294058982761077,0.3064410610121027
0.4288560045532157,0.4294058982761077,0.30645743157950306
0.4287747260566387,0.42926342783872345,0.30647873972748463
0.42908003417829677,0.42926342783872345,0.30663618594641945
0.42905982905982903,0.4291209574013392,0.3066615039112631
0.4294268605645851,0.4291209574013392,0.30691982748733015
0.4293455012120348,0.42897848696395496,0.30692632686983257
0.42940673131774104,0.42897848696395496,0.30694154497715265
0.4293253458850378,0.4288360165265707,0.306965075220996
0.42938659058487877,0.4288360165265707,0.30699119048934176
0.4293051790555001,0.4286935460891865,0.30700127607289984
0.4293664383561644,0.4286935460891865,0.30700722548365295
0.4292850007135721,0.4285510756518022,0.3070436295926943
0.4293462746217528,0.4285510756518022,0.3070619771489657
0.4292648108493933,0.428408605214418,0.30706263011494694
0.4291833238149629,0.4282661347770338,0.3070737266300634
0.4293672332523925,0.4282661347770338,0.3070803122088163
0.42928571428571427,0.42812366433964955,0.3070987747537171
0.42920417202457495,0.4279811939022653,0.3071131138619616
0.4291226064589883,0.42783872346488105,0.30711447459195396
0.42918393597255966,0.42783872346488105,0.3071333500265232
0.4291023441966838,0.4276962530274968,0.30713612638013427
0.42916368834882057,0.4276962530274968,0.3071522119851843
0.42908207034601087,0.42755378259011256,0.3071991430308199
0.42920480549199086,0.42755378259011256,0.3072682457785371
0.42912315834644543,0.4274113121527283,0.3072809866299609
0.4291845493562232,0.4274113121527283,0.30730624190058714
0.4291028759479182,0.42726884171534407,0.30733961058546516
0.42922570488049233,0.42726884171534407,0.3073494813309665
0.42914400229029487,0.4271263712779598,0.30740373381829456
0.4293898596390719,0.4271263712779598,0.30750970772654734
0.4293081220455522,0.4269839008405756,0.3075143583370315
0.42936962750716334,0.4269839008405756,0.3075226548513023
0.4292878635907723,0.42684143040319134,0.3075340933791264
0.4295340501792115,0.42684143040319134,0.30759555416784107
0.42945225121881275,0.4266989599658071,0.3076051852162928
0.42951383909364693,0.4266989599658071,0.30765111149031715
0.4294320137693632,0.42655648952842284,0.3077504580128887
0.42935016496915795,0.4264140190910386,0.3077620240308052
0.4294117647058823,0.4264140190910386,0.30776666898352045
0.4293298895106902,0.42627154865365435,0.3077960175100221
0.42924799081515497,0.4261290782162701,0.30783927909799147
0.42949454336588166,0.4261290782162701,0.30791094576408257
0.42941260950739624,0.42598660777888586,0.30791510382674725
0.4293306521114622,0.4258441373415016,0.3079336549515633
0.42945402298850577,0.4258441373415016,0.3079893986533306
0.42937203621209946,0.42570166690411737,0.3080021456539911
0.4294954721862872,0.42570166690411737,0.3080181378631461
0.42941345600920067,0.4255591964667332,0.30806497714390324
0.42947519769949677,0.4255591964667332,0.30812750383512466
0.4293931550186943,0.42541672602934893,0.308128155450399
0.42931108873867396,0.4252742555919647,0.30814016634589736
0.42922899884925203,0.42513178515458044,0.30814294240106044
0.4291468853402388,0.4249893147171962,0.30816105803391514
0.42906474820143886,0.42484684427981195,0.30819233679515007
0.42955920484010374,0.42484684427981195,0.3083419304247269
0.4294770206022187,0.4247043738424277,0.3083661173725436
0.42939481268011526,0.42456190340504346,0.3083918354257284
0.42945669404813375,0.42456190340504346,0.3084178843553139
0.4293744594984145,0.4244194329676592,0.30847895862108005
0.42943635577338907,0.4244194329676592,0.30849506810933813
0.4293540945790081,0.42427696253027497,0.3085037843688811
0.42927180966113915,0.4241344920928907,0.3085291767803055
0.42933371791173924,0.4241344920928907,0.3085634321109807
0.42925140631761144,0.4239920216555065,0.3085938310977145
0.429375270523734,0.4239920216555065,0.3086600101155629
0.4292929292929293,0.42384955121812223,0.3086947927980057
0.429478850873394,0.42384955121812223,0.3087962408812141
0.4293964770430263,0.423707080780738,0.30880171158027925
0.4298309004191357,0.423707080780738,0.3089833633761055
0.4297484822202949,0.42356461034335374,0.30904295068392684
0.4299349240780911,0.42356461034335374,0.30913975279927725
0.429852473242696,0.4234221399059695,0.30915560897719635
0.42976999855345,0.42327966946858525,0.3091608075827722
0.4300810654313839,0.42327966946858525,0.30927802767906704
0.429998552193427,0.423137199031201,0.30929203897106444
0.43012309920347574,0.423137199031201,0.3093164769781207
0.43004055619930476,0.42299472859381676,0.30935269388610764
0.4301651695160823,0.42299472859381676,0.3094030047356652
0.4300825967251123,0.4228522581564325,0.30940486000133605
0.43,0.4227097877190483,0.30942392297371174
0.42991737933033775,0.4225673172816641,0.30943352971467425
0.4301044083526682,0.4225673172816641,0.3094585878518903
0.43002175489485134,0.42242484684427983,0.3094663505588076
0.43008413112851757,0.42242484684427983,0.3094803579560713
0.43000145074713475,0.4222823764068956,0.3095595804509069
0.4305636257989541,0.4222823764068956,0.30973514346162256
0.43048089495859365,0.42213990596951134,0.3097591720639156
0.43054344667247896,0.42213990596951134,0.3097612314210125
0.43046068885336436,0.4219974355321271,0.30986470844118563
0.4305858409652566,0.4219974355321271,0.30993538801443316
0.43050305321314336,0.42185496509474285,0.3099359618435045
0.43069090909090907,0.42185496509474285,0.30998777338350375
0.430608088449229,0.4217124946573586,0.31000051794879396
0.4305252437072603,0.42157002421997436,0.3100078948764398
0.43065056032600785,0.42157002421997436,0.3100186307019113
0.43056768558951963,0.4214275537825901,0.31003212617405235
0.43081852607049226,0.4214275537825901,0.3100987602398453
0.43073561544064093,0.42128508334520587,0.3101387688627721
0.43065268065268064,0.4211426129078216,0.3102098364801644
0.43084098527911385,0.4211426129078216,0.3102391047476896
0.43075801749271136,0.4210001424704374,0.31026170775401585
0.43094647805162606,0.4210001424704374,0.3103453167376198
0.4308634772462077,0.42085767203305313,0.3103534131941249
0.4312408759124088,0.42085767203305313,0.3104363161737656
0.43122079439252337,0.4207152015956689,0.31052723993073644
0.4312837739155835,0.4207152015956689,0.31056909493079515
0.43120070113935144,0.42057273115828464,0.31059174690652097
0.43132670952659263,0.42057273115828464,0.3106196582364428
0.4312436066052901,0.4204302607209004,0.31072461245017274
0.43116047939199065,0.42028779028351615,0.31074175317677527
0.43128654970760233,0.42028779028351615,0.3107913322447562
0.4312033923088171,0.4201453198461319,0.31082069996456824
0.4312664521789997,0.4201453198461319,0.31084176405233765
0.431183267514992,0.42000284940874766,0.3108577498299066
0.4314988290398126,0.42000284940874766,0.3110515281491894
0.4314156053286488,0.41986037897136347,0.3111068811225446
0.4314787701317716,0.41986037897136347,0.31111474546725015
0.4314586994727592,0.4197179085339792,0.31113141052951454
0.43137542112201555,0.419575438096595,0.31114479897382613
0.43169158604514807,0.419575438096595,0.3112958012872804
0.43167155425219944,0.41943296765921073,0.3112983035090075
0.4315882094148702,0.4192904972218265,0.31132072896404944
0.43171483057063226,0.4192904972218265,0.31140169308656485
0.43163145539906106,0.41914802678444224,0.3114215768745901
0.43169479090242113,0.41914802678444224,0.3114863268434506
0.4316113883181685,0.419005556347058,0.31149156314548376
0.43152796125055043,0.41886308590967375,0.31151587702469635
0.4314445096887845,0.4187206154722895,0.3115216138507142
0.4315712187958884,0.4187206154722895,0.31160841885222634
0.43148773681891617,0.41857814503490526,0.31163450201232495
0.4314042303172738,0.418435674597521,0.3116590849188649
0.43132069928015276,0.41829320416013677,0.3116653884862672
0.4316377536018818,0.41829320416013677,0.31177443727626714
0.4315541832083517,0.4181507337227525,0.3118417008389121
0.4314705882352941,0.4180082632853683,0.31184716595311385
0.4315975286849073,0.4180082632853683,0.31193072310155684
0.431513903192585,0.41786579284798403,0.311935287336269
0.43143025309005295,0.4177233224105998,0.31193597158754716
0.4319387153800825,0.4177233224105998,0.3121005497040511
0.43185501694415795,0.41758085197321554,0.31213166015259025
0.43177129384025936,0.4174383815358313,0.31213789049856544
0.4318349299926308,0.4174383815358313,0.3121788008530824
0.431751179245283,0.41729591109844705,0.312241442968946
0.4317310527867886,0.4171534406610628,0.31228193312706065
0.4317947205426928,0.4171534406610628,0.31229714016135374
0.4317109144542773,0.4170109702236786,0.3122996178266824
0.43162708364065494,0.41686849978629437,0.31230756734534987
0.4318819188191882,0.41686849978629437,0.31249828744908364
0.43179805137289634,0.4167260293489101,0.3125501859596378
0.43171415916137607,0.4165835589115259,0.3125503727312494
0.431777909037212,0.4165835589115259,0.3125879379084928
0.43169398907103823,0.41644108847414163,0.3126427218638913
0.4320768662232077,0.41644108847414163,0.31273981950898483
0.43199290360733295,0.4162986180367574,0.3127415089177143
0.432056779535709,0.4162986180367574,0.31283863897241004
0.43197278911564624,0.41615614759937314,0.31284267996043097
0.43188877385002217,0.4160136771619889,0.31287007304462633
0.4320165704985945,0.4160136771619889,0.31288180367101137
0.43193252441550756,0.41587120672460465,0.31289063486544255
0.43206039076376557,0.41587120672460465,0.3129858431182584
0.4319763138415988,0.4157287362872204,0.3130118214957036
0.43189221202250516,0.41558626584983616,0.31301394309644465
0.43208413568360243,0.41558626584983616,0.31314549604290487
0.432,0.4154437954124519,0.31318927395504625
0.4322561517936555,0.4154437954124519,0.3132290264754958
0.43223606168446027,0.41530132497506766,0.31326419390997307
0.43230016313213704,0.41530132497506766,0.3133329084934005
0.43221595965588844,0.4151588545376834,0.313385481119228
0.4325367374202167,0.4151588545376834,0.3136211290583075
0.43245249406175773,0.4150163841002992,0.3136508577560653
0.4323682256867112,0.41487391366291493,0.31368922028450275
0.4327537524149205,0.41487391366291493,0.31380447451275373
0.4326694411414982,0.4147314432255307,0.3138319860298429
0.432585104801546,0.41458897278814644,0.31383860363685245
0.4326494201605709,0.41458897278814644,0.3138402229821704
0.43256505576208176,0.4144465023507622,0.31385599751110776
0.4324806662700773,0.414304031913378,0.3138823630957131
0.4325449947939908,0.414304031913378,0.31391466339295016
0.4324605772091639,0.41416156147599376,0.31391472949549787
0.4323761345037941,0.4140190910386095,0.313918264185833
0.4324404761904762,0.4140190910386095,0.31396903249803776
0.43235600535794017,0.41387662060122526,0.31398713597512706
0.4324847402114039,0.41387662060122526,0.3139949693605765
0.4324002382370459,0.413734150163841,0.3140503724520412
0.4324646314221891,0.413734150163841,0.3140568650386645
0.4323801012809056,0.4135916797264568,0.31407865995213374
0.43229554595560854,0.41344920928907253,0.3140861494688154
0.4323599523241955,0.41344920928907253,0.31415620222796786
0.4322753687974967,0.4133067388516883,0.31420241792450443
0.43219076005961254,0.41316426841430404,0.31421806087452075
0.4321061260992696,0.4130217979769198,0.3142670759143047
0.43223497838079616,0.4130217979769198,0.3142796403289584
0.4321503131524008,0.41287932753953555,0.3142927492907639
0.43206562266964954,0.4127368571021513,0.3142972630366538
0.43204535282709233,0.41259438666476705,0.31431253822401406
0.4324970131421744,0.41259438666476705,0.31449478973893524
0.4324122479462285,0.4124519162273828,0.3145484408268248
0.4324768449357634,0.4124519162273828,0.3145499862604544
0.43239205139698195,0.41230944578999856,0.31457368268523117
0.43230723251643755,0.4121669753526143,0.31459263469259435
0.43263047704501273,0.4121669753526143,0.31467309499048396
0.4325456177086449,0.41202450491523007,0.3146820222804591
0.4324607329842932,0.4118820344778458,0.3147434289442989
0.432525433871933,0.4118820344778458,0.31476519270514364
0.4324405207242257,0.4117395640404616,0.314829893990491
0.4325052379527088,0.4117395640404616,0.3149021468979575
0.4324202963628199,0.41159709360307734,0.31490311741973637
0.4331983805668016,0.41159709360307734,0.3152151074373344
0.4331133773245351,0.41145462316569315,0.31524699849204213
0.4330283485825709,0.4113121527283089,0.3152560202222048
0.4331582895723931,0.4113121527283089,0.3153036708145151
0.4330732292917167,0.41116968229092465,0.31531664406121035
0.4329881434789134,0.4110272118535404,0.3153211062131838
0.4329680228193965,0.41088474141615616,0.3153401057102162
0.4332281808622503,0.41088474141615616,0.3154280769822519
0.43314302884615385,0.4107422709787719,0.3154320815383083
0.433338343604389,0.4107422709787719,0.3155135491852586
0.4332531569452796,0.41059980054138767,0.3155564452910177
0.4334486388930666,0.41059980054138767,0.31556326722965056
0.4333634175691937,0.4104573301040034,0.3155866925617387
0.4334286144125169,0.4104573301040034,0.31561856623871387
0.43334336442973215,0.4103148596666192,0.31563694871823395
0.433865622175354,0.4103148596666192,0.31592596366130843
0.433780322434835,0.41017238922923493,0.31592854971175677
0.43391107761868875,0.41017238922923493,0.31598994037807804
0.4338257461561652,0.4100299187918507,0.3160005487151179
0.4338911503090608,0.4100299187918507,0.3160285596147139
0.4338057901085645,0.40988744835446644,0.3160300137411355
0.4339366515837104,0.40988744835446644,0.3160664528816397
0.4338512596168351,0.4097449779170822,0.3160765007961697
0.433982194054625,0.4097449779170822,0.3161263131611361
0.43389677029882284,0.40960250747969795,0.31614341604732593
0.4339622641509434,0.40960250747969795,0.3161547620410986
0.4338768115942029,0.4094600370423137,0.3162024316616881
0.433791333232674,0.40931756660492946,0.31621210975915504
0.433856840833585,0.40931756660492946,0.3162186168830923
0.4337713336354025,0.4091750961675452,0.31623145077996334
0.43416477702191986,0.4091750961675452,0.31646252091734245
0.43414486617269016,0.40903262573016097,0.3165054318878014
0.43440762596459376,0.40903262573016097,0.31667868625260326
0.4343220338983051,0.4088901552927767,0.31671588301717196
0.43423641592250645,0.4087476848553925,0.31673231375741534
0.43415077202543145,0.4086052144180083,0.316735118806038
0.4344796242993486,0.4086052144180083,0.3168456047161801
0.4343939393939394,0.40846274398062404,0.3168635346496654
0.4345256138223704,0.40846274398062404,0.31695518896290287
0.43443989692284374,0.4083202735432398,0.3169925356919806
0.43450576106731353,0.4083202735432398,0.3170224162884868
0.43442001516300227,0.40817780310585555,0.31704119473360115
0.4343342432514407,0.4080353326684713,0.3170634761987719
0.43424844532079476,0.40789286223108706,0.3170878985041323
0.4341626213592233,0.4077503917937028,0.3170913588385943
0.4344262295081967,0.4077503917937028,0.31725723410743917
0.43440631642878835,0.40760792135631857,0.3172919138334757
0.43447228549734246,0.40760792135631857,0.31729263074522757
0.43438639125151884,0.4074654509189343,0.31731802503883894
0.4345183834700699,0.4074654509189343,0.31737727734912957
0.4344324570733931,0.4073229804815501,0.3173952807337829
0.43456452348381214,0.4073229804815501,0.31753761637190114
0.4344785649133475,0.40718051004416583,0.31757500472284106
0.43567073170731707,0.40718051004416583,0.31802040251012925
0.43558469278853484,0.4070380396067816,0.3180589158785257
0.4357175537593412,0.4070380396067816,0.3180739536207871
0.4356314826113484,0.40689556916939734,0.31808720076648167
0.4358309171371891,0.40689556916939734,0.3181476539496825
0.43574481074481075,0.4067530987320131,0.31815053126863396
0.4359444189952665,0.4067530987320131,0.3182562790212747
0.4358582773365913,0.40661062829462885,0.3182943415584296
0.43577210936306704,0.4064681578572446,0.3183459851386123
0.4359052711993888,0.4064681578572446,0.31836462563433915
0.4358190709046455,0.40632568741986036,0.3183982338957516
0.4358856793519792,0.40632568741986036,0.31840679687631934
0.43579944970956896,0.4061832169824761,0.31840873566795325
0.4359993882856706,0.4061832169824761,0.3184953197397431
0.4359131232792903,0.40604074654509187,0.3185567348971828
0.4359798072510326,0.40604074654509187,0.3185931923272904
0.4358935128518972,0.4058982761077077,0.3187112553932585
0.4362272240085745,0.4058982761077077,0.31877226682922616
0.4361408882082695,0.40575580567032343,0.3188269408408218
0.4362076887731659,0.40575580567032343,0.31885923418642576
0.43612132352941174,0.4056133352329392,0.31888264578621317
0.4365225390984361,0.4056133352329392,0.3191138024370211
0.43643612942800186,0.40547086479555494,0.319143805629253
0.43650306748466255,0.40547086479555494,0.31924977618663286
0.43641662831722655,0.4053283943581707,0.3192605613524535
0.4364835839214483,0.4053283943581707,0.31927876829042023
0.43639711523707225,0.40518592392078645,0.3193173899955706
0.4363106200122775,0.4050434534834022,0.31933114137197793
0.43622409823484265,0.40490098304601796,0.31933423417969786
0.43642506142506143,0.40490098304601796,0.31940033859239336
0.4363385040700353,0.4047585126086337,0.31941532744808837
0.4362519201228879,0.40461604217124947,0.3194455722456772
0.4363859864781807,0.40461604217124947,0.31950945451690244
0.43629936990932844,0.4044735717338652,0.31955159997662735
0.43670204583910166,0.4044735717338652,0.3196892487679673
0.4366153846153846,0.404331101296481,0.31971858558514593
0.4369515011547344,0.404331101296481,0.319782131712844
0.4368647982753311,0.40418863085909673,0.31978923113137053
0.43677806868935776,0.4040461604217125,0.31985016702288427
0.43684534812076403,0.4040461604217125,0.3198590881249034
0.4367585888152827,0.40390368998432824,0.3198633156811657
0.43723010487353486,0.40390368998432824,0.3201458357048791
0.4371432978559309,0.403761219546944,0.3201644381467542
0.4376833976833977,0.403761219546944,0.3203723802489834
0.43759654000617854,0.40361874910955975,0.3204033261163548
0.43766414336474585,0.40361874910955975,0.320403485365014
0.43757725587144625,0.4034762786721755,0.3204240538587279
0.4377801824084093,0.4034762786721755,0.3204604928794799
0.43769325912183055,0.40333380823479126,0.320517641022202
0.4376063089531467,0.403191337797407,0.32051806520533116
0.43751933188988557,0.4030488673600228,0.32051977496985773
0.4374323279195669,0.4029063969226386,0.32056530467741484
0.43777089783281736,0.4029063969226386,0.32074139629640847
0.4376838519894721,0.40276392648525433,0.32076730188633235
0.43802293151533933,0.40276392648525433,0.3209869062929024
0.43793584379358436,0.4026214560478701,0.32099628691187043
0.43854748603351956,0.4026214560478701,0.32130755517708
0.43846034455998756,0.40247898561048584,0.32132408047713723
0.4383731760322881,0.4023365151731016,0.32138734790059525
0.43864554209381795,0.4023365151731016,0.3214379880850656
0.4386264760720945,0.40219404473571735,0.32144088386731795
0.43853923853923854,0.4020515742983331,0.32145059068352994
0.4384519738887162,0.40190910386094886,0.32146225597301253
0.4385201305767138,0.40190910386094886,0.3215139872065685
0.43843283582089554,0.4017666334235646,0.3215159007500423
0.4386374241717219,0.4017666334235646,0.32158230039615643
0.43855009334163036,0.40162416298618037,0.3215893457312727
0.4387548638132296,0.40162416298618037,0.3216843033128529
0.43866749688667495,0.4014816925487961,0.32170684584496284
0.43873579324303286,0.4014816925487961,0.32172047913799406
0.43864839613827467,0.4013392221114119,0.32172837395125087
0.4387167107927114,0.4013392221114119,0.32175982890322324
0.4386292834890966,0.40119675167402763,0.3217655619629324
0.4388343462677263,0.40119675167402763,0.32185442343264026
0.43874688279301743,0.4010542812366434,0.3219028531181919
0.43902058640049907,0.4010542812366434,0.3219835956954832
0.43893308376228357,0.40091181079925914,0.3220028935093549
0.43907005773131536,0.40091181079925914,0.32201897014942316
0.4389825218476904,0.4007693403618749,0.32205080496985045
0.43925671455340415,0.4007693403618749,0.32220424427978506
0.4391691394658754,0.40062686992449065,0.3222046139671337
0.43944366307235505,0.40062686992449065,0.32235655473967734
0.43935604876523915,0.4004843994871064,0.32235899873017726
0.43942473034234797,0.4004843994871064,0.3223828659841974
0.43933708567854907,0.40034192904972216,0.3223830294765463
0.4392494136043784,0.40019945861233797,0.322420261658593
0.43952433109059613,0.40019945861233797,0.32247656886924786
0.4395053999060886,0.4000569881749537,0.3224816466264769
0.43978073610023494,0.4000569881749537,0.3226687021378696
0.43969298245614036,0.3999145177375695,0.3226750401998864
0.4396052013159956,0.39977204730018523,0.3226949956899926
0.440156862745098,0.39977204730018523,0.32294525090663656
0.44006903043614687,0.399629576862801,0.32296658339910267
0.439981170563314,0.39948710642541674,0.3229809016324562
0.4401192905352378,0.39948710642541674,0.32302534937660826
0.4400313971742543,0.3993446359880325,0.32305452164022086
0.4410700236034618,0.3993446359880325,0.3234674070623232
0.4409820585457979,0.39920216555064825,0.3235126898376174
0.4414684102725697,0.39920216555064825,0.3236094469051037
0.4413803971005358,0.399059695113264,0.3236341938880612
0.441589153397446,0.399059695113264,0.3236982447650818
0.44150110375275936,0.39891722467587976,0.3237434248783037
0.4416403785488959,0.39891722467587976,0.3237729213747034
0.4415522953147184,0.3987747542384955,0.3237753560968411
0.4414641842852635,0.39863228380111126,0.3238161262031199
0.44153384882436486,0.39863228380111126,0.3238224090166971
0.44144570707070707,0.398489813363727,0.3238276709520864
0.4413575374901342,0.3983473429263428,0.32384826536524103
0.4414969208905732,0.3983473429263428,0.3238569624950606
0.4414087176247631,0.39820487248895853,0.3238707782352097
0.44189723320158103,0.39820487248895853,0.3240245242968284
0.441808981657179,0.3980624020515743,0.3240534357358223
0.4417207021983236,0.39791993161419004,0.3240634096276244
0.4416323948117684,0.3977774611768058,0.3241034463175294
0.4417721518987342,0.3977774611768058,0.3241175007285772
0.4416838107295458,0.39763499073942155,0.32412818333966315
0.44189360354654844,0.39763499073942155,0.3241981305542843
0.4418052256532066,0.3974925203020373,0.3242032915678946
0.44229549778059607,0.3974925203020373,0.32434467545946655
0.44220707150784844,0.3973500498646531,0.3243580457776795
0.44241751269035534,0.3973500498646531,0.32444651863328766
0.44239923833703587,0.39720757942726886,0.3244578301545778
0.4423107443262974,0.3970651089898846,0.3244944571651565
0.44222222222222224,0.3969226385525004,0.32450731135662836
0.4424329045577259,0.3969226385525004,0.3246150918433182
0.4423443456162643,0.3967801681151161,0.3246345178185756
0.44276629570747217,0.3967801681151161,0.3248241392481061
0.4426776912068691,0.3966376976777319,0.32483029437337885
0.44274809160305345,0.3966376976777319,0.32485956854744125
0.4426594560203595,0.39649522724034764,0.32490149924679756
0.4425707922367165,0.3963527568029634,0.32492102601196704
0.4428525947150589,0.3963527568029634,0.32501270678299643
0.4427638911001433,0.39621028636557915,0.3250542970794095
0.4428343949044586,0.39621028636557915,0.3250568484350666
0.4427456601369645,0.3960678159281949,0.3250701834276286
0.4428161834979293,0.3960678159281949,0.32507372497363823
0.4427274175561574,0.39592534549081065,0.3251599171555494
0.44308035714285715,0.39592534549081065,0.32525091223112074
0.4429915483973848,0.3957828750534264,0.3252588599640787
0.44290271132376396,0.39564040461604216,0.3252909456451285
0.44318544526013404,0.39564040461604216,0.3253866221278604
0.44309656823623306,0.3954979341786579,0.3254088332226125
0.44300766283524906,0.39535546374127367,0.3254104414356487
0.4429187290435893,0.3952129933038894,0.32541909312002276
0.44306021402331897,0.3952129933038894,0.32545768078035586
0.44297124600638976,0.3950705228665052,0.32549158236037945
0.4428822495606327,0.39492805242912093,0.3255220853138594
0.4430238133290714,0.39492805242912093,0.3255396389248729
0.4429347826086957,0.3947855819917367,0.32554841559967584
0.44307643108410616,0.3947855819917367,0.32565921154405425
0.4429873660642891,0.3946431115543525,0.32567903635542045
0.4433418693982074,0.3946431115543525,0.3257284818428407
0.44325276132543623,0.39450064111696825,0.3257288195119225
0.4436788976125621,0.39450064111696825,0.3258999504028986
0.44358974358974357,0.394358170679584,0.32590977706303015
0.44394546912590216,0.394358170679584,0.32623397886262323
0.44385627205646455,0.39421570024219976,0.32630412267255743
0.44376704636611586,0.3940732298048155,0.3263361254257056
0.4441233140655106,0.3940732298048155,0.32640827963294244
0.4440340452866549,0.39393075936743127,0.32646580530311475
0.44424807197943444,0.39393075936743127,0.32655585226582984
0.44415876586855213,0.393788288930047,0.3265815048086076
0.4442301510768242,0.393788288930047,0.32667585686339295
0.44414081337405564,0.3936458184926628,0.32670484985299686
0.4442836468885673,0.3936458184926628,0.32676636407477583
0.44419427468639433,0.39350334805527853,0.32677632231638926
0.44448020598648214,0.39350334805527853,0.32691495701698503
0.4443907934975052,0.3933608776178943,0.32692458789958856
0.44460547504025766,0.3933608776178943,0.32699253608730383
0.4445160251248188,0.39321840718051004,0.3270530357389966
0.4448742746615087,0.39321840718051004,0.32723178046398815
0.444784781557311,0.3930759367431258,0.32724693842105707
0.4452154268194288,0.3930759367431258,0.3273798785874898
0.44512588766946415,0.39293346630574155,0.327399385405832
0.44562934238164487,0.39293346630574155,0.32779502669570193
0.4455397543632838,0.3927909958683573,0.3278320903606647
0.4455221467830585,0.39264852543097306,0.32783428607633136
0.44543249797898143,0.3925060549935888,0.32787131572916633
0.4455045278137128,0.3925060549935888,0.3278714757429931
0.44541484716157204,0.39236358455620457,0.327912968507842
0.44563106796116503,0.39236358455620457,0.3279434482453431
0.4455413497329665,0.3922211141188203,0.3279587822616772
0.4456134671414697,0.3922211141188203,0.32797473645568276
0.4455237170147321,0.3920786436814361,0.3279820403873257
0.44543393782383417,0.39193617324405183,0.3279893054042452
0.44572261827608556,0.39193617324405183,0.328054337224925
0.44563279857397503,0.39179370280666764,0.32810361470613014
0.44570502431118314,0.39179370280666764,0.32812672102129914
0.44561517263738043,0.3916512323692834,0.3281312840549338
0.445904298459043,0.3916512323692834,0.3281696177169715
0.44581440622972096,0.39150876193189915,0.3281953915280608
0.44572448482881716,0.3913662914945149,0.3282180451048079
0.44579681921454073,0.3913662914945149,0.32827889812519817
0.44570686576854407,0.39122382105713066,0.3283132712801228
0.44599642683124896,0.39122382105713066,0.32846829922582504
0.44590643274853803,0.3910813506197464,0.3284856212312222
0.44581640942323314,0.39093888018236217,0.32852023116766943
0.4458888527786805,0.39093888018236217,0.3285309278480226
0.4457987973346335,0.3907964097449779,0.3286002613993923
0.44630654083957044,0.3907964097449779,0.32875286033873635
0.44621643612693246,0.3906539393075937,0.32878874767431193
0.4461263020833333,0.39051146887020943,0.3288447625275999
0.4463442436085328,0.39051146887020943,0.3289887335528606
0.44625407166123776,0.3903689984328252,0.32899166153689796
0.44616387033718846,0.39022652799544094,0.32899973317676284
0.44607363962202673,0.3900840575580567,0.32905314638010924
0.44598337950138506,0.38994158712067245,0.32907336126508585
0.44620149983697427,0.38994158712067245,0.32912919845758515
0.4461112016957443,0.3897991166832882,0.3291503932336192
0.4460208741030659,0.38965664624590396,0.32926615936341286
0.4463120104438642,0.38965664624590396,0.3293133471353358
0.4462216419128448,0.3895141758085197,0.3293493763001279
0.44613124387855047,0.38937170537113547,0.32936740761160704
0.446495670642052,0.38937170537113547,0.32952057594560147
0.44640522875816996,0.3892292349337512,0.32954311737152187
0.44631475731328646,0.389086764496367,0.3295515245818438
0.4466067048242028,0.389086764496367,0.3295786367751016
0.4465161923454367,0.3889442940589828,0.3296119773788734
0.4466623036649215,0.3889442940589828,0.32962379164890576
0.4465717558501064,0.38880182362159854,0.32963337344922317
0.44708387942332894,0.38880182362159854,0.3297682812580599
0.44699328199246274,0.3886593531842143,0.3297688873167042
0.447139813145386,0.3886593531842143,0.32977982321518845
0.44704918032786883,0.38851688274683005,0.32979724243590386
0.44726914876168605,0.38851688274683005,0.3298362493274394
0.44717847769028873,0.3883744123094458,0.329856137229262
0.4472518457752256,0.3883744123094458,0.3298614680115699
0.4471611421069905,0.38823194187206156,0.3298817513123124
0.4475283297750041,0.38823194187206156,0.33006524578344115
0.44743758212877793,0.3880894714346773,0.3300755145306034
0.447658175842235,0.3880894714346773,0.33011734686208444
0.44756738987508216,0.38794700099729307,0.33012911364538877
0.44747657405885255,0.3878045305599088,0.3301629871995421
0.44738572837882273,0.3876620601225246,0.33017615245545684
0.4473684210526316,0.38751958968514033,0.3301914419109717
0.4475156301414939,0.38751958968514033,0.33030310335072066
0.44742471614283363,0.3873771192477561,0.3303154585852862
0.4477194137987815,0.3873771192477561,0.3304007697521951
0.44762845849802374,0.38723464881037184,0.3304017417643703
0.4475374732334047,0.3870921783729876,0.3304045055110581
0.44744645799011534,0.38694970793560335,0.33045927120496027
0.4475939353988134,0.38694970793560335,0.33047468020982235
0.44750288445689795,0.3868072374982191,0.33047943373827215
0.44772427440633245,0.3868072374982191,0.3305145569617411
0.4476331848919677,0.38666476706083486,0.33051471899344487
0.44822460776218004,0.38666476706083486,0.3308050508016452
0.4481334654773703,0.3865222966234506,0.33089565891685524
0.4480422930778127,0.38637982618606637,0.3308999003918822
0.44841269841269843,0.38637982618606637,0.3310302599999044
0.44832148172647596,0.3862373557486821,0.33103193385986046
0.44846980976013234,0.3862373557486821,0.33112952982435334
0.4483785572468564,0.38609488531129793,0.3311744045955495
0.4486012249627545,0.38609488531129793,0.3312575350051649
0.44850993377483445,0.3859524148739137,0.3312609715002613
0.4486584961907917,0.3859524148739137,0.33126757900094916
0.44856716912373695,0.38580994443652944,0.3312796748415268
0.4486414844267727,0.38580994443652944,0.33128042823623366
0.44855012427506213,0.3856674739991452,0.33128934780332225
0.44959309084869625,0.3856674739991452,0.331639945009617
0.44950166112956813,0.38552500356176095,0.33167313057698183
0.44965104685942175,0.38552500356176095,0.3317053015136129
0.44955958118663786,0.3853825331243767,0.33170716298097475
0.449468085106383,0.38524006268699246,0.33181960238353003
0.4499168053244592,0.38524006268699246,0.33216748481743613
0.44982526210683976,0.3850975922496082,0.3321789353321641
0.4497336884154461,0.38495512181222397,0.33219891014018743
0.4498085566838688,0.38495512181222397,0.332208204926607
0.4497169497169497,0.3848126513748397,0.3322116774217247
0.44986675549633576,0.3848126513748397,0.3322746666385015
0.4497751124437781,0.3846701809374555,0.3322812916198508
0.4496834388537154,0.38452771050007123,0.3322839725133449
0.45005836251459064,0.38452771050007123,0.33244461399998115
0.44996664442961976,0.384385240062687,0.33248879099243644
0.45026702269692925,0.384385240062687,0.3326459886210214
0.4501752628943415,0.38424276962530274,0.3326597824745318
0.45085255767301907,0.38424276962530274,0.33283496395531914
0.45076074235077745,0.3841002991879185,0.33287750446627706
0.4508361204013378,0.3841002991879185,0.3329268029947392
0.45074427161732733,0.38395782875053425,0.33292704593571737
0.45065239210438274,0.38381535831315,0.33294427079088496
0.4507277898611344,0.38381535831315,0.33294559792803274
0.4506358768406961,0.38367288787576576,0.333096913552614
0.45078674255105455,0.38367288787576576,0.33311626132361005
0.4506947932362297,0.3835304174383815,0.3331652149978633
0.4508457544799866,0.3835304174383815,0.3332341279190529
0.4507537688442211,0.3833879470009973,0.33324185937706896
0.45098039215686275,0.3833879470009973,0.33338011126737654
0.45088836741535365,0.3832454765636131,0.3334104608432294
0.4510395707578806,0.3832454765636131,0.3334913068370015
0.45094750964279723,0.38310300612622883,0.33351587076223904
0.45102314659510234,0.38310300612622883,0.33351920051124895
0.4509310518369401,0.3829605356888446,0.33352630292534463
0.4513853904282116,0.3829605356888446,0.3337441837665307
0.4512932482364797,0.38281806525146034,0.3337711662817926
0.45174848688634833,0.38281806525146034,0.3339530163872741
0.45165629729275264,0.3826755948140761,0.3340166635027235
0.45180824222035326,0.3826755948140761,0.3340503152121189
0.45171601615074025,0.38253312437669185,0.33405152089515866
0.4517920242301868,0.38253312437669185,0.3340539174886077
0.4516997643890946,0.3823906539393076,0.3340549832844036
0.4517757953206531,0.3823906539393076,0.3340741163737083
0.4516835016835017,0.38224818350192336,0.3340928450752704
0.4515911769658192,0.3821057130645391,0.3340973177181756
0.451498821151903,0.38196324262715486,0.334144801544444
0.4517270429654591,0.38196324262715486,0.3341610389512367
0.4516346477923829,0.3818207721897706,0.33422036519647136
0.45178691840863117,0.3818207721897706,0.33424638878741963
0.4516944865958523,0.3816783017523864,0.3342608112576353
0.4517706576728499,0.3816783017523864,0.33429527566000733
0.4516781919379322,0.3815358313150021,0.33433706176392325
0.4515856950067476,0.3813933608776179,0.334338221283835
0.451493166863506,0.38125089044023364,0.3343639695286518
0.45140060749240635,0.3811084200028494,0.3343736547510818
0.45147679324894513,0.3811084200028494,0.33438794147377165
0.4513841998649561,0.38096594956546515,0.3343954774834631
0.4515366430260047,0.38096594956546515,0.33440484140831966
0.45144401283566965,0.3808234791280809,0.3344449720016383
0.45135135135135135,0.38068100869069665,0.33447164415153985
0.4512586585571887,0.38053853825331246,0.33451285490421073
0.4513349104427171,0.38053853825331246,0.33453367158760894
0.45124218353895557,0.3803960678159282,0.3346645966826974
0.4513184584178499,0.3803960678159282,0.33467688403213464
0.45122569737954354,0.380253597378544,0.3347022427271869
0.45130199526547177,0.380253597378544,0.33472172285240825
0.45120920006764753,0.3801111269411597,0.33472328236806254
0.4512855209742896,0.3801111269411597,0.3347540086002589
0.4511926915919472,0.3799686565037755,0.33484377087730155
0.4512690355329949,0.3799686565037755,0.334894291929021
0.45117617194110676,0.37982618606639124,0.33504894081706704
0.4514817950889077,0.37982618606639124,0.33515865985946486
0.4513888888888889,0.379683715629007,0.3351870404603354
0.4519247074783788,0.379683715629007,0.3353124176243002
0.451831750339213,0.37954124519162274,0.33535496326336334
0.45173876166242577,0.3793987747542385,0.33537402881839995
0.45164574143196473,0.37925630431685425,0.33538212099466247
0.4515526896317665,0.37911383387947,0.33541358057216286
0.451459606245757,0.37897136344208576,0.3354327406980318
0.45136649125785094,0.3788288930047015,0.335486012268792
0.45134997452878245,0.37868642256731727,0.33553082831809267
0.4515033123832173,0.37868642256731727,0.33556836245025706
0.4514101257220523,0.378543952129933,0.33557574667932843
0.45131690739167374,0.3784014816925488,0.33558465354711586
0.4514703382627911,0.3784014816925488,0.3356322138702261
0.4513770826249575,0.37825901125516453,0.3356421525935397
0.4519918283963228,0.37825901125516453,0.3359607212849982
0.451898518644645,0.3781165408177803,0.33599406931677483
0.452129471890971,0.3781165408177803,0.33601067920275957
0.45203612199693305,0.37797407038039604,0.33603223167704543
0.45211315610088615,0.37797407038039604,0.33603472694951597
0.4520197716038861,0.3778315999430118,0.3360798671967396
0.4519263552676441,0.3776891295056276,0.33609590508193465
0.4520804911323329,0.3776891295056276,0.33615469789092195
0.45198703735289103,0.37754665906824336,0.3361842669445847
0.4518935516888434,0.3774041886308591,0.3362276195720679
0.45197065347210374,0.3774041886308591,0.33622971876033897
0.451877133105802,0.37726171819347487,0.33624569577407515
0.45241756364257646,0.37726171819347487,0.33651584845054344
0.452323991797676,0.3771192477560906,0.3365190473888696
0.45271079185907304,0.3771192477560906,0.33670006411795106
0.4526171741361615,0.3769767773187064,0.33671783896841867
0.4525235243798118,0.37683430688132213,0.3367576113558715
0.45242984257357977,0.3766918364439379,0.33675886677774836
0.45233612870100975,0.37654936600655364,0.33678992037642497
0.4528010964536577,0.37654936600655364,0.3368776615879415
0.4527073337902673,0.3764068955691694,0.3369453523827997
0.4526135389888603,0.37626442513178515,0.3370223064798583
0.4528463648834019,0.37626442513178515,0.33707591239593
0.4527525295832619,0.3761219546944009,0.3370908848086147
0.4528301886792453,0.3761219546944009,0.33711287442951765
0.4527363184079602,0.37597948425701666,0.33714258129131586
0.4529694473051837,0.37597948425701666,0.337195502919532
0.4528755364806867,0.3758370138196324,0.33720219985375266
0.4527815934065934,0.37569454338224817,0.3372311448081227
0.4526876180662889,0.3755520729448639,0.33729402935268565
0.45259361044314667,0.3754096025074797,0.3372999780129437
0.4527491408934708,0.3754096025074797,0.3373207510835372
0.4526550953772126,0.37526713207009543,0.3373285383267178
0.4527328979030595,0.37526713207009543,0.33736802284973666
0.4526388172597559,0.3751246616327112,0.3373968825411457
0.45254470426409904,0.374982191195327,0.33744144646588514
0.4527003783969728,0.374982191195327,0.3375142532482797
0.4526062274212971,0.37483972075794275,0.33752821273126615
0.4527620030975736,0.37483972075794275,0.3375544153687234
0.45266781411359724,0.3746972503205585,0.33757555918090537
0.45257359270098124,0.37455477988317426,0.33758544310244853
0.4529634734665748,0.37455477988317426,0.3376910343875138
0.45286920558331895,0.37441230944579,0.3377205255896892
0.45277490520510166,0.37426983900840577,0.33773392524120327
0.4529310344827586,0.37426983900840577,0.3377721559361508
0.4528366959820659,0.3741273685710215,0.33780606324907514
0.4533057137925082,0.3741273685710215,0.33790119503923766
0.4532113259668508,0.3739848981336373,0.337934829048437
0.4531169055430841,0.37384242769625303,0.33794428691292006
0.4535084687175942,0.37384242769625303,0.33802546198118394
0.4534923928077455,0.3736999572588688,0.33803851200951923
0.4536492563126946,0.3736999572588688,0.3381048336692494
0.45355474831344056,0.37355748682148454,0.3381514803388968
0.4541832669322709,0.37355748682148454,0.3382734015601702
0.4540887040887041,0.3734150163841003,0.33828521451310345
0.4539941084734015,0.37327254594671605,0.3383101345236101
0.45454545454545453,0.37327254594671605,0.33846726206301
0.45445080687142114,0.3731300755093318,0.33851482310300424
0.4546875,0.3731300755093318,0.3385834387631508
0.45459281125195344,0.37298760507194756,0.33859536322689215
0.4544980896144495,0.3728451346345633,0.3386541628490474
0.4546560111188325,0.3728451346345633,0.3387135259679945
0.45456125108601214,0.37270266419717907,0.33873626394838263
0.45446645811609315,0.3725601937597948,0.33875023161062956
0.45470352982090073,0.3725601937597948,0.33887965044948914
0.45460869565217393,0.3724177233224106,0.33890219403586475
0.45451382849191163,0.37227525288502633,0.33890375981060206
0.4545929018789144,0.37227525288502633,0.33890488387603274
0.45449799895597703,0.37213278244764214,0.33892177209339763
0.4548145568518196,0.37213278244764214,0.33905370201936885
0.4547196098920237,0.3719903120102579,0.3390544084139185
0.4546246298554259,0.37184784157287365,0.3390616334897198
0.4545296167247387,0.3717053711354894,0.3391139455238976
0.4544345704826625,0.37156290069810516,0.33911884644030665
0.45433949111188565,0.3714204302607209,0.3391243365534771
0.45424437859508454,0.37127795982333667,0.3391260232430951
0.45440278988666083,0.37127795982333667,0.3391567484811132
0.454307638646669,0.3711354893859524,0.3391651949760534
0.4542124542124542,0.3709930189485682,0.33918554874488366
0.4541172365666434,0.37085054851118393,0.33920162931133746
0.45410122164048866,0.3707080780737997,0.33921054196231254
0.45418048525048,0.3707080780737997,0.339243621862478
0.45408519553072624,0.37056560763641544,0.33927212192789513
0.4539898725336127,0.3704231371990312,0.3393464196849217
0.45414847161572053,0.3704231371990312,0.3393929223121277
0.45405310971348706,0.37028066676164695,0.33940249004607054
0.4542118140510311,0.37028066676164695,0.33946170142513576
0.454116413214473,0.3701381963242627,0.3394799195044044
0.45402097902097904,0.36999572588687846,0.3395041812975536
0.45481611208406303,0.36999572588687846,0.33981173166839873
0.45472061657032753,0.3698532554494942,0.3398191437408309
0.454625087596356,0.36971078501210997,0.3398614796462877
0.4545295251445593,0.3695683145747257,0.3398767307208132
0.4546091833158079,0.3695683145747257,0.33989208770587975
0.4545135845749343,0.3694258441373415,0.33996050635464603
0.45467297913378923,0.3694258441373415,0.3399986062400984
0.4545773412837601,0.3692833736999573,0.3400317641463962
0.45465707770566566,0.3692833736999573,0.34005141322206583
0.45456140350877194,0.36914090326257304,0.3400686816179999
0.4546411651166871,0.36914090326257304,0.34014519308016433
0.45454545454545453,0.3689984328251888,0.34015816124566084
0.45542465271672233,0.3689984328251888,0.340592539963306
0.4553288779458319,0.36885596238780455,0.34063876871573845
0.455649419218585,0.36885596238780455,0.34074050063689487
0.45555359971835946,0.3687134919504203,0.34074279588018896
0.4557140341609438,0.3687134919504203,0.34084736222820927
0.4556181754138781,0.36857102151303606,0.34085150931649255
0.4558590308370044,0.36857102151303606,0.3409115370392205
0.45576313006697217,0.3684285510756518,0.34093027997783576
0.4556671954873964,0.36828608063826757,0.34096996036080945
0.455827896314583,0.36828608063826757,0.34100562482059343
0.45573192239858906,0.3681436102008833,0.3410711826134526
0.45589273112208895,0.3681436102008833,0.3411354122847877
0.45579671784012704,0.3680011397634991,0.3411414893211968
0.4557006706671373,0.36785866932611483,0.3411453621005221
0.45602260685270224,0.36785866932611483,0.3413288092524758
0.45592651475004414,0.3677161988887306,0.3413448153678722
0.4560876479943453,0.3677161988887306,0.3414573121821344
0.4559915164369035,0.36757372845134634,0.34149681175872443
0.45589535089269934,0.3674312580139621,0.34150097100899485
0.45597595473833097,0.3674312580139621,0.3415098117249025
0.45587975243147655,0.36728878757657785,0.34152083442404674
0.45578351609480017,0.3671463171391936,0.3415526207805011
0.45568724571024233,0.36700384670180936,0.34155477380676275
0.4558485223854185,0.36700384670180936,0.34167099234308146
0.4557522123893805,0.3668613762644251,0.34168433124481307
0.4558328907771287,0.3668613762644251,0.34168512083389146
0.4557365439093484,0.36671890582704086,0.3416922670732534
0.45589798087141337,0.36671890582704086,0.3417663785935371
0.4558015943312666,0.3665764353896566,0.34183379143165143
0.4559631401736665,0.3665764353896566,0.34187146893106374
0.45586671393123007,0.36643396495227243,0.3419078707785961
0.45635202271114267,0.36643396495227243,0.3420597622485788
0.4562555456965395,0.3662914945148882,0.34206822501105505
0.4565796483750666,0.3662914945148882,0.3422376717372105
0.4564831261101243,0.36614902407750394,0.34227680307352026
0.45672649724542386,0.36614902407750394,0.34233897666798063
0.45662993245645217,0.3660065536401197,0.34235258737751556
0.4567923186344239,0.3660065536401197,0.3423860932700028
0.4567769477054429,0.36586408320273545,0.3424401915083069
0.4566803059953745,0.3657216127653512,0.34248925214470377
0.4570868945868946,0.3657216127653512,0.3426012856201008
0.4569902048085485,0.36557914232796695,0.3426168192702105
0.45723449750534567,0.36557914232796695,0.3426626085007629
0.45713776510425946,0.3654366718905827,0.34267472015848827
0.45730076662506686,0.3654366718905827,0.3427281198911327
0.4572039942938659,0.36529420145319846,0.3427445808394746
0.4572855359372213,0.36529420145319846,0.3427932716467237
0.45718872636460933,0.3651517310158142,0.34281477727576426
0.45709188224799285,0.36500926057843,0.3429087110196454
0.4572550419418169,0.36500926057843,0.34297036546686405
0.45715815780078545,0.3648667901410457,0.342971383464446
0.4570612390644528,0.3647243197036615,0.3429830776151998
0.4572245043757814,0.3647243197036615,0.3431156627436845
0.4571275455519829,0.36458184926627724,0.34311900134710244
0.4572092192245846,0.36458184926627724,0.34313345413414337
0.45711222301644033,0.364439378828893,0.3431523186158239
0.4570151921358356,0.36429690839150874,0.3431642862498489
0.4569181265641759,0.3641544379541245,0.3431841970848031
0.45724508050089446,0.3641544379541245,0.34323599583064607
0.4571479692252639,0.36401196751674025,0.34329009571551417
0.4572297780959198,0.36401196751674025,0.34329154281347785
0.45713262931805976,0.363869497079356,0.34333813788664064
0.45703544575725025,0.3637270266419718,0.3433658466378074
0.45711727842435096,0.3637270266419718,0.3433920099315073
0.45702005730659023,0.3635845562045876,0.34339548478289694
0.4569228013612753,0.3634420857672033,0.3433998089111783
0.45716845878136203,0.3634420857672033,0.3435046567147599
0.4570711597060405,0.3632996153298191,0.3435192918853157
0.45715310147006094,0.3632996153298191,0.343544446241216
0.4570557647480724,0.36315714489243484,0.343602666256208
0.4576301615798923,0.36315714489243484,0.3438220685099642
0.4575327706949183,0.3630146744550506,0.34384421178127
0.4576971438835998,0.3630146744550506,0.34399177196799624
0.457599712540424,0.36287220401766634,0.34399469892278156
0.45784648570914976,0.36287220401766634,0.3441264978288262
0.4577490111470694,0.3627297335802821,0.3441451354197804
0.4579136690647482,0.3627297335802821,0.34418504646339104
0.4578161539845296,0.36258726314289785,0.3442178147934881
0.45798092495951054,0.36258726314289785,0.34426825479607825
0.45788336933045354,0.3624447927055136,0.3442934903982125
0.4577857785778578,0.36230232226812936,0.3443045533506311
0.45768815268275115,0.3621598518307451,0.34438873031013706
0.45785302593659943,0.3621598518307451,0.34447251581620475
0.45775535939470363,0.36201738139336087,0.344591721710756
0.4578378378378378,0.36201738139336087,0.3446193028013449
0.4577401333573617,0.3618749109559766,0.3446560158633152
0.4587321654325447,0.3618749109559766,0.3450096723667187
0.45863439306358383,0.3617324405185924,0.34501136804367566
0.45888306524489425,0.3617324405185924,0.3450727702118255
0.45878524945770066,0.36158997008120813,0.34508998538958413
0.45895117540687164,0.36158997008120813,0.3451536785050916
0.45885331886417074,0.3614474996438239,0.34515441575806216
0.45893632416787267,0.3614474996438239,0.34515790641046296
0.45883842952777276,0.36130502920643964,0.3451617876805596
0.4587404994571118,0.3611625587690554,0.3451775245536096
0.45898967952199893,0.3611625587690554,0.3453300838380898
0.4588917059036581,0.36102008833167115,0.34536347292122704
0.4593908629441624,0.36102008833167115,0.34557330657861435
0.45929283771532187,0.36087761789428696,0.3456123428699919
0.4591947769314472,0.3607351474569027,0.3456265855258491
0.45927807001632504,0.3607351474569027,0.3456345877269957
0.4591799709724238,0.36059267701951847,0.34563579332463223
0.4593466424682396,0.36059267701951847,0.34568063669329396
0.4592485024505355,0.3604502065821342,0.3456865110423121
0.4591503267973856,0.36030773614475,0.3456959044425176
0.459484011627907,0.36030773614475,0.3458684577188849
0.4593857895693258,0.36016526570736573,0.3459108846022522
0.4592875318066158,0.3600227952699815,0.3459415200759724
0.45945454545454545,0.3600227952699815,0.3460309949588142
0.4593562465902891,0.35988032483259724,0.3460719367163865
0.4601092896174863,0.35988032483259724,0.3463900191456981
0.4600109309528147,0.359737854395213,0.3464056566981372
0.45991253644314867,0.35959538395782875,0.3464699826228438
0.4598141060688901,0.3594529135204445,0.3465126691222712
0.4597156398104265,0.35931044308306026,0.3465674053684996
0.4598832968636032,0.35931044308306026,0.34673650393293337
0.4597847893488966,0.359167972645676,0.34685993361052364
0.460036496350365,0.359167972645676,0.34690831021105517
0.45993794488045264,0.35902550220829177,0.34690870209549923
0.4598393574297189,0.3588830317709075,0.3469332463246199
0.4597407339784554,0.3587405613335233,0.346977910837095
0.460076740361776,0.3587405613335233,0.3471177002238286
0.45997807017543857,0.35859809089613903,0.3471642115405035
0.459963436928702,0.3584556204587548,0.34717561123191104
0.45986469189979884,0.35831315002137054,0.34719867976413665
0.4600329248216572,0.35831315002137054,0.34724561591675457
0.45993413830954993,0.3581706795839863,0.34731746802449004
0.46010248901903367,0.3581706795839863,0.3473518800036764
0.46000366099212886,0.3580282091466021,0.3473918005083327
0.4604250641260535,0.3580282091466021,0.34749404389211386
0.4603261865493861,0.35788573870921786,0.3475154709367161
0.4604105571847507,0.35788573870921786,0.34752490119865065
0.4603116406966086,0.3577432682718336,0.34758051193893985
0.4603960396039604,0.3577432682718336,0.34759322730697156
0.46029708417384924,0.35760079783444937,0.3476049871561165
0.46046596954687213,0.35760079783444937,0.3476715295427228
0.4603669724770642,0.3574583273970651,0.3476956562075913
0.46026793907138924,0.3573158569596809,0.3477420565443508
0.46043693776390676,0.3573158569596809,0.3478100107041247
0.46033786265148735,0.35717338652229663,0.347810476616061
0.4604224058769513,0.35717338652229663,0.34784171280424453
0.4603232916972814,0.3570309160849124,0.3478722421852714
0.46049246600514515,0.3570309160849124,0.34794367133768467
0.46039331005329903,0.35688844564752814,0.3479666102965936
0.4602941176470588,0.3567459752101439,0.3479927757693712
0.4603787460930318,0.3567459752101439,0.34799364071307176
0.4602795145273998,0.35660350477275965,0.34803714803193986
0.46087276744614253,0.35660350477275965,0.34816448590173454
0.4607734806629834,0.3564610343353754,0.34817220657994696
0.4606741573033708,0.35631856389799116,0.3482272791066429
0.46109882005899705,0.35631856389799116,0.34831129476102946
0.46099944680066385,0.3561760934606069,0.34832782596973144
0.46116952591772736,0.3561760934606069,0.3483760400856586
0.46107011070110704,0.35603362302322267,0.3483846179753424
0.46124031007751937,0.35603362302322267,0.3484065097438202
0.4611408528705926,0.3558911525858384,0.34847188994556116
0.4611265004616805,0.3557486821484542,0.3485196311681041
0.46129687788656937,0.3557486821484542,0.34856429919647564
0.4611973392461197,0.35560621171106993,0.3486938483443242
0.46109776381445206,0.3554637412736857,0.3487012229989414
0.4612682566093548,0.3554637412736857,0.3487957843877141
0.46116863905325445,0.3553212708363015,0.3488345962607339
0.46125393009062327,0.3553212708363015,0.34888054244435673
0.4611542730299667,0.35517880039891725,0.34888643882748616
0.461054579093432,0.355036329961533,0.3488931260764494
0.46131062569418735,0.355036329961533,0.3489704850020253
0.4612108868728013,0.35489385952414876,0.3490295148959786
0.4614672100778066,0.35489385952414876,0.3490860219798649
0.4613674263479711,0.3547513890867645,0.349138384763976
0.46162402669632924,0.3547513890867645,0.3492230386888203
0.46152419803448913,0.35460891864938027,0.349239303313169
0.46169541828974214,0.35460891864938027,0.34927237499555513
0.46159554730983304,0.354466448211996,0.3492853097884051
0.4617668893838159,0.354466448211996,0.34941034716789027
0.461666976053462,0.3543239777746118,0.3494127157024793
0.4618384401114206,0.3543239777746118,0.3494385847366414
0.46173848439821696,0.35418150733722753,0.3494826348171921
0.4619959115406058,0.35418150733722753,0.34971485880363024
0.46189591078066916,0.3540390368998433,0.3497160040428685
0.4619817810001859,0.3540390368998433,0.34974018974448523
0.4618817404239494,0.35389656646245904,0.34976198821387144
0.46178166263715825,0.3537540960250748,0.34980245942207183
0.4616815476190476,0.35361162558769055,0.3498340615119083
0.4615813953488372,0.3534691551503063,0.34988359829712623
0.46166728693710457,0.3534691551503063,0.34989006199109335
0.4615670947329239,0.35332668471292206,0.3499119801062834
0.4618249534450652,0.35332668471292206,0.3500517775305324
0.4617247159620041,0.3531842142755378,0.3500527644347732
0.46162444113263784,0.35304174383815357,0.35007345301698
0.4615241289360909,0.3528992734007693,0.35007383479489085
0.4614237793514722,0.3527568029633851,0.35013925749739644
0.4615958240119314,0.3527568029633851,0.35017389005102206
0.46149543166138357,0.35261433252600083,0.3502314847756374
0.46158149944050725,0.35261433252600083,0.35024540234307106
0.4614810669651184,0.35247186208861664,0.35024783794662123
0.4615671641791045,0.35247186208861664,0.3503310442401711
0.4614666915469304,0.3523293916512324,0.3503668128528171
0.4616389770393877,0.3523293916512324,0.35041015836347916
0.46153846153846156,0.35218692121384815,0.35041985785949453
0.46143790849673205,0.3520444507764639,0.3504300934710713
0.46186915887850466,0.3520444507764639,0.3505646485656569
0.4617685548700692,0.35190198033907966,0.3505971857718286
0.4618548990276739,0.35190198033907966,0.35061854986417085
0.46175425472227416,0.3517595099016954,0.35067557528108667
0.46201347305389223,0.3517595099016954,0.3507977209389219
0.4619127830806663,0.35161703946431117,0.3508162347973082
0.46217228464419474,0.35161703946431117,0.35085027802565727
0.4620715489792096,0.3514745690269269,0.3508878651534862
0.46215811165230425,0.3514745690269269,0.35094247156146746
0.4620573355817875,0.3513320985895427,0.3509621999789395
0.46231721034870643,0.3513320985895427,0.35101356869485534
0.46221638852428276,0.35118962815215843,0.35102467104419266
0.46211552888222057,0.3510471577147742,0.35109534667946335
0.4622889305816135,0.3510471577147742,0.35126313514532836
0.46218802777256524,0.35090468727738994,0.35128565621189134
0.4622747747747748,0.35090468727738994,0.3513390618261076
0.462173831424817,0.3507622168400057,0.35142757625902427
0.4624342599549211,0.3507622168400057,0.3516216166047449
0.46233327071200453,0.35061974640262145,0.3516373696471572
0.46242014280345733,0.35061974640262145,0.35166445777426697
0.4623191129486939,0.3504772759652372,0.3516717077769443
0.462218045112782,0.35033480552785295,0.351706340655862
0.4623918766453554,0.35033480552785295,0.3518236786627898
0.4622907654692496,0.3501923350904687,0.35184138784080665
0.46246472248353715,0.3501923350904687,0.3518784499641681
0.4623635679337599,0.35004986465308446,0.3518946302403076
0.46253765060240964,0.35004986465308446,0.35201502368921983
0.46243645264545286,0.3499073942157002,0.3520930509818513
0.4623352165725047,0.349764923778316,0.3520937228465362
0.4624223017517423,0.349764923778316,0.35209891191112436
0.4623210248681236,0.3496224533409318,0.3521005037922893
0.46221970981722255,0.34947998290354754,0.35217329287679494
0.4621183565774595,0.3493375124661633,0.3523065529407011
0.46264150943396226,0.3493375124661633,0.3524406011626924
0.46254010190602,0.34919504202877905,0.35246029951169583
0.46243865609664025,0.3490525715913948,0.3524746082155213
0.4625259580894846,0.3490525715913948,0.35248754356777307
0.46242447129909364,0.34891010115401055,0.35250427203597073
0.4626865671641791,0.34891010115401055,0.35258546808945795
0.46258503401360546,0.3487676307166263,0.3526182433474843
0.46267246267246265,0.3487676307166263,0.3526233886341409
0.46257088846880906,0.34862516027924206,0.35265767690185196
0.4628333648571969,0.34862516027924206,0.3527466005833683
0.4627317442300416,0.3484826898418578,0.35276866781563415
0.463696682464455,0.3484826898418578,0.353075048939167
0.46359499431171786,0.34834021940447357,0.3531090766648519
0.46349326758960746,0.3481977489670893,0.3531233034793427
0.46366913299184215,0.3481977489670893,0.3531613705045039
0.4635673624288425,0.3480552785297051,0.35323142390853324
0.46346555323590816,0.34791280809232084,0.35329838037531347
0.4639939198175945,0.34791280809232084,0.3535488593693279
0.4638920562523755,0.3477703376549366,0.3536366501691704
0.4646868456120312,0.3477703376549366,0.35394549085750093
0.4645849200304646,0.34762786721755234,0.3539457299724369
0.4644829556274995,0.3474853967801681,0.3539639073185001
0.4648370497427101,0.3474853967801681,0.35413959194813605
0.4647350362180709,0.34734292634278385,0.3541675567000527
0.4649122807017544,0.34734292634278385,0.35420942220507257
0.46481022315468246,0.3472004559053996,0.35421698441454263
0.46470812666921024,0.34705798546801536,0.35422706408974997
0.464605991223049,0.3469155150306311,0.3543218506506297
0.46450381679389313,0.3467730445932469,0.35432906687661747
0.46459247948081694,0.3467730445932469,0.3543332131665069
0.46449026345933564,0.3466305741558627,0.3543398137747908
0.465111833301472,0.3466305741558627,0.3545387256845475
0.4650095602294455,0.34648810371847844,0.35458646586638304
0.4649072480397782,0.3463456332810942,0.3545895147057054
0.4651741293532338,0.3463456332810942,0.3546531304551079
0.46507177033492825,0.34620316284370994,0.3547319049114788
0.46496937212863704,0.3460606924063257,0.3547573365878508
0.4648669347118514,0.34591822196894145,0.354757457565189
0.4647644580620452,0.3457757515315572,0.3548299352609011
0.4649425287356322,0.3457757515315572,0.3548577834031567
0.4648400076643035,0.34563328109417296,0.3548618061501837
0.4649290916059793,0.34563328109417296,0.3549347061749047
0.4648265286563159,0.3454908106567887,0.35496768059319184
0.4647239263803681,0.34534834021940447,0.355006911960541
0.4648130393096836,0.34534834021940447,0.3550565882781807
0.46471039509014195,0.3452058697820202,0.35508054460097876
0.4646077114905045,0.345063399344636,0.35517735608066076
0.46487523992322455,0.345063399344636,0.3553416736584809
0.4647725091188328,0.34492092890725173,0.3554013591245456
0.46557692307692305,0.34492092890725173,0.35580878111328235
0.4654741296403154,0.3447784584698675,0.3558120134661277
0.46537129665255866,0.34463598803248324,0.35581290707761287
0.4654608427939196,0.34463598803248324,0.3558164860108241
0.4653579676674365,0.344493517595099,0.355816621177126
0.4656268053148469,0.344493517595099,0.35585772039751085
0.4655238828967643,0.34435104715771475,0.35586002223004976
0.46561356193411674,0.34435104715771475,0.35589970868138554
0.4655105973025048,0.3442085767203305,0.35597917906551796
0.46540759298516093,0.3440661062829463,0.3560067497985114
0.4653045489591365,0.34392363584556207,0.35602491647338474
0.46539425486793906,0.34392363584556207,0.35607143195026936
0.4652911685306595,0.3437811654081778,0.3560747988218521
0.46518804243008677,0.3436386949707936,0.3560759308239136
0.46572697431936666,0.3436386949707936,0.35636383635030505
0.4656237929702588,0.34349622453340933,0.3563652374682518
0.4657137338226772,0.34349622453340933,0.35637494360546046
0.46561051004636783,0.3433537540960251,0.3564019073328608
0.46597061098221193,0.3433537540960251,0.3564964019039398
0.46586733707213307,0.34321128365864084,0.35650195976758936
0.4661377708978328,0.34321128365864084,0.3565510440334187
0.4660344493903619,0.3430688132212566,0.35665189170308925
0.4659310878823074,0.34292634278387235,0.35666103988395015
0.4660212971926428,0.34292634278387235,0.3566634299176513
0.4659178931061193,0.3427838723464881,0.35674793321324655
0.46600813480534575,0.3427838723464881,0.35685055771947105
0.4659046881053855,0.34264140190910386,0.3568742222111719
0.46580120131757413,0.3424989314717196,0.35696161029357826
0.4659817794146152,0.3424989314717196,0.3570087253703822
0.4658782473827065,0.34235646103433537,0.35700884975519076
0.46596858638743455,0.34235646103433537,0.35702940983427905
0.46586501163692784,0.3422139905969511,0.35708115273794183
0.4657613967022308,0.3420715201595669,0.3571035260255255
0.46603260869565216,0.3420715201595669,0.3572301893200347
0.46592894583576006,0.34192904972218263,0.3572641385808803
0.4658252427184466,0.3417865792847984,0.357306890876493
0.4661873299650214,0.3417865792847984,0.3575055417539823
0.4660835762876579,0.34164410884741414,0.3575381540131986
0.4670821971172575,0.34164410884741414,0.3578099435194577
0.46697837521917007,0.3415016384100299,0.35782051688798117
0.4674336973478939,0.3415016384100299,0.3579112190589427
0.46732982250828947,0.34135916797264565,0.3579118168145941
0.46769471013078273,0.34135916797264565,0.3579573046320352
0.4675907848496681,0.34121669753526146,0.35799231349500665
0.4685971434161612,0.34121669753526146,0.3584886330079758
0.4684931506849315,0.3410742270978772,0.3584995730750357
0.46895200783545543,0.3410742270978772,0.35863007211211745
0.46884796238244514,0.34093175666049297,0.35876554848238856
0.46893983931020966,0.34093175666049297,0.35876777721483005
0.46883575068600547,0.3407892862231087,0.3587702393785597
0.4691115905079427,0.3407892862231087,0.35890093140538687
0.4690074539034916,0.3406468157857245,0.35890343744680003
0.4689032764371199,0.34050434534834023,0.358924853260619
0.46899529042386184,0.34050434534834023,0.35892983533479933
0.46889106967615307,0.340361874910956,0.35894719278903064
0.46916732128829536,0.340361874910956,0.3589991912919366
0.46906305244549207,0.34021940447357174,0.35901475600107235
0.46895874263261295,0.3400769340361875,0.359052524074148
0.469050894085282,0.3400769340361875,0.3592057455523121
0.46894654088050314,0.33993446359880325,0.3592867307744863
0.46903872616473363,0.33993446359880325,0.3593124257709048
0.4689343295320488,0.339791993161419,0.359337303713429
0.4688298918387414,0.33964952272403476,0.35935634404588407
0.46872541306058224,0.3395070522866505,0.3594123441742688
0.46862089317332284,0.33936458184926627,0.359558337473193
0.46871310507674147,0.33936458184926627,0.3596139440604623
0.46860854162566423,0.339222111411882,0.3596273161563853
0.4687007874015748,0.339222111411882,0.359640805096734
0.4685961803504627,0.3390796409744978,0.3596831892500732
0.469150404100138,0.3390796409744978,0.359874151264429
0.46904574132492116,0.33893717053711353,0.3598866013621703
0.46894103727075526,0.3387947000997293,0.3599299598332218
0.46883629191321496,0.33865222966234504,0.35998093687549254
0.4687315052278556,0.3385097592249608,0.3599822596869661
0.46900908014212395,0.3385097592249608,0.36004461984215236
0.46890424481737414,0.3383672887875766,0.36005200426247974
0.4687993680884676,0.33822481835019236,0.3600539207914616
0.468694449930871,0.3380823479128081,0.3600639691214456
0.46943620178041545,0.3380823479128081,0.3604457594606386
0.46933122279382666,0.33793987747542387,0.360458063236879
0.46922620225608547,0.3377974070380396,0.3604890021131072
0.4691211401425178,0.3376549366006554,0.3605101454201658
0.4691089108910891,0.33751246616327113,0.36053359429367204
0.4692018221429986,0.33751246616327113,0.3605791266853362
0.46909667194928684,0.3373699957258869,0.3607431545268783
0.4696548988496628,0.3373699957258869,0.3609408903082481
0.4695496925213251,0.33722752528850264,0.3609595991050631
0.46964285714285714,0.33722752528850264,0.36096101383504453
0.46953760666798966,0.3370850548511184,0.36096312788487117
0.46963080587534733,0.3370850548511184,0.36106010657699855
0.46952551121699426,0.33694258441373415,0.36118963146171407
0.4694201747418586,0.3368001139763499,0.3611978461641704
0.4696066746126341,0.3368001139763499,0.3612473136991723
0.4695012914762567,0.33665764353896566,0.3613098725651992
0.46939586645469,0.3365151731015814,0.36131959454138945
0.47014331210191085,0.3365151731015814,0.36183149166866735
0.4700378260003982,0.33637270266419717,0.3618873633075946
0.46993229788928714,0.3362302322268129,0.3619361396065717
0.4700258912567218,0.3362302322268129,0.3619432704409967
0.4699203187250996,0.3360877617894287,0.36195025215036014
0.47067039106145253,0.3360877617894287,0.3621920199971416
0.47056475753342647,0.33594529135204443,0.3624296262847072
0.47084664536741216,0.33594529135204443,0.36248964869476086
0.4707409626522868,0.3358028209146602,0.3624960985141209
0.4706352377147423,0.335660350477276,0.3625610540253476
0.47052947052947053,0.33551788003989175,0.3625864781266568
0.470717569458325,0.33551788003989175,0.3626542799380554
0.47061175529788085,0.3353754096025075,0.36267510564407657
0.47050589882023597,0.33523293916512326,0.3626760602878848
0.4704,0.335090468727739,0.36268469883766563
0.47049409881976395,0.335090468727739,0.36270251719651636
0.47038815526210487,0.33494799829035476,0.36270690196192096
0.47028216930158095,0.3348055278529705,0.36272623034098617
0.47037630104083267,0.3348055278529705,0.3627550558123577
0.4702702702702703,0.3346630574155863,0.3627858762533082
0.4703644373247898,0.3346630574155863,0.3627950965952571
0.47025836170638896,0.33452058697820203,0.36280176674841574
0.4703525641025641,0.33452058697820203,0.3628443199685047
0.4702464435984773,0.3343781165408178,0.36286910219117047
0.47043495690519144,0.3343781165408178,0.3629869709634154
0.4703287890938252,0.33423564610343354,0.3629917797457919
0.4710843373493976,0.33423564610343354,0.36321269384640564
0.47097810805382606,0.3340931756660493,0.3632526026247301
0.4712620578778135,0.3340931756660493,0.36328325330423616
0.47115577889447235,0.33395070522866505,0.36330194753494555
0.4715349024341179,0.33395070522866505,0.3634937590599932
0.4714285714285714,0.3338082347912808,0.36349433754348315
0.47171330783168913,0.3338082347912808,0.3636329930165635
0.4716069271043093,0.33366576435389655,0.36369897770479204
0.4715005035246727,0.3335232939165123,0.36372172818299986
0.47139403706688154,0.33338082347912806,0.3637632884914315
0.47128752770501714,0.3332383530417438,0.3637728694056698
0.47118097541313986,0.33309588260435957,0.36380046010437533
0.47146602137527727,0.33309588260435957,0.3640764208667446
0.47135941912061313,0.3329534121669753,0.36408582499441927
0.471454508775469,0.3329534121669753,0.3641486568321389
0.47134786117836963,0.33281094172959114,0.36415593874335705
0.47153815098909974,0.33281094172959114,0.3642580908255703
0.4714314556834242,0.3326684712922069,0.36436806200624605
0.47132471728594505,0.33252600085482265,0.3644454543493673
0.47161042634875733,0.33252600085482265,0.3644939128909934
0.47150363783346805,0.3323835304174384,0.3645265239794293
0.4717896865520728,0.3323835304174384,0.364538084390011
0.4716828478964401,0.33224105998005415,0.3645871122128983
0.47187373532982596,0.33224105998005415,0.3646112681761331
0.47176684881602915,0.3320985895426699,0.36461326595629756
0.4716599190283401,0.33195611910528566,0.36483445792309854
0.47175541607612875,0.33195611910528566,0.3648345792720912
0.47164844066423656,0.3318136486679014,0.3649746524414606
0.4715414219161434,0.33167117823051717,0.3650105033509364
0.4714343598055105,0.3315287077931329,0.3650270446646868
0.4715298885511651,0.3315287077931329,0.3650526886750594
0.4714227807053101,0.3313862373557487,0.3650542188161473
0.47131562943442123,0.33124376691836444,0.36507939820192753
0.47120843471208435,0.3311012964809802,0.36508023022416586
0.4721657862657456,0.3311012964809802,0.36539377379291704
0.4720585246901036,0.33095882604359594,0.36542092296331974
0.4719512195121951,0.3308163556062117,0.36542154987529063
0.47204716405773534,0.3308163556062117,0.365466252806115
0.4719398129320862,0.33067388516882745,0.36552171122003674
0.47183241814114296,0.3305314147314432,0.3655457608324625
0.47192839707078926,0.3305314147314432,0.3655816276968149
0.4718209562563581,0.33038894429405896,0.3655906422008188
0.4717134717134717,0.3302464738566747,0.36559065594127116
0.47160594341542844,0.33010400341929047,0.36564120012104845
0.47199022204114893,0.33010400341929047,0.36575330650399307
0.4718826405867971,0.3299615329819063,0.36580782463338124
0.4719788057876503,0.3299615329819063,0.3658316669408717
0.47187117814920504,0.32981906254452203,0.3660319361735056
0.4722562219502244,0.32981906254452203,0.3661741619496176
0.47214854111405835,0.3296765921071378,0.3661889795361658
0.47263071895424835,0.3296765921071378,0.3662438447008194
0.4725229826353422,0.32953412166975354,0.36654724182345205
0.47281275551921503,0.32953412166975354,0.3666638132899396
0.4727049683091392,0.3293916512323693,0.3666901495023921
0.47259713701431494,0.32924918079498505,0.3666925156100115
0.4724892616076907,0.3291067103576008,0.36671353518981004
0.4723813420621931,0.32896423992021656,0.3667546368251176
0.4728650419823879,0.32896423992021656,0.367001510451224
0.4727570667759115,0.3288217694828323,0.3670800773504237
0.4730477556876409,0.3288217694828323,0.36712918171324455
0.47293972939729395,0.32867929904544807,0.3671897742760128
0.4728316588066434,0.3285368286080638,0.36723470092459753
0.4734140833504414,0.3285368286080638,0.3673673536702852
0.473305954825462,0.3283943581706796,0.36737543050330884
0.4731977818853974,0.32825188773329533,0.36740340193839477
0.47339223340867065,0.32825188773329533,0.36747169567129295
0.4732840115084258,0.3281094172959111,0.3674888556894232
0.47367338543809134,0.3281094172959111,0.3675773571936179
0.4735651100596585,0.32796694685852684,0.3675799642696402
0.4734567901234568,0.3278244764211426,0.3676201543892627
0.4733484256019757,0.32768200598375835,0.367773319062053
0.47324001646768216,0.3275395355463741,0.36780459353910383
0.473337451101503,0.3275395355463741,0.36780502459857445
0.47322899505766064,0.32739706510898986,0.36781722465104766
0.47342398022249693,0.32739706510898986,0.3679171530367845
0.47331547496393983,0.3272545946716056,0.3679570805549454
0.47360824742268043,0.3272545946716056,0.3679710170182452
0.4734996906578676,0.3271121242342214,0.36797266945660506
0.47369506911491643,0.3271121242342214,0.36801356687394554
0.47358646306231944,0.3269696537968372,0.36808051736210096
0.47347781217750257,0.32682718335945293,0.3681424596098777
0.47336911643270024,0.3266847129220687,0.36820903990210246
0.47326037580012387,0.32654224248468444,0.3682325019075044
0.473151590251962,0.3263997720473002,0.3682522998830028
0.47304275976038007,0.32625730160991595,0.3682614337476179
0.47293388429752065,0.3261148311725317,0.36826528026498434
0.47303161810291383,0.3261148311725317,0.36832715911245545
0.4729226953286482,0.32597236073514746,0.36836801680921066
0.472813727517056,0.3258298902977632,0.36838662079478435
0.47270471464019853,0.32568741986037897,0.3683913301664067
0.4725956566701138,0.3255449494229947,0.36839273105305126
0.4726934215970211,0.3255449494229947,0.3684852865034905
0.4725843161597352,0.3254024789856105,0.36854694082123246
0.4724751655629139,0.32526000854822623,0.36854962245032036
0.47267080745341616,0.32526000854822623,0.3685786181000726
0.4725616069579623,0.325117538110842,0.36859307815716486
0.4724523612261806,0.32497506767345774,0.3685970774903031
0.4723430702299565,0.3248325972360735,0.3686137725646111
0.4722337339411521,0.32469012679868925,0.3686294303023337
0.4724295190713101,0.32469012679868925,0.36876889320448797
0.4723201326974912,0.324547656361305,0.3688022619334572
0.472210700953961,0.3244051859239208,0.36882830420002344
0.47240663900414936,0.3244051859239208,0.36884418469734326
0.47229715708653247,0.32426271548653657,0.3688531654873475
0.4721876297218763,0.3241202450491523,0.36886320412313855
0.4720780568818767,0.3239777746117681,0.36889351147736493
0.47196843853820597,0.32383530417438383,0.3689288811462129
0.47185877466251297,0.3236928337369996,0.36893450423597546
0.47195679268799334,0.3236928337369996,0.36894413869285675
0.47184708082277166,0.32355036329961534,0.36897683318613683
0.471737323358271,0.3234078928622311,0.36898361801557694
0.471627520266057,0.32326542242484685,0.3690026370995458
0.47151767151767154,0.3231229519874626,0.3690410187681709
0.4717138103161398,0.3231229519874626,0.36907561458854793
0.4716039109631787,0.32298048155007836,0.3691041962688563
0.47149396587598835,0.3228380111126941,0.3691058288294281
0.47178846554236936,0.3228380111126941,0.3692331672231258
0.47167846730528945,0.32269554067530987,0.3692737700446604
0.47156842324515724,0.3225530702379256,0.36927392554913036
0.47196164269335,0.3225530702379256,0.369465922890628
0.4718515429524604,0.3224105998005414,0.3695654110597052
0.4721468808679324,0.3224105998005414,0.3696239291991423
0.47203672787979967,0.32226812936315713,0.36967249339544356
0.47213525360050096,0.32226812936315713,0.36971003816486797
0.4720250521920668,0.3221256589257729,0.3697223751207467
0.4722222222222222,0.3221256589257729,0.369778102342118
0.47211196991852933,0.32198318848838864,0.3698135969038582
0.4720016715419975,0.3218407180510044,0.3698562229087234
0.4718913270637409,0.32169824761362015,0.3699423542289763
0.4721873693015475,0.32169824761362015,0.3699639722452617
0.47207697134490695,0.32155577717623596,0.3700665021877195
0.4719665271966527,0.3214133067388517,0.3700709750482233
0.47206528562460764,0.3214133067388517,0.37009968172281926
0.47195479280033487,0.32127083630146747,0.37014426492941777
0.47184425371572114,0.3211283658640832,0.3701471713362081
0.47173366834170855,0.320985895426699,0.37017919724225895
0.4725251677852349,0.320985895426699,0.3705249415084602
0.4724145164673799,0.32084342498931473,0.3705967278387341
0.4723038187159043,0.3207009545519305,0.3706487799527226
0.47240293809024136,0.3207009545519305,0.37065476096106
0.4722921914357683,0.32055848411454624,0.37065579010771044
0.47298717679209584,0.32055848411454624,0.37103450977240054
0.47287636669470146,0.320416013677162,0.3710563227667294
0.47276550998948474,0.32027354323977775,0.3710693387837325
0.47265460664703407,0.3201310728023935,0.3711388910296303
0.4727540500736377,0.3201310728023935,0.3711650260308426
0.47264309764309764,0.31998860236500926,0.371180813774861
0.47253209850557776,0.319846131927625,0.3712249372712786
0.47242105263157896,0.31970366149024076,0.3712668185622398
0.4731182795698925,0.31970366149024076,0.37152560892462666
0.4730071699704766,0.3195611910528565,0.3715944086979636
0.47310693946424803,0.3195611910528565,0.37162173243629126
0.4729957805907173,0.3194187206154723,0.3717084466818405
0.4730955897868749,0.3194187206154723,0.37173483169687727
0.47298438159560996,0.31927625017808803,0.3717357225671901
0.4731841216216216,0.31927625017808803,0.3717774506174649
0.4730728616684266,0.3191337797407038,0.371896598010583
0.4732727656877245,0.3191337797407038,0.3721040446923901
0.4731614539306847,0.31899130930331954,0.3721288656435344
0.47326146692031285,0.31899130930331954,0.37213601342061553
0.4731501057082452,0.3188488388659353,0.3721404451347654
0.4733502538071066,0.3188488388659353,0.3721561864163483
0.47323884070234823,0.3187063684285511,0.37218281830481065
0.47343915343915344,0.3187063684285511,0.37224630410471543
0.47332768839966133,0.31856389799116686,0.3722790512900506
0.4735281660313427,0.31856389799116686,0.37229581978380893
0.47341664901503916,0.3184214275537826,0.37233697240754643
0.4744215665463808,0.3184214275537826,0.37267363427819183
0.4743099787685775,0.31827895711639836,0.3728088978886557
0.47419834359736673,0.3181364866790141,0.37286834864536494
0.4745006374840629,0.3181364866790141,0.37304213639476697
0.47438894792773645,0.3179940162416299,0.3730537288875755
0.4744897959183674,0.3179940162416299,0.3730736766813503
0.47437805655964277,0.3178515458042456,0.37309020354848943
0.4745798766219953,0.3178515458042456,0.37310940361950556
0.474468085106383,0.3177090753668614,0.3731610879304692
0.4743562460097893,0.31756660492947714,0.3731797517316954
0.47465928449744466,0.31756660492947714,0.37325171803457735
0.4745473908413205,0.3174241344920929,0.3732670292936429
0.47443544951001276,0.31728166405470865,0.3732860086471866
0.47473886164996804,0.31728166405470865,0.3733332239339158
0.4746268656716418,0.3171391936173244,0.37333525875580026
0.47482935153583616,0.3171391936173244,0.3734351601967487
0.47471730317900573,0.31699672317994015,0.3734368290098952
0.4748186086214255,0.31699672317994015,0.3734478389086781
0.47470651013874066,0.3168542527425559,0.3735246181184139
0.47459436379163106,0.31671178230517166,0.37353971682299686
0.4744821695494341,0.3165693118677874,0.3735401017047351
0.4750908702159504,0.3165693118677874,0.37368643963600656
0.47497861420017107,0.31642684143040317,0.37371377975045633
0.4748663101604278,0.3162843709930189,0.3737460186197089
0.47527296082209375,0.3162843709930189,0.37379745904684847
0.47516059957173445,0.3161419005556347,0.37388362873346687
0.4752623688155922,0.3161419005556347,0.37390890374745483
0.47514995715509856,0.3159994301182505,0.3739395725222783
0.4750374973216199,0.31585695968086624,0.3739412871491009
0.4751393056150879,0.31585695968086624,0.3739535340591465
0.47502679528403,0.315714489243482,0.3740413706338324
0.47533247533247536,0.315714489243482,0.374168601090986
0.47521990989058144,0.31557201880609775,0.3741725859516168
0.47510729613733904,0.3154295483687135,0.37418484454487555
0.47499463404163983,0.31528707793132926,0.3742033712540968
0.47530068728522334,0.31528707793132926,0.37432556328025773
0.47518796992481205,0.315144607493945,0.37434582102164415
0.4752900730554362,0.315144607493945,0.37441411510334444
0.475177304964539,0.31500213705656077,0.37443745549815005
0.4753816383573425,0.31500213705656077,0.37446389678750647
0.4752688172043011,0.3148596666191765,0.37446722677286914
0.4755756401979772,0.3148596666191765,0.3747228707925683
0.4754627636676711,0.3147171961817923,0.3747633284387478
0.47576997630842127,0.3147171961817923,0.37483876766983004
0.4756570443774235,0.31457472574440803,0.3748443191934545
0.47575953458306397,0.31457472574440803,0.37485821519668094
0.47564655172413794,0.3144322553070238,0.37491039780678753
0.47585166019836134,0.3144322553070238,0.3749194350451155
0.47573862411041623,0.31428978486963954,0.37492646184508494
0.47604661199827364,0.31428978486963954,0.37497379891458105
0.47593352039715087,0.3141473144322553,0.37498061786404646
0.4758203799654577,0.31400484399487105,0.37502705055286223
0.4757071906715612,0.3138623735574868,0.37519446347565855
0.4758099352051836,0.3138623735574868,0.3751953033173791
0.4756966947504861,0.31371990312010256,0.37520495133727216
0.47558340535868626,0.3135774326827183,0.3752281343845195
0.4756861897557813,0.3135774326827183,0.3752352058273939
0.4755728491137051,0.31343496224533407,0.3752549234940053
0.4757785467128028,0.31343496224533407,0.37532396681476754
0.47566515249837765,0.3132924918079498,0.37536280700332253
0.47555170921678924,0.31315002137056563,0.3753729211715606
0.4759636206149848,0.31315002137056563,0.3754462289109539
0.47585011912497294,0.3130075509331814,0.37545801177267346
0.475736568457539,0.31286508049579714,0.3755024796219324
0.47583965330444206,0.31286508049579714,0.37551165672422615
0.47572605114867794,0.3127226100584129,0.37557367928723195
0.4758291784088446,0.3127226100584129,0.3756203044961609
0.4757155247181266,0.31258013962102865,0.37564999635207613
0.47602516814927315,0.31258013962102865,0.37582764671966395
0.4759114583333333,0.3124376691836444,0.3758335556863091
0.47579769915346215,0.31229519874626016,0.3758543366750988
0.4756838905775076,0.3121527283088759,0.375859154283361
0.4755700325732899,0.31201025787149167,0.37586660915628295
0.4754561251086012,0.3118677874341074,0.37596968402289727
0.4753421681512057,0.3117253169967232,0.3759781229902883
0.47522816166883963,0.31158284655933893,0.3760080390120455
0.47543478260869565,0.31158284655933893,0.37606441280481434
0.47532072189606434,0.3114403761219547,0.3760658740167731
0.4754240974336668,0.3114403761219547,0.3760726029841212
0.47530998477267783,0.31129790568457044,0.376077587354634
0.4760348583877996,0.31129790568457044,0.37625259849262044
0.47592067988668557,0.3111554352471862,0.3762591088471318
0.4762320104666376,0.3111554352471862,0.37657395614919975
0.4761177753544166,0.31101296480980195,0.3765765879250911
0.47600349040139617,0.3108704943724177,0.3765871559563165
0.47588915557495093,0.31072802393503346,0.3765985332886044
0.47599301615015277,0.31072802393503346,0.3765995225680101
0.4758786291202794,0.3105855534976492,0.3766085519302067
0.475764192139738,0.31044308306026497,0.37662935571414374
0.4756497051758026,0.3103006126228808,0.37665258987186434
0.47553516819571867,0.31015814218549653,0.37674575061045834
0.475743006993007,0.31015814218549653,0.3769169542004452
0.47562841530054645,0.3100156717481123,0.37693479955795856
0.4759405074365704,0.3100156717481123,0.37710920345993965
0.4758258586742507,0.30987320131072804,0.37725282370094043
0.47571115973741795,0.3097307308733438,0.3772677559411967
0.47559641059312757,0.30958826043595955,0.3772824933635358
0.4754816112084063,0.3094457899985753,0.3773545482205009
0.4755857236698051,0.3094457899985753,0.37735455861380823
0.4754708716600964,0.30930331956119106,0.3773613991362553
0.4756792287467134,0.30930331956119106,0.37742248477815393
0.47556432171816787,0.3091608491238068,0.3774462664214836
0.4758771929824561,0.3091608491238068,0.3774908220294199
0.4757622285588945,0.30901837868642257,0.3775023590943936
0.47586660816147436,0.30901837868642257,0.37752170141449937
0.47575159095896424,0.3088759082490383,0.3776156414390153
0.4761695585328355,0.3088759082490383,0.3777022037666365
0.4760544815465729,0.3087334378116541,0.3778465322151607
0.4759393539881345,0.30859096737426983,0.37786984811265417
0.4758241758241758,0.3084484969368856,0.3778947012284769
0.47634763476347636,0.3084484969368856,0.3780891086697406
0.4762323943661972,0.30830602649950134,0.3780919611106337
0.4761171032357473,0.3081635560621171,0.37811591720914567
0.476326800264259,0.3081635560621171,0.3782362936145482
0.4762114537444934,0.30802108562473285,0.3782569456920323
0.47631636924432696,0.30802108562473285,0.3782752904685832
0.4762009695901278,0.3078786151873486,0.37827762061957104
0.47608551906546176,0.30773614474996436,0.3782953581977217
0.47619047619047616,0.30773614474996436,0.3783115482980398
0.4760749724366042,0.3075936743125801,0.3783373491477821
0.47628502095742337,0.3075936743125801,0.3784288634385412
0.4761694616063548,0.3074512038751959,0.37844080473340413
0.4764848752483992,0.3074512038751959,0.3784651869438851
0.47636925795053003,0.3073087334378117,0.378482065367564
0.47647448641484424,0.3073087334378117,0.3784923631662346
0.4763588157313301,0.30716626300042743,0.37853171365464033
0.47624309392265196,0.3070237925630432,0.3785793530881712
0.47634836427939875,0.3070237925630432,0.3786067975674413
0.4762325889896087,0.30688132212565894,0.378614719029021
0.47644326476443266,0.30688132212565894,0.3786334260287936
0.4763274336283186,0.3067388516882747,0.37864491709712683
0.4763169544046038,0.30659638125089045,0.37864735097191576
0.47620101837502765,0.3064539108135062,0.3787253726138636
0.4763064658990257,0.3064539108135062,0.37873515640272143
0.47619047619047616,0.30631144037612196,0.37876267386871687
0.4762959680992468,0.30631144037612196,0.3787635759484642
0.4761799246620873,0.3061689699387377,0.3788155155916046
0.47606382978723405,0.30602649950135347,0.3789036084197128
0.47594768344047883,0.3058840290639692,0.3789205931074973
0.4765815760266371,0.3058840290639692,0.3791342546807338
0.47646536412078155,0.305741558626585,0.3791545911081263
0.4763491005996003,0.30559908818920073,0.37915521934563884
0.4778347070617064,0.30559908818920073,0.3794803185401424
0.47771836007130125,0.3054566177518165,0.37948448824866887
0.47782482727880543,0.3054566177518165,0.37951528243574156
0.4777084262148908,0.30531414731443224,0.3795192484235288
0.4778149386845039,0.30531414731443224,0.3795274049626991
0.47769848349687777,0.305171676877048,0.37953289262532175
0.4778050412670087,0.305171676877048,0.3795799637902096
0.4776885319053994,0.30502920643966375,0.3796504241766181
0.4779017857142857,0.30502920643966375,0.3797777554908022
0.47778521991515965,0.3048867360022795,0.37984320739962213
0.47766860205448863,0.3047442655648953,0.3798435182093238
0.4779888268156425,0.3047442655648953,0.3799982275878593
0.47787215020116225,0.30460179512751107,0.38008565317056014
0.47819279803176024,0.30460179512751107,0.38018882070900084
0.47807606263982105,0.3044593246901268,0.3802235119638887
0.4779592750055941,0.3043168542527426,0.380227917573758
0.478494623655914,0.3043168542527426,0.3804228731481545
0.47837777279856597,0.30417438381535833,0.38044298314333597
0.4782608695652174,0.3040319133779741,0.38046614061724865
0.4781439139206456,0.30388944294058984,0.3804972418251789
0.478134110787172,0.3037469725032056,0.38052489827446595
0.4780170480035891,0.30360450206582135,0.38054475621780415
0.47823159784560143,0.30360450206582135,0.3806486559224411
0.4781144781144781,0.3034620316284371,0.38064900346690433
0.477997305792546,0.30331956119105286,0.38067397530843006
0.47821203953279423,0.30331956119105286,0.38070545207127676
0.47809481015502137,0.3031770907536686,0.38070864291699913
0.4784172661870504,0.3031770907536686,0.3807846532972108
0.4782999775129301,0.30303462031628436,0.3807959809592408
0.4785151856017998,0.30303462031628436,0.3809033172191368
0.4783978397839784,0.3028921498789001,0.38099524334826707
0.47850551429214494,0.3028921498789001,0.3810273082154939
0.47838811346240434,0.3027496794415159,0.38104526438571035
0.478270659761315,0.3026072090041316,0.3810525901552128
0.4784861455282721,0.3026072090041316,0.3811439683100086
0.47836863452005407,0.3024647385667474,0.38114683493808554
0.47858431018935976,0.3024647385667474,0.38124652926352665
0.47846674182638105,0.30232226812936314,0.3812491750535591
0.478574650428507,0.30232226812936314,0.38135060724339376
0.4784570268441236,0.3021797976919789,0.3814024174373403
0.47833935018050544,0.30203732725459465,0.38141774284899693
0.4786633551591781,0.30203732725459465,0.3817142653627456
0.47854561878952123,0.30189485681721046,0.38177076364297896
0.47842782922972665,0.3017523863798262,0.38184653665908025
0.47875226039783003,0.3017523863798262,0.381985409607343
0.47863441103323534,0.30160991594244196,0.38204388191869043
0.4785165083672546,0.3014674455050577,0.3820586340658952
0.47884136682507356,0.3014674455050577,0.3821020362443678
0.4787234042553192,0.3013249750676735,0.38210905482772006
0.4788317862802807,0.3013249750676735,0.38211198538402347
0.478713768115942,0.3011825046302892,0.3822081533424528
0.47947380358357905,0.3011825046302892,0.3823128136039333
0.4793557168784029,0.301040034192905,0.3823370302127211
0.47957330912392193,0.301040034192905,0.3823817253338986
0.4794551645856981,0.30089756375552074,0.3824311059299393
0.47956403269754766,0.30089756375552074,0.38246647635269393
0.47944583238700883,0.3007550933181365,0.3826007439443723
0.4793275783734666,0.30061262288075224,0.38260622340152617
0.4794364917064304,0.30061262288075224,0.38263013571518506
0.4793181818181818,0.300470152443368,0.38266456932888343
0.4796452126449852,0.300470152443368,0.3827882032614211
0.47952684258416745,0.30032768200598375,0.382810129962577
0.4797451069640419,0.30032768200598375,0.3828763430088902
0.4796266788071933,0.3001852115685995,0.38287841049390364
0.47950819672131145,0.30004274113121526,0.3829431231399397
0.47938966066955135,0.299900270693831,0.38299781240350556
0.47960811118705854,0.299900270693831,0.3830644244314668
0.479489516864175,0.29975780025644677,0.3830980117509718
0.4798175598631699,0.29975780025644677,0.3831568709650317
0.47969890510948904,0.2996153298190625,0.38315743421913134
0.47958019621263975,0.2994728593816783,0.3832144540841827
0.47946143313555456,0.29933038894429403,0.38326364151213266
0.4803383630544124,0.29933038894429403,0.3837622196089488
0.48021952892750974,0.2991879185069098,0.3838019093918445
0.4804392587508579,0.2991879185069098,0.3838715835213009
0.4803203661327231,0.2990454480695256,0.38390049240608237
0.48054029304029305,0.2990454480695256,0.38396489458270994
0.48042134188229907,0.29890297763214135,0.3840197425160189
0.48064146620847653,0.29890297763214135,0.3840983816907819
0.4805224564619615,0.2987605071947571,0.38411867132375616
0.4806325922530369,0.2987605071947571,0.3842234589983275
0.4805135259055479,0.29861803675737286,0.3842286444851224
0.48039440495299246,0.2984755663199886,0.38423041485728565
0.4805045871559633,0.2984755663199886,0.3842375624576773
0.4803854094975912,0.29833309588260437,0.3842819309803021
0.48093706936150665,0.29833309588260437,0.38433003331651744
0.4808178267861245,0.2981906254452201,0.3843842383447061
0.48103884164559874,0.2981906254452201,0.38444085919446913
0.48091954022988503,0.2980481550078359,0.3844519982608357
0.4810301218670959,0.2980481550078359,0.38451427781318614
0.4809107635694572,0.29790568457045163,0.3845426919160168
0.4807913503565677,0.2977632141330674,0.38464137197658016
0.4809019788311091,0.2977632141330674,0.3846447531571506
0.4807825086306099,0.29762074369568314,0.3846732675809856
0.48066298342541436,0.2974782732582989,0.3846901518031353
0.48054340317752703,0.29733580282091465,0.3847180680869068
0.4813191881918819,0.29733580282091465,0.3852054087612712
0.481199538638985,0.2971933323835304,0.3852204613412616
0.48107983387171205,0.29705086194614616,0.3852522250813508
0.48163548163548164,0.29705086194614616,0.3853634054541896
0.48151571164510165,0.2969083915087619,0.38540354354678413
0.4817383263985206,0.2969083915087619,0.3854660005297102
0.48161849710982657,0.29676592107137767,0.38553591118684183
0.48149861239592967,0.2966234506339934,0.3855586160839042
0.48194444444444445,0.2966234506339934,0.3857742525215658
0.4818244964112063,0.2964809801966092,0.38577600328596007
0.482830626450116,0.2964809801966092,0.3860687768299291
0.4827106057089812,0.296338509759225,0.3860822844302729
0.4830469112865769,0.296338509759225,0.386193343275787
0.48292682926829267,0.29619603932184074,0.3862305272161559
0.48280669144981414,0.2960535688844565,0.38640726674183523
0.48303114830311483,0.2960535688844565,0.3864224082314156
0.4829109509416415,0.29591109844707225,0.38643970013604023
0.4827906976744186,0.295768628009688,0.38648146946545225
0.4829030006978367,0.295768628009688,0.38651464903446037
0.4827826896230805,0.29562615757230376,0.38652209893718503
0.482895043053293,0.29562615757230376,0.386571550893034
0.4827746741154562,0.2954836871349195,0.3866254136875714
0.48367537313432835,0.2954836871349195,0.38706295854204825
0.483554933519944,0.29534121669753527,0.3871005571891794
0.48343443770415306,0.295198746260151,0.38715215873055864
0.4839990656388694,0.295198746260151,0.38733177809962543
0.48387850467289717,0.2950562758227668,0.38743592018045997
0.4837578873568591,0.29491380538538253,0.3874857263276917
0.4836372136512389,0.2947713349479983,0.38756562041290077
0.4835164835164835,0.29462886451061404,0.3875669984812551
0.4833956969130028,0.2944863940732298,0.38759588795756894
0.48350877192982455,0.2944863940732298,0.3875988890359699
0.48338792700046795,0.29434392363584555,0.3876323172153164
0.4832670255090101,0.2942014531984613,0.3876923678071634
0.48314606741573035,0.29405898276107706,0.3877109723659863
0.483025052680871,0.2939165123236928,0.38777382262421195
0.48313817330210773,0.2939165123236928,0.38780650712111786
0.4830171000234247,0.29377404188630857,0.38784014881254275
0.48289597000937207,0.2936315714489243,0.3878595723908882
0.48277478322006095,0.29348910101154013,0.38792951998384073
0.48300117233294254,0.29348910101154013,0.3879585083579789
0.4828799249530957,0.2933466305741559,0.3879657235724887
0.48299319727891155,0.2933466305741559,0.3879674332910575
0.48287189113092444,0.29320416013677164,0.3881163887874129
0.4830985915492958,0.29320416013677164,0.388143877828586
0.482977224700634,0.2930616896993874,0.38823006845381297
0.48285580084546736,0.29291921926200315,0.3882596430815595
0.4829692271552737,0.29291921926200315,0.38826450104582455
0.4828477443609023,0.2927767488246189,0.38827422817084434
0.483188337644016,0.2927767488246189,0.38843370368696645
0.4830667920978363,0.29263427838723466,0.38851689034134945
0.4829451893672077,0.2924918079498504,0.3885557947612383
0.4828235294117647,0.29234933751246617,0.38863198454304515
0.4827018121911038,0.2922068670750819,0.3887376136665923
0.4828154425612053,0.2922068670750819,0.3887846330166744
0.4826936661172592,0.2920643966376977,0.3887857400680634
0.4829210836277974,0.2920643966376977,0.3888357832129671
0.482799245994345,0.29192192620031343,0.388954749082048
0.48348277489381786,0.29192192620031343,0.3892295179390085
0.48336086853906063,0.2917794557629292,0.3892990055189578
0.48347497639282344,0.2917794557629292,0.3893877770799577
0.4833530106257379,0.29163698532554494,0.38941240891501017
0.48392434988179667,0.29163698532554494,0.38953746171306297
0.4838023173327028,0.2914945148881607,0.38961257875870714
0.4842603550295858,0.2914945148881607,0.3899038345798808
0.48413825757575757,0.29135204445077645,0.38990664328177166
0.484252900781435,0.29135204445077645,0.38991598293047375
0.48413074372335385,0.2912095740133922,0.38996999917711395
0.4842454394693201,0.2912095740133922,0.38998439772959487
0.48412322274881514,0.29106710357600796,0.39011246054085197
0.4840009480919649,0.2909246331386237,0.39015809879931473
0.48387861545756283,0.29078216270123947,0.39016459509340595
0.4837562248043633,0.2906396922638553,0.3901720113330599
0.4836337760910816,0.29049722182647103,0.3902406380546908
0.48386331276696726,0.29049722182647103,0.39035667913001243
0.4837408022786613,0.2903547513890868,0.3903589185939753
0.4839705533127523,0.2903547513890868,0.3904066674291496
0.4838479809976247,0.29021228095170254,0.39041562683915476
0.4839629365645046,0.29021228095170254,0.3904318765362225
0.4838403041825095,0.2900698105143183,0.39044622038649657
0.48441589340946944,0.2900698105143183,0.3907120482517367
0.48429319371727747,0.28992734007693405,0.3907233930973262
0.484408474172816,0.28992734007693405,0.3907666034720787
0.48428571428571426,0.2897848696395498,0.39078092366470746
0.4845164363982849,0.2897848696395498,0.3908218770746846
0.484393614486538,0.28964239920216556,0.3908316659069326
0.48497137404580154,0.28964239920216556,0.39094890148800593
0.48484848484848486,0.2894999287647813,0.39097295433373996
0.4847255369928401,0.28935745832739707,0.3909982931181567
0.4846025304368584,0.2892149878900128,0.3910157993003046
0.48471824259789875,0.2892149878900128,0.39101899967879306
0.48459517554334847,0.2890725174526286,0.39104205699123884
0.484472049689441,0.28893004701524433,0.3910479039776284
0.4847036328871893,0.28893004701524433,0.3910885162758306
0.4845804446569448,0.2887875765778601,0.3911432147310455
0.4846963175514108,0.2887875765778601,0.3911480910347516
0.4845730686438651,0.28864510614047584,0.39119339894066046
0.484688995215311,0.28864510614047584,0.3912574669993465
0.48456568557071067,0.2885026357030916,0.39130302062058997
0.48468166586883676,0.2885026357030916,0.39132448072429066
0.4845582954273402,0.28836016526570735,0.3913555002949732
0.48443486590038315,0.2882176948283231,0.39139465374610893
0.48466698610445613,0.2882176948283231,0.3916306667162196
0.4845434938892883,0.28807522439093886,0.3917677456093566
0.48524118070554356,0.28807522439093886,0.39209548419843193
0.48511761881901105,0.2879327539535546,0.3921081148171073
0.4849939975990396,0.2877902835161704,0.3921290238044088
0.48487031700288186,0.2876478130787862,0.3921386997118547
0.4847465769877492,0.28750534264140193,0.39214027054859774
0.4848630466122057,0.28750534264140193,0.39215391716278336
0.4847392453737082,0.2873628722040177,0.3922008768094471
0.4846153846153846,0.28722040176663344,0.3922277874443736
0.4844914642943015,0.2870779313292492,0.3922585778966523
0.4843674843674844,0.28693546089186495,0.39226587190940077
0.48448400288669713,0.28693546089186495,0.3922764736953538
0.48435996150144367,0.2867929904544807,0.39230378221285656
0.4842358604091456,0.28665052001709646,0.39233935498936556
0.4849361291877561,0.28665052001709646,0.3924939081266155
0.4848119575699132,0.2865080495797122,0.39250588376767753
0.4846877260670364,0.28636557914232796,0.3925496049243437
0.48480463096960924,0.28636557914232796,0.3925779490306892
0.48468033775633296,0.2862231087049437,0.3926109956113429
0.4856175972927242,0.2862231087049437,0.39283420968539334
0.48549323017408125,0.2860806382675595,0.3928903828583882
0.4861985472154964,0.2860806382675595,0.39304946058104984
0.48607410995398403,0.2859381678301752,0.39312494227382777
0.48594961240310075,0.285795697392791,0.39315780113758275
0.4860673612793797,0.285795697392791,0.39316205691017503
0.4859428017450315,0.28565322695540674,0.3931778128819709
0.4858181818181818,0.2855107565180225,0.3932139263659503
0.4859359844810863,0.2855107565180225,0.393277509341991
0.4858113024496726,0.28536828608063824,0.3934247424113123
0.4864011656143759,0.28536828608063824,0.3935746191044043
0.48627641486519313,0.285225815643254,0.3936275511750267
0.4867493313882811,0.285225815643254,0.39373863510549434
0.48662451361867703,0.2850833452058698,0.3937500675337147
0.4867428849428363,0.2850833452058698,0.3938168377384696
0.48661800486618007,0.28494087476848556,0.3938223864481493
0.4867364322219518,0.28494087476848556,0.3938431989036103
0.48661148977604674,0.2847984043311013,0.3938788046304654
0.48696711327649206,0.2847984043311013,0.3939290615313155
0.4868421052631579,0.2846559338937171,0.393933866492077
0.48671703631489155,0.2845134634563328,0.3939825491744927
0.4887420460107685,0.2845134634563328,0.3945709983882763
0.4886168910648715,0.2843709930189486,0.39457913727509236
0.4887365328109696,0.2843709930189486,0.39458770776685725
0.4886113152094049,0.28422852258156434,0.39464483884685575
0.48848603625673687,0.2840860521441801,0.39464623924415765
0.4889651790093183,0.2840860521441801,0.3947862944438223
0.48883983321069413,0.28394358170679584,0.3947894247923185
0.489079754601227,0.28394358170679584,0.39482373133130805
0.4889543446244477,0.2838011112694116,0.3948370472327367
0.48931466470154755,0.2838011112694116,0.39498971722497145
0.4891891891891892,0.28365864083202735,0.3950084216707881
0.4893094126320963,0.28365864083202735,0.395034205083833
0.48918387413962633,0.2835161703946431,0.39506412807306474
0.4893041553970986,0.2835161703946431,0.39506510677131823
0.4891785538612887,0.28337369995725886,0.3950712757950679
0.4891732283464567,0.2832312295198746,0.3951846186594253
0.4894140817331364,0.2832312295198746,0.39522036873046457
0.48928835262250675,0.28308875908249037,0.3952224514522011
0.4894088669950739,0.28308875908249037,0.39525990575112957
0.4892830746489283,0.2829462886451061,0.3952651123985672
0.48952427902390927,0.2829462886451061,0.39539945997434905
0.48939842209072976,0.2828038182077219,0.39560797642286316
0.48927250308261405,0.28266134777033763,0.3956356625370932
0.4893931919092255,0.28266134777033763,0.3956734423286813
0.48926720947446334,0.2825188773329534,0.39571767025849386
0.4895087632683288,0.2825188773329534,0.39575364404512337
0.4893827160493827,0.28237640689556914,0.3957823822281242
0.48962450592885376,0.28237640689556914,0.3958387784596203
0.48949839387200395,0.28223393645818495,0.3958556733871205
0.48974042027194065,0.28223393645818495,0.3959333504143345
0.4896142433234421,0.2820914660208007,0.3959535724749502
0.4897353450408113,0.2820914660208007,0.3959791347226903
0.48960910440376054,0.28194899558341646,0.3960106906207997
0.48985148514851484,0.28194899558341646,0.3961482161519557
0.4897251794998762,0.2818065251460322,0.396159281657868
0.48959881129271915,0.28166405470864797,0.3962427808820309
0.48972008917513005,0.28166405470864797,0.39625730511634394
0.489593657086224,0.2815215842712637,0.39637807919296775
0.48946716232961585,0.2813791138338795,0.39638124964408095
0.4897098933796182,0.2813791138338795,0.39649523461882724
0.4895833333333333,0.28123664339649523,0.39651284336561055
0.4897047878938229,0.28123664339649523,0.3965294179520656
0.48957816377171215,0.281094172959111,0.3965812039896285
0.48994288552272164,0.281094172959111,0.3967928992057766
0.4898161947342275,0.28095170252172674,0.39680697937129294
0.4900596421471173,0.28095170252172674,0.3968235622887952
0.4899328859060403,0.2808092320843425,0.3968280422975328
0.49005469915464944,0.2808092320843425,0.39685436845264893
0.4899278786371549,0.28066676164695825,0.39691268852388567
0.4898009950248756,0.280524291209574,0.396920494970704
0.4901667911376649,0.280524291209574,0.39707565806620865
0.4900398406374502,0.28038182077218976,0.3970800664880129
0.4899128268991283,0.2802393503348055,0.39712063645878076
0.49040139616055844,0.2802393503348055,0.3971911545288358
0.4902743142144638,0.28009687989742127,0.39719855848819113
0.4901471688700424,0.279954409460037,0.39720523401147956
0.49001996007984033,0.2798119390226528,0.39721021925185207
0.48989268779635636,0.27966946858526853,0.397289433993759
0.48976535197204196,0.2795269981478843,0.3973272084173479
0.48963795255930087,0.2793845277105001,0.39734898239205324
0.4898825880589558,0.2793845277105001,0.3974399485035692
0.4897551224387806,0.27924205727311585,0.3974557762650349
0.48962759310172455,0.2790995868357316,0.3974844958353095
0.4898724681170293,0.2790995868357316,0.39753669311900697
0.4897448724362181,0.27895711639834736,0.39755869190121584
0.49011264080100125,0.27895711639834736,0.3976573351664301
0.4899849774661993,0.2788146459609631,0.3977113084372757
0.4902304609218437,0.2788146459609631,0.3977659335741379
0.4901027311450764,0.27867217552357887,0.3977693694237539
0.49022556390977445,0.27867217552357887,0.3978072048204715
0.49009776886437706,0.2785297050861946,0.39783175046734537
0.4899699097291876,0.2783872346488104,0.3978624012347598
0.4909547738693467,0.2783872346488104,0.3982854606956401
0.4908268409148027,0.27824476421142613,0.39830205080116704
0.4906988436400201,0.2781022937740419,0.39835670370690407
0.49057078199647974,0.27795982333665764,0.39840089152153163
0.4906941649899396,0.27795982333665764,0.3985060747047877
0.49056603773584906,0.2778173528992734,0.3985244115731699
0.4904378459989935,0.27767488246188915,0.3985432870912243
0.4903095897306821,0.2775324120245049,0.39863095313434493
0.4904330312185297,0.2775324120245049,0.39867238625796325
0.4903047091412742,0.27738994158712066,0.39869248602743457
0.49067540322580644,0.27738994158712066,0.3988733000527701
0.4905470128560625,0.2772474711497364,0.3988776843065718
0.4904185577407968,0.27710500071235217,0.39900555488088135
0.4905422446406053,0.27710500071235217,0.39903430871112594
0.49041372351160445,0.2769625302749679,0.3990439058171868
0.49028513752207925,0.2768200598375837,0.39914672997017653
0.4904088844018173,0.2768200598375837,0.39915275069465256
0.4902802322645797,0.2766775894001995,0.3991840395478717
0.49015151515151517,0.27653511896281524,0.3991911564794245
0.4900227330133872,0.276392648525431,0.39922669385495047
0.4901465386558868,0.276392648525431,0.39923038526578714
0.4900176901693202,0.27625017808804675,0.39930440589573485
0.48988877654196156,0.2761077076506625,0.39931350636081653
0.4897597977243995,0.27596523721327826,0.3993893393704357
0.48963075366717246,0.275822766775894,0.39940654215009486
0.48950164432076904,0.27568029633850977,0.3995006260227187
0.4896255060728745,0.27568029633850977,0.3995566150158772
0.48949633004302706,0.2755378259011255,0.3995598021463837
0.4893670886075949,0.2753953554637413,0.39967235474742563
0.48923778171689036,0.27525288502635703,0.3996887217820598
0.48936170212765956,0.27525288502635703,0.3997156645462964
0.48923232835064606,0.2751104145889728,0.3997612596096426
0.4893563101875317,0.2751104145889728,0.39976158075913015
0.4892268694550063,0.27496794415158854,0.39987640751043774
0.4890973630831643,0.2748254737142043,0.39991165673350126
0.48946967774676475,0.2748254737142043,0.40002105580102437
0.48934010152284263,0.27468300327682005,0.40006428213873013
0.48946433104848946,0.27468300327682005,0.400075133719374
0.48933468765871,0.2745405328394358,0.4001000203460674
0.4892049784099568,0.27439806240205156,0.4001075307021164
0.4893292682926829,0.27439806240205156,0.4001610824733802
0.4893238434163701,0.2742555919646673,0.40018330288304116
0.48982188295165396,0.2742555919646673,0.40039369656643203
0.48969203359633495,0.27411312152728307,0.40039953509376586
0.49019108280254775,0.27411312152728307,0.400652910197111
0.4900611620795107,0.2739706510898988,0.4006965170341115
0.49056122448979594,0.2739706510898988,0.400753027988356
0.4904312324572595,0.27382818065251463,0.40079400414149186
0.49068164411539444,0.27382818065251463,0.4009029847085052
0.49055158324821246,0.2736857102151304,0.4010615925394356
0.4904214559386973,0.27354323977774614,0.40106359870964414
0.4909230375862951,0.27354323977774614,0.40121829137057197
0.4907928388746803,0.2734007693403619,0.4012287255008249
0.49066257354822207,0.27325829890297765,0.4012304265712135
0.490532241555783,0.2731158284655934,0.4012378631283309
0.49040184284617355,0.27297335802820916,0.4012379742860468
0.4905273937532002,0.27297335802820916,0.4012503876139532
0.49039692701664533,0.2728308875908249,0.4012536140672398
0.490773962070733,0.2728308875908249,0.4014054525670892
0.4906434247628813,0.27268841715344067,0.4014128037090772
0.4908951013080277,0.27268841715344067,0.4014206746699442
0.49076449461262184,0.2725459467160564,0.40142301367059957
0.4910164271047228,0.2725459467160564,0.4015164843382771
0.49088575096277276,0.2724034762786722,0.4015187679544432
0.49075500770416025,0.27226100584128793,0.40159141591195174
0.49113338473400153,0.27226100584128793,0.40176435321766546
0.4910025706940874,0.2721185354039037,0.4018118196365331
0.4912551440329218,0.2721185354039037,0.4018444700524905
0.4911242603550296,0.27197606496651944,0.40187756705215494
0.49163018284831317,0.27197606496651944,0.40192722835000866
0.49149922720247297,0.2718335945291352,0.40193853534058277
0.4913682040711157,0.27169112409175095,0.4019818360422077
0.49123711340206183,0.2715486536543667,0.40199034753881263
0.4911059551430781,0.27140618321698246,0.4020303276364448
0.4913592984266185,0.27140618321698246,0.4021954581929404
0.49122807017543857,0.2712637127795982,0.4022195667882402
0.4910967741935484,0.27112124234221396,0.4022287211555593
0.4909654104284977,0.2709787719048298,0.4022824986912884
0.49083397882778207,0.27083630146744553,0.4023017858381025
0.490702479338843,0.2706938310300613,0.4023036580183603
0.49057091190906743,0.27055136059267704,0.40231266752983796
0.4908245024554148,0.27055136059267704,0.4024655181653638
0.4906928645294726,0.2704088901552928,0.4024817565526684
0.49056115852081716,0.27026641971790855,0.4025373142275097
0.4910691172663733,0.27026641971790855,0.40264676934714844
0.490937338166753,0.2701239492805243,0.40266759711088396
0.49106449106449107,0.2701239492805243,0.4027407652548834
0.49093264248704666,0.26998147884314005,0.4027429912781654
0.49105986006737495,0.26998147884314005,0.4027576741881945
0.4909279419388284,0.2698390084057558,0.40281720741391996
0.49079595540575577,0.26969653796837156,0.40292740411672934
0.49066390041493774,0.2695540675309873,0.4029325953612737
0.49091852620653864,0.2695540675309873,0.40299623906202064
0.4907864002076304,0.2694115970936031,0.40299780868347757
0.49091381100726894,0.2694115970936031,0.4030201002912155
0.4907816151648922,0.2692691266562188,0.4030800960954218
0.4914196567862715,0.2692691266562188,0.40317235390591166
0.49128738621586476,0.2691266562188346,0.40318362552289
0.4911550468262227,0.26898418578145034,0.40321910465205935
0.49153866180682115,0.26898418578145034,0.4032901852988009
0.49140625,0.2688417153440661,0.4033431208988812
0.49127376921073196,0.26869924490668184,0.40334623382415985
0.4911412193850964,0.2685567744692976,0.4033603372481113
0.49191022964509395,0.2685567744692976,0.40369619776237964
0.4917776037588097,0.26841430403191335,0.4037333035433759
0.491644908616188,0.2682718335945291,0.4037344605887564
0.49151214416296685,0.2681293631571449,0.4037363293212105
0.49137931034482757,0.26798689271976067,0.4037536804860653
0.4915077083877711,0.26798689271976067,0.4038229166354654
0.4913748039728176,0.2678444222823764,0.4038288781268158
0.4912418300653595,0.2677019518449922,0.40393462074416997
0.49110878661087864,0.26755948140760794,0.4039375673142203
0.4909756735547999,0.2674170109702237,0.4039591221538641
0.4908424908424908,0.26727454053283944,0.40400557201516946
0.49070923841926195,0.2671320700954552,0.4040144873485424
0.4908376963350785,0.2671320700954552,0.40406349435995403
0.4907043728724797,0.26698959965807095,0.4041228254113023
0.49057097957045576,0.2668471292206867,0.40415928254431255
0.4908280922431866,0.2668471292206867,0.4042408385155092
0.490694626474443,0.26670465878330246,0.40425406656442026
0.49056109071840587,0.2665621883459182,0.40427217973251184
0.49081846799580275,0.2665621883459182,0.4044118499520015
0.49068485961689845,0.26641971790853397,0.40449949355173276
0.49081364829396323,0.26641971790853397,0.40452834637884283
0.49067996849566814,0.2662772474711497,0.40466585555521745
0.49054621848739494,0.2661347770337655,0.4047043799355618
0.49067507223535595,0.2661347770337655,0.40471379103377897
0.4905412506568576,0.26599230659638123,0.404770021542993
0.4906701708278581,0.26599230659638123,0.40478749501214994
0.49053627760252366,0.265849836158997,0.40499703455540875
0.4907943187795897,0.265849836158997,0.40502039093783637
0.4906603525388056,0.26570736572161274,0.4050508280736762
0.49078947368421055,0.26570736572161274,0.40506435712866773
0.49065543564095815,0.2655648952842285,0.40508398866883577
0.4911725955204216,0.2655648952842285,0.4051468194375619
0.49103848181338955,0.2654224248468443,0.4051472304126687
0.4911679409438439,0.2654224248468443,0.4051652027384874
0.49103375527426163,0.26527995440946006,0.4051661846198201
0.4911632814560802,0.26527995440946006,0.4052229052220627
0.4910290237467018,0.2651374839720758,0.4052806010260174
0.4912882787750792,0.2651374839720758,0.40534245510532135
0.49115394771587007,0.26499501353469157,0.40535087236417205
0.49101954569466455,0.2648525430973073,0.40535792768932016
0.49088507265521797,0.2647100726599231,0.40544237532705235
0.49101479915433405,0.2647100726599231,0.4054698802342371
0.4908802537668517,0.26456760222253883,0.40548917789371425
0.4910100475938657,0.26456760222253883,0.4055217701859857
0.4908754297804814,0.2644251317851546,0.4055339872902829
0.491005291005291,0.2644251317851546,0.40554020194448415
0.4908706006880127,0.26428266134777034,0.40565040133122743
0.49191195969238927,0.26428266134777034,0.4059407515995322
0.4917771883289125,0.2641401909103861,0.40594432716825896
0.4916423454497214,0.26399772047300185,0.4059801538071945
0.49150743099787686,0.2638552500356176,0.405999494772939
0.49163790814972125,0.2638552500356176,0.40609608260666047
0.4915029208709506,0.26371277959823336,0.40611154962949797
0.49176408076514344,0.26371277959823336,0.40620444954755947
0.49162901939941533,0.2635703091608491,0.40621019101825506
0.4914938862307283,0.26342783872346487,0.4062253340601258
0.4920170303352847,0.26342783872346487,0.4062536561355206
0.4918818206015438,0.2632853682860806,0.406283924377551
0.4917465388711395,0.2631428978486964,0.40628853003112686
0.4920085242408098,0.2631428978486964,0.40638407283175276
0.4918731681321609,0.26300042741131213,0.406404380562755
0.49173773987206826,0.2628579569739279,0.4064190657252596
0.49160223940282594,0.26271548653654364,0.40643496516158906
0.49146666666666666,0.26257301609915945,0.4064498216011049
0.49172892209178226,0.26257301609915945,0.4066099931322147
0.49159327461969576,0.2624305456617752,0.40661090791964993
0.49172450613988256,0.2624305456617752,0.40664331799851333
0.491588785046729,0.26228807522439096,0.4066941256917679
0.49172008547008544,0.26228807522439096,0.40673304759801326
0.4915842906759284,0.2621456047870067,0.4067708149841976
0.492110189890345,0.2621456047870067,0.40693378045594397
0.49197431781701445,0.26200313434962247,0.40704609870753167
0.493029490616622,0.26200313434962247,0.4072814278133612
0.4928935371413248,0.2618606639122382,0.40729768916097153
0.4932903918411165,0.2618606639122382,0.4073819324079307
0.4931543624161074,0.261718193474854,0.40742760817627954
0.49301825993555315,0.26157572303746973,0.40747580095036495
0.4934157484547165,0.26157572303746973,0.4079571754181202
0.4932795698924731,0.2614332526000855,0.40796037722253636
0.49314331809626244,0.26129078216270124,0.40802414839059586
0.4939402100727175,0.26129078216270124,0.4081466198788308
0.4938038793103448,0.261148311725317,0.4082010357002443
0.493667475074104,0.26100584128793275,0.4082401102808693
0.493800539083558,0.26100584128793275,0.40824650354129616
0.4936640603936371,0.2608633708505485,0.40829608074804247
0.4939304019422714,0.2608633708505485,0.40831619011332104
0.4937938478143551,0.26072090041316426,0.4083215994041828
0.4939271255060729,0.26072090041316426,0.40834822697650236
0.49379049676025916,0.26057842997578,0.4083663655842688
0.49405726634251756,0.26057842997578,0.4083941240071946
0.4939205620102675,0.26043595953839577,0.40853427530181136
0.4941876182752095,0.26043595953839577,0.4086529722945676
0.4940508382909681,0.2602934891010115,0.4086679338507267
0.49418447389775494,0.2602934891010115,0.408701609589724
0.49404761904761907,0.2601510186636273,0.40871876657311385
0.4939106901217862,0.26000854822624303,0.4087310964057852
0.4941781749255348,0.26000854822624303,0.4088496538265411
0.49404117009750814,0.2598660777888588,0.4089577247351709
0.4948453608247423,0.2598660777888588,0.40928393791020645
0.494708276797829,0.2597236073514746,0.4093069583297907
0.4951113525258012,0.2597236073514746,0.409390653851129
0.4949741917957077,0.25958113691409035,0.40944694376043617
0.49483695652173915,0.2594386664767061,0.40951399208496864
0.49469964664310956,0.25929619603932186,0.4095662304463398
0.4948341489940185,0.25929619603932186,0.4095678166794935
0.4946967636660321,0.2591537256019376,0.40961202408633085
0.49483133841131666,0.2591537256019376,0.4096124197931359
0.4946938775510204,0.25901125516455337,0.40968744091412457
0.4950980392156863,0.25901125516455337,0.40986134296833865
0.494960501225824,0.2588687847271691,0.410023716451482
0.4950953678474114,0.2588687847271691,0.41002449660231305
0.4949577541564459,0.2587263142897849,0.41031849568613893
0.4959038776624795,0.2587263142897849,0.4107794891266989
0.4957661841027042,0.25858384385240063,0.4108304980928498
0.49562841530054647,0.2584413734150164,0.41085078790789187
0.4954905711943154,0.25829890297763214,0.41090958301917946
0.49576155318567133,0.25829890297763214,0.41092178467596546
0.49562363238512036,0.2581564325402479,0.41094595290811875
0.4954856361149111,0.25801396210286365,0.4110219718664048
0.4953475643130816,0.2578714916654794,0.41105903970036334
0.49520941691760195,0.25772902122809516,0.4110753448171769
0.4950711938663746,0.2575865507907109,0.41110505147614756
0.4954782132090984,0.2575865507907109,0.4111751708610434
0.49533991228070173,0.25744408035332667,0.41119179393426547
0.49561162918266594,0.25744408035332667,0.41141983858419867
0.49547325102880657,0.2573016099159424,0.41163167700610676
0.49601757758857457,0.2573016099159424,0.41185631213083995
0.4958791208791209,0.2571591394785582,0.4119324971746717
0.49628814957382456,0.2571591394785582,0.412096514083866
0.4961496149614962,0.257016669041174,0.4121321985935366
0.4960110041265475,0.25687419860378974,0.41215114103616796
0.49587231700605394,0.2567317281664055,0.4121703973803477
0.49573355353702175,0.25658925772902125,0.4121724571694038
0.4955947136563877,0.256446787291637,0.41219858025409034
0.49627791563275436,0.256446787291637,0.412412950021949
0.49613899613899615,0.25630431685425276,0.41250358736083326
0.4962758620689655,0.25630431685425276,0.4125893218590293
0.49613686534216334,0.2561618464168685,0.4126413240257375
0.495997791885178,0.25601937597948426,0.41267138968125056
0.4964088397790055,0.25601937597948426,0.41283932302272214
0.49626968775904945,0.2558769055421,0.4128522781194832
0.4965440973182195,0.2558769055421,0.4129684821359362
0.4964048672566372,0.2557344351047158,0.41303351681508
0.4968170495433158,0.2557344351047158,0.4131297733712776
0.49667774086378735,0.25559196466733153,0.4131528965049072
0.4968152866242038,0.25559196466733153,0.4132297739237167
0.4966759002770083,0.2554494942299473,0.41323715607166356
0.49708899362350983,0.2554494942299473,0.4133443573833004
0.49694952856350527,0.25530702379256304,0.4134040231781763
0.49680998613037447,0.2551645533551788,0.4134048958774495
0.49694783573806883,0.2551645533551788,0.4134650243186645
0.4968082153760755,0.25502208291779455,0.4134682549506331
0.4966685174902832,0.2548796124804103,0.41347387196515467
0.4968064426548181,0.2548796124804103,0.4134740456742987
0.49666666666666665,0.25473714204302605,0.41350344736691635
0.49694274596998333,0.25473714204302605,0.4135127919596259
0.49680289129830413,0.2545946716056418,0.41353752054130577
0.4966629588431591,0.25445220116825756,0.4136001529428935
0.4965229485396384,0.2543097307308733,0.4136359917319434
0.49679933203451154,0.2543097307308733,0.4136709081592148
0.49665924276169265,0.25416726029348913,0.4137770052038387
0.49651907546644386,0.2540247898561049,0.41379806046842627
0.4963788300835655,0.25388231941872064,0.41393472389422814
0.4962385065477849,0.2537398489813364,0.41394520517810934
0.4972082635399218,0.2537398489813364,0.4142070822848612
0.4970678581401843,0.25359737854395215,0.41421240933555425
0.4972067039106145,0.25359737854395215,0.4142189269166238
0.49706621961441744,0.2534549081065679,0.41426204796421684
0.4974832214765101,0.2534549081065679,0.41441809355748216
0.49734265734265737,0.25331243766918365,0.41455324466826843
0.49720201454952434,0.2531699672317994,0.41455691104275805
0.4977591036414566,0.2531699672317994,0.4146815323983078
0.49761838049873913,0.25302749679441516,0.4146939778155654
0.4978973927670311,0.25302749679441516,0.41473982479881805
0.4977565900168256,0.2528850263570309,0.4148050067069387
0.4976157082748948,0.25274255591964667,0.4148054344885898
0.49789503227617177,0.25274255591964667,0.4149604434398657
0.49775407074677147,0.2526000854822624,0.41502348001011885
0.4976130300477394,0.2524576150448782,0.41506955232432513
0.49775280898876406,0.2524576150448782,0.41509383657801363
0.49761168867659455,0.25231514460749394,0.4151010254890326
0.4974704890387858,0.2521726741701097,0.415141340798566
0.49732921000843405,0.25203020373272544,0.4151523755647044
0.49718785151856015,0.2518877332953412,0.41531581575739673
0.4970464135021097,0.25174526285795695,0.4153293093004319
0.49690489589195275,0.2516027924205727,0.4153561237770049
0.49704475091471995,0.2516027924205727,0.41546857351378536
0.49690315315315314,0.25146032198318846,0.4154800703238793
0.4967614756406646,0.25131785154580427,0.41559163796049897
0.49690140845070424,0.25131785154580427,0.41562793678805343
0.49675965060580446,0.25117538110842,0.4156780049977009
0.49703975190301664,0.25117538110842,0.41576151977805464
0.49689791314156795,0.2510329106710358,0.4158017534822257
0.4971783295711061,0.2510329106710358,0.41592980220836695
0.4970364098221846,0.25089044023365153,0.4160167556488783
0.49745762711864405,0.25089044023365153,0.4160846785850572
0.4973156258830178,0.2507479697962673,0.4161165113501693
0.4981602037928106,0.2507479697962673,0.4163312825879053
0.4980181200453001,0.25060549935888304,0.41649358313931445
0.498300283286119,0.25060549935888304,0.41656580815531313
0.4981581184471522,0.2504630289214988,0.4165979024884017
0.49829931972789115,0.2504630289214988,0.4166661121617463
0.4981570740005671,0.25032055848411455,0.41669604194328524
0.49801474758933634,0.2501780880467303,0.4167201932017011
0.4978723404255319,0.25003561760934606,0.41674801259757716
0.49801362088535756,0.25003561760934606,0.4168258421849858
0.49787113255747945,0.24989314717196182,0.41683158347970123
0.49772856331629756,0.24975067673457757,0.4168568009911183
0.49758591309287137,0.24960820629719332,0.41685803110208725
0.4978687127024723,0.24960820629719332,0.41690172044783025
0.4977259806708357,0.24946573585980908,0.41694983960125626
0.4975831674722775,0.24932326542242483,0.4169926296290541
0.49772468714448237,0.24932326542242483,0.4170435445811525
0.4975817923186344,0.24918079498504062,0.4170555153990364
0.49786507258753204,0.24918079498504062,0.41710621833829276
0.4977220956719818,0.24903832454765637,0.41710925861361675
0.4975790373113073,0.24889585411027212,0.41711902225615105
0.4984308131241084,0.24889585411027212,0.4171663384532595
0.4982876712328767,0.24875338367288788,0.4171945930604611
0.49814444761632887,0.24861091323550363,0.41721797464537896
0.49842902027992003,0.24861091323550363,0.41725377828851495
0.4982857142857143,0.2484684427981194,0.41728045082500975
0.49814232637896544,0.24832597236073514,0.41728410283705103
0.49799885648942255,0.2481835019233509,0.417329226855521
0.4985689753863766,0.2481835019233509,0.4174984622006289
0.49842542227311765,0.24804103148596665,0.4175280499407201
0.4988538681948424,0.24804103148596665,0.41771872174351843
0.49871023215821153,0.2478985610485824,0.41773494769780567
0.4988532110091743,0.2478985610485824,0.4178042002124187
0.4987094924003441,0.2477560906111982,0.41789781258256214
0.4985656913367757,0.24761362017381394,0.41789815307664235
0.49885189437428246,0.24761362017381394,0.4179246947048664
0.49870801033591733,0.2474711497364297,0.4179659626813844
0.4989945417983338,0.2474711497364297,0.4180094965985343
0.49885057471264366,0.24732867929904545,0.41804267938876355
0.4987065248634665,0.2471862088616612,0.4180630372581653
0.49856239217941345,0.24704373842427696,0.41807032615870376
0.4984181765890135,0.24690126798689271,0.4181130327302752
0.4982738780207135,0.24675879754950847,0.41814648870938836
0.4987042902389865,0.24675879754950847,0.41828965715281347
0.49870354364736386,0.24661632711212422,0.4183731506138005
0.49942296595499136,0.24661632711212422,0.4185735146063427
0.49927849927849927,0.24647385667474,0.41861393329926466
0.5005787037037037,0.24647385667474,0.41917215140358494
0.5004341534008683,0.24633138623735576,0.4191800961738981
0.5002895193977996,0.2461889157999715,0.41929059823936565
0.5005793742757821,0.2461889157999715,0.4193568409608004
0.5004346566212692,0.24604644536258727,0.41943391319828494
0.5002898550724638,0.24590397492520302,0.41957875503198305
0.5001449695563932,0.24576150448781878,0.4196119048533493
0.5004351610095735,0.24576150448781878,0.41962101960229375
0.5002901915264074,0.24561903405043453,0.41962936162037623
0.5005807200929152,0.24561903405043453,0.41966152763274606
0.5004356665698518,0.24547656361305029,0.41968363918890855
0.5008720930232559,0.24547656361305029,0.4197824104676695
0.5007269555103228,0.24533409317566604,0.41986720291743
0.5005817335660268,0.2451916227382818,0.4199148161202041
0.5011648223645894,0.2451916227382818,0.4202737283532248
0.5010195164579085,0.24504915230089758,0.420338974496364
0.5013115709705626,0.24504915230089758,0.4203915956407213
0.5011661807580174,0.24490668186351333,0.4204079627026198
0.5020443925233645,0.24490668186351333,0.4207040443760387
0.5018989190768331,0.24476421142612909,0.42070632398631286
0.502633118782914,0.24476421142612909,0.42102289772137114
0.5024875621890548,0.24462174098874484,0.4211086148075817
0.5023419203747073,0.2444792705513606,0.42112702278343883
0.5026362038664324,0.2444792705513606,0.4211821463351963
0.5024904775857018,0.24433680011397635,0.4211874405279823
0.503375403580863,0.24433680011397635,0.4215571096732625
0.5032295948326483,0.2441943296765921,0.4216024779443989
0.5030837004405286,0.24405185923920786,0.42166495329941084
0.5029377203290247,0.2439093888018236,0.42179026234662603
0.5027916544225683,0.24376691836443937,0.4218182372111362
0.5030873272566893,0.24376691836443937,0.42198328912861116
0.5029411764705882,0.24362444792705515,0.4220291503981997
0.5027949396881436,0.2434819774896709,0.42208037918423086
0.5032391048292109,0.2434819774896709,0.4221286015903878
0.5030927835051546,0.24333950705228666,0.4221601401463846
0.5029463759575722,0.2431970366149024,0.4221677099260649
0.502799882110227,0.24305456617751817,0.4222462113033101
0.5032448377581121,0.24305456617751817,0.42243791791871654
0.503098259073473,0.24291209574013392,0.42243962418863973
0.5033953351048125,0.24291209574013392,0.42256835198551057
0.503248670998228,0.24276962530274968,0.4226078990978401
0.5031019202363368,0.24262715486536543,0.42263700296111406
0.5029550827423168,0.24248468442798118,0.42268594807318605
0.5028081584392551,0.24234221399059694,0.422747575864835
0.5031055900621118,0.24234221399059694,0.4228546091998365
0.5029585798816568,0.24219974355321272,0.42302482103540373
0.5031074282332051,0.24219974355321272,0.4230429329733168
0.5029603315571344,0.24205727311582848,0.4230970331375347
0.5031092685815813,0.24205727311582848,0.423100414401113
0.5029620853080569,0.24191480267844423,0.423110098013381
0.5032602252519265,0.24191480267844423,0.42315849189556853
0.5031129558256745,0.24177233224105998,0.42320602613204245
0.5029655990510083,0.24162986180367574,0.42324472743302854
0.5032640949554896,0.24162986180367574,0.42331637429533225
0.5031166518254675,0.2414873913662915,0.4233238426447207
0.5032660332541568,0.2414873913662915,0.4233386913619743
0.5031185031185031,0.24134492092890725,0.423388050090369
0.5029708853238265,0.241202450491523,0.4234090370109237
0.503269916765755,0.241202450491523,0.42352298736670546
0.5031222123104371,0.24105998005413876,0.4236531667753715
0.5029744199881023,0.2409175096167545,0.4236861488793235
0.5028265397203213,0.2407750391793703,0.42373256094802
0.5026785714285714,0.24063256874198605,0.42373470518623546
0.5025305150342364,0.2404900983046018,0.4237538600357836
0.5023823704586063,0.24034762786721756,0.4237742773816904
0.5025320226392612,0.24034762786721756,0.42378389892172247
0.5023837902264601,0.2402051574298333,0.4237953432312957
0.5026833631484794,0.2402051574298333,0.42382273997457376
0.5025350432448553,0.24006268699244906,0.42382692894747676
0.5026849642004774,0.24006268699244906,0.4239165590232191
0.5025365562518651,0.23992021655506482,0.4239204300720162
0.5029868578255675,0.23992021655506482,0.42402386919299295
0.5028383627128772,0.23977774611768057,0.42407497883946443
0.5026897788404064,0.23963527568029633,0.42416282158983704
0.5029904306220095,0.23963527568029633,0.4242860968028698
0.5028417588991924,0.23949280524291208,0.42432506288353006
0.5026929982046678,0.23935033480552786,0.42433819832446135
0.5028434600419036,0.23935033480552786,0.42437527177552026
0.5026946107784431,0.23920786436814362,0.4244438956082084
0.5032973621103117,0.23920786436814362,0.4245256129270021
0.5031484257871065,0.23906539393075937,0.4245464332843638
0.502999400119976,0.23892292349337513,0.42455777057523797
0.5028502850285028,0.23878045305599088,0.4246782075505976
0.5033033033033033,0.23878045305599088,0.42483825314026263
0.5031541003304295,0.23863798261860664,0.4248830092308063
0.5030048076923077,0.2384955121812224,0.42490254305544983
0.5028554253080854,0.23835304174383815,0.4249507189667416
0.502705953096813,0.2382105713064539,0.4250332875696476
0.5025563909774436,0.23806810086906965,0.42504419298067825
0.5033132530120482,0.23806810086906965,0.42525774334184097
0.5031636034950286,0.23792563043168544,0.42533999928867994
0.5039227519613759,0.23792563043168544,0.4255186189605839
0.5037730153939028,0.2377831599943012,0.42555078964766574
0.5039251207729468,0.2377831599943012,0.42560277499562527
0.5037752944729689,0.23764068955691695,0.4256532376219675
0.5036253776435046,0.2374982191195327,0.4257423076810517
0.5034753702024781,0.23735574868214845,0.4257782010431014
0.5037798609011188,0.23735574868214845,0.42591291710557716
0.5036297640653358,0.2372132782447642,0.42591306743260127
0.5034795763993949,0.23707080780737996,0.4259298353888066
0.5033292978208233,0.23692833736999572,0.42601404717145386
0.5031789282470481,0.23678586693261147,0.4260436444292311
0.5045537340619308,0.23678586693261147,0.4265609802402297
0.5044032796841785,0.23664339649522725,0.42656568599834654
0.5048632218844985,0.23664339649522725,0.42667086692980144
0.5047126786257221,0.236500926057843,0.4267066950742878
0.5045620437956204,0.23635845562045876,0.4267757401549457
0.5051766138855055,0.23635845562045876,0.4270616489805026
0.5050258909533963,0.23621598518307452,0.4270994879104376
0.5048750761730652,0.23607351474569027,0.4271598914877053
0.5050289545870161,0.23607351474569027,0.4271987230689412
0.5048780487804878,0.23593104430830603,0.4272860895191818
0.505032021957914,0.23593104430830603,0.4273068180546994
0.5048810250152532,0.23578857387092178,0.4273278060699704
0.5051892551892552,0.23578857387092178,0.42740891203990056
0.5050381679389313,0.23564610343353753,0.4275076696267026
0.5048869883934025,0.2355036329961533,0.4275526914579493
0.5050412465627865,0.2355036329961533,0.4275563754667776
0.5048899755501223,0.23536116255876904,0.42756871051698175
0.5058175137783221,0.23536116255876904,0.4278416367725913
0.505666156202144,0.23521869212138483,0.4278788357948817
0.5059760956175299,0.23521869212138483,0.4279426552094865
0.5058246474555488,0.23507622168400058,0.4279976384962751
0.5056731064090769,0.23493375124661633,0.42812275553597057
0.5059834305001534,0.23493375124661633,0.42832427484862234
0.5058317986494782,0.2347912808092321,0.42835023960806745
0.5056800736874424,0.23464881037184784,0.42836506836751376
0.5064575645756457,0.23464881037184784,0.42847929704898496
0.5063057520762843,0.2345063399344636,0.4285244964600055
0.5061538461538462,0.23436386949707935,0.42852972335449396
0.5060018467220684,0.2342213990596951,0.42865921341571067
0.5058497536945813,0.23407892862231086,0.42866205173974664
0.5061614294516328,0.23407892862231086,0.4287829879555709
0.5060092449922958,0.23393645818492662,0.428783671651815
0.5058569667077681,0.2337939877475424,0.42878824130156845
0.5072642967542503,0.2337939877475424,0.42922887783587904
0.5071119356833642,0.23365151731015815,0.42930055668386796
0.5075827917053544,0.23365151731015815,0.4293924352444234
0.5074303405572755,0.2335090468727739,0.4293927367766678
0.5075874883864974,0.2335090468727739,0.429437623975857
0.5074349442379182,0.23336657643538966,0.42950603355122396
0.5079069767441861,0.23336657643538966,0.42961180189358344
0.5077543424317618,0.23322410599800542,0.42979378205001956
0.5076016134036612,0.23308163556062117,0.4298166153279759
0.5074487895716946,0.23293916512323692,0.4298255343155883
0.5079217148182665,0.23293916512323692,0.4300013372639687
0.5077688004972032,0.23279669468585268,0.4300668819318556
0.5082426127527216,0.23279669468585268,0.4301943363049285
0.5080896079651525,0.23265422424846843,0.43019964831351937
0.5084059775840598,0.23265422424846843,0.43028379593330307
0.5082528807225164,0.2325117538110842,0.4303324773386196
0.5080996884735203,0.23236928337369997,0.43034995910194845
0.5079464007478965,0.23222681293631572,0.4303550323373021
0.5077930174563591,0.23208434249893148,0.43036891287987034
0.5076395385095105,0.23194187206154723,0.43039720987187924
0.5081148564294632,0.23194187206154723,0.43072796084822534
0.5079612862940993,0.231799401624163,0.43074321640347457
0.5090738423028786,0.231799401624163,0.43100614132846055
0.5089201877934272,0.23165693118677874,0.4310635809924245
0.5087664370695053,0.2315144607493945,0.4310793868265706
0.508612590040714,0.23137199031201025,0.431109235885127
0.5089313694766531,0.23137199031201025,0.4312805207765058
0.5087774294670846,0.231229519874626,0.431337765142948
0.508623392913139,0.23108704943724176,0.4313626623199808
0.5089425792281143,0.23108704943724176,0.4314775862075753
0.5087884494664155,0.23094457899985754,0.431513897834122
0.509267986176563,0.23094457899985754,0.43178331643066115
0.5091137649277184,0.2308021085624733,0.4319339826566599
0.5092738132662684,0.2308021085624733,0.4320173066652866
0.509119496855346,0.23065963812508905,0.4321403989342394
0.508965083359547,0.2305171676877048,0.4321939224514385
0.5096062992125985,0.2305171676877048,0.43222895204400663
0.5094517958412098,0.23037469725032056,0.4322783918075257
0.5107391029690461,0.23037469725032056,0.43252464918456957
0.5105845181674565,0.2302322268129363,0.43255333207051744
0.5104298356510746,0.23008975637555207,0.43258816914187453
0.510275055327221,0.22994728593816782,0.43263174685405703
0.5105979120531478,0.22994728593816782,0.43278878083337
0.5104430379746835,0.22980481550078358,0.4328238335150361
0.5106046217157328,0.22980481550078358,0.43289002287109124
0.5104496516782774,0.22966234506339933,0.43292899160608983
0.511583624246271,0.22966234506339933,0.4332535068027389
0.5114285714285715,0.2295198746260151,0.4332721403516043
0.5112734201333756,0.22937740418863087,0.4332814446870068
0.511598347632666,0.22937740418863087,0.433315408765503
0.5114431023521933,0.22923493375124662,0.43358573247810406
0.5112877583465819,0.22909246331386238,0.43362066002451455
0.5114503816793893,0.22909246331386238,0.4336676296324166
0.5112949411390392,0.22894999287647813,0.43367076056403964
0.5111394016549968,0.22880752243909389,0.43379390765464454
0.5109837631327603,0.22866505200170964,0.4338670337148299
0.510828025477707,0.2285225815643254,0.4338731483555442
0.5109907613889774,0.2285225815643254,0.43398469854892935
0.5108349267049076,0.22838011112694115,0.4341104870095855
0.511323763955343,0.22838011112694115,0.43412998350218707
0.5111678366305041,0.2282376406895569,0.43418167029101556
0.5110118097669964,0.22809517025217269,0.4343497313731583
0.5108556832694764,0.22795269981478844,0.4344010401649022
0.5110188438198658,0.22795269981478844,0.434594881290449
0.5108626198083067,0.2278102293774042,0.4346655991784212
0.5111892583120204,0.2278102293774042,0.4347814514933707
0.5110329389190917,0.22766775894001995,0.4348738604175437
0.5111964171465131,0.22766775894001995,0.4348900121223051
0.51104,0.2275252885026357,0.4348961326287519
0.5113672750560359,0.2275252885026357,0.4351026812074002
0.5112107623318386,0.22738281806525146,0.4351068814271474
0.5110541493111183,0.2272403476278672,0.43511341610405996
0.5108974358974359,0.22709787719048297,0.43515926551720674
0.5107406219942289,0.22695540675309872,0.43517435614062205
0.5117250240925153,0.22695540675309872,0.4354965437174324
0.5115681233933161,0.2268129363157145,0.43553349395981267
0.5114111218257795,0.22667046587833026,0.4355733690497465
0.5112540192926045,0.226527995440946,0.43562777250016255
0.5119124275595621,0.226527995440946,0.43579491482831884
0.5117552334943639,0.22638552500356177,0.43586826412508073
0.5115979381443299,0.22624305456617752,0.43591757011164617
0.5119277885235332,0.22624305456617752,0.4359580338173407
0.5117703966462431,0.22610058412879327,0.43596467142596196
0.5119354838709678,0.22610058412879327,0.43597198737581466
0.5117779929009358,0.22595811369140903,0.43597207004905864
0.511943189154293,0.22595811369140903,0.4359896547981624
0.511785598966742,0.22581564325402478,0.43602323639672513
0.5119509043927648,0.22581564325402478,0.43603781301605804
0.5117932148626817,0.22567317281664054,0.4360449066777827
0.5119586296056884,0.22567317281664054,0.4360720208950627
0.5118008406078242,0.2255307023792563,0.4361041184163029
0.5116429495472187,0.22538823194187207,0.43611950870831806
0.5119741100323625,0.22538823194187207,0.4361957200953213
0.5118161217222402,0.22524576150448783,0.4362956367562719
0.5116580310880829,0.22510329106710358,0.43638835911674106
0.5114998380304503,0.22496082062971934,0.43638987199940726
0.5116655865197667,0.22496082062971934,0.4363989535514591
0.5115072933549433,0.2248183501923351,0.4364057565546904
0.5123376623376623,0.2248183501923351,0.436566749098878
0.512179278986684,0.22467587975495085,0.4365725198950208
0.5125121871953201,0.22467587975495085,0.4366877079360296
0.5123537061118335,0.2245334093175666,0.4367093393569205
0.5121951219512195,0.22439093888018236,0.4367156156160378
0.5120364346128823,0.2242484684427981,0.4367505823652216
0.5122030589000977,0.2242484684427981,0.4368188187078841
0.5120442708333334,0.22410599800541386,0.4368331560425748
0.5118853793552589,0.22396352756802965,0.4368547398598617
0.5120521172638437,0.22396352756802965,0.4368847257797923
0.5118931247963506,0.2238210571306454,0.4369782632215062
0.5120599739243807,0.2238210571306454,0.43698588957674
0.5119008803390935,0.22367858669326116,0.4369882639320425
0.5117416829745597,0.2235361162558769,0.4370216236893144
0.5115823817292007,0.22339364581849266,0.4371274972697955
0.5117493472584856,0.22339364581849266,0.43716269111397216
0.5115899444988573,0.22325117538110842,0.4372615517136769
0.5117570215545395,0.22325117538110842,0.4372628938611641
0.5115975171512578,0.22310870494372417,0.4372846044590154
0.511437908496732,0.22296623450633993,0.4372993471767366
0.5112781954887218,0.22282376406895568,0.437301242258194
0.5111183780248528,0.22268129363157144,0.43730867858916167
0.5109584560026169,0.22253882319418722,0.43736674023988914
0.5114603798297315,0.22253882319418722,0.4374745171042313
0.511300360301343,0.22239635275680297,0.43748472000992006
0.5111402359108781,0.22225388231941873,0.43755351178881224
0.511307767944936,0.22225388231941873,0.4375811871941686
0.5111475409836066,0.22211141188203448,0.4376513489776441
0.5118187787261983,0.22211141188203448,0.4377697795081638
0.5116584564860427,0.22196894144465024,0.43778682865676444
0.5114980289093298,0.221826471007266,0.4378181360465911
0.5113374958922117,0.22168400056988175,0.4378306060283361
0.5111768573307035,0.2215415301324975,0.437925911378408
0.511016113120684,0.22139905969511325,0.43794909902871
0.5113524185587365,0.22139905969511325,0.4380853085977416
0.5111915734035549,0.221256589257729,0.43810980349595624
0.5113598946328614,0.221256589257729,0.43818164307340346
0.5111989459815547,0.2211141188203448,0.4382407573279095
0.5113673805601318,0.2211141188203448,0.43825603487712445
0.511206328279499,0.22097164838296054,0.438270264937634
0.511045169798879,0.2208291779455763,0.43832250162515857
0.5108839050131926,0.22068670750819205,0.4383546044717496
0.510722533817222,0.2205442370708078,0.43838820490403213
0.5112285336856011,0.2205442370708078,0.4387414764594318
0.5110670630987777,0.22040176663342356,0.43877261751066304
0.5115740740740741,0.22040176663342356,0.43888384840891537
0.5114125041349653,0.22025929619603932,0.43888987262518353
0.5112508272667108,0.22011682575865507,0.4389057902281758
0.511758860549851,0.22011682575865507,0.43905805992627983
0.5115970841616965,0.21997435532127083,0.43906313428560545
0.5117666556181637,0.21997435532127083,0.4390674163038768
0.511604774535809,0.21983188488388658,0.43909719196769087
0.5114427860696518,0.21968941444650236,0.43918427312159125
0.5112806901128069,0.21954694400911812,0.43922949135455097
0.5114503816793893,0.21954694400911812,0.4392394969271139
0.5112881806108898,0.21940447357173387,0.43930958684086924
0.5116279069767442,0.21940447357173387,0.43933055157247436
0.5114656031904287,0.21926200313434963,0.4393583583183068
0.5113031914893617,0.21911953269696538,0.43936353965406294
0.5114732291320253,0.21911953269696538,0.4393709279506598
0.5113107119095143,0.21897706225958113,0.43937316457578335
0.5111480865224626,0.2188345918221969,0.439417968907793
0.5109853528628495,0.21869212138481264,0.4394672806810664
0.511325782811459,0.21869212138481264,0.4394808438802931
0.5111629456847717,0.2185496509474284,0.4394875414978526
0.511,0.21840718051004415,0.43955772884414324
0.5111703901300434,0.21840718051004415,0.4395627427423243
0.5110073382254836,0.21826471007265993,0.4396112896029492
0.5118610090210491,0.21826471007265993,0.43979692565014306
0.5116978609625669,0.2181222396352757,0.4398613798178478
0.5120401337792642,0.2181222396352757,0.4400317000601138
0.5118768819003011,0.21797976919789144,0.4400383994821272
0.5123911587407903,0.21797976919789144,0.44016998907825117
0.5122278056951424,0.2178372987605072,0.4401851641286329
0.5120643431635389,0.21769482832312295,0.4401882889499412
0.51190077103587,0.2175523578857387,0.4402445724661505
0.5117370892018779,0.21740988744835446,0.44030749475612785
0.5119087554511909,0.21740988744835446,0.440332931145598
0.511744966442953,0.21726741701097022,0.4403517172838712
0.5119167505874455,0.21726741701097022,0.4404142993215526
0.5117528542646071,0.21712494657358597,0.4404568914334799
0.5124411566913248,0.21712494657358597,0.4407833016081961
0.5122771611167172,0.21698247613620175,0.4408445328502601
0.5124495289367429,0.21698247613620175,0.4408618787422458
0.5122854257825648,0.2168400056988175,0.440927706834479
0.5126305153250252,0.2168400056988175,0.44113944010524647
0.512466307277628,0.21669753526143326,0.44115920829425886
0.512639029322548,0.21669753526143326,0.44119947622236483
0.5124747134187457,0.21655506482404902,0.44123851337119724
0.5128205128205128,0.21655506482404902,0.44129541739535433
0.5128291694800811,0.21641259438666477,0.4413094423828738
0.5131756756756757,0.21641259438666477,0.4413912502391927
0.5130111524163569,0.21627012394928052,0.44140151961898555
0.513531799729364,0.21627012394928052,0.4417328366113556
0.5133671742808799,0.21612765351189628,0.44177245785359487
0.5132024373730535,0.21598518307451203,0.4417833421919417
0.513550135501355,0.21598518307451203,0.4418656557720218
0.5133852931209759,0.2158427126371278,0.44188417972292904
0.5132203389830509,0.21570024219974354,0.44193263714269665
0.5149659863945578,0.21570024219974354,0.44248465450258956
0.5148009527050017,0.21555777176235932,0.4425006762436752
0.5149761742682096,0.21555777176235932,0.4425063117381253
0.5148110316649642,0.21541530132497508,0.4425097769959165
0.5153374233128835,0.21541530132497508,0.4426185565345174
0.5151721786566655,0.21527283088759083,0.44266042104205194
0.5155237120436711,0.21527283088759083,0.4427574837126265
0.515358361774744,0.2151303604502066,0.44277287628678763
0.5157103825136612,0.2151303604502066,0.44280622612494813
0.5155449265459515,0.21498789001282234,0.4428341374372422
0.5158974358974359,0.21498789001282234,0.44297464050022123
0.5157318741450069,0.2148454195754381,0.4430610151800746
0.5160848733744011,0.2148454195754381,0.44324501052999327
0.515919205751455,0.21470294913805385,0.44330288381390837
0.5157534246575343,0.2145604787006696,0.44330768599310666
0.5155875299760192,0.21441800826328536,0.4433337807841763
0.5154215215901302,0.2142755378259011,0.4433631324181825
0.515598217346589,0.2142755378259011,0.4433688672855035
0.5154320987654321,0.2141330673885169,0.4433850759626671
0.5159629248197735,0.2141330673885169,0.44357441617445303
0.5157967032967034,0.21399059695113265,0.44364905960720574
0.5159738921332875,0.21399059695113265,0.4436522970009399
0.5158075601374571,0.2138481265137484,0.4436706785131917
0.5166953528399312,0.2138481265137484,0.44388120232294964
0.5165289256198347,0.21370565607636416,0.4439434686982343
0.5170630816959669,0.21370565607636416,0.44407851424712563
0.516896551724138,0.2135631856389799,0.4441620972851394
0.5172532781228434,0.2135631856389799,0.44420099316497647
0.5170866413531239,0.21342071520159567,0.444225537522669
0.5174438687392056,0.21342071520159567,0.4444330456772769
0.5172771250863857,0.21327824476421142,0.444478229045855
0.5171102661596958,0.21313577432682718,0.4445371531384749
0.5169432918395575,0.21299330388944293,0.4445422223913863
0.5171221030785196,0.21299330388944293,0.4446075107385658
0.5169550173010381,0.21285083345205869,0.4446146903562977
0.5167878158532364,0.21270836301467447,0.4447226066971636
0.5166204986149584,0.21256589257729022,0.44473112829439226
0.5164530654658815,0.21242342213990598,0.4447749476471147
0.5162855162855163,0.21228095170252173,0.44477880874030484
0.5161178509532063,0.21213848126513749,0.44481789048876147
0.5159500693481276,0.21199601082775324,0.44482115703095926
0.5163081193615545,0.21199601082775324,0.44487814142507853
0.5161402290871225,0.211853540390369,0.44490240231338335
0.5168578380257213,0.211853540390369,0.4451649394860156
0.5166898470097357,0.21171106995298475,0.4452343520457562
0.5170494084899095,0.21171106995298475,0.4453740810018488
0.5168813087365124,0.2115685995156005,0.44540600025444704
0.5170612813370473,0.2115685995156005,0.44542596525501615
0.5168930686172065,0.21142612907821626,0.44547075839279626
0.5167247386759581,0.21128365864083204,0.4454867348668471
0.5165562913907285,0.2111411882034478,0.4456244559944805
0.5169166376002791,0.2111411882034478,0.445714064196517
0.5167480809490579,0.21099871776606355,0.4457534671886514
0.5169284467713787,0.21099871776606355,0.4457828604691721
0.5167597765363129,0.2108562473286793,0.445869530898989
0.516940272441495,0.2108562473286793,0.44587516637673785
0.5167714884696016,0.21071377689129506,0.44589074854723626
0.5166025865082139,0.2105713064539108,0.44606433703723625
0.5171448565430371,0.2105713064539108,0.44616257549421895
0.5169758487924396,0.21042883601652657,0.44621395755564897
0.5177006659656502,0.21042883601652657,0.44626129046306673
0.517531556802244,0.21028636557914232,0.4462655645615887
0.5173623290073658,0.21014389514175807,0.4463039413973998
0.5171929824561403,0.21000142470437383,0.4463361491557359
0.517023517023517,0.2098589542669896,0.4464169696619472
0.5168539325842697,0.20971648382960537,0.44642124005656597
0.517217146872804,0.20971648382960537,0.44658623811613507
0.5170474516695958,0.20957401339222112,0.4466170309048239
0.5177754311862021,0.20957401339222112,0.4467492674217234
0.5176056338028169,0.20943154295483687,0.4468461539809496
0.5174357168016908,0.20928907251745263,0.4468735408038789
0.5176180408738549,0.20928907251745263,0.44688653384456734
0.5174480084596405,0.20914660208006838,0.44692096622121075
0.5181786092481468,0.20914660208006838,0.4472001942622685
0.5180084745762712,0.20900413164268414,0.44723598965221745
0.5187411598302687,0.20900413164268414,0.4474708054846378
0.518570923240184,0.2088616612052999,0.44756311279469985
0.5184005661712668,0.20871919076791565,0.4476195034787751
0.5185840707964602,0.20871919076791565,0.44766211267640516
0.5184135977337111,0.2085767203305314,0.44767889804181354
0.5193330968428521,0.2085767203305314,0.4479659051275212
0.5191625266146203,0.20843424989314718,0.4480140823847754
0.518991835285765,0.20829177945576294,0.44806656765456304
0.5188210227272727,0.2081493090183787,0.4481461438049051
0.5191897654584222,0.2081493090183787,0.4482014559679077
0.5190188410949165,0.20800683858099445,0.44821746228615017
0.519203413940256,0.20800683858099445,0.4482753338721329
0.5190323728210601,0.2078643681436102,0.4482817245622986
0.5194019223923104,0.2078643681436102,0.44839525798514934
0.5192307692307693,0.20772189770622596,0.44845108027427544
0.5209003215434084,0.20772189770622596,0.4487715911450677
0.5207290922087205,0.2075794272688417,0.44879114482448973
0.521101573676681,0.2075794272688417,0.44899966465508817
0.5209302325581395,0.20743695683145746,0.4490290793536628
0.5207587687902648,0.20729448639407322,0.4490458513832633
0.5205871822413176,0.207152015956689,0.4490913480204117
0.5204154727793696,0.20700954551930476,0.4491044956733189
0.5202436402723039,0.2068670750819205,0.44911973405807426
0.5213644524236983,0.2068670750819205,0.4494861617476216
0.5211925287356322,0.20672460464453626,0.44960184230464556
0.5210204814947897,0.20658213420715202,0.44971088763608397
0.5212077641984184,0.20658213420715202,0.4497207484504952
0.5210355987055016,0.20643966376976777,0.44981276445561813
0.5217861001080303,0.20643966376976777,0.4498928942149377
0.521613832853026,0.20629719333238353,0.44994208014825054
0.5214414414414414,0.20615472289499928,0.44998800013008905
0.5216294160057678,0.20615472289499928,0.450014001098295
0.5214569058781103,0.20601225245761504,0.45007328812993286
0.5216450216450217,0.20601225245761504,0.4501047002161384
0.5214723926380368,0.2058697820202308,0.45013121448499216
0.5216606498194946,0.2058697820202308,0.45015507991733084
0.5214879017695919,0.20572731158284657,0.45015835089227946
0.5213150289017341,0.20558484114546233,0.4501839374330279
0.5211420310805926,0.20544237070807808,0.45020457067999786
0.5215189873417722,0.20544237070807808,0.45030595249876687
0.5213458755426917,0.20529990027069384,0.45039526118310513
0.5217233888486604,0.20529990027069384,0.45047200865162534
0.5215501629844259,0.2051574298333096,0.45059974402883257
0.5213768115942029,0.20501495939592534,0.4506098343550112
0.5212033345415006,0.2048724889585411,0.4507037958511435
0.5215814290895902,0.2048724889585411,0.45074179563773337
0.5214078374455733,0.20473001852115685,0.45078980491507736
0.5215970961887477,0.20473001852115685,0.4508430708177067
0.5214233841684822,0.2045875480837726,0.4509017610535853
0.5216127860515801,0.2045875480837726,0.450973539656951
0.5214389534883721,0.20444507764638836,0.4509932087159483
0.5212649945474372,0.20430260720900414,0.4509954949286579
0.5214545454545455,0.20430260720900414,0.4510106101034358
0.5212804656238632,0.2041601367716199,0.4511456436187375
0.5211062590975255,0.20401766633423565,0.45116709513425884
0.5209319257371678,0.2038751958968514,0.45122224582097337
0.5220722364100693,0.2038751958968514,0.45162023751530084
0.5218978102189781,0.20373272545946716,0.4516279654179308
0.5217232566630157,0.20359025502208292,0.45166019004509217
0.5221044939715016,0.20359025502208292,0.45169890425694986
0.5219298245614035,0.20344778458469867,0.4517122122390685
0.5217550274223035,0.20330531414731443,0.4517163509949208
0.521945866861741,0.20330531414731443,0.45174760855339285
0.521770947676546,0.20316284370993018,0.4518628035931103
0.5223443223443224,0.20316284370993018,0.4519355761725225
0.5221692927812386,0.20302037327254593,0.4519531593745072
0.5219941348973607,0.20287790283516172,0.4519837564591934
0.5218188485515218,0.20273543239777747,0.45201675866548335
0.5227773695811903,0.20273543239777747,0.4521844783846008
0.5226019845644984,0.20259296196039323,0.4521878249187922
0.5227941176470589,0.20259296196039323,0.4521904774055159
0.5226186097830084,0.20245049152300898,0.45223397253966424
0.5224429727740986,0.20230802108562473,0.45230009295633533
0.5222672064777328,0.2021655506482405,0.4523222695842722
0.5226519337016574,0.2021655506482405,0.4525608922719543
0.522476050110538,0.20202308021085624,0.45258317500670964
0.5228613569321534,0.20202308021085624,0.4526820014021184
0.5226853559572113,0.201880609773472,0.4527106925163912
0.5230712440014765,0.201880609773472,0.45284847933961314
0.5228951255539144,0.20173813933608775,0.4529545073831449
0.523088289619505,0.20173813933608775,0.45305747296045557
0.5229120473022912,0.2015956688987035,0.45306288239770554
0.5234924158342582,0.2015956688987035,0.4532806076828137
0.5233160621761658,0.2014531984613193,0.4532819724056231
0.5237037037037037,0.2014531984613193,0.45344073302621063
0.5235272323082624,0.20131072802393504,0.453486572653341
0.5239154616240267,0.20131072802393504,0.4536358280917849
0.5237388724035609,0.2011682575865508,0.45367719585193633
0.5241276911655531,0.2011682575865508,0.4537837676538725
0.5239509840326773,0.20102578714916655,0.4537900142206093
0.5237741456166419,0.2008833167117823,0.45379302593076315
0.5235971757710888,0.20074084627439806,0.4538208715592671
0.5237918215613383,0.20074084627439806,0.45382316988663707
0.5236147266641874,0.20059837583701381,0.4538620294698848
0.5234375,0.20045590539962957,0.4539004033286802
0.524022346368715,0.20045590539962957,0.4541300595674872
0.5238450074515648,0.20031343496224532,0.4541531649510555
0.523667536339918,0.20017096452486108,0.45417979777642997
0.5246452576549664,0.20017096452486108,0.45452512691783237
0.5244676877101233,0.20002849408747686,0.4547479458247395
0.5242899850523169,0.19988602365009261,0.45476845310211345
0.5244859813084112,0.19988602365009261,0.45477885910420346
0.5243081525804039,0.19974355321270837,0.454807892582304
0.5241301907968574,0.19960108277532412,0.454850619124118
0.5249156987635819,0.19960108277532412,0.4553707718574146
0.5247376311844077,0.19945861233793988,0.45539650436178136
0.5249343832020997,0.19945861233793988,0.4554091945128307
0.5247561890472618,0.19931614190055563,0.4554136147933951
0.5251501501501501,0.19931614190055563,0.45555454411625396
0.524971836274878,0.1991736714631714,0.4556825153378805
0.5251690458302029,0.1991736714631714,0.45570057695891003
0.5249906050357008,0.19903120102578714,0.45570087454694125
0.5253854832643851,0.19903120102578714,0.4557656630422245
0.5252069224981188,0.1988887305884029,0.45596801070200216
0.5250282273240496,0.19874626015101865,0.45609463089432667
0.5264150943396226,0.19874626015101865,0.45626036469286485
0.526236315590789,0.19860378971363443,0.4562911545859405
0.5264350453172205,0.19860378971363443,0.45629810370370166
0.5262561390253117,0.1984613192762502,0.45630150502192884
0.5260770975056689,0.19831884883886594,0.4563975074700832
0.5274725274725275,0.19831884883886594,0.45669174507664845
0.5272934040940106,0.1981763784014817,0.45693603286546747
0.5271141448615851,0.19803390796409745,0.4569365212742305
0.5269347496206374,0.1978914375267132,0.45694347566062377
0.5275351310292442,0.1978914375267132,0.45699293424399395
0.5273556231003039,0.19774896708932896,0.4571022279606801
0.5277566539923955,0.19774896708932896,0.4572241731017493
0.5275770254849753,0.1976064966519447,0.457252364206742
0.5277777777777778,0.1976064966519447,0.4574159172146715
0.527598020555767,0.19746402621456047,0.4575283772532848
0.5274181264280274,0.19732155577717625,0.45764706710100295
0.5276190476190477,0.19732155577717625,0.4577192830721979
0.5274390243902439,0.197179085339792,0.45790963488223024
0.5272588638963019,0.19703661490240776,0.45794736248653833
0.5274599542334096,0.19703661490240776,0.4579677080788907
0.5272796642502862,0.1968941444650235,0.45800665629940324
0.5276823214967545,0.1968941444650235,0.4581344086367685
0.527501909854851,0.19675167402763927,0.45821784265215654
0.5273213603362629,0.19660920359025502,0.45831332080113313
0.5277246653919694,0.19660920359025502,0.45850246825000396
0.5275439938791124,0.19646673315287078,0.4585689059355397
0.5283524904214559,0.19646673315287078,0.45878276763738596
0.528171713300115,0.19632426271548653,0.45896574751597696
0.5279907975460123,0.19618179227810228,0.45902381178934143
0.5283960092095165,0.19618179227810228,0.4590836533209957
0.528214971209213,0.19603932184071804,0.4591059930880491
0.5286208221283135,0.19603932184071804,0.4591327717053803
0.5284396617986165,0.19589685140333382,0.45913951977631406
0.5282583621683967,0.19575438096594958,0.4591731421487746
0.5286648711042709,0.19575438096594958,0.4592631012727757
0.5284834488067744,0.19561191052856533,0.45927662705740013
0.5286869464767039,0.19561191052856533,0.4593728201364071
0.5285053929121726,0.19546944009118108,0.4593761638779057
0.5283236994219653,0.19532696965379684,0.4593964433702115
0.5281418658442559,0.1951844992164126,0.4594022200518591
0.5285493827160493,0.1951844992164126,0.4594161849625287
0.5283674257043612,0.19504202877902835,0.4596789447490505
0.5281853281853282,0.1948995583416441,0.4597667671281442
0.5290023201856149,0.1948995583416441,0.4600164989390255
0.5288201160541586,0.19475708790425986,0.46010513979910345
0.5290247678018576,0.19475708790425986,0.46013733951364566
0.5288424312814557,0.1946146174668756,0.46017191064293045
0.5286599535243997,0.1944721470294914,0.460274998780892
0.5288647810925998,0.1944721470294914,0.4603043473284567
0.5286821705426357,0.19432967659210715,0.46058151336753855
0.5288871655680496,0.19432967659210715,0.46062323996074545
0.5287044220325834,0.1941872061547229,0.46063961856443286
0.5289095847885138,0.1941872061547229,0.46068850513843723
0.5287267080745341,0.19404473571733866,0.4607678856930463
0.5285436893203883,0.1939022652799544,0.460791340437893
0.5287490287490287,0.1939022652799544,0.460835287466949
0.5285658764088612,0.19375979484257017,0.4608415204177465
0.5291828793774319,0.19375979484257017,0.46092730019828443
0.52899961074348,0.19361732440518592,0.4609307539710619
0.529618082618862,0.19361732440518592,0.4611071303596854
0.5294346978557505,0.19347485396780167,0.4611243600229369
0.5296411856474259,0.19347485396780167,0.4611943146573653
0.5294576667967226,0.19333238353041743,0.46125437950324766
0.5292740046838408,0.19318991309303318,0.4613427799840716
0.52989449003517,0.19318991309303318,0.46152431992165266
0.5297107114933541,0.19304744265564897,0.4615421798182836
0.5303326810176126,0.19304744265564897,0.46170484601361245
0.5301487862176977,0.19290497221826472,0.46175095223637636
0.5303564433999216,0.19290497221826472,0.46175629753220065
0.5301724137931034,0.19276250178088047,0.46182811129268786
0.5299882399059193,0.19262003134349623,0.46188415490652057
0.5310290652003142,0.19262003134349623,0.4620787742542792
0.5308447937131631,0.19247756090611198,0.4620918210765964
0.5306603773584906,0.19233509046872774,0.4621199137489292
0.5308690523004326,0.19233509046872774,0.4622243985021357
0.530684500393391,0.1921926200313435,0.4622391850038721
0.5304998032270759,0.19205014959395925,0.4624584044437549
0.5303149606299212,0.191907679156575,0.4624714239614122
0.5305238282788499,0.191907679156575,0.4625777477854323
0.5303388494877856,0.19176520871919076,0.4625865616940794
0.5301537248718959,0.19162273828180654,0.4626025722069576
0.5305719921104537,0.19162273828180654,0.4626814101860741
0.5303867403314917,0.1914802678444223,0.46269923800162327
0.5302013422818792,0.19133779740703805,0.4627639194185986
0.5300157977883097,0.1911953269696538,0.46282772988692666
0.5302252074278941,0.1911953269696538,0.46294393311078164
0.5300395256916997,0.19105285653226955,0.4629664738643564
0.5304588607594937,0.19105285653226955,0.46304087425697266
0.5302730510486743,0.1909103860948853,0.46308533796428836
0.5300870942201108,0.19076791565750106,0.46314990503473275
0.5299009900990099,0.19062544522011682,0.4632224326158842
0.5301109350237718,0.19062544522011682,0.4633576934889916
0.5299246928260007,0.19048297478273257,0.46338228982768065
0.5301348136399683,0.19048297478273257,0.46354170545885603
0.5299484331614439,0.19034050434534833,0.46370022761316204
0.5305798252581414,0.19034050434534833,0.4638955112088884
0.5303933253873659,0.1901980339079641,0.46405605305882336
0.53060413354531,0.1901980339079641,0.46406953779565513
0.530417495029821,0.19005556347057986,0.46411914668225224
0.5318979266347688,0.19005556347057986,0.4646137886835812
0.5317112086158755,0.18991309303319562,0.4646424758708242
0.5319233838786911,0.18991309303319562,0.4646721555130858
0.5317365269461077,0.18977062259581137,0.4646883342012175
0.5319488817891374,0.18977062259581137,0.464828554427515
0.5317618857371155,0.18962815215842713,0.46485358341648314
0.5315747402078337,0.18948568172104288,0.46490272001908073
0.5322128851540616,0.18948568172104288,0.4651848875383018
0.5320256204963971,0.18934321128365864,0.46519418942509816
0.5322386864237084,0.18934321128365864,0.465204489395825
0.532051282051282,0.1892007408462744,0.46523477617452047
0.5318637274549098,0.18905827040889014,0.46525243467548877
0.5327177840224809,0.18905827040889014,0.4653448726498101
0.5325301204819277,0.1889157999715059,0.4654584654119684
0.5329581993569131,0.1889157999715059,0.46557810844883685
0.5327704061117813,0.18877332953412168,0.4656031276939706
0.5329847144006437,0.18877332953412168,0.46561352274403095
0.5327967806841046,0.18863085909673744,0.465693118574328
0.533011272141707,0.18863085909673744,0.4658838325432899
0.5328231977446637,0.1884883886593532,0.46592314797468326
0.532634971796938,0.18834591822196894,0.46610903247376345
0.5324465941152761,0.1882034477845847,0.4663082805610361
0.5328761597418313,0.1882034477845847,0.466362485628419
0.5326876513317191,0.18806097734720045,0.466429096489445
0.5324989907145741,0.1879185069098162,0.4664619673187625
0.5323101777059773,0.18777603647243196,0.466468252660005
0.5321212121212121,0.18763356603504772,0.4665441962881097
0.5319320937752627,0.1874910955976635,0.466584204085342
0.5317428224828143,0.18734862516027925,0.4666415108367015
0.5323886639676113,0.18734862516027925,0.46694246407439266
0.5321992709599028,0.187206154722895,0.4671063240009713
0.5324149108589952,0.187206154722895,0.4674025693595251
0.5322253749493312,0.18706368428551076,0.46740932866997786
0.5320356853203568,0.18692121384812652,0.4674875419813589
0.5324675324675324,0.18692121384812652,0.4675200300427067
0.5322777101096224,0.18677874341074227,0.4675991929457727
0.5327102803738317,0.18677874341074227,0.4676539664811322
0.532520325203252,0.18663627297335803,0.4677829248047768
0.5323302155347702,0.18649380253597378,0.4678061507341598
0.532139951179821,0.18635133209858953,0.46781797973830985
0.531949531949532,0.1862088616612053,0.4678894468946631
0.5321661237785016,0.1862088616612053,0.46794250436788465
0.5319755600814664,0.18606639122382107,0.46794456606319473
0.5317848410757946,0.18592392078643682,0.468018634324195
0.531593966571545,0.18578145034905258,0.4680731873949121
0.5322448979591837,0.18578145034905258,0.46812565577565973
0.532053899550837,0.18563897991166833,0.46821613735057543
0.5318627450980392,0.1854965094742841,0.46827006184447656
0.531671434409481,0.18535403903689984,0.46836901939763975
0.5314799672935405,0.1852115685995156,0.46846949212370925
0.5312883435582823,0.18506909816213135,0.46858456522248454
0.5315057283142389,0.18506909816213135,0.4686680255102551
0.5313139582480557,0.1849266277247471,0.46867230320671754
0.5315315315315315,0.1849266277247471,0.46870495255813743
0.5313396149119214,0.18478415728736286,0.4687903796468391
0.5311475409836065,0.18464168684997864,0.4687985504528631
0.5313653136531366,0.18464168684997864,0.4688097192732821
0.5311730926989335,0.1844992164125944,0.46881156867239765
0.5309807139926138,0.18435674597521015,0.4688335737569261
0.5311986863711001,0.18435674597521015,0.4688421273383867
0.531006160164271,0.1842142755378259,0.4689564945771901
0.5312243221035333,0.1842142755378259,0.46897199536178846
0.5310316481709824,0.18407180510044166,0.46900391643700723
0.5319061342116097,0.18407180510044166,0.4692627661735066
0.5317133443163097,0.18392933466305741,0.46927044616112834
0.5321516900247321,0.18392933466305741,0.4693831809756864
0.5319587628865979,0.18378686422567317,0.4694284423781612
0.5317656765676567,0.18364439378828892,0.4694941851953277
0.5315724308708213,0.18350192335090468,0.46956857501549326
0.5328920148944973,0.18350192335090468,0.4700851693996135
0.5326986754966887,0.18335945291352043,0.4700981880339997
0.5325051759834368,0.18321698247613621,0.47020413428876034
0.5327257663628832,0.18321698247613621,0.47023390407840276
0.5325321176958143,0.18307451203875197,0.4705434651031649
0.5327529021558872,0.18307451203875197,0.47061126361248506
0.53255910410618,0.18293204160136772,0.47066139064933893
0.5327800829875519,0.18293204160136772,0.4706935681717118
0.5325861353258613,0.18278957116398348,0.47076347129076807
0.5330286663896967,0.18278957116398348,0.47077663991274227
0.5328345802161264,0.18264710072659923,0.4708053107648271
0.5334997919267582,0.18264710072659923,0.4708988240806938
0.5333055786844296,0.182504630289215,0.4709746244048009
0.5331112036651395,0.18236215985183074,0.4710304910611224
0.5333333333333333,0.18236215985183074,0.47104239642142925
0.5331388078365986,0.1822196894144465,0.4710469116576086
0.5333611342785655,0.1822196894144465,0.47114592302284886
0.5331664580725908,0.18207721897706225,0.47119497878211836
0.5336116910229645,0.18207721897706225,0.47129121290185166
0.5334168755221387,0.181934748539678,0.4712971850903634
0.5338628762541806,0.181934748539678,0.4714161075275845
0.533667921371811,0.1817922781022938,0.47143704996135904
0.5341146923398912,0.1817922781022938,0.4715374104482954
0.5339195979899497,0.18164980766490954,0.47158633749686124
0.53414327607876,0.18164980766490954,0.4716157813922234
0.5339480301760269,0.1815073372275253,0.471628983890918
0.5341719077568134,0.1815073372275253,0.471635024749705
0.5339765100671141,0.18136486679014105,0.4717608002865507
0.5337809483843894,0.1812223963527568,0.4717682546615615
0.533585222502099,0.18107992591537256,0.47178254006825865
0.5338093238135238,0.18107992591537256,0.47180436098842854
0.5336134453781513,0.1809374554779883,0.47202598687457464
0.5334174022698613,0.18079498504060407,0.47202641878877966
0.5332211942809083,0.18065251460321982,0.4721538660564708
0.5330248212031973,0.18051004416583558,0.47220803217555757
0.5334736842105263,0.18051004416583558,0.4723310390199958
0.5332771693344566,0.18036757372845136,0.4723614243132311
0.5335018963337548,0.18036757372845136,0.4724240049973777
0.5333052276559865,0.1802251032910671,0.47244772735862584
0.5335301560522986,0.1802251032910671,0.47250043877169284
0.5333333333333333,0.18008263285368287,0.47255780869811004
0.5335584634867032,0.18008263285368287,0.4725841553552136
0.5333614864864865,0.17994016241629862,0.4727092008596399
0.5347163420829806,0.17994016241629862,0.4728976126745642
0.5345192714951292,0.17979769197891438,0.47291830116283845
0.5356536502546689,0.17979769197891438,0.47319231132582545
0.5354564755838641,0.17965522154153013,0.4732016731969139
0.5356839422259984,0.17965522154153013,0.4732806188736077
0.5354866128346791,0.17951275110414588,0.47328700154488945
0.5352891156462585,0.17937028066676164,0.4733147025037565
0.5364294844482318,0.17937028066676164,0.47345995015104686
0.5362318840579711,0.1792278102293774,0.47346504950047696
0.5360341151385928,0.17908533979199315,0.473481376571592
0.5369500213583939,0.17908533979199315,0.47389322189237754
0.5367521367521367,0.17894286935460893,0.4741123740542
0.5372112917023096,0.17894286935460893,0.47413949800369287
0.5370132648694907,0.17880039891722468,0.4741897772591905
0.5368150684931506,0.17865792847984044,0.4742542911446627
0.5366167023554604,0.1785154580424562,0.4743138673680859
0.5364181662382177,0.17837298760507195,0.47437461869934916
0.5362194599228461,0.1782305171676877,0.47439725371215813
0.5360205831903945,0.17808804673030346,0.47440765737155055
0.5364806866952789,0.17808804673030346,0.474433486096937
0.536281665951052,0.1779455762929192,0.47444134053874487
0.5360824742268041,0.17780310585553497,0.47454883531543607
0.5370051635111877,0.17780310585553497,0.47491997626849247
0.5368058544984933,0.17766063541815075,0.47500371647800627
0.5366063738156761,0.1775181649807665,0.4750359447412647
0.5364067212408444,0.17737569454338226,0.47506555140757384
0.536869340232859,0.17737569454338226,0.47508176278390385
0.5366695427092321,0.177233224105998,0.47509715835533184
0.5369011652999568,0.177233224105998,0.47510792780566313
0.5367012089810017,0.17709075366861377,0.47511127644940476
0.5369330453563715,0.17709075366861377,0.4751561059834386
0.5367329299913569,0.17694828323122952,0.4753977562903958
0.5365326415910073,0.17680581279384527,0.47547355545904735
0.5369969710082215,0.17680581279384527,0.4755126112393069
0.5367965367965368,0.17666334235646103,0.47560681969115604
0.5365959289735817,0.17652087191907678,0.47560936632546885
0.5368284228769498,0.17652087191907678,0.4756296831115264
0.5366276549631556,0.17637840148169254,0.47563771251609227
0.5370932754880694,0.17637840148169254,0.4757378419064577
0.5368923611111112,0.17623593104430832,0.4757720406493717
0.5375923511516731,0.17623593104430832,0.47606384884389025
0.5373913043478261,0.17609346060692407,0.4760648026562298
0.5371900826446281,0.17595099016953983,0.4761251740358997
0.5369886858137511,0.17580851973215558,0.47613111209707126
0.5367871136264694,0.17566604929477134,0.47616072764332534
0.5365853658536586,0.1755235788573871,0.4762335662644557
0.5363834422657952,0.17538110842000285,0.4763051732612037
0.536617262423714,0.17538110842000285,0.47630783738841664
0.5364151766245093,0.1752386379826186,0.476463057126115
0.5373525557011796,0.1752386379826186,0.4765639751200056
0.5371503496503497,0.17509616754523435,0.4765974182604699
0.5373852208132925,0.17509616754523435,0.4766279651018964
0.537182852143482,0.1749536971078501,0.47678897185656566
0.5376532399299475,0.1749536971078501,0.4768782961979682
0.5374507227332457,0.1748112266704659,0.4769357791047401
0.537248028045574,0.17466875623308165,0.477037640794542
0.5374835598421744,0.17466875623308165,0.4771021298958509
0.5372807017543859,0.1745262857956974,0.47712133512720145
0.5370776656428258,0.17438381535831315,0.47715079357147067
0.5368744512730466,0.1742413449209289,0.4772067310651325
0.5366710584101888,0.17409887448354466,0.4772241920634224
0.5364674868189807,0.17395640404616042,0.4772589076682519
0.5367032967032968,0.17395640404616042,0.4772715202847994
0.5364995602462621,0.17381393360877617,0.4773255102998893
0.5376817981489643,0.17381393360877617,0.4777778559627867
0.5374779541446209,0.17367146317139193,0.47786865998183803
0.537273930304367,0.17352899273400768,0.4778833992264397
0.5370697263901147,0.17338652229662346,0.4779041098715546
0.5373068432671082,0.17338652229662346,0.47797292791424456
0.5371024734982333,0.17324405185923922,0.4779790247272119
0.5368979231109147,0.17310158142185497,0.4781045389471631
0.5366931918656057,0.17295911098447073,0.47814970039278365
0.5369305616983635,0.17295911098447073,0.4781813863285399
0.5367256637168142,0.17281664054708648,0.47818364970304844
0.5365205843293492,0.17267417010970224,0.4782101462680294
0.5367581930912312,0.17267417010970224,0.4782963229369944
0.536552946389012,0.172531699672318,0.4783517747907147
0.5363475177304965,0.17238922923493374,0.4784200966981113
0.5365853658536586,0.17238922923493374,0.4784277524060619
0.536379769299024,0.1722467587975495,0.4784623421396607
0.5361739902352419,0.17210428836016525,0.4784643682010274
0.5359680284191829,0.17196181792278104,0.47850307623922145
0.5357618836072856,0.1718193474853968,0.478768362624384
0.5355555555555556,0.17167687704801254,0.47876874109698314
0.5353490440195643,0.1715344066106283,0.4787805586135595
0.5355871886120996,0.1715344066106283,0.47890725733760414
0.5353805073431241,0.17139193617324405,0.478941750192207
0.5351736420302761,0.1712494657358598,0.4789678902134171
0.5358894337940259,0.1712494657358598,0.4790901718698911
0.5356824264049955,0.17110699529847556,0.47912881558646253
0.535475234270415,0.17096452486109132,0.4791808269239984
0.5359535506922734,0.17096452486109132,0.4793068994996837
0.5357462019660411,0.17082205442370707,0.4793314017845668
0.5362254025044723,0.17082205442370707,0.4793656580226144
0.5360178970917227,0.17067958398632282,0.479471548243054
0.535810205908684,0.1705371135489386,0.4795434824556361
0.535602328705777,0.17039464311155436,0.479611676051661
0.535394265232975,0.17025217267417012,0.47968409828046105
0.5356342447333035,0.17025217267417012,0.4796994160435148
0.5354260089686098,0.17010970223678587,0.4797199515984441
0.5352175863615971,0.16996723179940162,0.47973341971085226
0.5354578096947935,0.16996723179940162,0.47990569551866485
0.5352492141894926,0.16982476136201738,0.4800672577174488
0.5354896675651393,0.16982476136201738,0.48014505756424236
0.5352808988764045,0.16968229092463313,0.4801580871964595
0.5357624831309041,0.16968229092463313,0.4801981041742075
0.5355535553555355,0.1695398204872489,0.4803075357529278
0.535344439441693,0.16939735004986464,0.48032343812279643
0.5355855855855856,0.16939735004986464,0.48046780230135255
0.5353762956286615,0.1692548796124804,0.4804777977768309
0.5365853658536586,0.1692548796124804,0.4809048271387551
0.5363759602349751,0.16911240917509618,0.4810204720341675
0.536618444846293,0.16911240917509618,0.48107059393597684
0.5364088647670737,0.16896993873771193,0.4810942083774826
0.5361990950226244,0.1688274683003277,0.4815969276317365
0.5359891353553644,0.16868499786294344,0.48160271712016006
0.5357789855072463,0.1685425274255592,0.48160285841469974
0.5367513611615246,0.1685425274255592,0.48194536414754824
0.5365410803449842,0.16840005698817495,0.48197171031701247
0.536330608537693,0.1682575865507907,0.48199423844822176
0.5365742844161745,0.1682575865507907,0.48204721125551714
0.5363636363636364,0.16811511611340646,0.4820747538611244
0.5366075488858572,0.16811511611340646,0.4820818670576212
0.5363967242948134,0.16797264567602221,0.48211417878430657
0.536185707783341,0.167830175238638,0.4822786035362375
0.5359744990892532,0.16768770480125375,0.48230393430635765
0.5357630979498861,0.1675452343638695,0.4824728707828483
0.536007292616226,0.1675452343638695,0.48268778627866793
0.5357957136342909,0.16740276392648526,0.4827881017561098
0.5365296803652968,0.16740276392648526,0.4831527103911952
0.5363179534033805,0.16726029348910101,0.483169073165178
0.5365630712979891,0.16726029348910101,0.4831996251969349
0.5363511659807956,0.16711782305171677,0.48323296258619153
0.5361390667886551,0.16697535261433252,0.4833544427399523
0.5366300366300366,0.16697535261433252,0.4834514633344087
0.5364177737059093,0.16683288217694828,0.4834754672255637
0.5366636113657195,0.16683288217694828,0.48351979777159987
0.5364511691884457,0.16669041173956403,0.48355843013773886
0.5362385321100918,0.16654794130217979,0.48356235389663554
0.5360256998623222,0.16640547086479557,0.48361193393240737
0.5358126721763086,0.16626300042741132,0.483645691108312
0.5363051470588235,0.16626300042741132,0.48367470324319695
0.5360919540229885,0.16612052999002708,0.48376843905602684
0.5365853658536586,0.16612052999002708,0.4838627329613526
0.5363720073664825,0.16597805955264283,0.483873241897902
0.536158452326117,0.16583558911525859,0.4839733118699977
0.5364055299539171,0.16583558911525859,0.4840361506926998
0.5361917934532042,0.16569311867787434,0.4841467879278565
0.5369344413665743,0.16569311867787434,0.4843417915875565
0.5367205542725173,0.1655506482404901,0.4846312778460448
0.5372168284789643,0.1655506482404901,0.4847171462691718
0.5370027752081407,0.16540817780310585,0.4847328718010847
0.5397489539748954,0.16540817780310585,0.48529410819527563
0.5395348837209303,0.1652657073657216,0.4853450179704663
0.5397859469520707,0.1652657073657216,0.4855270846363259
0.5395716945996276,0.16512323692833736,0.4855439479283507
0.5408306112925805,0.16512323692833736,0.4858941096255519
0.5406162464985994,0.16498076649095314,0.48593475329164965
0.540401681457263,0.1648382960535689,0.4859687699679706
0.5411599625818522,0.1648382960535689,0.48621931482475683
0.5409452503509593,0.16469582561618465,0.4863819263302069
0.5414519906323185,0.16469582561618465,0.4864905095934749
0.5412371134020618,0.1645533551788004,0.48669028842447115
0.5410220346929208,0.16441088474141616,0.48672539110938234
0.5417840375586854,0.16441088474141616,0.4870153250846745
0.5415688116486613,0.1642684143040319,0.48716322620842323
0.5428436911487758,0.1642684143040319,0.48758560002192425
0.5426283560998587,0.16412594386664767,0.48766339876994563
0.5424128180961357,0.16398347342926342,0.48771463727252923
0.5434372049102927,0.16398347342926342,0.4878276641277262
0.543221539914974,0.16384100299187918,0.48789267395719826
0.5439924314096499,0.16384100299187918,0.4880575768931435
0.5437766209181258,0.16369853255449493,0.4882404295185411
0.5458432304038005,0.16369853255449493,0.4886742641871777
0.5456273764258555,0.1635560621171107,0.4887437624065654
0.5454113171659534,0.16341359167972647,0.48884526491922564
0.5459305092812946,0.16341359167972647,0.4890021191236177
0.5457142857142857,0.16327112124234222,0.4890784649479432
0.5459742734635541,0.16327112124234222,0.48912069589099366
0.5457578646329838,0.16312865080495798,0.4891495647677255
0.5455412494039104,0.16298618036757373,0.48915011305540185
0.546583850931677,0.16298618036757373,0.4893303346654254
0.5463671128107075,0.16284370993018948,0.48948213463574786
0.5466284074605452,0.16284370993018948,0.4895502339769521
0.5464114832535886,0.16270123949280524,0.48959787344062156
0.5471969333972209,0.16270123949280524,0.4899830805163426
0.5469798657718121,0.162558769055421,0.4900322114125359
0.5467625899280576,0.16241629861803675,0.4900322828267594
0.5470249520153551,0.16241629861803675,0.4901209560962834
0.5468074891982717,0.1622738281806525,0.49012891042180035
0.5470701248799231,0.1622738281806525,0.4902369045579445
0.5468524747717444,0.16213135774326828,0.49024124576903294
0.5466346153846153,0.16198888730588404,0.49029279306949
0.5464165464165465,0.1618464168684998,0.4904366973426341
0.5461982675649664,0.16170394643111555,0.4905932665705925
0.5467244701348748,0.16170394643111555,0.4906419476373073
0.5465060240963855,0.1615614759937313,0.4907509042455794
0.5462873674059788,0.16141900555634706,0.49089044849561086
0.5468146718146718,0.16141900555634706,0.4913678016020484
0.5465958474167069,0.1612765351189628,0.49143597579406756
0.5463768115942029,0.16113406468157856,0.49144709560327265
0.5461575640405993,0.16099159424419432,0.4914736105121544
0.5459381044487428,0.16084912380681007,0.49148791509994716
0.5462022254475085,0.16084912380681007,0.49150217566890203
0.5459825750242013,0.16070665336942586,0.491596164537228
0.5470417070805044,0.16070665336942586,0.4918803617574929
0.5468219311014071,0.1605641829320416,0.4919186108929579
0.5466019417475728,0.16042171249465736,0.4920287908832968
0.5463817387081107,0.16027924205727312,0.4920344721076881
0.5461613216715258,0.16013677161988887,0.49203557731612996
0.545940690325717,0.15999430118250463,0.4920769620101492
0.5478048780487805,0.15999430118250463,0.4923249150354648
0.5475841874084919,0.15985183074512038,0.4924217273600777
0.5478515625,0.15985183074512038,0.4924842182680474
0.5476306790425012,0.15970936030773614,0.4925361198734577
0.5474095796676441,0.1595668898703519,0.4925671837798962
0.54875061244488,0.1595668898703519,0.49287908497508937
0.5485294117647059,0.15942441943296765,0.4928952183174779
0.5483079941147622,0.15928194899558343,0.49296186028376254
0.5480863591756624,0.15913947855819918,0.4929796620628763
0.5478645066273933,0.15899700812081494,0.4929797176267569
0.5476424361493124,0.1588545376834307,0.49316515928520305
0.548180924287119,0.1588545376834307,0.49320201122622614
0.5479586817511067,0.15871206724604645,0.4932143904978515
0.547736220472441,0.1585695968086622,0.4933004016420855
0.5480059084194978,0.1585695968086622,0.49330560743816554
0.547783251231527,0.15842712637127795,0.49331106482035303
0.5480532281912273,0.15842712637127795,0.49348828019641233
0.5478303747534516,0.1582846559338937,0.49351474866147943
0.5481006413418845,0.1582846559338937,0.4935400775622679
0.5478775913129319,0.15814218549650946,0.4936280989848992
0.5492330529440871,0.15814218549650946,0.49384491521408763
0.549009900990099,0.15799971505912525,0.4938656459541396
0.5498264749628161,0.15799971505912525,0.49392856087961534
0.5496031746031746,0.157857244621741,0.49396030907462407
0.5501489572989077,0.157857244621741,0.49411497729640025
0.5499254843517138,0.15771477418435675,0.4941767152067313
0.5501988071570576,0.15771477418435675,0.4942149669468793
0.5499751367478867,0.1575723037469725,0.49426040564906687
0.5497512437810945,0.15742983330958826,0.4943686903642931
0.5495271279243404,0.15728736287220402,0.4945019879546052
0.5503489531405783,0.15728736287220402,0.4947608387990834
0.5501246882793017,0.15714489243481977,0.49476916914893626
0.5499001996007984,0.15700242199743553,0.4949049757813295
0.5496754867698452,0.15685995156005128,0.49490773972943547
0.5521564694082247,0.15685995156005128,0.49524235205648526
0.5519317611640743,0.15671748112266704,0.49532609811236517
0.5522088353413654,0.15671748112266704,0.49533498436639334
0.5519839276745354,0.15657501068528282,0.49533984539525155
0.5530951182687468,0.15657501068528282,0.49581130687149594
0.552870090634441,0.15643254024789857,0.49581825391759954
0.5526448362720403,0.15629006981051433,0.49587193412486763
0.5532022188603126,0.15629006981051433,0.49609057939813556
0.5529767911200807,0.15614759937313008,0.49624917214235087
0.5538150581101566,0.15614759937313008,0.4964552901953114
0.5535894843276037,0.15600512893574583,0.49649048243405675
0.5541497975708503,0.15600512893574583,0.4965518129064565
0.5539240506329114,0.1558626584983616,0.496667607658195
0.5536980749746707,0.15572018806097734,0.4966992322559084
0.5551041137633317,0.15572018806097734,0.4971647862019341
0.5548780487804879,0.1555777176235931,0.4971698446165638
0.5551601423487544,0.1555777176235931,0.4972327018231314
0.5549338758901322,0.15543524718620885,0.4972582448974291
0.5552162849872774,0.15543524718620885,0.49732222897985906
0.554989816700611,0.1552927767488246,0.49736696126400565
0.5547631176770249,0.1551503063114404,0.49747783756025776
0.5561797752808989,0.1551503063114404,0.4981772854311189
0.5559529892692897,0.15500783587405614,0.4983215167215729
0.5557259713701431,0.1548653654366719,0.4983834777282855
0.5554987212276215,0.15472289499928765,0.4984037321281902
0.5552712384851587,0.1545804245619034,0.4984333544170234
0.5550435227854583,0.15443795412451916,0.4985200249605277
0.5548155737704918,0.15429548368713492,0.49856531444067614
0.5550999487442337,0.15429548368713492,0.49869174605254046
0.5548717948717948,0.15415301324975067,0.49871986999971646
0.5546434068753207,0.15401054281236642,0.49874882143508364
0.5544147843942505,0.15386807237498218,0.4987547118554834
0.554185927067283,0.15372560193759796,0.4988058806520715
0.5544707091469682,0.15372560193759796,0.49881916154054845
0.5542416452442159,0.15358313150021372,0.49893718842128454
0.5540123456790124,0.15344066106282947,0.49894873904750436
0.5542974781266083,0.15344066106282947,0.4989631245533355
0.5540679711637487,0.15329819062544522,0.49916151725231783
0.5552115583075335,0.15329819062544522,0.49955765291956455
0.554981930820857,0.15315572018806098,0.4995603848534472
0.5547520661157025,0.15301324975067673,0.49957500007174127
0.5545219638242894,0.1528707793132925,0.4997280596498261
0.5542916235780765,0.15272830887590824,0.5000242423496246
0.555152770585189,0.15272830887590824,0.5001481110249224
0.5549222797927461,0.152585838438524,0.5001544711461159
0.5546915500259202,0.15244336800113975,0.5004470508467592
0.5552672548002076,0.15244336800113975,0.5005415873436921
0.555036344755971,0.15230089756375553,0.5006241682709495
0.5553246753246753,0.15230089756375553,0.5006412824760706
0.5550935550935551,0.1521584271263713,0.5006725588958152
0.5548621944877795,0.15201595668898704,0.5006818646522523
0.5551508844953174,0.15201595668898704,0.5007450004726479
0.5549193128578865,0.1518734862516028,0.5007896376974287
0.5546875,0.15173101581421855,0.5009193231542626
0.5544554455445545,0.1515885453768343,0.5009240394706744
0.5542231491136601,0.15144607493945006,0.5009539928921879
0.5539906103286385,0.1513036045020658,0.5009563200812975
0.5537578288100209,0.15116113406468157,0.5009649009359997
0.5543364681295716,0.15116113406468157,0.5011644834358064
0.5541035023523262,0.15101866362729732,0.5012324202719513
0.5538702928870293,0.1508761931899131,0.5013522691039839
0.5536368393511251,0.15073372275252886,0.5013887758769259
0.5542168674698795,0.15073372275252886,0.5014696054196267
0.5539832285115304,0.1505912523151446,0.5015058509321514
0.5537493445201888,0.15044878187776037,0.5016337259663647
0.5535152151101784,0.15030631144037612,0.5016427254333532
0.5538057742782152,0.15030631144037612,0.5016532913972052
0.5535714285714286,0.15016384100299188,0.5017807120707831
0.5533368365738308,0.15002137056560763,0.5018355130606701
0.5531019978969506,0.14987890012822339,0.5018591134971156
0.5533929510783798,0.14987890012822339,0.5018767544937706
0.5531578947368421,0.14973642969083914,0.5018784925703841
0.5534491837809373,0.14973642969083914,0.5019037027751262
0.553213909378293,0.1495939592534549,0.502012068898327
0.5535055350553506,0.1495939592534549,0.502031385656266
0.5532700421940928,0.14945148881607068,0.502114208199725
0.5538542766631468,0.14945148881607068,0.5021437348083194
0.5536185948230322,0.14930901837868643,0.5022224144649065
0.5533826638477801,0.14916654794130219,0.5022401362554753
0.553146483342147,0.14902407750391794,0.5025163291620001
0.5529100529100529,0.1488816070665337,0.5027672222239942
0.5526733721545791,0.14873913662914945,0.502769683581329
0.5532591414944356,0.14873913662914945,0.5030238523499471
0.5530222693531283,0.1485966661917652,0.5031634633478224
0.5527851458885942,0.14845419575438096,0.503255545578486
0.5530785562632696,0.14845419575438096,0.503286778476023
0.5528412108337759,0.1483117253169967,0.5032957556240815
0.5534290271132376,0.1483117253169967,0.5033456057872563
0.5531914893617021,0.1481692548796125,0.5035000864751856
0.5529536987759447,0.14802678444222825,0.5035440602538165
0.5527156549520766,0.147884314004844,0.5036185103617986
0.552477357485349,0.14774184356745976,0.5037117193732465
0.5522388059701493,0.1475993731300755,0.5037161267570185
0.552,0.14745690269269127,0.5037397656027781
0.5525894287239722,0.14745690269269127,0.5038566471640118
0.5523504273504274,0.14731443225530702,0.503923738045228
0.5529411764705883,0.14731443225530702,0.5041401994695175
0.5527019796682718,0.14717196181792278,0.5045546850389862
0.5532940546331012,0.14717196181792278,0.5046044373324046
0.5530546623794212,0.14702949138053853,0.5046163579120987
0.5533512064343163,0.14702949138053853,0.5050489082735556
0.5531115879828327,0.14688702094315428,0.5050531468589324
0.5534084809447128,0.14688702094315428,0.5050603482911837
0.5531686358754028,0.14674455050577007,0.5050983641751056
0.553763440860215,0.14674455050577007,0.5051488019944724
0.5535233996772458,0.14660208006838582,0.5051950493640734
0.553821313240043,0.14660208006838582,0.5052977913095763
0.5535810446957459,0.14645960963100157,0.5053115025001086
0.5538793103448276,0.14645960963100157,0.5053198390144529
0.5536388140161725,0.14631713919361733,0.5053891950002991
0.5533980582524272,0.14617466875623308,0.5054915868669386
0.5536967080410146,0.14617466875623308,0.5055700447341788
0.5534557235421166,0.14603219831884884,0.5055728661777658
0.5532144786601837,0.1458897278814646,0.5058579536799067
0.5544125609095831,0.1458897278814646,0.5059682533405521
0.5541711809317443,0.14574725744408035,0.5060271545300313
0.5539295392953929,0.1456047870066961,0.5061135019359009
0.5542299349240781,0.1456047870066961,0.5061466170150937
0.5539880629408573,0.14546231656931186,0.5061915211179704
0.5537459283387622,0.14531984613192764,0.5063152798496418
0.5540467137425312,0.14531984613192764,0.5064266091138447
0.553804347826087,0.1451773756945434,0.5064455296466065
0.5535617183251768,0.14503490525715915,0.5064726382769835
0.5538628944504896,0.14503490525715915,0.506546938955636
0.5536200326619488,0.1448924348197749,0.5065557481000201
0.5533769063180828,0.14474996438239066,0.506581400675718
0.553133514986376,0.1446074939450064,0.5065868575987076
0.5534351145038168,0.1446074939450064,0.5066892234632512
0.5531914893617021,0.14446502350762216,0.5067946396454716
0.5529475982532751,0.14432255307023792,0.5068550784725175
0.5527034407427636,0.14418008263285367,0.506876002000622
0.5524590163934426,0.14403761219546943,0.5070628285626532
0.5533661740558292,0.14403761219546943,0.5073373700168756
0.5531215772179627,0.1438951417580852,0.5075065683813464
0.5528767123287671,0.14375267132070096,0.5075698091830263
0.5526315789473685,0.14361020088331672,0.5076154336076248
0.5523861766319254,0.14346773044593247,0.5076548595779778
0.5529928610653487,0.14346773044593247,0.5079118273294363
0.5527472527472528,0.14332526000854823,0.5079202692930747
0.5533553355335533,0.14332526000854823,0.5081278324206757
0.5531095211887727,0.14318278957116398,0.5082582366896758
0.552863436123348,0.14304031913377974,0.5082905738357253
0.5526170798898071,0.1428978486963955,0.5083105924561545
0.5535320088300221,0.1428978486963955,0.5085035598235467
0.5532854776366648,0.14275537825901125,0.5085552500615117
0.5535911602209945,0.14275537825901125,0.5085630199085521
0.5533443891652847,0.142612907821627,0.5085700492659933
0.5539568345323741,0.142612907821627,0.5086647984106314
0.5537098560354374,0.14247043738424278,0.508693126343369
0.5534626038781163,0.14232796694685854,0.5086939316822038
0.5540765391014975,0.14232796694685854,0.5089520296980832
0.5538290788013318,0.1421854965094743,0.5089865491332152
0.5541365907828983,0.1421854965094743,0.5089932331611859
0.5538888888888889,0.14204302607209005,0.5090640936035845
0.5551224944320713,0.14204302607209005,0.5093474292723503
0.5548746518105849,0.1419005556347058,0.5093960284718724
0.5554935861684328,0.1419005556347058,0.5094854318460756
0.5552455357142857,0.14175808519732155,0.5094860755624363
0.5549972082635399,0.1416156147599373,0.5094937958303692
0.5547486033519553,0.14147314432255306,0.5097957412002289
0.5544997205142538,0.14133067388516882,0.509907992538726
0.5542505592841164,0.14118820344778457,0.5099305405303116
0.5545607162842753,0.14118820344778457,0.5100166400922433
0.5543113101903695,0.14104573301040035,0.5101654984907394
0.55406162464986,0.1409032625730161,0.510187416198787
0.554372197309417,0.1409032625730161,0.5101972774638437
0.554122265844083,0.14076079213563186,0.5102186659128666
0.5538720538720538,0.14061832169824762,0.5103814337120531
0.553621560920831,0.14047585126086337,0.5105330650757347
0.553932584269663,0.14047585126086337,0.5106439171325599
0.5536818437324339,0.14033338082347913,0.5106523547196138
0.5534308211473565,0.14019091038609488,0.5106841344676936
0.5531795160382668,0.14004843994871063,0.5106987842010707
0.553490990990991,0.14004843994871063,0.5107597411576861
0.5532394366197183,0.1399059695113264,0.510860114637563
0.5535512965050733,0.1399059695113264,0.5109461548307177
0.5532994923857868,0.13976349907394214,0.5110597790990046
0.5530474040632054,0.13962102863655793,0.5110849666040198
0.5527950310559007,0.13947855819917368,0.5111701591016451
0.5537330316742082,0.13947855819917368,0.511384470521266
0.5534804753820034,0.13933608776178943,0.5114521730658553
0.5532276330690826,0.1391936173244052,0.5115140759991313
0.5535410764872521,0.1391936173244052,0.5115210920426764
0.5532879818594104,0.13905114688702094,0.5116549578365234
0.5536018150879183,0.13905114688702094,0.5117132774425622
0.5533484676503972,0.1389086764496367,0.5117739712078553
0.5536626916524702,0.1389086764496367,0.511864803671113
0.553409090909091,0.13876620601225245,0.5119046359972673
0.5531552018192155,0.1386237355748682,0.5119915816610608
0.552901023890785,0.13848126513748396,0.5120216451375756
0.5541619156214367,0.13848126513748396,0.5123151515828246
0.553907586993725,0.13833879470009974,0.5123264056855416
0.5542237442922374,0.13833879470009974,0.5123373002940715
0.5539691604797259,0.1381963242627155,0.5124672350657894
0.5546026300743282,0.1381963242627155,0.5126151956040792
0.5543478260869565,0.13805385382533125,0.5126457297424588
0.5540927303949628,0.137911383387947,0.512700655063256
0.5544100801832761,0.137911383387947,0.5127608140030718
0.5541547277936962,0.13776891295056276,0.51280967630398
0.5557471264367816,0.13776891295056276,0.5132927834604457
0.5554916618746406,0.13762644251317852,0.5134003836602329
0.5552359033371692,0.13748397207579427,0.5134088358668797
0.5565167243367936,0.13748397207579427,0.5139077204758019
0.5562608193883439,0.13734150163841002,0.5139110592549851
0.5560046189376443,0.13719903120102578,0.5139162361310938
0.5557481224725592,0.13705656076364153,0.5139337688685686
0.5570353213665316,0.13705656076364153,0.5145259873768031
0.5567786790266512,0.13691409032625732,0.5146475051575964
0.5565217391304348,0.13677161988887307,0.5146659173998887
0.5562645011600929,0.13662914945148882,0.5147112798414519
0.5565873476494486,0.13662914945148882,0.5147162422420454
0.5563298490127758,0.13648667901410458,0.5147883970284008
0.5560720511330621,0.13634420857672033,0.5148881585762016
0.5563953488372093,0.13634420857672033,0.5149750425163908
0.5561372891215823,0.1362017381393361,0.5149847158766409
0.5558789289871944,0.13605926770195184,0.514993504499782
0.5568513119533528,0.13605926770195184,0.5154080707502148
0.5565927654609102,0.1359167972645676,0.5154460490315727
0.5563339171044951,0.13577432682718335,0.5154566856677494
0.5566588785046729,0.13577432682718335,0.5154819775913894
0.5563997662185857,0.1356318563897991,0.5155592290266547
0.5567251461988304,0.1356318563897991,0.5156828174475949
0.5564657694558222,0.1354893859524149,0.5157048139787279
0.5574443141852286,0.1354893859524149,0.5159576338742948
0.5571847507331378,0.13534691551503064,0.5160601588556547
0.5575117370892019,0.13534691551503064,0.5161298193222561
0.5572519083969466,0.1352044450776464,0.5161316275911956
0.5602125147579693,0.1352044450776464,0.5166003394785939
0.5599527466036621,0.13506197464026215,0.5166340586820186
0.560615020697812,0.13506197464026215,0.5167256113041249
0.5603550295857989,0.1349195042028779,0.5168740874060499
0.5600947306098283,0.13477703376549366,0.517004720950794
0.5614243323442136,0.13477703376549366,0.5173366527474123
0.5611638954869359,0.1346345633281094,0.5173875453398722
0.5614973262032086,0.1346345633281094,0.5174624356999898
0.5612366230677764,0.13449209289072517,0.5174989492236352
0.561570493753718,0.13449209289072517,0.5175685781829169
0.5613095238095238,0.13434962245334092,0.5175689933275532
0.5610482430017868,0.13420715201595668,0.5178224134257214
0.5613825983313468,0.13420715201595668,0.517873767575235
0.5611210494931426,0.13406468157857246,0.5178752866305061
0.5631358467983244,0.13406468157857246,0.5179936981209121
0.562874251497006,0.1339222111411882,0.5181801093657976
0.5635491606714629,0.1339222111411882,0.5184635770225062
0.5632873425314937,0.13377974070380397,0.5184751803839452
0.5630252100840336,0.13363727026641972,0.5185200552934549
0.5637019230769231,0.13363727026641972,0.518658937176057
0.5634395670475045,0.13349479982903548,0.5187412281122766
0.5637785800240674,0.13349479982903548,0.5187464717433895
0.563515954244431,0.13335232939165123,0.5189456594914308
0.5632530120481928,0.13320985895426699,0.5189754237912021
0.5629897528631705,0.13306738851688274,0.5189879391385493
0.5627261761158022,0.1329249180794985,0.5192090338699563
0.5624622812311406,0.13278244764211425,0.5192424493656241
0.5621980676328503,0.13263997720473003,0.5192764571888548
0.5625377643504532,0.13263997720473003,0.5192900249545954
0.562273276904474,0.13249750676734579,0.5192990704278881
0.5620084694494858,0.13235503632996154,0.5193178139677057
0.5626892792247123,0.13235503632996154,0.5193255606498259
0.5624242424242424,0.1322125658925773,0.5195199888702163
0.5631067961165048,0.1322125658925773,0.5195504306332508
0.5628415300546448,0.13207009545519305,0.5198218992415382
0.5635258358662614,0.13207009545519305,0.5198725501719065
0.5632603406326034,0.1319276250178088,0.5199160012107266
0.563603164942179,0.1319276250178088,0.5199807325602954
0.5633373934226553,0.13178515458042456,0.520046006435561
0.5630712979890311,0.1316426841430403,0.5201051468457796
0.5634146341463414,0.1316426841430403,0.5201799319768678
0.5631482611348383,0.13150021370565607,0.5201979088360656
0.5634920634920635,0.13150021370565607,0.5202077797688875
0.5632254123396457,0.13135774326827182,0.5202201775352908
0.563914373088685,0.13135774326827182,0.5203354795920242
0.5636474908200735,0.1312152728308876,0.5205025046360171
0.5643382352941176,0.1312152728308876,0.5206774700858973
0.5640711220110362,0.13107280239350336,0.5207016060164952
0.5644171779141104,0.13107280239350336,0.5207532197266043
0.5641497851442603,0.1309303319561191,0.5209788303878454
0.5638820638820639,0.13078786151873487,0.5209798394462735
0.5636140135218193,0.13064539108135062,0.5209886533828311
0.5633456334563346,0.13050292064396637,0.5211085442710165
0.5640394088669951,0.13050292064396637,0.5212327176875263
0.5637707948243993,0.13036045020658213,0.521290817848676
0.5635018495684341,0.13021797976919788,0.5213176576704298
0.5638494756323257,0.13021797976919788,0.5213581781161231
0.5635802469135802,0.13007550933181364,0.521386950648441
0.5633106856084003,0.1299330388944294,0.5214381811786398
0.5630407911001236,0.12979056845704517,0.5214765673560313
0.5637376237623762,0.12979056845704517,0.5217764889926317
0.5634674922600619,0.12964809801966093,0.5218607511770369
0.563816604708798,0.12964809801966093,0.521989037966727
0.5635461872287663,0.12950562758227668,0.5220557938858755
0.5642458100558659,0.12950562758227668,0.522214843292669
0.5639751552795031,0.12936315714489244,0.5222380298095606
0.5643256681168427,0.12936315714489244,0.5222781130652973
0.5640547263681592,0.1292206867075082,0.522377456919858
0.5637834474175483,0.12907821627012395,0.5224242788460604
0.5635118306351183,0.1289357458327397,0.5224724219499406
0.5632398753894081,0.12879327539535546,0.5225081619281504
0.5629675810473815,0.1286508049579712,0.5225134399314978
0.5636704119850188,0.1286508049579712,0.5225615368709007
0.5633978763272954,0.128508334520587,0.5225843709820119
0.5648090169067,0.128508334520587,0.5227783665550413
0.5645363408521303,0.12836586408320275,0.5228010111880222
0.5648902821316615,0.12836586408320275,0.5230521628025807
0.5646173149309912,0.1282233936458185,0.5230887395280333
0.5643440050219711,0.12808092320843426,0.5231049098766528
0.5640703517587939,0.12793845277105,0.523113467171714
0.5647798742138365,0.12793845277105,0.5232498610468467
0.5645059786028949,0.12779598233366576,0.5232892040288797
0.5642317380352645,0.12765351189628152,0.52331524181998
0.5639571518588532,0.12751104145889727,0.5233703160159278
0.5636822194199244,0.12736857102151303,0.5234588148368525
0.5634069400630914,0.12722610058412878,0.5236041396617703
0.5637626262626263,0.12722610058412878,0.5236836055355558
0.5634870499052432,0.12708363014674456,0.523742170749927
0.5632111251580278,0.12694115970936032,0.5238885956321157
0.5639240506329114,0.12694115970936032,0.5242315605370393
0.5636478784040532,0.12679868927197607,0.5242378511489472
0.5633713561470215,0.12665621883459183,0.5242722400463529
0.5644444444444444,0.12665621883459183,0.524338629318249
0.5641677255400254,0.12651374839720758,0.5245023515742898
0.5638906547997458,0.12637127795982334,0.5245024044804752
0.5642493638676844,0.12637127795982334,0.5245207853456233
0.5639719923615532,0.1262288075224391,0.5246076969994032
0.5636942675159236,0.12608633708505484,0.5246429652724276
0.5651340996168582,0.12608633708505484,0.5249490744996171
0.5648562300319488,0.1259438666476706,0.5249742810157173
0.5645780051150895,0.12580139621028635,0.5250339273577806
0.5656630365150545,0.12580139621028635,0.5253620133048893
0.5653846153846154,0.12565892577290214,0.5253722646977983
0.5661103979460848,0.12565892577290214,0.5255249813938769
0.5658317276814386,0.1255164553355179,0.5256192527097727
0.5655526992287918,0.12537398489813364,0.5256460089671757
0.5652733118971061,0.1252315144607494,0.5256602580496926
0.5660012878300065,0.1252315144607494,0.5259443004271883
0.5657216494845361,0.12508904402336515,0.5261579836985221
0.5664516129032258,0.12508904402336515,0.5265249210708183
0.566171723692705,0.12494657358598091,0.5267536750454177
0.5669036845507434,0.12494657358598091,0.5267912692129569
0.5666235446313066,0.12480410314859666,0.5268139560236195
0.5663430420711975,0.12466163271121242,0.5269689332292626
0.5660621761658031,0.12451916227382819,0.5269808900614974
0.5671641791044776,0.12451916227382819,0.5271980682994208
0.5668831168831169,0.12437669183644394,0.5272962330631933
0.5679895901106051,0.12437669183644394,0.5274505841003674
0.5677083333333334,0.1242342213990597,0.5274934224203176
0.5680781758957655,0.1242342213990597,0.527593175874648
0.5677966101694916,0.12409175096167545,0.5277226698264178
0.5675146771037182,0.1239492805242912,0.5277962620008999
0.5672323759791122,0.12380681008690697,0.5278066071782165
0.5676028739386022,0.12380681008690697,0.527852164516127
0.5673202614379085,0.12366433964952273,0.527920548149346
0.5670372792674951,0.12352186921213848,0.5280873516754742
0.5685245901639344,0.12352186921213848,0.5282668057121028
0.568241469816273,0.12337939877475423,0.5283205824021827
0.5679579776756402,0.12323692833737,0.5283601442771418
0.5683311432325887,0.12323692833737,0.5284374875116442
0.5680473372781065,0.12309445789998576,0.5284589708972548
0.5677631578947369,0.12295198746260151,0.5285945560802997
0.5692612137203166,0.12295198746260151,0.5290473652492061
0.568976897689769,0.12280951702521727,0.5291446339625783
0.5693527080581242,0.12280951702521727,0.5292556991867555
0.5690680766688698,0.12266704658783302,0.5293089531139996
0.5687830687830688,0.12252457615044879,0.5293205283970698
0.5702917771883289,0.12252457615044879,0.5294016780267233
0.5700066357000664,0.12238210571306454,0.5294185631915101
0.5697211155378487,0.1222396352756803,0.5294365418880399
0.5694352159468439,0.12209716483829605,0.529444210252951
0.570572569906791,0.12209716483829605,0.5297596440133671
0.570286475682878,0.1219546944009118,0.5298702398193317
0.57,0.12181222396352757,0.5298921754928597
0.5697131420947298,0.12166975352614333,0.5299703140055555
0.570855614973262,0.12166975352614333,0.5304283341440263
0.5705685618729097,0.12152728308875908,0.5305276846429323
0.570281124497992,0.12138481265137484,0.5306050854474104
0.5699933020763563,0.12124234221399059,0.5306259114619166
0.5707578806170356,0.12124234221399059,0.5310282445196817
0.5704697986577181,0.12109987177660636,0.5310807425583746
0.571236559139785,0.12109987177660636,0.5311265175411912
0.5709482178883658,0.12095740133922211,0.5312482022909344
0.5713324360699865,0.12095740133922211,0.5312485661790034
0.571043771043771,0.12081493090183787,0.5313377645386022
0.5707547169811321,0.12067246046445362,0.5314379983870207
0.5704652730950776,0.12052999002706938,0.5314737991621816
0.5701754385964912,0.12038751958968515,0.531547240816713
0.5713319810682894,0.12038751958968515,0.5318001501003958
0.571041948579161,0.1202450491523009,0.531805045681937
0.5707515233581584,0.12010257871491666,0.5318600771951122
0.5715254237288135,0.12010257871491666,0.531957304209915
0.5712347354138398,0.11996010827753241,0.5320188221916566
0.5709436524100475,0.11981763784014816,0.5320265934908373
0.5713315217391305,0.11981763784014816,0.5321149945752872
0.5710401087695445,0.11967516740276393,0.5321891138925468
0.5707482993197279,0.11953269696537969,0.5323484983424212
0.572305593451569,0.11953269696537969,0.532814712866124
0.5720136518771332,0.11939022652799544,0.5330051607892723
0.573187414500684,0.11939022652799544,0.5332687123466112
0.5728952772073922,0.1192477560906112,0.5332882812254697
0.5726027397260274,0.11910528565322695,0.5335031834316358
0.5723098012337218,0.11896281521584272,0.5335252001440212
0.573489010989011,0.11896281521584272,0.5337258138276391
0.5731958762886598,0.11882034477845847,0.5337344308962171
0.5735900962861072,0.11882034477845847,0.5340427913913368
0.573296627666896,0.11867787434107423,0.5341242423062668
0.5730027548209367,0.11853540390368998,0.5341520195932693
0.5733976567884218,0.11853540390368998,0.5342157783838432
0.573103448275862,0.11839293346630574,0.5342171828503083
0.5728088336783989,0.1182504630289215,0.5342209206766643
0.5736005528680027,0.1182504630289215,0.5343907411280574
0.5733056708160442,0.11810799259153726,0.5345419580684247
0.5730103806228374,0.11796552215415301,0.5345454123417873
0.5762004175365344,0.11796552215415301,0.5352427139275279
0.5759052924791086,0.11782305171676877,0.5354200713782391
0.5756097560975609,0.11768058127938452,0.5354653472018502
0.5760111576011158,0.11768058127938452,0.535538672366097
0.5757152826238661,0.11753811084200029,0.5356069252678013
0.5754189944134078,0.11739564040461604,0.535642702983967
0.5751222921034241,0.1172531699672318,0.5357428070657113
0.5748251748251748,0.11711069952984755,0.5359003014481224
0.5752274317704689,0.11711069952984755,0.5359040401308672
0.5749299719887955,0.11696822909246331,0.535979240564235
0.575332866152768,0.11696822909246331,0.536025043597028
0.5750350631136045,0.11682575865507908,0.5360868326302302
0.5754385964912281,0.11682575865507908,0.5361422085487464
0.5751404494382022,0.11668328821769483,0.5361693244980273
0.5748418833450457,0.11654081778031058,0.5362318122889247
0.576056338028169,0.11654081778031058,0.5364543536723981
0.5757575757575758,0.11639834734292634,0.5364555467570031
0.5786118980169972,0.11639834734292634,0.5369697719876801
0.5783132530120482,0.1162558769055421,0.5370066842080082
0.5791341376863024,0.1162558769055421,0.5370465927932327
0.5788352272727273,0.11611340646815786,0.5370760466319939
0.5785358919687278,0.11597093603077362,0.5371019669833687
0.5782361308677099,0.11582846559338937,0.5372065272654649
0.5779359430604982,0.11568599515600513,0.5373493720968148
0.5776353276353277,0.11554352471862088,0.5374584800711798
0.5773342836778332,0.11540105428123665,0.5375355722327833
0.5770328102710414,0.1152585838438524,0.537535680274619
0.5767309064953604,0.11511611340646816,0.5377002344099507
0.5771428571428572,0.11511611340646816,0.5377299761847699
0.5768406004288777,0.11497364296908391,0.5378381496744542
0.5793251974156497,0.11497364296908391,0.5385087936692516
0.5790229885057471,0.11483117253169967,0.5385365124992231
0.5806916426512968,0.11483117253169967,0.5387893201121786
0.5803893294881038,0.11468870209431543,0.5387985244587943
0.5808080808080808,0.11468870209431543,0.5389921404890782
0.5805054151624549,0.11454623165693119,0.539030530499114
0.5802023121387283,0.11440376121954694,0.5390914510399818
0.5806218365871294,0.11440376121954694,0.5391410603693972
0.5803183791606368,0.1142612907821627,0.5391591463129156
0.5800144822592325,0.11411882034477845,0.5392125686457827
0.5797101449275363,0.11397634990739422,0.5392210924498549
0.5794053662073967,0.11383387947000997,0.5392612695191897
0.579100145137881,0.11369140903262573,0.53927487560948
0.5787944807552651,0.11354893859524148,0.5393186709477126
0.5784883720930233,0.11340646815785725,0.5393972532658851
0.5789090909090909,0.11340646815785725,0.5398368674904818
0.5786026200873362,0.113263997720473,0.539870778043738
0.5782957028404953,0.11312152728308876,0.5399491016128574
0.5795620437956205,0.11312152728308876,0.5401764821212572
0.579254930606282,0.11297905684570451,0.5401875332211895
0.5789473684210527,0.11283658640832027,0.5402723136951196
0.5802197802197803,0.11283658640832027,0.5406377855386687
0.5799120234604106,0.11269411597093604,0.5407457479263953
0.5811903012490816,0.11269411597093604,0.540843946057092
0.5808823529411765,0.11255164553355179,0.5408704741038349
0.5805739514348786,0.11240917509616755,0.5408867506392715
0.5802650957290133,0.1122667046587833,0.5409516344177538
0.5799557848194546,0.11212423422139906,0.5410585997006503
0.5796460176991151,0.11198176378401482,0.5412353118954244
0.5793357933579336,0.11183929334663058,0.5412565327405158
0.5827765404602822,0.11183929334663058,0.5418826221258728
0.5824665676077266,0.11169682290924633,0.541921551400662
0.5833333333333334,0.11169682290924633,0.5421532103194988
0.5830230826507818,0.11155435247186209,0.5425443238479574
0.5838926174496645,0.11155435247186209,0.5426881485973961
0.5835820895522388,0.11141188203447784,0.5426990057543504
0.5840179238237491,0.11141188203447784,0.5427262363140527
0.5837070254110612,0.11126941159709361,0.5429344937348418
0.5850187265917604,0.11126941159709361,0.5436057241516146
0.5847076461769115,0.11112694115970936,0.5437705737148948
0.5843960990247562,0.11098447072232512,0.5439024408920897
0.585274229902329,0.11098447072232512,0.5439946705362135
0.5849624060150376,0.11084200028494087,0.5440948110433359
0.5846501128668171,0.11069952984755663,0.5442614700345882
0.5843373493975904,0.1105570594101724,0.5445244874788331
0.584777694046722,0.1105570594101724,0.5446478468441097
0.5844645550527904,0.11041458897278815,0.5446730529643852
0.5841509433962264,0.1102721185354039,0.5446773793216712
0.5838368580060423,0.11012964809801966,0.5447404099407723
0.5835222978080121,0.10998717766063541,0.5447835473081091
0.5832072617246596,0.10984470722325118,0.5448447697816831
0.5836487509462528,0.10984470722325118,0.5449884019237864
0.5833333333333334,0.10970223678586694,0.5451261210311185
0.5837755875663382,0.10970223678586694,0.5452656805008599
0.5834597875569044,0.10955976634848269,0.5452945661186253
0.5831435079726651,0.10941729591109844,0.545297988313038
0.5828267477203647,0.1092748254737142,0.5453195202547767
0.5825095057034221,0.10913235503632997,0.5453426630849628
0.5829528158295282,0.10913235503632997,0.5454304607358871
0.5826351865955827,0.10898988459894572,0.5455453905856043
0.583079268292683,0.10898988459894572,0.5457416523576747
0.5827612509534706,0.10884741416156148,0.545794872352294
0.582442748091603,0.10870494372417723,0.5458330844695936
0.5855717574827322,0.10870494372417723,0.5464331036778038
0.5852534562211982,0.10856247328679298,0.5465377563626103
0.5870570107858244,0.10856247328679298,0.5469458286364698
0.5867386276021588,0.10842000284940875,0.5470042695979084
0.5880989180834622,0.10842000284940875,0.5473663722744342
0.5877803557617943,0.10827753241202451,0.5475322638423855
0.5874613003095975,0.10813506197464026,0.5476483052571248
0.5879163439194423,0.10813506197464026,0.5477142290409791
0.5875968992248062,0.10799259153725602,0.5478219964026207
0.5885093167701864,0.10799259153725602,0.5480022806761556
0.5881895881895882,0.10785012109987177,0.5480141859181018
0.5878693623639192,0.10770765066248754,0.5480196468674635
0.5875486381322957,0.1075651802251033,0.5481294818624199
0.5884645362431801,0.1075651802251033,0.5481709909378302
0.5881435257410297,0.10742270978771905,0.5484142453261456
0.5878220140515222,0.1072802393503348,0.5486555405756349
0.5875,0.10713776891295056,0.5486606867617355
0.5888801879404855,0.10713776891295056,0.548944764096063
0.5885579937304075,0.10699529847556633,0.5490676837727557
0.5890196078431372,0.10699529847556633,0.5493289064593759
0.5886970172684458,0.10685282803818208,0.5493420613822396
0.5883739198743126,0.10671035760079783,0.5494619955429852
0.5880503144654088,0.10656788716341359,0.5494955148281182
0.5889763779527559,0.10656788716341359,0.5495781488159799
0.5886524822695035,0.10642541672602934,0.5496407236312068
0.5883280757097792,0.10628294628864511,0.5497154897350197
0.5880031570639306,0.10614047585126087,0.5497654866385664
0.5889328063241107,0.10614047585126087,0.5497860909098569
0.5886075949367089,0.10599800541387662,0.5500753528181062
0.5890736342042755,0.10599800541387662,0.5501348587630718
0.5887480190174327,0.10585553497649237,0.5502420072506599
0.5884218873909596,0.10571306453910813,0.5505014350713442
0.5888888888888889,0.10571306453910813,0.5505641944592148
0.5885623510722796,0.1055705941017239,0.5505713987649028
0.5894988066825776,0.1055705941017239,0.5507024463489266
0.589171974522293,0.10542812366433965,0.5508226183531166
0.5910543130990416,0.10542812366433965,0.5509990918986167
0.5907274180655475,0.1052856532269554,0.5510771264853824
0.5912,0.1052856532269554,0.5512176453257981
0.5908726981585268,0.10514318278957116,0.5512398647665081
0.5905448717948718,0.10500071235218691,0.5512494625874272
0.5914927768860353,0.10500071235218691,0.5513885036189645
0.5911646586345382,0.10485824191480268,0.5514643431742736
0.5908360128617364,0.10471577147741844,0.5514667369515466
0.5913113435237329,0.10471577147741844,0.5516044985289431
0.5909822866344605,0.10457330104003419,0.551668814883316
0.5914585012087027,0.10457330104003419,0.5517489718354754
0.5911290322580646,0.10443083060264995,0.5518327419259939
0.5916061339790153,0.10443083060264995,0.5518867792818797
0.5912762520193862,0.1042883601652657,0.5519209521050893
0.5909458367016976,0.10414588972788147,0.5520125191359229
0.5906148867313916,0.10400341929049722,0.5520823582633725
0.592051905920519,0.10400341929049722,0.552136389384268
0.5917207792207793,0.10386094885311298,0.5521949952800606
0.5922014622258327,0.10386094885311298,0.5523649996017049
0.591869918699187,0.10371847841572873,0.5524056710686838
0.5915378356387306,0.1035760079783445,0.5525399475928944
0.5920195439739414,0.1035760079783445,0.5527361270484319
0.5916870415647921,0.10343353754096025,0.5528150839963626
0.5921696574225123,0.10343353754096025,0.5528587716947347
0.5918367346938775,0.10329106710357601,0.552984881220635
0.5923202614379085,0.10329106710357601,0.5530520229868717
0.5919869174161897,0.10314859666619176,0.5530879648129813
0.592956592956593,0.10314859666619176,0.5535588795602185
0.5926229508196721,0.10300612622880752,0.5536454559551668
0.5935960591133005,0.10300612622880752,0.5537231232218065
0.5932621199671323,0.10286365579142329,0.5538181179029681
0.5947281713344317,0.10286365579142329,0.5543170979287998
0.59439406430338,0.10272118535403904,0.5546329487454038
0.594059405940594,0.1025787149166548,0.5550940291833466
0.5937241948802643,0.10243624447927055,0.5551496411860765
0.5933884297520661,0.1022937740418863,0.5552040885363246
0.5938792390405294,0.1022937740418863,0.5552377266330326
0.5935430463576159,0.10215130360450207,0.5552559950141993
0.5932062966031483,0.10200883316711783,0.5553003357725814
0.5928689883913765,0.10186636272973358,0.5553211082233037
0.5925311203319502,0.10172389229234934,0.5553867029957763
0.5921926910299004,0.10158142185496509,0.5554207534172022
0.5918536990856192,0.10143895141758086,0.5554257940565576
0.591514143094842,0.10129648098019661,0.5554313856499314
0.5911740216486261,0.10115401054281237,0.5557692991790367
0.5921601334445371,0.10115401054281237,0.5560887074694013
0.5918196994991652,0.10101154010542812,0.5563275775501014
0.592809364548495,0.10101154010542812,0.5564748094490855
0.5924686192468619,0.10086906966804388,0.5569572638542898
0.592964824120603,0.10086906966804388,0.5569977153747857
0.5926236378876781,0.10072659923065964,0.5573097251479577
0.5941176470588235,0.10072659923065964,0.557403819281787
0.5937762825904122,0.1005841287932754,0.5575162960463947
0.5934343434343434,0.10044165835589115,0.5575319607226324
0.5939342881213142,0.10044165835589115,0.5577288585198156
0.5935919055649241,0.10029918791850691,0.5577606110878576
0.5932489451476793,0.10015671748112266,0.5578975268630626
0.5929054054054054,0.10001424704373843,0.5579649863403354
0.5939086294416244,0.10001424704373843,0.558358953231607
0.5935647756138865,0.09987177660635418,0.5585029886252555
0.5940677966101695,0.09987177660635418,0.5585753584328659
0.5937234944868532,0.09972930616896994,0.5585763129835495
0.5933786078098472,0.0995868357315857,0.5585794533733004
0.5938827527612575,0.0995868357315857,0.5587841088133488
0.5935374149659864,0.09944436529420145,0.5588635276735974
0.5931914893617021,0.09930189485681722,0.5589111928622872
0.5928449744463373,0.09915942441943297,0.5590450915930661
0.5933503836317136,0.09915942441943297,0.5591317370161469
0.5930034129692833,0.09901695398204872,0.5591500596534893
0.5926558497011102,0.09887448354466448,0.5591819094261931
0.5931623931623932,0.09887448354466448,0.5593736302542649
0.592814371257485,0.09873201310728023,0.5594628972081169
0.5924657534246576,0.098589542669896,0.5594659828636692
0.5921165381319623,0.09844707223251176,0.5596435897463075
0.5926243567753001,0.09844707223251176,0.5596463504567737
0.592274678111588,0.09830460179512751,0.5596938141009783
0.5919243986254296,0.09816213135774327,0.5597238449672967
0.592433361994841,0.09816213135774327,0.5597327168855334
0.5920826161790017,0.09801966092035902,0.5597602012471233
0.5917312661498708,0.09787719048297479,0.5599615146093064
0.5963541666666666,0.09787719048297479,0.5610917719662435
0.5960034752389227,0.09773472004559054,0.5611523628586714
0.5980819529206626,0.09773472004559054,0.5614807477028348
0.5977312390924956,0.0975922496082063,0.5617197465849614
0.5973799126637555,0.09744977917082205,0.5617481096312672
0.597027972027972,0.0973073087334378,0.5617745138841447
0.5991228070175438,0.0973073087334378,0.5620593219435985
0.5987708516242318,0.09716483829605357,0.5622577953104729
0.5992970123022847,0.09716483829605357,0.5622861028734414
0.5989445910290238,0.09702236785866933,0.5626429492057184
0.5985915492957746,0.09687989742128508,0.562650563515348
0.5991189427312775,0.09687989742128508,0.5627183096830061
0.5987654320987654,0.09673742698390084,0.5629014062667649
0.5998233215547704,0.09673742698390084,0.5630234773683006
0.5994694960212201,0.09659495654651659,0.563061593144446
0.5991150442477876,0.09645248610913236,0.5632355457963469
0.600177304964539,0.09645248610913236,0.5632778084408481
0.5998225377107365,0.09631001567174811,0.5632795661602846
0.5994671403197158,0.09616754523436387,0.56332793287071
0.6,0.09616754523436387,0.5633959762013572
0.599644128113879,0.09602507479697962,0.5635497973064518
0.6007130124777184,0.09602507479697962,0.5638223325601461
0.6003568242640499,0.09588260435959538,0.5638682851952552
0.6014298480786416,0.09588260435959538,0.5640363936829479
0.6010733452593918,0.09574013392221115,0.564041113812742
0.6021505376344086,0.09574013392221115,0.5642090932902015
0.6017937219730942,0.0955976634848269,0.5642394700220216
0.6014362657091562,0.09545519304744265,0.5645477143930699
0.601078167115903,0.09531272261005841,0.5646204778829815
0.6007194244604317,0.09517025217267416,0.5647081687417976
0.6003600360036003,0.09502778173528993,0.564815838632116
0.6014427412082958,0.09502778173528993,0.5650690408129657
0.6010830324909747,0.09488531129790569,0.5651686826581148
0.6007226738934056,0.09474284086052144,0.5653809385307025
0.6003616636528029,0.0946003704231372,0.5654528547692589
0.6,0.09445789998575295,0.5657813451049434
0.5996376811594203,0.09431542954836872,0.565783811931027
0.6007259528130672,0.09431542954836872,0.5658445494058454
0.6003633060853769,0.09417295911098447,0.5659071546166475
0.600909090909091,0.09417295911098447,0.5659229551297844
0.6005459508644222,0.09403048867360023,0.5659572220422717
0.6001821493624773,0.09388801823621598,0.5660884433204527
0.6007292616226071,0.09388801823621598,0.5661699548364126
0.6003649635036497,0.09374554779883175,0.5663214543652805
0.6,0.0936030773614475,0.5664407001618174
0.6005484460694699,0.0936030773614475,0.5664454854051253
0.6001829826166514,0.09346060692406326,0.5665120184635934
0.6018348623853211,0.09346060692406326,0.5668577671078313
0.6014692378328742,0.09331813648667901,0.5669223095132808
0.6011029411764706,0.09317566604929477,0.5669255258110324
0.6022099447513812,0.09317566604929477,0.5669921506163417
0.6018433179723502,0.09303319561191054,0.5670076178618094
0.6014760147601476,0.09289072517452629,0.5671019261535917
0.6011080332409973,0.09274825473714204,0.5671923109352759
0.600739371534196,0.0926057842997578,0.5672814115606833
0.6003700277520814,0.09246331386237355,0.5674324555082728
0.6,0.09232084342498932,0.5674354210931685
0.5996292863762743,0.09217837298760508,0.5674490085321134
0.5992578849721707,0.09203590255022083,0.5675984082905303
0.6003717472118959,0.09203590255022083,0.5676200128120181
0.6,0.09189343211283658,0.5676224160099386
0.5996275605214153,0.09175096167545234,0.5678122152512223
0.5992544268406338,0.09160849123806811,0.5678179752965369
0.5988805970149254,0.09146602080068386,0.5678969185685727
0.5985060690943044,0.09132355036329962,0.5679312909224878
0.5990654205607476,0.09132355036329962,0.5679892654847841
0.598690364826941,0.09118107992591537,0.5681110232588572
0.598314606741573,0.09103860948853112,0.5681197613424369
0.599437148217636,0.09103860948853112,0.5682049797246215
0.5990610328638498,0.0908961390511469,0.5682438897369996
0.5986842105263158,0.09075366861376265,0.5682684603403347
0.5983066792097836,0.0906111981763784,0.5683369063547197
0.5979284369114878,0.09046872773899416,0.5684981161960786
0.5996222851746931,0.09046872773899416,0.5689838448731047
0.5992438563327032,0.09032625730160991,0.569099378470741
0.5998107852412489,0.09032625730160991,0.5691858809797016
0.5994318181818182,0.09018378686422568,0.569311712235812
0.5990521327014218,0.09004131642684143,0.5693969806276823
0.5986717267552182,0.08989884598945719,0.5694715568320061
0.5982905982905983,0.08975637555207294,0.5695048346924974
0.5994291151284491,0.08975637555207294,0.5696782182155292
0.599047619047619,0.0896139051146887,0.5696785308665795
0.5986653956148713,0.08947143467730446,0.5697982803304216
0.6003824091778203,0.08947143467730446,0.5702094399716403
0.6,0.08932896423992022,0.5702706707593417
0.5996168582375478,0.08918649380253597,0.5703336989402037
0.6001917545541706,0.08918649380253597,0.5704153823524568
0.5998080614203455,0.08904402336515173,0.5704612584974916
0.6003842459173871,0.08904402336515173,0.5705577573018874
0.6,0.08890155292776748,0.5707912131356949
0.5996150144369586,0.08875908249038325,0.5709074633052234
0.6001926782273603,0.08875908249038325,0.5709662389882492
0.5998071359691417,0.088616612052999,0.5710239041098747
0.5994208494208494,0.08847414161561476,0.5714146031004951
0.5990338164251208,0.08833167117823051,0.5714341096443994
0.5986460348162476,0.08818920074084627,0.5715113714765636
0.5998062015503876,0.08818920074084627,0.5715534084753007
0.5994180407371484,0.08804673030346204,0.5716775540557564
0.5990291262135923,0.08790425986607779,0.571883232664105
0.5986394557823129,0.08776178942869355,0.5719037726914111
0.6003898635477583,0.08776178942869355,0.5720388101506736
0.6,0.0876193189913093,0.5721345940377646
0.6005859375,0.0876193189913093,0.5722133333935073
0.6001955034213099,0.08747684855392505,0.5722244169189279
0.5998043052837574,0.08733437811654082,0.5723716456487479
0.5994123408423114,0.08719190767915658,0.5725189205455867
0.5990196078431372,0.08704943724177233,0.572522235602576
0.5986261040235525,0.08690696680438809,0.5730657382980826
0.5992141453831041,0.08690696680438809,0.5731877445212054
0.5988200589970502,0.08676449636700384,0.57320093983811
0.5984251968503937,0.08662202592961961,0.5732775127949149
0.5980295566502463,0.08647955549223536,0.573305552986455
0.5976331360946746,0.08633708505485112,0.5734772731741584
0.599406528189911,0.08633708505485112,0.5739409857102428
0.599009900990099,0.08619461461746687,0.5740733312638635
0.599603567888999,0.08619461461746687,0.5741625469082073
0.5992063492063492,0.08605214418008263,0.5742576520489636
0.601593625498008,0.08605214418008263,0.5750102823709181
0.6011964107676969,0.0859096737426984,0.5751336951762278
0.6007984031936128,0.08576720330531415,0.575242141112198
0.602,0.08576720330531415,0.575440689533874
0.6016016016016016,0.0856247328679299,0.5754512821514303
0.6012024048096193,0.08548226243054566,0.5755023807626936
0.6018054162487463,0.08548226243054566,0.5756932287761469
0.6014056224899599,0.08533979199316141,0.5757708234344298
0.6010050251256281,0.08519732155577718,0.5758440553701742
0.6006036217303823,0.08505485111839294,0.5759479001835582
0.6018145161290323,0.08505485111839294,0.5759757807020931
0.6014127144298688,0.08491238068100869,0.5761853615289223
0.602020202020202,0.08491238068100869,0.5762012290501887
0.6016177957532861,0.08476991024362444,0.5762042814439895
0.6022267206477733,0.08476991024362444,0.5762325631254815
0.601823708206687,0.0846274398062402,0.576261210317593
0.6014198782961461,0.08448496936885597,0.576494024748229
0.6020304568527919,0.08448496936885597,0.5766521288063897
0.6016260162601627,0.08434249893147172,0.5766683255816657
0.602238046795524,0.08434249893147172,0.5767458912672208
0.6018329938900203,0.08420002849408748,0.5768569236511878
0.601427115188583,0.08405755805670323,0.5768987808619065
0.6020408163265306,0.08405755805670323,0.5769186796984228
0.6016343207354443,0.083915087619319,0.5769545124732824
0.6012269938650306,0.08377261718193475,0.5770575135081972
0.6030769230769231,0.08377261718193475,0.5772079789597976
0.6026694045174538,0.08363014674455051,0.577356997462295
0.6022610483042138,0.08348767630716626,0.5774609384559263
0.602880658436214,0.08348767630716626,0.5775363234527673
0.6024716786817713,0.08334520586978202,0.5776368438351105
0.6043388429752066,0.08334520586978202,0.5780654132847286
0.6039296794208894,0.08320273543239778,0.5780974993401435
0.6058091286307054,0.08320273543239778,0.5787057603925713
0.6053997923156802,0.08306026499501354,0.5787087540439608
0.6066597294484911,0.08306026499501354,0.5790751330800857
0.60625,0.08291779455762929,0.5791506703989232
0.6058394160583942,0.08277532412024505,0.5794678355742707
0.6090146750524109,0.08277532412024505,0.5801733607436557
0.608604407135362,0.0826328536828608,0.580544821348699
0.6081932773109243,0.08249038324547657,0.5807894859735914
0.6094736842105263,0.08249038324547657,0.5809154152233642
0.6090621707060063,0.08234791280809232,0.5810817372732434
0.6086497890295358,0.08220544237070808,0.5810954308793859
0.6082365364308342,0.08206297193332383,0.5812776445138763
0.6078224101479915,0.08192050149593959,0.5813832606884926
0.6084656084656085,0.08192050149593959,0.5814388767830265
0.6080508474576272,0.08177803105855536,0.5815254364447763
0.6076352067868505,0.08163556062117111,0.5817731095568337
0.6072186836518046,0.08149309018378686,0.5817995868066533
0.6068012752391073,0.08135061974640262,0.5818120107781195
0.6063829787234043,0.08120814930901837,0.5818917294440537
0.6059637912673056,0.08106567887163414,0.5819000475621471
0.605543710021322,0.0809232084342499,0.5821175796678815
0.6051227321237994,0.08078073799686565,0.5822163766556169
0.6057692307692307,0.08078073799686565,0.5823052043419855
0.6053475935828877,0.0806382675594814,0.5824156046461253
0.6066452304394426,0.0806382675594814,0.582784681347667
0.6062231759656652,0.08049579712209716,0.5827983713101714
0.6058002148227712,0.08035332668471293,0.5828728719927078
0.6064516129032258,0.08035332668471293,0.5829991316310712
0.6060279870828849,0.08021085624732868,0.5834485571914432
0.6056034482758621,0.08006838580994444,0.583497216118637
0.6051779935275081,0.07992591537256019,0.5835019857724996
0.6047516198704104,0.07978344493517595,0.5836563515795316
0.6054054054054054,0.07978344493517595,0.5839072013416298
0.604978354978355,0.07964097449779171,0.584014025264156
0.6062906724511931,0.07964097449779171,0.5843745043189948
0.6058631921824105,0.07949850406040747,0.5845066504918519
0.608505997818975,0.07949850406040747,0.5845596138381333
0.6080786026200873,0.07935603362302322,0.5846043983784955
0.6076502732240437,0.07921356318563898,0.584659268935592
0.6083150984682714,0.07921356318563898,0.584724079977564
0.6078860898138007,0.07907109274825473,0.58479450902754
0.6085526315789473,0.07907109274825473,0.5848516651653983
0.6081229418221734,0.0789286223108705,0.5852009280467405
0.6087912087912087,0.0789286223108705,0.5853307484735911
0.6083608360836084,0.07878615187348625,0.5856326690719824
0.6097023153252481,0.07878615187348625,0.585959555612503
0.609271523178808,0.07864368143610201,0.5860930305122478
0.6106194690265486,0.07864368143610201,0.5863490047736367
0.6101882613510521,0.07850121099871776,0.5863816173134674
0.6097560975609756,0.07835874056133352,0.5864958521647486
0.609322974472808,0.07821627012394929,0.5865947003468843
0.6088888888888889,0.07807379968656504,0.5867925439383381
0.6109253065774805,0.07807379968656504,0.5871813182241479
0.6104910714285714,0.0779313292491808,0.5872120964083193
0.6100558659217877,0.07778885881179655,0.5872452712801629
0.610738255033557,0.07778885881179655,0.5872518696661423
0.6103023516237402,0.0776463883744123,0.587423641616588
0.6098654708520179,0.07750391793702807,0.5877673668564039
0.6105499438832772,0.07750391793702807,0.587895608916412
0.6101123595505618,0.07736144749964383,0.5879371035552402
0.609673790776153,0.07721897706225958,0.5879861609427305
0.6131221719457014,0.07721897706225958,0.588493503836278
0.6126840317100792,0.07707650662487533,0.5885212751599954
0.6147727272727272,0.07707650662487533,0.5889296225988134
0.6143344709897611,0.07693403618749109,0.5889828610573599
0.6157354618015963,0.07693403618749109,0.5892446029731715
0.615296803652968,0.07679156575010686,0.589387011395901
0.6148571428571429,0.07664909531272261,0.5895744780923795
0.6169724770642202,0.07664909531272261,0.5903745051910072
0.616532721010333,0.07650662487533837,0.5903996751380233
0.6172413793103448,0.07650662487533837,0.5907183807681764
0.616800920598389,0.07636415443795412,0.5907358223292225
0.6163594470046083,0.07622168400056988,0.5907651070973052
0.615916955017301,0.07607921356318564,0.5908049795511084
0.6154734411085451,0.0759367431258014,0.5908395893716072
0.6168981481481481,0.0759367431258014,0.5910739459275224
0.6164542294322132,0.07579427268841715,0.5912585313999846
0.6160092807424594,0.0756518022510329,0.5915406354059582
0.6155632984901278,0.07550933181364866,0.5917253674187687
0.6151162790697674,0.07536686137626443,0.5919136628872261
0.6146682188591386,0.07522439093888018,0.5921619351085139
0.6153846153846154,0.07522439093888018,0.592164329336591
0.6149358226371062,0.07508192050149594,0.5922528801190419
0.6163742690058479,0.07508192050149594,0.5926721362129639
0.6159250585480094,0.07493945006411169,0.5927284590062981
0.6154747948417351,0.07479697962672745,0.5928006246352349
0.6150234741784038,0.07465450918934322,0.5930184434791661
0.6145710928319624,0.07451203875195897,0.5932576103218871
0.6141176470588235,0.07436956831457472,0.5934084036075109
0.6136631330977621,0.07422709787719048,0.5934243300579629
0.6132075471698113,0.07408462743980625,0.5935869975273956
0.6146572104018913,0.07408462743980625,0.5936336403282326
0.6142011834319526,0.073942157002422,0.5937104234687265
0.6137440758293838,0.07379968656503776,0.5937210616176384
0.6152019002375297,0.07379968656503776,0.5939329624023145
0.6147443519619501,0.07365721612765351,0.5941670573738658
0.6142857142857143,0.07351474569026926,0.5941976365996867
0.6138259833134684,0.07337227525288503,0.5947373463016682
0.6133651551312649,0.07322980481550079,0.5947802585967957
0.6129032258064516,0.07308733437811654,0.5948036107427852
0.6136363636363636,0.07308733437811654,0.5948558617373649
0.6131736526946108,0.0729448639407323,0.5950071560839876
0.6139088729016786,0.0729448639407323,0.5950855340287351
0.6134453781512605,0.07280239350334805,0.595433878804932
0.6129807692307693,0.07265992306596382,0.5954413170139099
0.6144578313253012,0.07265992306596382,0.5957096088177762
0.6139927623642943,0.07251745262857957,0.5958710322154545
0.6135265700483091,0.07237498219119533,0.5963640555251267
0.6130592503022975,0.07223251175381108,0.5963808148972138
0.612590799031477,0.07209004131642684,0.5963968207976252
0.6121212121212121,0.0719475708790426,0.5963978314708537
0.6128640776699029,0.0719475708790426,0.5965107470499571
0.6123936816524909,0.07180510044165836,0.5965133293285295
0.6119221411192214,0.07166263000427411,0.5965166751344735
0.6114494518879415,0.07152015956688987,0.5965303474706375
0.6121951219512195,0.07152015956688987,0.596612150625005
0.6117216117216118,0.07137768912950562,0.596623015711337
0.6124694376528117,0.07137768912950562,0.5966745375827808
0.6119951040391677,0.07123521869212139,0.5970534498148342
0.6115196078431373,0.07109274825473715,0.5971313474252163
0.6130221130221131,0.07109274825473715,0.5973399381251642
0.6125461254612546,0.0709502778173529,0.5978001234580993
0.6148148148148148,0.0709502778173529,0.5979853798198338
0.6143386897404203,0.07080780737996865,0.5980708600107937
0.6138613861386139,0.07066533694258441,0.5981156468502327
0.6133828996282528,0.07052286650520018,0.5983396745758448
0.6141439205955335,0.07052286650520018,0.5987321482159651
0.613664596273292,0.07038039606781593,0.5987769670396812
0.6144278606965174,0.07038039606781593,0.598807086918144
0.613947696139477,0.07023792563043169,0.5990631485813276
0.6134663341645885,0.07009545519304744,0.5991295204134388
0.6142322097378277,0.07009545519304744,0.5991844572900269
0.61375,0.0699529847556632,0.5992512973033925
0.6132665832290363,0.06981051431827896,0.5993364505823523
0.6127819548872181,0.06966804388089472,0.5994120307446312
0.6135508155583438,0.06966804388089472,0.6002010019433522
0.6130653266331658,0.06952557344351047,0.6002120933807129
0.6125786163522012,0.06938310300612623,0.6003711870447782
0.6133501259445844,0.06938310300612623,0.6003713708358634
0.6128625472887768,0.06924063256874198,0.6005906767947582
0.6123737373737373,0.06909816213135775,0.6007545556570191
0.6118836915297092,0.0689556916939735,0.6008254799613967
0.6126582278481013,0.0689556916939735,0.6008302296936826
0.6121673003802282,0.06881322125658926,0.6008960991010299
0.6129441624365483,0.06881322125658926,0.6009298814490451
0.6124523506988564,0.06867075081920501,0.6010315722243451
0.6147959183673469,0.06867075081920501,0.6015060468054866
0.6143039591315453,0.06852828038182077,0.6015078781483304
0.6138107416879796,0.06838580994443653,0.601667295089983
0.6133162612035852,0.06824333950705229,0.6017726872439967
0.6128205128205129,0.06810086906966804,0.6018210780618387
0.6123234916559692,0.0679583986322838,0.6019610173453378
0.6131105398457584,0.0679583986322838,0.6020367229123981
0.6126126126126126,0.06781592819489955,0.6023877839988002
0.6121134020618557,0.06767345775751532,0.6024119338955867
0.6116129032258064,0.06753098732013108,0.6024382293683497
0.6111111111111112,0.06738851688274683,0.602463455333486
0.6119016817593791,0.06738851688274683,0.6025789225240935
0.6113989637305699,0.06724604644536258,0.6026513855755405
0.6108949416342413,0.06710357600797834,0.6028622241216118
0.6103896103896104,0.0669611055705941,0.6031172679961799
0.6098829648894668,0.06681863513320986,0.6031725975746438
0.609375,0.06667616469582562,0.6032249002830775
0.6088657105606258,0.06653369425844137,0.603471985462714
0.608355091383812,0.06639122382105712,0.6035510641519816
0.6078431372549019,0.06624875338367289,0.6036011553662494
0.6073298429319371,0.06610628294628865,0.603724559114834
0.6068152031454783,0.0659638125089044,0.6037298041004592
0.607095926412615,0.06582134207152016,0.6037584197355259
0.6065789473684211,0.06567887163413591,0.6038372189368745
0.6060606060606061,0.06553640119675168,0.6040937635625766
0.6055408970976254,0.06539393075936743,0.6041162113032192
0.6050198150594451,0.06525146032198319,0.6042024802593177
0.6058201058201058,0.06525146032198319,0.6042339183649116
0.6052980132450331,0.06510898988459894,0.6042389357029753
0.6069057104913679,0.06510898988459894,0.6044892459367197
0.6063829787234043,0.0649665194472147,0.6045088049379956
0.607190412782956,0.0649665194472147,0.6047623249842824
0.6066666666666667,0.06482404900983046,0.604860697075675
0.6061415220293725,0.06468157857244622,0.6049491584866952
0.6056149732620321,0.06453910813506197,0.6050099946813706
0.6050870147255689,0.06439663769767773,0.6051956790954076
0.6067114093959731,0.06439663769767773,0.6054755249845978
0.6061827956989247,0.0642541672602935,0.6054802827572227
0.6069986541049798,0.0642541672602935,0.6055717773705156
0.6064690026954178,0.06411169682290925,0.6056162932975264
0.6059379217273954,0.063969226385525,0.6057441589535237
0.6054054054054054,0.06382675594814076,0.605745864593335
0.6048714479025711,0.06368428551075651,0.6057683385306762
0.6043360433604336,0.06354181507337228,0.6059339255175863
0.6037991858887382,0.06339934463598804,0.6059637587957966
0.6046195652173914,0.06339934463598804,0.6061968154427293
0.6040816326530613,0.06325687419860379,0.6064100216720666
0.603542234332425,0.06311440376121955,0.6064498401468943
0.6030013642564802,0.0629719333238353,0.6064839240004807
0.6024590163934426,0.06282946288645107,0.6064979680677924
0.6019151846785226,0.06268699244906682,0.6065094272263114
0.6013698630136987,0.06254452201168258,0.6066065406810152
0.6055172413793104,0.06254452201168258,0.6072593812209442
0.6049723756906077,0.06240205157429833,0.607418659867273
0.6044260027662517,0.06225958113691409,0.6074346276524049
0.6069444444444444,0.06225958113691409,0.6080698140054752
0.6063977746870653,0.06211711069952985,0.6082388787287847
0.6058495821727019,0.0619746402621456,0.6082423987710271
0.606694560669456,0.0619746402621456,0.6083617342398131
0.6061452513966481,0.06183216982476136,0.608478573333726
0.6055944055944056,0.06168969938737712,0.6090014250915745
0.6050420168067226,0.06154722894999288,0.609022448875753
0.605890603085554,0.06154722894999288,0.6092498351884423
0.6053370786516854,0.06140475851260863,0.6093548090817414
0.6070422535211267,0.06140475851260863,0.6096973553817915
0.6064880112834978,0.061262288075224394,0.6098391677308224
0.6073446327683616,0.061262288075224394,0.6099742819964226
0.6067892503536068,0.06111981763784015,0.6100227947214351
0.6062322946175638,0.0609773472004559,0.6101702423463727
0.6056737588652482,0.060834876763071664,0.6103240818821271
0.6051136363636364,0.06069240632568742,0.61034478575867
0.6059743954480796,0.06069240632568742,0.6107300946927982
0.6054131054131054,0.06054993588830318,0.6111119058938743
0.6062767475035663,0.06054993588830318,0.6116823926284147
0.6057142857142858,0.060407465450918935,0.6121176935937082
0.6051502145922747,0.06026499501353469,0.6123055097451776
0.6045845272206304,0.06012252457615045,0.6125065186845158
0.6040172166427547,0.059980054138766205,0.6125159575326854
0.603448275862069,0.059837583701381966,0.6127224921406104
0.6051873198847262,0.059837583701381966,0.6131038785840351
0.6046176046176046,0.05969511326399772,0.6131821753873591
0.6054913294797688,0.05969511326399772,0.6132130845265692
0.6049204052098408,0.059552642826613475,0.613250044130578
0.6043478260869565,0.059410172389229236,0.6132587196614737
0.6037735849056604,0.05926770195184499,0.6132650595092732
0.6055312954876274,0.05926770195184499,0.6134121453447258
0.6049562682215743,0.05912523151446075,0.6135608260616383
0.6043795620437956,0.058982761077076507,0.6136493461123369
0.6038011695906432,0.05884029063969226,0.6137099509115125
0.6032210834553441,0.05869782020230802,0.6139297390118795
0.604992657856094,0.05869782020230802,0.6148737048882854
0.6044117647058823,0.05855534976492378,0.6151942669277896
0.6070901033973413,0.05855534976492378,0.6156321385887121
0.606508875739645,0.05841287932753954,0.6157264625669766
0.6110283159463488,0.05841287932753954,0.6159227038208731
0.6104477611940299,0.05827040889015529,0.6160413328086
0.6113602391629297,0.05827040889015529,0.6161002899485241
0.6107784431137725,0.05812793845277105,0.6161222610562074
0.6101949025487257,0.05798546801538681,0.616176088119286
0.6111111111111112,0.05798546801538681,0.6162271226566645
0.6105263157894737,0.05784299757800256,0.6163125695924272
0.6114457831325302,0.05784299757800256,0.6164518893503054
0.6108597285067874,0.057700527140618324,0.6166362394977418
0.6155015197568389,0.057700527140618324,0.6171367286714659
0.6149162861491628,0.05755805670323408,0.6174601384751033
0.614329268292683,0.05741558626584983,0.6174649129054137
0.6137404580152672,0.057273115828465594,0.6179499419848637
0.6131498470948012,0.05713064539108135,0.6181837715198332
0.6140888208269525,0.05713064539108135,0.6183457723736036
0.6134969325153374,0.05698817495369711,0.6183986683779411
0.6144393241167435,0.05698817495369711,0.6184315522491637
0.6138461538461538,0.056845704516312864,0.6187772357268045
0.616692426584235,0.056845704516312864,0.6191138547267484
0.6160990712074303,0.056703234078928626,0.6191916448226081
0.6180124223602484,0.056703234078928626,0.6199214870678392
0.6174183514774495,0.05656076364154438,0.6199645141218938
0.616822429906542,0.056418293204160135,0.6199948513227763
0.6177847113884556,0.056418293204160135,0.6201103574718043
0.6171875,0.056275822766775896,0.6201191610796927
0.6165884194053208,0.05613335232939165,0.6201200787873478
0.6159874608150471,0.05599088189200741,0.6203139810031482
0.6153846153846154,0.055848411454623166,0.6204255592035821
0.6147798742138365,0.05570594101723892,0.6205854586532313
0.6141732283464567,0.05556347057985468,0.6209396970045723
0.6161137440758294,0.05556347057985468,0.6210234777578594
0.615506329113924,0.055421000142470436,0.6212999404302987
0.6174603174603175,0.055421000142470436,0.6215077031520111
0.6168521462639109,0.0552785297050862,0.6216212427030414
0.6162420382165605,0.05513605926770195,0.6217044903328872
0.6182108626198083,0.05513605926770195,0.6219159259126602
0.6176,0.054993588830317706,0.622012053310729
0.6185897435897436,0.054993588830317706,0.6220595236048638
0.6179775280898876,0.05485111839293347,0.6222101915474467
0.6189710610932476,0.05485111839293347,0.6225570611284921
0.6183574879227053,0.05470864795554922,0.6225775983725842
0.6193548387096774,0.05470864795554922,0.6228980245963861
0.6187399030694669,0.054566177518164984,0.6229788945809935
0.6181229773462783,0.05442370708078074,0.6231446262949123
0.6191247974068071,0.05442370708078074,0.6231577064202457
0.6185064935064936,0.05428123664339649,0.6234240936955581
0.6178861788617886,0.054138766206012254,0.6234273276067827
0.6172638436482085,0.05399629576862801,0.6234468254743175
0.6166394779771615,0.05385382533124377,0.623581042968173
0.6176470588235294,0.05385382533124377,0.6236760419300436
0.6170212765957447,0.053711354893859524,0.6236847665598458
0.6163934426229508,0.05356888445647528,0.6237465590463718
0.6194398682042833,0.05356888445647528,0.624492188795448
0.6188118811881188,0.05342641401909104,0.6245439771877219
0.6181818181818182,0.053283943581706794,0.6247390187701843
0.6175496688741722,0.053141473144322555,0.6248176687643588
0.6169154228855721,0.05299900270693831,0.6250211512716073
0.6179401993355482,0.05299900270693831,0.6250643012469353
0.6173044925124792,0.052856532269554064,0.6253910154495148
0.6166666666666667,0.052714061832169826,0.6256619840865006
0.6187290969899666,0.052714061832169826,0.6258924559492751
0.6180904522613065,0.05257159139478558,0.6260358831573919
0.6191275167785235,0.05257159139478558,0.6260784697762892
0.6184873949579832,0.05242912095740134,0.6260930932134042
0.6178451178451179,0.052286650520017096,0.6264211905166992
0.6188870151770658,0.052286650520017096,0.6266403884115681
0.6182432432432432,0.05214418008263285,0.6268384855892575
0.6192893401015228,0.05214418008263285,0.6270121140724204
0.6186440677966102,0.05200170964524861,0.6270294651235913
0.6207482993197279,0.05200170964524861,0.6272482744736961
0.6201022146507666,0.051859239207864366,0.6273199155006495
0.621160409556314,0.051859239207864366,0.6274579602147488
0.6205128205128205,0.05171676877048013,0.6276109220566793
0.6198630136986302,0.05157429833309588,0.6276514070343531
0.6209262435677531,0.05157429833309588,0.627701237069248
0.6202749140893471,0.05143182789571164,0.6277294434858625
0.6196213425129088,0.0512893574583274,0.6281259266617809
0.6189655172413793,0.05114688702094315,0.6283435974479609
0.6183074265975821,0.05100441658355891,0.6287853328270011
0.6176470588235294,0.05086194614617467,0.6293241927998539
0.6169844020797227,0.05071947570879043,0.6301518395333088
0.6163194444444444,0.050577005271406184,0.6301663647645436
0.6184668989547039,0.050577005271406184,0.6303775892789777
0.6178010471204188,0.05043453483402194,0.6304376946485034
0.6171328671328671,0.0502920643966377,0.6304479970063513
0.6182136602451839,0.0502920643966377,0.6307134742931186
0.6175438596491228,0.050149593959253454,0.6309566392192717
0.616871704745167,0.050007123521869215,0.6311750283867146
0.6161971830985915,0.04986465308448497,0.6312400062187725
0.6155202821869489,0.049722182647100724,0.6312508952987975
0.6166077738515902,0.049722182647100724,0.6321868084395513
0.6159292035398231,0.049579712209716485,0.6322845906509181
0.6152482269503546,0.04943724177233224,0.6327017124902145
0.6145648312611013,0.049294771334948,0.6329025488845275
0.6156583629893239,0.049294771334948,0.6331382981408753
0.6149732620320856,0.049152300897563755,0.6334028861886092
0.6142857142857143,0.04900983046017951,0.6334076634913938
0.6153846153846154,0.04900983046017951,0.6335172989266533
0.6146953405017921,0.04886736002279527,0.6336154587473048
0.6157989228007181,0.04886736002279527,0.633635212702353
0.6151079136690647,0.048724889585411026,0.6338471986539113
0.6144144144144145,0.04858241914802679,0.6341218838290452
0.6137184115523465,0.04843994871064254,0.634294306018596
0.617059891107078,0.04843994871064254,0.6346495746907411
0.6163636363636363,0.048297478273258296,0.6348746694996068
0.6156648451730419,0.04815500783587406,0.6351929170822693
0.6167883211678832,0.04815500783587406,0.6352435170610977
0.6160877513711152,0.04801253739848981,0.6355370799428296
0.6153846153846154,0.04787006696110557,0.6357073447655252
0.6165137614678899,0.04787006696110557,0.6357574238314607
0.6158088235294118,0.04772759652372133,0.6357730486483392
0.6151012891344383,0.04758512608633708,0.6359389577103266
0.6173752310536045,0.04758512608633708,0.6367605365102657
0.6166666666666667,0.04744265564895284,0.6370916924427594
0.6201117318435754,0.04744265564895284,0.6374533347342943
0.6194029850746269,0.0473001852115686,0.6374851840809623
0.6186915887850467,0.04715771477418436,0.6375787610993521
0.6198501872659176,0.04715771477418436,0.637624078307041
0.6191369606003753,0.04701524433680011,0.6377145943177169
0.618421052631579,0.046872773899415875,0.6377351897359154
0.6177024482109228,0.04673030346203163,0.6381170382514076
0.6188679245283019,0.04673030346203163,0.638199491028119
0.6181474480151229,0.04658783302464738,0.6382640495021757
0.6204933586337761,0.04658783302464738,0.6384089537169849
0.6197718631178707,0.046445362587263145,0.6385457593003777
0.6221374045801527,0.046445362587263145,0.6390736588614894
0.621414913957935,0.0463028921498789,0.6390922616359647
0.6206896551724138,0.04616042171249466,0.6391026711461916
0.6199616122840691,0.046017951275110415,0.6392133512586226
0.6211538461538462,0.046017951275110415,0.6392228710813411
0.6204238921001927,0.04587548083772617,0.6392577351040196
0.6196911196911197,0.04573301040034193,0.6394243114725299
0.6189555125725339,0.045590539962957685,0.6395556571719206
0.6182170542635659,0.04544806952557345,0.6395789866756817
0.6174757281553398,0.0453055990881892,0.6398291509153731
0.6167315175097277,0.045163128650804955,0.6399456001418092
0.6159844054580896,0.04502065821342072,0.6402188130673231
0.615234375,0.04487818777603647,0.6402518757661627
0.6176470588235294,0.04487818777603647,0.640590382905379
0.6168958742632613,0.04473571733865223,0.6407223900756271
0.6161417322834646,0.04459324690126799,0.6407628865435587
0.6153846153846154,0.04445077646388374,0.6407742437489872
0.6146245059288538,0.0443083060264995,0.6408027813430681
0.6158415841584158,0.0443083060264995,0.6408371352907714
0.6150793650793651,0.04416583558911526,0.6411600619533334
0.6175298804780877,0.04416583558911526,0.6422356643783397
0.6167664670658682,0.04402336515173102,0.6423170416836124
0.618,0.04402336515173102,0.6425009838382744
0.6172344689378757,0.04388089471434677,0.6426396427055625
0.6164658634538153,0.04373842427696253,0.642767356938347
0.6156941649899397,0.04359595383957829,0.6431728585447352
0.6149193548387096,0.04345348340219404,0.6432451033491986
0.6161616161616161,0.04345348340219404,0.6434107380444881
0.6153846153846154,0.043311012964809804,0.6436986263401399
0.6166328600405679,0.043311012964809804,0.6441745299896049
0.6158536585365854,0.04316854252742556,0.6446378877979995
0.615071283095723,0.04302607209004131,0.6447583512690679
0.6142857142857143,0.042883601652657075,0.6449635342742864
0.6134969325153374,0.04274113121527283,0.64523395037759
0.6147540983606558,0.04274113121527283,0.6452351781761875
0.6139630390143738,0.04259866077788859,0.6454390451326817
0.6152263374485597,0.04259866077788859,0.6457602618049668
0.6144329896907217,0.042456190340504345,0.645803186813576
0.6136363636363636,0.0423137199031201,0.6460976091702391
0.6128364389233955,0.04217124946573586,0.6462068901959316
0.6120331950207469,0.042028779028351615,0.6462212120483631
0.6112266112266113,0.041886308590967376,0.646269378683968
0.6104166666666667,0.04174383815358313,0.6465367447308599
0.6096033402922756,0.04160136771619889,0.6465531528533562
0.608786610878661,0.041458897278814646,0.6466511089073392
0.6079664570230608,0.0413164268414304,0.6467192497860513
0.6071428571428571,0.04117395640404616,0.6469053195326251
0.608421052631579,0.04117395640404616,0.6471183445708659
0.6075949367088608,0.04103148596666192,0.647371166874089
0.6067653276955602,0.04088901552927768,0.647546691705185
0.6106382978723405,0.04088901552927768,0.6483040240564051
0.6098081023454158,0.04074654509189343,0.648386446315833
0.6111111111111112,0.04074654509189343,0.6488887268501655
0.6102783725910065,0.04060407465450919,0.6490040269962646
0.6115879828326181,0.04060407465450919,0.6490982456111929
0.610752688172043,0.04046160421712495,0.649553043541009
0.6099137931034483,0.0403191337797407,0.6499813398094921
0.6112311015118791,0.0403191337797407,0.6501392203325849
0.6103896103896104,0.040176663342356464,0.6503241589911319
0.6117136659436009,0.040176663342356464,0.6503690176219699
0.6108695652173913,0.04003419290497222,0.650579926176518
0.6162280701754386,0.04003419290497222,0.6509645184009631
0.6153846153846154,0.03989172246758797,0.651022415215317
0.6145374449339207,0.039749252030203734,0.6524874224169201
0.6136865342163356,0.03960678159281949,0.6526282881235845
0.6128318584070797,0.03946431115543525,0.6529567881900429
0.6119733924611973,0.039321840718051004,0.6534978981142248
0.6111111111111112,0.03917937028066676,0.6535911341797054
0.6102449888641426,0.03903689984328252,0.6537111634630339
0.6171171171171171,0.03903689984328252,0.6543783232233981
0.6162528216704289,0.038894429405898275,0.6546047391243198
0.6153846153846154,0.038751958968514036,0.6546502412515196
0.6145124716553289,0.03860948853112979,0.6550088554731345
0.6136363636363636,0.038467018093745545,0.6551644469590086
0.6150341685649203,0.038467018093745545,0.6552020077045583
0.6141552511415526,0.038324547656361306,0.6552861827374152
0.6155606407322655,0.038324547656361306,0.6553480096156545
0.6146788990825688,0.03818207721897706,0.6555541198159648
0.6137931034482759,0.03803960678159282,0.6562004595507381
0.6129032258064516,0.037897136344208576,0.6563018834669309
0.6120092378752887,0.03775466590682433,0.6564724378457301
0.6111111111111112,0.03761219546944009,0.6567777049845311
0.6153846153846154,0.03761219546944009,0.6576460678342123
0.6144859813084113,0.037469725032055846,0.6579455030830644
0.6173708920187794,0.037469725032055846,0.6581693599348053
0.6164705882352941,0.03732725459467161,0.6583993846661408
0.6179245283018868,0.03732725459467161,0.6584725732471476
0.6170212765957447,0.03718478415728736,0.6591679417762669
0.6199524940617577,0.03718478415728736,0.659331908515703
0.6190476190476191,0.037042313719903124,0.6593820161422589
0.6181384248210023,0.03689984328251888,0.6594272128107367
0.6172248803827751,0.03675737284513463,0.6595704186520344
0.6216867469879518,0.03675737284513463,0.660173232236962
0.6207729468599034,0.036614902407750394,0.66032431286292
0.6198547215496368,0.03647243197036615,0.6605829709508826
0.6189320388349514,0.03632996153298191,0.6607816789024096
0.6180048661800487,0.036187491095597664,0.6612738495569822
0.6225490196078431,0.036187491095597664,0.6621330244829483
0.6216216216216216,0.03604502065821342,0.6623450130043617
0.6206896551724138,0.03590255022082918,0.6632133003223377
0.6197530864197531,0.035760079783444934,0.6632216641028283
0.6212871287128713,0.035760079783444934,0.6635882129090019
0.6203473945409429,0.035617609346060695,0.663718792771985
0.6194029850746269,0.03547513890867645,0.6638306763061684
0.6184538653366584,0.035332668471292204,0.6642818663061562
0.6175,0.035190198033907966,0.6648133051522105
0.6165413533834586,0.03504772759652372,0.6650757598628325
0.629156010230179,0.03504772759652372,0.6661895535985984
0.6282051282051282,0.03490525715913948,0.6665882941916209
0.6272493573264781,0.034762786721755236,0.6666191031436318
0.6262886597938144,0.03462031628437099,0.6668128207501691
0.627906976744186,0.03462031628437099,0.667094094862457
0.6269430051813472,0.03447784584698675,0.6673353016288288
0.625974025974026,0.034335375409602506,0.6673442275849598
0.6292428198433421,0.034335375409602506,0.6678579492257853
0.6282722513089005,0.03419290497221827,0.6680011169721175
0.6272965879265092,0.03405043453483402,0.6687251026484741
0.6263157894736842,0.033907964097449776,0.6691766133461371
0.6253298153034301,0.03376549366006554,0.6696069906109994
0.6243386243386243,0.03362302322268129,0.669617443845999
0.623342175066313,0.03348055278529705,0.6696488464595535
0.6223404255319149,0.03333808234791281,0.669974042010657
0.6256684491978609,0.03333808234791281,0.6703592742736486
0.6246648793565683,0.03319561191052856,0.6703755753798448
0.6263440860215054,0.03319561191052856,0.6707880354448973
0.6253369272237197,0.033053141473144323,0.6709126451011487
0.6287262872628726,0.033053141473144323,0.6726522084317008
0.6277173913043478,0.03291067103576008,0.6727382478662739
0.6267029972752044,0.03276820059837584,0.6731164655275527
0.6256830601092896,0.032625730160991594,0.673314699783249
0.6273972602739726,0.032625730160991594,0.6734625400154043
0.6263736263736264,0.03248325972360735,0.6735293791083853
0.631578947368421,0.03248325972360735,0.6738280547169236
0.6305555555555555,0.03234078928622311,0.6738604479573549
0.6295264623955432,0.032198318848838864,0.6741760050872224
0.6284916201117319,0.032055848411454625,0.6742720696782223
0.6274509803921569,0.03191337797407038,0.6743444629458398
0.6264044943820225,0.03177090753668614,0.6748388588814292
0.6281690140845071,0.03177090753668614,0.6752490741900549
0.6271186440677966,0.031628437099301895,0.6753047021427332
0.6260623229461756,0.03148596666191765,0.6753083590212507
0.6296296296296297,0.03148596666191765,0.6758096811294864
0.6285714285714286,0.03134349622453341,0.6763457057589503
0.6303724928366762,0.03134349622453341,0.6766047759948554
0.6293103448275862,0.031201025787149166,0.6766063383255773
0.6282420749279539,0.031058555349764923,0.6772774581755423
0.630057803468208,0.031058555349764923,0.6779410274310663
0.6289855072463768,0.03091608491238068,0.6780267744307209
0.627906976744186,0.03077361447499644,0.6780984491586661
0.6268221574344023,0.030631144037612197,0.6782150640358102
0.6304985337243402,0.030631144037612197,0.6791187132834319
0.6294117647058823,0.03048867360022795,0.6791265646917884
0.6331360946745562,0.03048867360022795,0.6792201881617806
0.6320474777448071,0.03034620316284371,0.6792880592986742
0.6309523809523809,0.030203732725459467,0.6795017032536392
0.6298507462686567,0.030061262288075225,0.6795887318825753
0.6336336336336337,0.030061262288075225,0.679848357433604
0.6325301204819277,0.029918791850690983,0.6800185166860683
0.6314199395770392,0.029776321413306737,0.6800766028111337
0.6352583586626139,0.029776321413306737,0.6805143773760044
0.6341463414634146,0.029633850975922495,0.6810498718812672
0.6330275229357798,0.029491380538538253,0.6810729213324905
0.6349693251533742,0.029491380538538253,0.6810757840482093
0.6338461538461538,0.02934891010115401,0.6812077983519262
0.6327160493827161,0.02920643966376977,0.6812928153758526
0.6346749226006192,0.02920643966376977,0.6819226565405347
0.6335403726708074,0.029063969226385523,0.6819529516605675
0.6394984326018809,0.029063969226385523,0.6826335743169264
0.6383647798742138,0.02892149878900128,0.6831172647557348
0.637223974763407,0.02877902835161704,0.6837469236691003
0.6360759493670886,0.028636557914232797,0.6841964867638328
0.6349206349206349,0.028494087476848555,0.6844139770006249
0.6389776357827476,0.028494087476848555,0.6847071404253365
0.6378205128205128,0.028351617039464313,0.6847688571693529
0.6366559485530546,0.028209146602080067,0.6850991209513372
0.635483870967742,0.028066676164695825,0.685366970732181
0.6343042071197411,0.027924205727311583,0.6855646963826084
0.6331168831168831,0.02778173528992734,0.6855782017541456
0.6319218241042345,0.0276392648525431,0.6855889262285297
0.630718954248366,0.027496794415158853,0.6856288523312737
0.6295081967213115,0.02735432397777461,0.6857854890090316
0.6282894736842105,0.02721185354039037,0.686099496547088
0.6270627062706271,0.027069383103006127,0.6872436173492393
0.6258278145695364,0.026926912665621885,0.6874348471565761
0.627906976744186,0.026926912665621885,0.6875568239714874
0.6266666666666667,0.02678444222823764,0.6878394714688362
0.6254180602006689,0.026641971790853397,0.6887878767316239
0.6241610738255033,0.026499501353469155,0.6890263472227703
0.622895622895623,0.026357030916084913,0.6891043855590709
0.625,0.026357030916084913,0.6894818948366943
0.6237288135593221,0.02621456047870067,0.6895075457732458
0.6258503401360545,0.02621456047870067,0.6902312541668122
0.6245733788395904,0.026072090041316425,0.6902573633555905
0.6232876712328768,0.025929619603932183,0.6909240420133961
0.6219931271477663,0.02578714916654794,0.6910843989331281
0.6206896551724138,0.0256446787291637,0.6916426192889906
0.6193771626297578,0.025502208291779457,0.6917820276893012
0.6215277777777778,0.025502208291779457,0.6922748147514924
0.6202090592334495,0.025359737854395215,0.6923241030922356
0.6223776223776224,0.025359737854395215,0.6926567688373882
0.6210526315789474,0.02521726741701097,0.6927930332868639
0.6232394366197183,0.02521726741701097,0.6936245300895517
0.6219081272084805,0.025074796979626727,0.6936575477065382
0.624113475177305,0.025074796979626727,0.6942277845881115
0.6227758007117438,0.024932326542242485,0.6942761490480616
0.6214285714285714,0.024789856104858243,0.6943314776546499
0.6236559139784946,0.024789856104858243,0.6944729088709195
0.6223021582733813,0.024647385667474,0.6946877243642781
0.6245487364620939,0.024647385667474,0.6947434388058856
0.6231884057971014,0.024504915230089755,0.6947441885235561
0.6218181818181818,0.024362444792705513,0.694920437405379
0.6240875912408759,0.024362444792705513,0.6953696739607916
0.6227106227106227,0.02421997435532127,0.69594854934646
0.6273062730627307,0.02421997435532127,0.6969597346247483
0.6259259259259259,0.02407750391793703,0.6970379167817687
0.6282527881040892,0.02407750391793703,0.6971487569617164
0.6268656716417911,0.023935033480552786,0.6972782810592906
0.6292134831460674,0.023935033480552786,0.697523421774794
0.6278195488721805,0.02379256304316854,0.6975273851607058
0.6264150943396226,0.0236500926057843,0.6983129103423175
0.6311787072243346,0.0236500926057843,0.6985165580499527
0.6297709923664122,0.023507622168400057,0.6990530847223353
0.6283524904214559,0.023365151731015815,0.6993382220709136
0.6269230769230769,0.023222681293631572,0.6996968920342648
0.6254826254826255,0.02308021085624733,0.6997711240704834
0.624031007751938,0.022937740418863085,0.6998797328489494
0.6264591439688716,0.022937740418863085,0.7000035702321699
0.625,0.022795269981478843,0.7004743590751656
0.6235294117647059,0.0226527995440946,0.7004859335258568
0.6284584980237155,0.0226527995440946,0.7016051278277434
0.626984126984127,0.02251032910671036,0.7017076411725208
0.6254980079681275,0.022367858669326116,0.7019652083543516
0.624,0.02222538823194187,0.7021744736102767
0.6224899598393574,0.02208291779455763,0.702676044941201
0.6209677419354839,0.021940447357173386,0.7028823636150665
0.6260162601626016,0.021940447357173386,0.7034475511415652
0.6244897959183674,0.021797976919789144,0.7035851640996907
0.6270491803278688,0.021797976919789144,0.7036403403634941
0.6255144032921811,0.021655506482404902,0.7040208799775547
0.628099173553719,0.021655506482404902,0.7043989493812615
0.6265560165975104,0.021513036045020657,0.7045653645773142
0.6317991631799164,0.021513036045020657,0.7047863499816284
0.6302521008403361,0.021370565607636414,0.7051757092466024
0.6286919831223629,0.021228095170252172,0.7052672037524105
0.6313559322033898,0.021228095170252172,0.705321672182768
0.6297872340425532,0.02108562473286793,0.7054697760284631
0.6351931330472103,0.02108562473286793,0.7060375160275095
0.6336206896551724,0.020943154295483688,0.7062245481915442
0.6363636363636364,0.020943154295483688,0.7063794974866254
0.6347826086956522,0.020800683858099446,0.7064043695904582
0.6375545851528385,0.020800683858099446,0.7067977431039578
0.6359649122807017,0.0206582134207152,0.7071655724486993
0.6343612334801763,0.02051574298333096,0.7073028553133948
0.6327433628318584,0.020373272545946716,0.7075261707796378
0.6311111111111111,0.020230802108562474,0.7076234446964987
0.6294642857142857,0.020088331671178232,0.70795249734853
0.6278026905829597,0.019945861233793986,0.708146607213512
0.6334841628959276,0.019945861233793986,0.708723945795004
0.6318181818181818,0.019803390796409744,0.7090549304310209
0.634703196347032,0.019803390796409744,0.709245238677498
0.6330275229357798,0.019660920359025502,0.7094962362073017
0.6509433962264151,0.019660920359025502,0.7101850931219549
0.6492890995260664,0.01951844992164126,0.7106530546193172
0.6523809523809524,0.01951844992164126,0.7109471284271414
0.6507177033492823,0.019375979484257018,0.7109582838674667
0.6538461538461539,0.019375979484257018,0.7110236794692418
0.6521739130434783,0.019233509046872772,0.7110658388524567
0.6504854368932039,0.01909103860948853,0.7113715447285572
0.6487804878048781,0.018948568172104288,0.7119604068499623
0.6470588235294118,0.018806097734720046,0.7121664920042549
0.645320197044335,0.018663627297335804,0.7121931128899468
0.6435643564356436,0.018521156859951562,0.712627886899843
0.6417910447761194,0.018378686422567316,0.7126835181180204
0.6482412060301508,0.018378686422567316,0.7128373955368033
0.6464646464646465,0.018236215985183074,0.7130055215563382
0.649746192893401,0.018236215985183074,0.7131571339050219
0.6479591836734694,0.018093745547798832,0.7131613511309244
0.654639175257732,0.018093745547798832,0.7135600041483842
0.6528497409326425,0.01795127511041459,0.7142322883883224
0.6510416666666666,0.017808804673030348,0.714854828172164
0.6492146596858639,0.017666334235646102,0.7149618485466835
0.6526315789473685,0.017666334235646102,0.7153218046505333
0.6507936507936508,0.01752386379826186,0.71626827386688
0.648936170212766,0.017381393360877618,0.7164568523181927
0.6524064171122995,0.017381393360877618,0.7166665278798017
0.6505376344086021,0.017238922923493376,0.7167660584204272
0.654054054054054,0.017238922923493376,0.7171775004890664
0.6521739130434783,0.017096452486109134,0.7176904289166514
0.6502732240437158,0.016953982048724888,0.7178509583767461
0.6483516483516484,0.016811511611340646,0.7182986734488003
0.6464088397790055,0.016669041173956404,0.7192170030384111
0.6573033707865169,0.016669041173956404,0.7196795081476991
0.655367231638418,0.016526570736572162,0.7198817417902843
0.6590909090909091,0.016526570736572162,0.7199133710483027
0.6571428571428571,0.01638410029918792,0.7206053342568627
0.6647398843930635,0.01638410029918792,0.7223093329947473
0.6627906976744186,0.016241629861803674,0.7223719701876982
0.6608187134502924,0.016099159424419432,0.7234508057315807
0.6588235294117647,0.01595668898703519,0.7234964545804605
0.6627218934911243,0.01595668898703519,0.724080134407765
0.6607142857142857,0.015814218549650948,0.724227608664823
0.6586826347305389,0.015671748112266706,0.7246793050654461
0.6566265060240963,0.015529277674882462,0.7249961468448157
0.6545454545454545,0.01538680723749822,0.7252211399904802
0.6524390243902439,0.015244336800113976,0.7252981589936622
0.656441717791411,0.015244336800113976,0.7265840155986941
0.654320987654321,0.015101866362729734,0.7274852641397102
0.6521739130434783,0.014959395925345492,0.7277303087679791
0.65625,0.014959395925345492,0.7279602720686636
0.6540880503144654,0.014816925487961248,0.7292261966841328
0.6582278481012658,0.014816925487961248,0.729512541585067
0.6560509554140127,0.014674455050577006,0.7296316961483232
0.6538461538461539,0.014531984613192762,0.7300068152908967
0.6516129032258065,0.01438951417580852,0.730090110913717
0.6493506493506493,0.014247043738424277,0.7307670649608639
0.6470588235294118,0.014104573301040034,0.7311522589904556
0.6513157894736842,0.014104573301040034,0.7317796929975994
0.6490066225165563,0.013962102863655792,0.7319422846069814
0.6533333333333333,0.013962102863655792,0.7322080605229794
0.6510067114093959,0.01381963242627155,0.7328375737991442
0.6486486486486487,0.013677161988887306,0.7333203498963539
0.6462585034013606,0.013534691551503063,0.734978400403109
0.6438356164383562,0.01339222111411882,0.7357512563338305
0.6413793103448275,0.013249750676734577,0.7357609477237292
0.6388888888888888,0.013107280239350335,0.7370878575878762
0.6433566433566433,0.013107280239350335,0.7376073612929157
0.6408450704225352,0.012964809801966092,0.7379231828061156
0.6382978723404256,0.01282233936458185,0.7390115081818028
0.6428571428571429,0.01282233936458185,0.7391859475994128
0.6402877697841727,0.012679868927197607,0.7394614024466657
0.6376811594202898,0.012537398489813363,0.7395320870690889
0.6423357664233577,0.012537398489813363,0.7404561645784874
0.6397058823529411,0.012394928052429121,0.7414429510410642
0.6370370370370371,0.012252457615044877,0.7417553936812543
0.6343283582089553,0.012109987177660635,0.7417887799153349
0.6538461538461539,0.012109987177660635,0.7433330806796582
0.6511627906976745,0.011967516740276393,0.744232863548536
0.6484375,0.01182504630289215,0.74475307919888
0.6456692913385826,0.011682575865507907,0.74492734954134
0.6428571428571429,0.011540105428123665,0.7451083365547263
0.648,0.011540105428123665,0.7459777563414574
0.6451612903225806,0.011397634990739421,0.7463765954725342
0.6422764227642277,0.01125516455335518,0.7464833977263171
0.639344262295082,0.011112694115970935,0.7476080564720581
0.6363636363636364,0.010970223678586693,0.7477139647954162
0.6333333333333333,0.010827753241202451,0.7478838258150163
0.6302521008403361,0.010685282803818207,0.7479158891973133
0.6271186440677966,0.010542812366433965,0.7483313850230585
0.6239316239316239,0.010400341929049723,0.7505555595301929
0.6206896551724138,0.01025787149166548,0.7510272694753218
0.6260869565217392,0.01025787149166548,0.7510419733036934
0.6228070175438597,0.010115401054281237,0.7519861343904524
0.6194690265486725,0.009972930616896993,0.7528385101174685
0.6306306306306306,0.009972930616896993,0.7533062082894763
0.6272727272727273,0.009830460179512751,0.7545014559600433
0.6238532110091743,0.009687989742128509,0.7562412270262849
0.6203703703703703,0.009545519304744265,0.7570450881989281
0.6261682242990654,0.009545519304744265,0.7570960389024982
0.6226415094339622,0.009403048867360023,0.7582410497512859
0.6190476190476191,0.009260578429975781,0.7591957940580443
0.6153846153846154,0.009118107992591537,0.7603237765652453
0.6116504854368932,0.008975637555207295,0.7604389516312516
0.6176470588235294,0.008975637555207295,0.7610307237026427
0.6138613861386139,0.008833167117823051,0.7616680046159369
0.61,0.008690696680438809,0.7616946069340995
0.6060606060606061,0.008548226243054567,0.7624825102141997
0.6020408163265306,0.008405755805670323,0.7631129845453019
0.5979381443298969,0.008263285368286081,0.7636149796892167
0.59375,0.008120814930901837,0.7641414248921471
0.5894736842105263,0.007978344493517595,0.7652602033884296
0.5957446808510638,0.007978344493517595,0.7667204611090775
0.5913978494623656,0.007835874056133353,0.7669183139350881
0.5869565217391305,0.00769340361874911,0.7671766784549118
0.6,0.00769340361874911,0.7679941866925976
0.5955056179775281,0.007550933181364867,0.7686496250770006
0.5909090909090909,0.007408462743980624,0.7693666748261415
0.6046511627906976,0.007408462743980624,0.7700227325575594
0.6,0.007265992306596381,0.7709195771143682
0.5952380952380952,0.007123521869212139,0.7728372293148835
0.5903614457831325,0.006981051431827896,0.7732274916146483
0.5853658536585366,0.006838580994443653,0.7746372489921024
0.5802469135802469,0.00669611055705941,0.7757137750736856
0.575,0.006553640119675168,0.7764431828334398
0.569620253164557,0.006411169682290925,0.776551663330044
0.5641025641025641,0.006268699244906682,0.7781713689520423
0.5789473684210527,0.006268699244906682,0.7810228562409655
0.5733333333333334,0.006126228807522439,0.7825811476491706
0.5972222222222222,0.006126228807522439,0.7836675603608472
0.5915492957746479,0.005983758370138197,0.7836841604822203
0.5857142857142857,0.005841287932753954,0.7837187339244907
0.5797101449275363,0.005698817495369711,0.7839028443071335
0.5735294117647058,0.005556347057985468,0.7860800265956832
0.5671641791044776,0.0054138766206012255,0.7872920512330295
0.5606060606060606,0.0052714061832169826,0.7881531183681996
0.5538461538461539,0.00512893574583274,0.7925135958504658
0.546875,0.004986465308448497,0.7925988784453167
0.5555555555555556,0.004986465308448497,0.7941796252260953
0.5483870967741935,0.0048439948710642545,0.7962418653651208
0.5409836065573771,0.0047015244336800115,0.7968065355667557
0.55,0.0047015244336800115,0.7969734018031538
0.5423728813559322,0.0045590539962957685,0.7978541898489631
0.5344827586206896,0.0044165835589115255,0.7980728551284909
0.5263157894736842,0.004274113121527283,0.7988174002215239
0.5178571428571429,0.0041316426841430404,0.7997297665698886
0.5576923076923077,0.0041316426841430404,0.8026251212139199
0.5490196078431373,0.0039891722467587975,0.8030481076915987
0.56,0.0039891722467587975,0.8032125737340593
0.5510204081632653,0.003846701809374555,0.807369242357454
0.5416666666666666,0.003704231371990312,0.8075873319637522
0.5319148936170213,0.0035617609346060694,0.8084756987778426
0.5217391304347826,0.0034192904972218264,0.8092412725999969
0.5111111111111111,0.003276820059837584,0.8104853362178895
0.5,0.003134349622453341,0.8117212127206281
0.5238095238095238,0.003134349622453341,0.8142638777772194
0.5121951219512195,0.0029918791850690983,0.8159276325377547
0.5,0.0028494087476848553,0.8176097511201104
0.5405405405405406,0.0028494087476848553,0.8201723776232804
0.5277777777777778,0.0027069383103006128,0.8203266294707172
0.5142857142857142,0.00256446787291637,0.825025159275755
0.5,0.0024219974355321272,0.8273599058585965
0.48484848484848486,0.0022795269981478843,0.8295593844494871
0.5333333333333333,0.0022795269981478843,0.8347697005415019
0.5172413793103449,0.0021370565607636417,0.835872219602216
0.5357142857142857,0.0021370565607636417,0.8383459691189167
0.5185185185185185,0.0019945861233793987,0.8424748558024865
0.5,0.001852115685995156,0.8459296105989378
0.52,0.001852115685995156,0.8475326816919435
0.5,0.0017096452486109132,0.8480927197937416
0.4782608695652174,0.0015671748112266704,0.8486834739830496
0.55,0.0015671748112266704,0.861896311985659
0.5263157894736842,0.0014247043738424277,0.8638839872824423
0.6666666666666666,0.0014247043738424277,0.8855384663698713
0.6428571428571429,0.001282233936458185,0.8857278169211362
0.6153846153846154,0.0011397634990739421,0.8962613179973379
0.8888888888888888,0.0011397634990739421,0.9112876212306622
0.875,0.0009972930616896994,0.9132343584656544
0.8571428571428571,0.0008548226243054566,0.9161300005889067
1.0,0.0008548226243054566,0.9163150325503443
1.0,0.0007123521869212138,0.9172498565495755
1.0,0.0005698817495369711,0.9175089175180403
1.0,0.0004274113121527283,0.9385204646998668
1.0,0.00028494087476848553,0.9593335026519474
1.0,0.00014247043738424277,0.9614248053013756
1.0,0.0,
