false_positive_rate,true_positive_rate,threshold
0.0,0.0,
0.0,0.00014247043738424277,0.9614248053013756
0.0,0.0008548226243054566,0.9163150325503443
2.5722810988784854e-05,0.0008548226243054566,0.9161300005889067
2.5722810988784854e-05,0.0011397634990739421,0.9112876212306622
0.00012861405494392426,0.0011397634990739421,0.8962613179973379
0.00012861405494392426,0.0014247043738424277,0.8855384663698713
0.0002315052988990637,0.0014247043738424277,0.8638839872824423
0.0002315052988990637,0.0015671748112266704,0.861896311985659
0.00030867373186541823,0.0015671748112266704,0.8486834739830496
0.00030867373186541823,0.001852115685995156,0.8475326816919435
0.0003343965428542031,0.001852115685995156,0.8459296105989378
0.0003343965428542031,0.0021370565607636417,0.8383459691189167
0.00036011935384298795,0.0021370565607636417,0.835872219602216
0.00036011935384298795,0.0022795269981478843,0.8347697005415019
0.0004372877868093425,0.0022795269981478843,0.8295593844494871
0.0004372877868093425,0.0028494087476848553,0.8201723776232804
0.000514456219775697,0.0028494087476848553,0.8176097511201104
0.000514456219775697,0.003134349622453341,0.8142638777772194
0.0005659018417532668,0.003134349622453341,0.8117212127206281
0.0005659018417532668,0.0039891722467587975,0.8032125737340593
0.0005916246527420516,0.0039891722467587975,0.8030481076915987
0.0005916246527420516,0.0041316426841430404,0.8026251212139199
0.000694515896697191,0.0041316426841430404,0.7997297665698886
0.000694515896697191,0.0047015244336800115,0.7969734018031538
0.0007202387076859759,0.0047015244336800115,0.7968065355667557
0.0007202387076859759,0.004986465308448497,0.7941796252260953
0.0007459615186747608,0.004986465308448497,0.7925988784453167
0.0007459615186747608,0.006126228807522439,0.7836675603608472
0.0008231299516411153,0.006126228807522439,0.7825811476491706
0.0008231299516411153,0.006268699244906682,0.7810228562409655
0.000874575573618685,0.006268699244906682,0.7781713689520423
0.000874575573618685,0.007408462743980624,0.7700227325575594
0.0009260211955962548,0.007408462743980624,0.7693666748261415
0.0009260211955962548,0.00769340361874911,0.7679941866925976
0.0009774668175738244,0.00769340361874911,0.7671766784549118
0.0009774668175738244,0.007978344493517595,0.7667204611090775
0.0010031896285626093,0.007978344493517595,0.7652602033884296
0.0010031896285626093,0.008975637555207295,0.7610307237026427
0.001028912439551394,0.008975637555207295,0.7604389516312516
0.001028912439551394,0.009545519304744265,0.7570960389024982
0.001054635250540179,0.009545519304744265,0.7570450881989281
0.001054635250540179,0.009972930616896993,0.7533062082894763
0.0011060808725177488,0.009972930616896993,0.7528385101174685
0.0011060808725177488,0.01025787149166548,0.7510419733036934
0.0011318036835065335,0.01025787149166548,0.7510272694753218
0.0011318036835065335,0.011540105428123665,0.7459777563414574
0.0011575264944953185,0.011540105428123665,0.7451083365547263
0.0011575264944953185,0.012109987177660635,0.7433330806796582
0.001260417738450458,0.012109987177660635,0.7417887799153349
0.001260417738450458,0.012537398489813363,0.7404561645784874
0.0012861405494392427,0.012537398489813363,0.7395320870690889
0.0012861405494392427,0.01282233936458185,0.7391859475994128
0.0013118633604280276,0.01282233936458185,0.7390115081818028
0.0013118633604280276,0.013107280239350335,0.7376073612929157
0.0013375861714168124,0.013107280239350335,0.7370878575878762
0.0013375861714168124,0.013962102863655792,0.7322080605229794
0.0013633089824055973,0.013962102863655792,0.7319422846069814
0.0013633089824055973,0.014104573301040034,0.7317796929975994
0.001389031793394382,0.014104573301040034,0.7311522589904556
0.001389031793394382,0.014816925487961248,0.729512541585067
0.001414754604383167,0.014816925487961248,0.7292261966841328
0.001414754604383167,0.014959395925345492,0.7279602720686636
0.0014404774153719518,0.014959395925345492,0.7277303087679791
0.0014404774153719518,0.015244336800113976,0.7265840155986941
0.0014662002263607368,0.015244336800113976,0.7252981589936622
0.0014662002263607368,0.01595668898703519,0.724080134407765
0.0014919230373495215,0.01595668898703519,0.7234964545804605
0.0014919230373495215,0.01638410029918792,0.7223093329947473
0.0015433686593270912,0.01638410029918792,0.7206053342568627
0.0015433686593270912,0.016526570736572162,0.7199133710483027
0.0015690914703158762,0.016526570736572162,0.7198817417902843
0.0015690914703158762,0.016669041173956404,0.7196795081476991
0.0016462599032822307,0.016669041173956404,0.7192170030384111
0.0016462599032822307,0.017238922923493376,0.7171775004890664
0.0016719827142710156,0.017238922923493376,0.7167660584204272
0.0016719827142710156,0.017381393360877618,0.7166665278798017
0.0016977055252598004,0.017381393360877618,0.7164568523181927
0.0016977055252598004,0.017666334235646102,0.7153218046505333
0.0017234283362485853,0.017666334235646102,0.7149618485466835
0.0017234283362485853,0.018093745547798832,0.7135600041483842
0.001774873958226155,0.018093745547798832,0.7131613511309244
0.001774873958226155,0.018236215985183074,0.7131571339050219
0.0018005967692149398,0.018236215985183074,0.7130055215563382
0.0018005967692149398,0.018378686422567316,0.7128373955368033
0.0018520423911925095,0.018378686422567316,0.7126835181180204
0.0018520423911925095,0.019375979484257018,0.7110236794692418
0.0018777652021812943,0.019375979484257018,0.7109582838674667
0.0018777652021812943,0.01951844992164126,0.7109471284271414
0.0019034880131700792,0.01951844992164126,0.7106530546193172
0.0019034880131700792,0.019660920359025502,0.7101850931219549
0.002057824879102788,0.019660920359025502,0.7094962362073017
0.002057824879102788,0.019803390796409744,0.709245238677498
0.002083547690091573,0.019803390796409744,0.7090549304310209
0.002083547690091573,0.019945861233793986,0.708723945795004
0.002134993312069143,0.019945861233793986,0.708146607213512
0.002134993312069143,0.020800683858099446,0.7067977431039578
0.0021607161230579276,0.020800683858099446,0.7064043695904582
0.0021607161230579276,0.020943154295483688,0.7063794974866254
0.0021864389340467126,0.020943154295483688,0.7062245481915442
0.0021864389340467126,0.02108562473286793,0.7060375160275095
0.0022378845560242825,0.02108562473286793,0.7054697760284631
0.0022378845560242825,0.021228095170252172,0.705321672182768
0.002263607367013067,0.021228095170252172,0.7052672037524105
0.002263607367013067,0.021513036045020657,0.7047863499816284
0.002315052988990637,0.021513036045020657,0.7045653645773142
0.002315052988990637,0.021655506482404902,0.7043989493812615
0.002340775799979422,0.021655506482404902,0.7040208799775547
0.002340775799979422,0.021797976919789144,0.7036403403634941
0.0023664986109682064,0.021797976919789144,0.7035851640996907
0.0023664986109682064,0.021940447357173386,0.7034475511415652
0.0024179442329457764,0.021940447357173386,0.7028823636150665
0.0024179442329457764,0.0226527995440946,0.7016051278277434
0.002469389854923346,0.0226527995440946,0.7004859335258568
0.002469389854923346,0.022937740418863085,0.7000035702321699
0.002495112665912131,0.022937740418863085,0.6998797328489494
0.002495112665912131,0.0236500926057843,0.6985165580499527
0.0025465582878897008,0.0236500926057843,0.6983129103423175
0.0025465582878897008,0.023935033480552786,0.697523421774794
0.0025722810988784853,0.023935033480552786,0.6972782810592906
0.0025722810988784853,0.02407750391793703,0.6971487569617164
0.0025980039098672703,0.02407750391793703,0.6970379167817687
0.0025980039098672703,0.02421997435532127,0.6969597346247483
0.00264944953184484,0.02421997435532127,0.69594854934646
0.00264944953184484,0.024362444792705513,0.6953696739607916
0.0026751723428336247,0.024362444792705513,0.694920437405379
0.0026751723428336247,0.024647385667474,0.6947434388058856
0.0027008951538224097,0.024647385667474,0.6946877243642781
0.0027008951538224097,0.024789856104858243,0.6944729088709195
0.0027266179648111947,0.024789856104858243,0.6943314776546499
0.0027266179648111947,0.025074796979626727,0.6942277845881115
0.0027523407757999796,0.025074796979626727,0.6936575477065382
0.0027523407757999796,0.02521726741701097,0.6936245300895517
0.002778063586788764,0.02521726741701097,0.6927930332868639
0.002778063586788764,0.025359737854395215,0.6926567688373882
0.002803786397777549,0.025359737854395215,0.6923241030922356
0.002803786397777549,0.025502208291779457,0.6922748147514924
0.002829509208766334,0.025502208291779457,0.6917820276893012
0.002829509208766334,0.02621456047870067,0.6902312541668122
0.0028552320197551186,0.02621456047870067,0.6895075457732458
0.0028552320197551186,0.026357030916084913,0.6894818948366943
0.0028809548307439036,0.026357030916084913,0.6891043855590709
0.0028809548307439036,0.026926912665621885,0.6875568239714874
0.0029066776417326886,0.026926912665621885,0.6874348471565761
0.0029066776417326886,0.028494087476848555,0.6847071404253365
0.002958123263710258,0.028494087476848555,0.6844139770006249
0.002958123263710258,0.029063969226385523,0.6826335743169264
0.003035291696676613,0.029063969226385523,0.6819529516605675
0.003035291696676613,0.02920643966376977,0.6819226565405347
0.0030610145076653975,0.02920643966376977,0.6812928153758526
0.0030610145076653975,0.029491380538538253,0.6810757840482093
0.0030867373186541825,0.029491380538538253,0.6810729213324905
0.0030867373186541825,0.029776321413306737,0.6805143773760044
0.0031381829406317524,0.029776321413306737,0.6800766028111337
0.0031381829406317524,0.030061262288075225,0.679848357433604
0.003189628562609322,0.030061262288075225,0.6795887318825753
0.003189628562609322,0.03048867360022795,0.6792201881617806
0.003241074184586892,0.03048867360022795,0.6791265646917884
0.003241074184586892,0.030631144037612197,0.6791187132834319
0.0032925198065644613,0.030631144037612197,0.6782150640358102
0.0032925198065644613,0.031058555349764923,0.6779410274310663
0.0033182426175532463,0.031058555349764923,0.6772774581755423
0.0033182426175532463,0.03134349622453341,0.6766047759948554
0.0033439654285420312,0.03134349622453341,0.6763457057589503
0.0033439654285420312,0.03148596666191765,0.6758096811294864
0.0033954110505196007,0.03148596666191765,0.6753083590212507
0.0033954110505196007,0.03177090753668614,0.6752490741900549
0.0034211338615083857,0.03177090753668614,0.6748388588814292
0.0034211338615083857,0.03248325972360735,0.6738280547169236
0.00349830229447474,0.03248325972360735,0.6735293791083853
0.00349830229447474,0.032625730160991594,0.6734625400154043
0.003524025105463525,0.032625730160991594,0.673314699783249
0.003524025105463525,0.033053141473144323,0.6726522084317008
0.0035754707274410946,0.033053141473144323,0.6709126451011487
0.0035754707274410946,0.03319561191052856,0.6707880354448973
0.0036011935384298796,0.03319561191052856,0.6703755753798448
0.0036011935384298796,0.03333808234791281,0.6703592742736486
0.0036526391604074495,0.03333808234791281,0.669974042010657
0.0036526391604074495,0.034335375409602506,0.6678579492257853
0.003704084782385019,0.034335375409602506,0.6673442275849598
0.003704084782385019,0.03462031628437099,0.667094094862457
0.003729807593373804,0.03462031628437099,0.6668128207501691
0.003729807593373804,0.03504772759652372,0.6661895535985984
0.003935590081284083,0.03504772759652372,0.6650757598628325
0.003935590081284083,0.035760079783444934,0.6635882129090019
0.003961312892272867,0.035760079783444934,0.6632216641028283
0.003961312892272867,0.036187491095597664,0.6621330244829483
0.004038481325239222,0.036187491095597664,0.6612738495569822
0.004038481325239222,0.03675737284513463,0.660173232236962
0.004115649758205576,0.03675737284513463,0.6595704186520344
0.004115649758205576,0.03718478415728736,0.659331908515703
0.004167095380183146,0.03718478415728736,0.6591679417762669
0.004167095380183146,0.03732725459467161,0.6584725732471476
0.004192818191171932,0.03732725459467161,0.6583993846661408
0.004192818191171932,0.037469725032055846,0.6581693599348053
0.004244263813149501,0.037469725032055846,0.6579455030830644
0.004244263813149501,0.03761219546944009,0.6576460678342123
0.004321432246115855,0.03761219546944009,0.6567777049845311
0.004321432246115855,0.038324547656361306,0.6553480096156545
0.004347155057104641,0.038324547656361306,0.6552861827374152
0.004347155057104641,0.038467018093745545,0.6552020077045583
0.004372877868093425,0.038467018093745545,0.6551644469590086
0.004372877868093425,0.03903689984328252,0.6543783232233981
0.0045014919230373495,0.03903689984328252,0.6537111634630339
0.0045014919230373495,0.04003419290497222,0.6509645184009631
0.004604383166992489,0.04003419290497222,0.650579926176518
0.004604383166992489,0.040176663342356464,0.6503690176219699
0.004630105977981274,0.040176663342356464,0.6503241589911319
0.004630105977981274,0.0403191337797407,0.6501392203325849
0.004655828788970058,0.0403191337797407,0.6499813398094921
0.004655828788970058,0.04060407465450919,0.6490982456111929
0.004681551599958844,0.04060407465450919,0.6490040269962646
0.004681551599958844,0.04074654509189343,0.6488887268501655
0.004707274410947628,0.04074654509189343,0.648386446315833
0.004707274410947628,0.04088901552927768,0.6483040240564051
0.004784442843913983,0.04088901552927768,0.647546691705185
0.004784442843913983,0.04117395640404616,0.6471183445708659
0.004810165654902767,0.04117395640404616,0.6469053195326251
0.004810165654902767,0.04259866077788859,0.6457602618049668
0.004835888465891553,0.04259866077788859,0.6454390451326817
0.004835888465891553,0.04274113121527283,0.6452351781761875
0.004861611276880337,0.04274113121527283,0.64523395037759
0.004861611276880337,0.043311012964809804,0.6441745299896049
0.004887334087869123,0.043311012964809804,0.6436986263401399
0.004887334087869123,0.04345348340219404,0.6434107380444881
0.004913056898857907,0.04345348340219404,0.6432451033491986
0.004913056898857907,0.04402336515173102,0.6425009838382744
0.004938779709846692,0.04402336515173102,0.6423170416836124
0.004938779709846692,0.04416583558911526,0.6422356643783397
0.004990225331824262,0.04416583558911526,0.6411600619533334
0.004990225331824262,0.0443083060264995,0.6408371352907714
0.005015948142813046,0.0443083060264995,0.6408027813430681
0.005015948142813046,0.04487818777603647,0.640590382905379
0.005067393764790616,0.04487818777603647,0.6402518757661627
0.005067393764790616,0.046017951275110415,0.6392228710813411
0.0050931165757794016,0.046017951275110415,0.6392133512586226
0.0050931165757794016,0.046445362587263145,0.6390736588614894
0.005144562197756971,0.046445362587263145,0.6385457593003777
0.005144562197756971,0.04658783302464738,0.6384089537169849
0.0051960078197345405,0.04658783302464738,0.6382640495021757
0.0051960078197345405,0.04673030346203163,0.638199491028119
0.005221730630723325,0.04673030346203163,0.6381170382514076
0.005221730630723325,0.04715771477418436,0.637624078307041
0.0052474534417121105,0.04715771477418436,0.6375787610993521
0.0052474534417121105,0.04744265564895284,0.6374533347342943
0.005324621874678465,0.04744265564895284,0.6370916924427594
0.005324621874678465,0.04758512608633708,0.6367605365102657
0.005376067496656035,0.04758512608633708,0.6359389577103266
0.005376067496656035,0.04787006696110557,0.6357574238314607
0.005401790307644819,0.04787006696110557,0.6357073447655252
0.005401790307644819,0.04815500783587406,0.6352435170610977
0.005427513118633604,0.04815500783587406,0.6351929170822693
0.005427513118633604,0.04843994871064254,0.6346495746907411
0.005504681551599959,0.04843994871064254,0.634294306018596
0.005504681551599959,0.04886736002279527,0.633635212702353
0.005530404362588744,0.04886736002279527,0.6336154587473048
0.005530404362588744,0.04900983046017951,0.6335172989266533
0.005556127173577528,0.04900983046017951,0.6334076634913938
0.005556127173577528,0.049294771334948,0.6331382981408753
0.005581849984566314,0.049294771334948,0.6329025488845275
0.005581849984566314,0.049722182647100724,0.6321868084395513
0.005607572795555098,0.049722182647100724,0.6312508952987975
0.005607572795555098,0.0502920643966377,0.6307134742931186
0.005633295606543883,0.0502920643966377,0.6304479970063513
0.005633295606543883,0.050577005271406184,0.6303775892789777
0.005684741228521453,0.050577005271406184,0.6301663647645436
0.005684741228521453,0.05157429833309588,0.627701237069248
0.005710464039510237,0.05157429833309588,0.6276514070343531
0.005710464039510237,0.051859239207864366,0.6274579602147488
0.005736186850499023,0.051859239207864366,0.6273199155006495
0.005736186850499023,0.05200170964524861,0.6272482744736961
0.005787632472476593,0.05200170964524861,0.6270294651235913
0.005787632472476593,0.05214418008263285,0.6270121140724204
0.005813355283465377,0.05214418008263285,0.6268384855892575
0.005813355283465377,0.052286650520017096,0.6266403884115681
0.005839078094454162,0.052286650520017096,0.6264211905166992
0.005839078094454162,0.05257159139478558,0.6260784697762892
0.005864800905442947,0.05257159139478558,0.6260358831573919
0.005864800905442947,0.052714061832169826,0.6258924559492751
0.005916246527420516,0.052714061832169826,0.6256619840865006
0.005916246527420516,0.05299900270693831,0.6250643012469353
0.0059419693384093015,0.05299900270693831,0.6250211512716073
0.0059419693384093015,0.05356888445647528,0.624492188795448
0.006019137771375656,0.05356888445647528,0.6237465590463718
0.006019137771375656,0.05385382533124377,0.6236760419300436
0.0060448605823644405,0.05385382533124377,0.623581042968173
0.0060448605823644405,0.05442370708078074,0.6231577064202457
0.006070583393353226,0.05442370708078074,0.6231446262949123
0.006070583393353226,0.05470864795554922,0.6228980245963861
0.0060963062043420104,0.05470864795554922,0.6225775983725842
0.0060963062043420104,0.05485111839293347,0.6225570611284921
0.006122029015330795,0.05485111839293347,0.6222101915474467
0.006122029015330795,0.054993588830317706,0.6220595236048638
0.00614775182631958,0.054993588830317706,0.622012053310729
0.00614775182631958,0.05513605926770195,0.6219159259126602
0.00619919744829715,0.05513605926770195,0.6217044903328872
0.00619919744829715,0.055421000142470436,0.6215077031520111
0.006250643070274719,0.055421000142470436,0.6212999404302987
0.006250643070274719,0.05556347057985468,0.6210234777578594
0.006302088692252289,0.05556347057985468,0.6209396970045723
0.006302088692252289,0.056418293204160135,0.6201103574718043
0.006327811503241074,0.056418293204160135,0.6199948513227763
0.006327811503241074,0.056703234078928626,0.6199214870678392
0.006379257125218644,0.056703234078928626,0.6191916448226081
0.006379257125218644,0.056845704516312864,0.6191138547267484
0.006456425558184998,0.056845704516312864,0.6187772357268045
0.006456425558184998,0.05698817495369711,0.6184315522491637
0.006482148369173784,0.05698817495369711,0.6183986683779411
0.006482148369173784,0.05713064539108135,0.6183457723736036
0.006507871180162568,0.05713064539108135,0.6181837715198332
0.006507871180162568,0.057700527140618324,0.6171367286714659
0.0066364852351064926,0.057700527140618324,0.6166362394977418
0.0066364852351064926,0.05784299757800256,0.6164518893503054
0.006662208046095277,0.05784299757800256,0.6163125695924272
0.006662208046095277,0.05798546801538681,0.6162271226566645
0.0066879308570840625,0.05798546801538681,0.616176088119286
0.0066879308570840625,0.05827040889015529,0.6161002899485241
0.006713653668072847,0.05827040889015529,0.6160413328086
0.006713653668072847,0.05841287932753954,0.6159227038208731
0.006842267723016771,0.05841287932753954,0.6157264625669766
0.006842267723016771,0.05855534976492378,0.6156321385887121
0.006919436155983126,0.05855534976492378,0.6151942669277896
0.006919436155983126,0.05869782020230802,0.6148737048882854
0.006970881777960696,0.05869782020230802,0.6139297390118795
0.006970881777960696,0.05926770195184499,0.6134121453447258
0.007022327399938265,0.05926770195184499,0.6132650595092732
0.007022327399938265,0.05969511326399772,0.6132130845265692
0.00704805021092705,0.05969511326399772,0.6131821753873591
0.00704805021092705,0.059837583701381966,0.6131038785840351
0.00709949583290462,0.059837583701381966,0.6127224921406104
0.00709949583290462,0.06054993588830318,0.6116823926284147
0.007125218643893405,0.06054993588830318,0.6111119058938743
0.007125218643893405,0.06069240632568742,0.6107300946927982
0.007150941454882189,0.06069240632568742,0.61034478575867
0.007150941454882189,0.061262288075224394,0.6099742819964226
0.007176664265870975,0.061262288075224394,0.6098391677308224
0.007176664265870975,0.06140475851260863,0.6096973553817915
0.007228109887848544,0.06140475851260863,0.6093548090817414
0.007228109887848544,0.06154722894999288,0.6092498351884423
0.007253832698837329,0.06154722894999288,0.609022448875753
0.007253832698837329,0.0619746402621456,0.6083617342398131
0.007279555509826114,0.0619746402621456,0.6082423987710271
0.007279555509826114,0.06225958113691409,0.6080698140054752
0.007356723942792468,0.06225958113691409,0.6074346276524049
0.007356723942792468,0.06254452201168258,0.6072593812209442
0.0074853379977363925,0.06254452201168258,0.6066065406810152
0.0074853379977363925,0.06339934463598804,0.6061968154427293
0.007511060808725177,0.06339934463598804,0.6059637587957966
0.007511060808725177,0.0642541672602935,0.6055717773705156
0.0075367836197139625,0.0642541672602935,0.6054802827572227
0.0075367836197139625,0.06439663769767773,0.6054755249845978
0.007588229241691532,0.06439663769767773,0.6051956790954076
0.007588229241691532,0.0649665194472147,0.6047623249842824
0.007613952052680317,0.0649665194472147,0.6045088049379956
0.007613952052680317,0.06510898988459894,0.6044892459367197
0.007665397674657887,0.06510898988459894,0.6042389357029753
0.007665397674657887,0.06525146032198319,0.6042339183649116
0.007691120485646671,0.06525146032198319,0.6042024802593177
0.007691120485646671,0.06582134207152016,0.6037584197355259
0.007716843296635456,0.0659638125089044,0.6037298041004592
0.007716843296635456,0.06738851688274683,0.6025789225240935
0.007742566107624241,0.06738851688274683,0.602463455333486
0.007742566107624241,0.0679583986322838,0.6020367229123981
0.007768288918613026,0.0679583986322838,0.6019610173453378
0.007768288918613026,0.06867075081920501,0.6015060468054866
0.00784545735157938,0.06867075081920501,0.6010315722243451
0.00784545735157938,0.06881322125658926,0.6009298814490451
0.007871180162568166,0.06881322125658926,0.6008960991010299
0.007871180162568166,0.0689556916939735,0.6008302296936826
0.007896902973556951,0.0689556916939735,0.6008254799613967
0.007896902973556951,0.06938310300612623,0.6003713708358634
0.007922625784545735,0.06938310300612623,0.6003711870447782
0.007922625784545735,0.06966804388089472,0.6002010019433522
0.00794834859553452,0.06966804388089472,0.5994120307446312
0.00794834859553452,0.07009545519304744,0.5991844572900269
0.007974071406523306,0.07009545519304744,0.5991295204134388
0.007974071406523306,0.07038039606781593,0.598807086918144
0.00799979421751209,0.07038039606781593,0.5987769670396812
0.00799979421751209,0.07052286650520018,0.5987321482159651
0.008025517028500875,0.07052286650520018,0.5983396745758448
0.008025517028500875,0.0709502778173529,0.5979853798198338
0.008102685461467229,0.0709502778173529,0.5978001234580993
0.008102685461467229,0.07109274825473715,0.5973399381251642
0.008154131083444798,0.07109274825473715,0.5971313474252163
0.008154131083444798,0.07137768912950562,0.5966745375827808
0.008179853894433584,0.07137768912950562,0.596623015711337
0.008179853894433584,0.07152015956688987,0.596612150625005
0.008205576705422369,0.07152015956688987,0.5965303474706375
0.008205576705422369,0.0719475708790426,0.5965107470499571
0.008231299516411153,0.0719475708790426,0.5963978314708537
0.008231299516411153,0.07265992306596382,0.5957096088177762
0.008282745138388723,0.07265992306596382,0.5954413170139099
0.008282745138388723,0.0729448639407323,0.5950855340287351
0.008308467949377509,0.0729448639407323,0.5950071560839876
0.008308467949377509,0.07308733437811654,0.5948558617373649
0.008334190760366292,0.07308733437811654,0.5948036107427852
0.008334190760366292,0.07379968656503776,0.5939329624023145
0.008385636382343863,0.07379968656503776,0.5937210616176384
0.008385636382343863,0.07408462743980625,0.5936336403282326
0.008437082004321432,0.07408462743980625,0.5935869975273956
0.008437082004321432,0.07508192050149594,0.5926721362129639
0.008488527626299001,0.07508192050149594,0.5922528801190419
0.008488527626299001,0.07522439093888018,0.592164329336591
0.008514250437287787,0.07522439093888018,0.5921619351085139
0.008514250437287787,0.0759367431258014,0.5910739459275224
0.008565696059265356,0.0759367431258014,0.5908395893716072
0.008565696059265356,0.07650662487533837,0.5907183807681764
0.008591418870254141,0.07650662487533837,0.5903996751380233
0.008591418870254141,0.07664909531272261,0.5903745051910072
0.008668587303220496,0.07664909531272261,0.5895744780923795
0.008668587303220496,0.07693403618749109,0.5892446029731715
0.008720032925198065,0.07693403618749109,0.5889828610573599
0.008720032925198065,0.07707650662487533,0.5889296225988134
0.008797201358164421,0.07707650662487533,0.5885212751599954
0.008797201358164421,0.07721897706225958,0.588493503836278
0.008925815413108345,0.07721897706225958,0.5879861609427305
0.008925815413108345,0.07750391793702807,0.587895608916412
0.00895153822409713,0.07750391793702807,0.5877673668564039
0.00895153822409713,0.07778885881179655,0.5872518696661423
0.008977261035085914,0.07778885881179655,0.5872452712801629
0.008977261035085914,0.07807379968656504,0.5871813182241479
0.009054429468052268,0.07807379968656504,0.5867925439383381
0.009054429468052268,0.07864368143610201,0.5863490047736367
0.009105875090029839,0.07864368143610201,0.5860930305122478
0.009105875090029839,0.07878615187348625,0.585959555612503
0.009157320712007408,0.07878615187348625,0.5856326690719824
0.009157320712007408,0.0789286223108705,0.5853307484735911
0.009183043522996193,0.0789286223108705,0.5852009280467405
0.009183043522996193,0.07907109274825473,0.5848516651653983
0.009208766333984979,0.07907109274825473,0.58479450902754
0.009208766333984979,0.07921356318563898,0.584724079977564
0.009234489144973762,0.07921356318563898,0.584659268935592
0.009234489144973762,0.07949850406040747,0.5845596138381333
0.009337380388928902,0.07949850406040747,0.5845066504918519
0.009337380388928902,0.07964097449779171,0.5843745043189948
0.009388826010906471,0.07964097449779171,0.584014025264156
0.009388826010906471,0.07978344493517595,0.5839072013416298
0.009414548821895257,0.07978344493517595,0.5836563515795316
0.009414548821895257,0.08035332668471293,0.5829991316310712
0.009440271632884042,0.08035332668471293,0.5828728719927078
0.009440271632884042,0.0806382675594814,0.582784681347667
0.009491717254861611,0.0806382675594814,0.5824156046461253
0.009491717254861611,0.08078073799686565,0.5823052043419855
0.009517440065850397,0.08078073799686565,0.5822163766556169
0.009517440065850397,0.08192050149593959,0.5814388767830265
0.00954316287683918,0.08192050149593959,0.5813832606884926
0.00954316287683918,0.08249038324547657,0.5809154152233642
0.009594608498816751,0.08249038324547657,0.5807894859735914
0.009594608498816751,0.08277532412024505,0.5801733607436557
0.009723222553760675,0.08277532412024505,0.5794678355742707
0.009723222553760675,0.08306026499501354,0.5790751330800857
0.009774668175738245,0.08306026499501354,0.5787087540439608
0.009774668175738245,0.08320273543239778,0.5787057603925713
0.0098518366087046,0.08320273543239778,0.5780974993401435
0.0098518366087046,0.08334520586978202,0.5780654132847286
0.009929005041670954,0.08334520586978202,0.5776368438351105
0.009929005041670954,0.08348767630716626,0.5775363234527673
0.009954727852659738,0.08348767630716626,0.5774609384559263
0.009954727852659738,0.08377261718193475,0.5772079789597976
0.010031896285626092,0.08377261718193475,0.5770575135081972
0.010031896285626092,0.08405755805670323,0.5769186796984228
0.010057619096614878,0.08405755805670323,0.5768987808619065
0.010057619096614878,0.08434249893147172,0.5767458912672208
0.010083341907603663,0.08434249893147172,0.5766683255816657
0.010083341907603663,0.08448496936885597,0.5766521288063897
0.010109064718592449,0.08448496936885597,0.576494024748229
0.010109064718592449,0.08476991024362444,0.5762325631254815
0.010134787529581232,0.08476991024362444,0.5762042814439895
0.010134787529581232,0.08491238068100869,0.5762012290501887
0.010160510340570018,0.08491238068100869,0.5761853615289223
0.010160510340570018,0.08505485111839294,0.5759757807020931
0.010211955962547587,0.08505485111839294,0.5759479001835582
0.010211955962547587,0.08548226243054566,0.5756932287761469
0.010237678773536372,0.08548226243054566,0.5755023807626936
0.010237678773536372,0.08576720330531415,0.575440689533874
0.010289124395513941,0.08576720330531415,0.575242141112198
0.010289124395513941,0.08605214418008263,0.5750102823709181
0.010392015639469081,0.08605214418008263,0.5742576520489636
0.010392015639469081,0.08619461461746687,0.5741625469082073
0.010417738450457866,0.08619461461746687,0.5740733312638635
0.010417738450457866,0.08633708505485112,0.5739409857102428
0.010494906883424221,0.08633708505485112,0.5734772731741584
0.010494906883424221,0.08690696680438809,0.5731877445212054
0.010520629694413005,0.08690696680438809,0.5730657382980826
0.010520629694413005,0.0876193189913093,0.5722133333935073
0.01054635250540179,0.0876193189913093,0.5721345940377646
0.01054635250540179,0.08776178942869355,0.5720388101506736
0.010623520938368144,0.08776178942869355,0.5719037726914111
0.010623520938368144,0.08818920074084627,0.5715534084753007
0.010674966560345715,0.08818920074084627,0.5715113714765636
0.010674966560345715,0.08875908249038325,0.5709662389882492
0.010700689371334499,0.08875908249038325,0.5709074633052234
0.010700689371334499,0.08904402336515173,0.5705577573018874
0.010726412182323284,0.08904402336515173,0.5704612584974916
0.010726412182323284,0.08918649380253597,0.5704153823524568
0.01075213499331207,0.08918649380253597,0.5703336989402037
0.01075213499331207,0.08947143467730446,0.5702094399716403
0.010829303426278424,0.08947143467730446,0.5697982803304216
0.010829303426278424,0.08975637555207294,0.5696782182155292
0.010880749048255993,0.08975637555207294,0.5695048346924974
0.010880749048255993,0.09032625730160991,0.5691858809797016
0.010906471859244779,0.09032625730160991,0.569099378470741
0.010906471859244779,0.09046872773899416,0.5689838448731047
0.010983640292211133,0.09046872773899416,0.5684981161960786
0.010983640292211133,0.09103860948853112,0.5682049797246215
0.011035085914188702,0.09103860948853112,0.5681197613424369
0.011035085914188702,0.09132355036329962,0.5679892654847841
0.011060808725177488,0.09132355036329962,0.5679312909224878
0.011060808725177488,0.09203590255022083,0.5676200128120181
0.011112254347155057,0.09203590255022083,0.5675984082905303
0.011112254347155057,0.09317566604929477,0.5669921506163417
0.011163699969132627,0.09317566604929477,0.5669255258110324
0.011163699969132627,0.09346060692406326,0.5668577671078313
0.011240868402098982,0.09346060692406326,0.5665120184635934
0.011240868402098982,0.0936030773614475,0.5664454854051253
0.011266591213087766,0.0936030773614475,0.5664407001618174
0.011266591213087766,0.09388801823621598,0.5661699548364126
0.011292314024076551,0.09388801823621598,0.5660884433204527
0.011292314024076551,0.09417295911098447,0.5659229551297844
0.011318036835065336,0.09417295911098447,0.5659071546166475
0.011318036835065336,0.09431542954836872,0.5658445494058454
0.011369482457042905,0.09431542954836872,0.565783811931027
0.011369482457042905,0.09502778173528993,0.5650690408129657
0.011420928079020475,0.09502778173528993,0.564815838632116
0.011420928079020475,0.09574013392221115,0.5642090932902015
0.011472373700998045,0.09574013392221115,0.564041113812742
0.011472373700998045,0.09588260435959538,0.5640363936829479
0.011523819322975614,0.09588260435959538,0.5638682851952552
0.011523819322975614,0.09602507479697962,0.5638223325601461
0.011575264944953185,0.09602507479697962,0.5635497973064518
0.011575264944953185,0.09616754523436387,0.5633959762013572
0.011600987755941969,0.09616754523436387,0.56332793287071
0.011600987755941969,0.09645248610913236,0.5632778084408481
0.01165243337791954,0.09645248610913236,0.5632355457963469
0.01165243337791954,0.09673742698390084,0.5630234773683006
0.011703878999897109,0.09673742698390084,0.5629014062667649
0.011703878999897109,0.09687989742128508,0.5627183096830061
0.011729601810885894,0.09687989742128508,0.562650563515348
0.011729601810885894,0.09716483829605357,0.5622861028734414
0.011755324621874678,0.09716483829605357,0.5622577953104729
0.011755324621874678,0.0973073087334378,0.5620593219435985
0.011858215865829818,0.0973073087334378,0.5617745138841447
0.011858215865829818,0.09773472004559054,0.5614807477028348
0.011961107109784958,0.09773472004559054,0.5611523628586714
0.011961107109784958,0.09787719048297479,0.5610917719662435
0.012192612408684021,0.09787719048297479,0.5599615146093064
0.012192612408684021,0.09816213135774327,0.5597327168855334
0.012218335219672806,0.09816213135774327,0.5597238449672967
0.012218335219672806,0.09844707223251176,0.5596463504567737
0.01224405803066159,0.09844707223251176,0.5596435897463075
0.01224405803066159,0.09887448354466448,0.5593736302542649
0.012269780841650375,0.09887448354466448,0.5591819094261931
0.012269780841650375,0.09915942441943297,0.5591317370161469
0.01229550365263916,0.09915942441943297,0.5590450915930661
0.01229550365263916,0.0995868357315857,0.5587841088133488
0.012321226463627944,0.0995868357315857,0.5585794533733004
0.012321226463627944,0.09987177660635418,0.5585753584328659
0.01234694927461673,0.09987177660635418,0.5585029886252555
0.01234694927461673,0.10001424704373843,0.558358953231607
0.0123983948965943,0.10001424704373843,0.5579649863403354
0.0123983948965943,0.10044165835589115,0.5577288585198156
0.012424117707583084,0.10044165835589115,0.5575319607226324
0.012424117707583084,0.10072659923065964,0.557403819281787
0.012501286140549439,0.10072659923065964,0.5573097251479577
0.012501286140549439,0.10086906966804388,0.5569977153747857
0.012527008951538224,0.10086906966804388,0.5569572638542898
0.012527008951538224,0.10101154010542812,0.5564748094490855
0.012578454573515793,0.10101154010542812,0.5563275775501014
0.012578454573515793,0.10115401054281237,0.5560887074694013
0.012629900195493364,0.10115401054281237,0.5557692991790367
0.012629900195493364,0.1022937740418863,0.5552377266330326
0.012655623006482148,0.1022937740418863,0.5552040885363246
0.012655623006482148,0.10286365579142329,0.5543170979287998
0.012732791439448502,0.10286365579142329,0.5538181179029681
0.012732791439448502,0.10300612622880752,0.5537231232218065
0.012784237061426073,0.10300612622880752,0.5536454559551668
0.012784237061426073,0.10314859666619176,0.5535588795602185
0.012835682683403642,0.10314859666619176,0.5530879648129813
0.012835682683403642,0.10329106710357601,0.5530520229868717
0.012861405494392427,0.10329106710357601,0.552984881220635
0.012861405494392427,0.10343353754096025,0.5528587716947347
0.012887128305381213,0.10343353754096025,0.5528150839963626
0.012887128305381213,0.1035760079783445,0.5527361270484319
0.012912851116369996,0.1035760079783445,0.5525399475928944
0.012912851116369996,0.10386094885311298,0.5523649996017049
0.012938573927358782,0.10386094885311298,0.5521949952800606
0.012938573927358782,0.10400341929049722,0.552136389384268
0.013015742360325136,0.10400341929049722,0.5520823582633725
0.013015742360325136,0.10443083060264995,0.5518867792818797
0.013041465171313922,0.10443083060264995,0.5518327419259939
0.013041465171313922,0.10457330104003419,0.5517489718354754
0.013067187982302705,0.10457330104003419,0.551668814883316
0.013067187982302705,0.10471577147741844,0.5516044985289431
0.01309291079329149,0.10471577147741844,0.5514667369515466
0.01309291079329149,0.10500071235218691,0.5513885036189645
0.01314435641526906,0.10500071235218691,0.5512494625874272
0.01314435641526906,0.1052856532269554,0.5512176453257981
0.013170079226257845,0.1052856532269554,0.5510771264853824
0.013170079226257845,0.10542812366433965,0.5509990918986167
0.013272970470212985,0.10542812366433965,0.5508226183531166
0.013272970470212985,0.1055705941017239,0.5507024463489266
0.013324416092190554,0.1055705941017239,0.5505713987649028
0.013324416092190554,0.10571306453910813,0.5505641944592148
0.01335013890317934,0.10571306453910813,0.5505014350713442
0.01335013890317934,0.10599800541387662,0.5501348587630718
0.013375861714168125,0.10599800541387662,0.5500753528181062
0.013375861714168125,0.10614047585126087,0.5497860909098569
0.013427307336145694,0.10614047585126087,0.5497654866385664
0.013427307336145694,0.10656788716341359,0.5495781488159799
0.013478752958123263,0.10656788716341359,0.5494955148281182
0.013478752958123263,0.10699529847556633,0.5493289064593759
0.013504475769112049,0.10699529847556633,0.5490676837727557
0.013504475769112049,0.10713776891295056,0.548944764096063
0.013581644202078403,0.10713776891295056,0.5486606867617355
0.013581644202078403,0.1075651802251033,0.5481709909378302
0.013633089824055972,0.1075651802251033,0.5481294818624199
0.013633089824055972,0.10799259153725602,0.5480022806761556
0.013684535446033543,0.10799259153725602,0.5478219964026207
0.013684535446033543,0.10813506197464026,0.5477142290409791
0.013710258257022328,0.10813506197464026,0.5476483052571248
0.013710258257022328,0.10842000284940875,0.5473663722744342
0.013787426689988683,0.10842000284940875,0.5470042695979084
0.013787426689988683,0.10856247328679298,0.5469458286364698
0.01389031793394382,0.10856247328679298,0.5465377563626103
0.01389031793394382,0.10870494372417723,0.5464331036778038
0.014070377610865315,0.10870494372417723,0.5458330844695936
0.014070377610865315,0.10898988459894572,0.5457416523576747
0.0140961004218541,0.10898988459894572,0.5455453905856043
0.0140961004218541,0.10913235503632997,0.5454304607358871
0.014121823232842884,0.10913235503632997,0.5453426630849628
0.014121823232842884,0.10970223678586694,0.5452656805008599
0.01414754604383167,0.10970223678586694,0.5451261210311185
0.01414754604383167,0.10984470722325118,0.5449884019237864
0.014173268854820455,0.10984470722325118,0.5448447697816831
0.014173268854820455,0.1105570594101724,0.5446478468441097
0.01419899166580924,0.1105570594101724,0.5445244874788331
0.01419899166580924,0.11098447072232512,0.5439946705362135
0.01425043728778681,0.11098447072232512,0.5439024408920897
0.01425043728778681,0.11126941159709361,0.5436057241516146
0.014327605720753164,0.11126941159709361,0.5429344937348418
0.014327605720753164,0.11141188203447784,0.5427262363140527
0.01435332853174195,0.11141188203447784,0.5426990057543504
0.01435332853174195,0.11155435247186209,0.5426881485973961
0.014404774153719518,0.11155435247186209,0.5425443238479574
0.014404774153719518,0.11169682290924633,0.5421532103194988
0.014456219775697087,0.11169682290924633,0.541921551400662
0.014456219775697087,0.11183929334663058,0.5418826221258728
0.014662002263607367,0.11183929334663058,0.5412565327405158
0.014662002263607367,0.11269411597093604,0.540843946057092
0.014739170696573722,0.11269411597093604,0.5407457479263953
0.014739170696573722,0.11283658640832027,0.5406377855386687
0.014816339129540076,0.11283658640832027,0.5402723136951196
0.014816339129540076,0.11312152728308876,0.5401764821212572
0.01489350756250643,0.11312152728308876,0.5399491016128574
0.01489350756250643,0.11340646815785725,0.5398368674904818
0.014919230373495216,0.11340646815785725,0.5393972532658851
0.014919230373495216,0.11440376121954694,0.5391410603693972
0.014944953184484,0.11440376121954694,0.5390914510399818
0.014944953184484,0.11468870209431543,0.5389921404890782
0.014970675995472785,0.11468870209431543,0.5387985244587943
0.014970675995472785,0.11483117253169967,0.5387893201121786
0.015073567239427925,0.11483117253169967,0.5385365124992231
0.015073567239427925,0.11497364296908391,0.5385087936692516
0.015227904105360634,0.11497364296908391,0.5378381496744542
0.015227904105360634,0.11511611340646816,0.5377299761847699
0.01525362691634942,0.11511611340646816,0.5377002344099507
0.01525362691634942,0.1162558769055421,0.5370465927932327
0.015305072538326988,0.1162558769055421,0.5370066842080082
0.015305072538326988,0.11639834734292634,0.5369697719876801
0.015485132215248483,0.11639834734292634,0.5364555467570031
0.015485132215248483,0.11654081778031058,0.5364543536723981
0.015562300648214837,0.11654081778031058,0.5362318122889247
0.015562300648214837,0.11682575865507908,0.5361422085487464
0.015588023459203623,0.11682575865507908,0.5360868326302302
0.015588023459203623,0.11696822909246331,0.536025043597028
0.015613746270192406,0.11696822909246331,0.535979240564235
0.015613746270192406,0.11711069952984755,0.5359040401308672
0.01563946908118119,0.11711069952984755,0.5359003014481224
0.01563946908118119,0.11768058127938452,0.535538672366097
0.015665191892169975,0.11768058127938452,0.5354653472018502
0.015665191892169975,0.11796552215415301,0.5352427139275279
0.015870974380080255,0.11796552215415301,0.5345454123417873
0.015870974380080255,0.1182504630289215,0.5343907411280574
0.015922420002057826,0.1182504630289215,0.5342209206766643
0.015922420002057826,0.11853540390368998,0.5342157783838432
0.01594814281304661,0.11853540390368998,0.5341520195932693
0.01594814281304661,0.11882034477845847,0.5340427913913368
0.015973865624035393,0.11882034477845847,0.5337344308962171
0.015973865624035393,0.11896281521584272,0.5337258138276391
0.01605103405700175,0.11896281521584272,0.5335252001440212
0.01605103405700175,0.11939022652799544,0.5332687123466112
0.016128202489968102,0.11939022652799544,0.5330051607892723
0.016128202489968102,0.11953269696537969,0.532814712866124
0.016231093733923244,0.11953269696537969,0.5323484983424212
0.016231093733923244,0.11981763784014816,0.5321149945752872
0.01625681654491203,0.11981763784014816,0.5320265934908373
0.01625681654491203,0.12010257871491666,0.531957304209915
0.016308262166889596,0.12010257871491666,0.5318600771951122
0.016308262166889596,0.12038751958968515,0.5318001501003958
0.016385430599855953,0.12038751958968515,0.531547240816713
0.016385430599855953,0.12095740133922211,0.5312485661790034
0.016411153410844738,0.12095740133922211,0.5312482022909344
0.016411153410844738,0.12109987177660636,0.5311265175411912
0.016462599032822305,0.12109987177660636,0.5310807425583746
0.016462599032822305,0.12124234221399059,0.5310282445196817
0.016514044654799876,0.12124234221399059,0.5306259114619166
0.016514044654799876,0.12166975352614333,0.5304283341440263
0.016591213087766232,0.12166975352614333,0.5299703140055555
0.016591213087766232,0.12209716483829605,0.5297596440133671
0.016668381520732585,0.12209716483829605,0.529444210252951
0.016668381520732585,0.12252457615044879,0.5294016780267233
0.016771272764687727,0.12252457615044879,0.5293205283970698
0.016771272764687727,0.12280951702521727,0.5292556991867555
0.01679699557567651,0.12280951702521727,0.5291446339625783
0.01679699557567651,0.12295198746260151,0.5290473652492061
0.01689988681963165,0.12295198746260151,0.5285945560802997
0.01689988681963165,0.12323692833737,0.5284374875116442
0.016925609630620436,0.12323692833737,0.5283601442771418
0.016925609630620436,0.12352186921213848,0.5282668057121028
0.017028500874575574,0.12352186921213848,0.5280873516754742
0.017028500874575574,0.12380681008690697,0.527852164516127
0.01705422368556436,0.12380681008690697,0.5278066071782165
0.01705422368556436,0.1242342213990597,0.527593175874648
0.017079946496553144,0.1242342213990597,0.5274934224203176
0.017079946496553144,0.12437669183644394,0.5274505841003674
0.017157114929519497,0.12437669183644394,0.5272962330631933
0.017157114929519497,0.12451916227382819,0.5271980682994208
0.017234283362485853,0.12451916227382819,0.5269808900614974
0.017234283362485853,0.12494657358598091,0.5267912692129569
0.01728572898446342,0.12494657358598091,0.5267536750454177
0.01728572898446342,0.12508904402336515,0.5265249210708183
0.01733717460644099,0.12508904402336515,0.5261579836985221
0.01733717460644099,0.1252315144607494,0.5259443004271883
0.017388620228418562,0.1252315144607494,0.5256602580496926
0.017388620228418562,0.12565892577290214,0.5255249813938769
0.01744006585039613,0.12565892577290214,0.5253722646977983
0.01744006585039613,0.12580139621028635,0.5253620133048893
0.017517234283362486,0.12580139621028635,0.5250339273577806
0.017517234283362486,0.12608633708505484,0.5249490744996171
0.017620125527317624,0.12608633708505484,0.5246429652724276
0.017620125527317624,0.12637127795982334,0.5245207853456233
0.01764584833830641,0.12637127795982334,0.5245024044804752
0.01764584833830641,0.12665621883459183,0.524338629318249
0.017723016771272766,0.12665621883459183,0.5242722400463529
0.017723016771272766,0.12694115970936032,0.5242315605370393
0.017774462393250333,0.12694115970936032,0.5238885956321157
0.017774462393250333,0.12722610058412878,0.5236836055355558
0.01780018520423912,0.12722610058412878,0.5236041396617703
0.01780018520423912,0.12793845277105,0.5232498610468467
0.01785163082621669,0.12793845277105,0.523113467171714
0.01785163082621669,0.12836586408320275,0.5230521628025807
0.017877353637205474,0.12836586408320275,0.5228010111880222
0.017877353637205474,0.128508334520587,0.5227783665550413
0.017980244881160613,0.128508334520587,0.5225843709820119
0.017980244881160613,0.1286508049579712,0.5225615368709007
0.018031690503138183,0.1286508049579712,0.5225134399314978
0.018031690503138183,0.12936315714489244,0.5222781130652973
0.01805741331412697,0.12936315714489244,0.5222380298095606
0.01805741331412697,0.12950562758227668,0.522214843292669
0.018108858936104536,0.12950562758227668,0.5220557938858755
0.018108858936104536,0.12964809801966093,0.521989037966727
0.01813458174709332,0.12964809801966093,0.5218607511770369
0.01813458174709332,0.12979056845704517,0.5217764889926317
0.018186027369070892,0.12979056845704517,0.5214765673560313
0.018186027369070892,0.13021797976919788,0.5213581781161231
0.018211750180059678,0.13021797976919788,0.5213176576704298
0.018211750180059678,0.13050292064396637,0.5212327176875263
0.018263195802037245,0.13050292064396637,0.5211085442710165
0.018263195802037245,0.13107280239350336,0.5207532197266043
0.01828891861302603,0.13107280239350336,0.5207016060164952
0.01828891861302603,0.1312152728308876,0.5206774700858973
0.0183403642350036,0.1312152728308876,0.5205025046360171
0.0183403642350036,0.13135774326827182,0.5203354795920242
0.018391809856981172,0.13135774326827182,0.5202201775352908
0.018391809856981172,0.13150021370565607,0.5202077797688875
0.018417532667969957,0.13150021370565607,0.5201979088360656
0.018417532667969957,0.1316426841430403,0.5201799319768678
0.01844325547895874,0.1316426841430403,0.5201051468457796
0.01844325547895874,0.1319276250178088,0.5199807325602954
0.018468978289947525,0.1319276250178088,0.5199160012107266
0.018468978289947525,0.13207009545519305,0.5198725501719065
0.018520423911925096,0.13207009545519305,0.5198218992415382
0.018520423911925096,0.1322125658925773,0.5195504306332508
0.018571869533902666,0.1322125658925773,0.5195199888702163
0.018571869533902666,0.13235503632996154,0.5193255606498259
0.018623315155880234,0.13235503632996154,0.5193178139677057
0.018623315155880234,0.13263997720473003,0.5192900249545954
0.01864903796686902,0.13263997720473003,0.5192764571888548
0.01864903796686902,0.13349479982903548,0.5187464717433895
0.018674760777857805,0.13349479982903548,0.5187412281122766
0.018674760777857805,0.13363727026641972,0.518658937176057
0.018726206399835375,0.13363727026641972,0.5185200552934549
0.018726206399835375,0.1339222111411882,0.5184635770225062
0.018777652021812943,0.1339222111411882,0.5181801093657976
0.018777652021812943,0.13406468157857246,0.5179936981209121
0.01893198888774565,0.13406468157857246,0.5178752866305061
0.01893198888774565,0.13420715201595668,0.517873767575235
0.018957711698734437,0.13420715201595668,0.5178224134257214
0.018957711698734437,0.13449209289072517,0.5175685781829169
0.018983434509723222,0.13449209289072517,0.5174989492236352
0.018983434509723222,0.1346345633281094,0.5174624356999898
0.019009157320712008,0.1346345633281094,0.5173875453398722
0.019009157320712008,0.13477703376549366,0.5173366527474123
0.019112048564667146,0.13477703376549366,0.517004720950794
0.019112048564667146,0.13506197464026215,0.5167256113041249
0.019163494186644717,0.13506197464026215,0.5166340586820186
0.019163494186644717,0.1352044450776464,0.5166003394785939
0.019394999485543782,0.1352044450776464,0.5161316275911956
0.019394999485543782,0.13534691551503064,0.5161298193222561
0.019420722296532564,0.13534691551503064,0.5160601588556547
0.019420722296532564,0.1354893859524149,0.5159576338742948
0.01949789072949892,0.1354893859524149,0.5157048139787279
0.01949789072949892,0.1356318563897991,0.5156828174475949
0.019523613540487705,0.1356318563897991,0.5155592290266547
0.019523613540487705,0.13577432682718335,0.5154819775913894
0.01954933635147649,0.13577432682718335,0.5154566856677494
0.01954933635147649,0.13605926770195184,0.5154080707502148
0.019626504784442843,0.13605926770195184,0.514993504499782
0.019626504784442843,0.13634420857672033,0.5149750425163908
0.01965222759543163,0.13634420857672033,0.5148881585762016
0.01965222759543163,0.13662914945148882,0.5147162422420454
0.019677950406420414,0.13662914945148882,0.5147112798414519
0.019677950406420414,0.13705656076364153,0.5145259873768031
0.019780841650375552,0.13705656076364153,0.5139337688685686
0.019780841650375552,0.13748397207579427,0.5139077204758019
0.019883732894330694,0.13748397207579427,0.5134088358668797
0.019883732894330694,0.13776891295056276,0.5132927834604457
0.020012346949274618,0.13776891295056276,0.51280967630398
0.020012346949274618,0.137911383387947,0.5127608140030718
0.020038069760263403,0.137911383387947,0.512700655063256
0.020038069760263403,0.1381963242627155,0.5126151956040792
0.02008951538224097,0.1381963242627155,0.5124672350657894
0.02008951538224097,0.13833879470009974,0.5123373002940715
0.020115238193229756,0.13833879470009974,0.5123264056855416
0.020115238193229756,0.13848126513748396,0.5123151515828246
0.020218129437184897,0.13848126513748396,0.5120216451375756
0.020218129437184897,0.1389086764496367,0.511864803671113
0.02024385224817368,0.1389086764496367,0.5117739712078553
0.02024385224817368,0.13905114688702094,0.5117132774425622
0.020269575059162465,0.13905114688702094,0.5116549578365234
0.020269575059162465,0.1391936173244052,0.5115210920426764
0.02029529787015125,0.1391936173244052,0.5115140759991313
0.02029529787015125,0.13947855819917368,0.511384470521266
0.020372466303117606,0.13947855819917368,0.5111701591016451
0.020372466303117606,0.1399059695113264,0.5109461548307177
0.020398189114106388,0.1399059695113264,0.510860114637563
0.020398189114106388,0.14004843994871063,0.5107597411576861
0.020423911925095174,0.14004843994871063,0.5106987842010707
0.020423911925095174,0.14047585126086337,0.5106439171325599
0.02044963473608396,0.14047585126086337,0.5105330650757347
0.02044963473608396,0.1409032625730161,0.5101972774638437
0.020475357547072744,0.1409032625730161,0.510187416198787
0.020475357547072744,0.14118820344778457,0.5100166400922433
0.02050108035806153,0.14118820344778457,0.5099305405303116
0.02050108035806153,0.1419005556347058,0.5094854318460756
0.020552525980039097,0.1419005556347058,0.5093960284718724
0.020552525980039097,0.14204302607209005,0.5093474292723503
0.02065541722399424,0.14204302607209005,0.5090640936035845
0.02065541722399424,0.1421854965094743,0.5089932331611859
0.020681140034983024,0.1421854965094743,0.5089865491332152
0.020681140034983024,0.14232796694685854,0.5089520296980832
0.02073258565696059,0.14232796694685854,0.5086939316822038
0.02073258565696059,0.142612907821627,0.5086647984106314
0.020784031278938162,0.142612907821627,0.5085700492659933
0.020784031278938162,0.14275537825901125,0.5085630199085521
0.020809754089926948,0.14275537825901125,0.5085552500615117
0.020809754089926948,0.1428978486963955,0.5085035598235467
0.0208869225228933,0.1428978486963955,0.5083105924561545
0.0208869225228933,0.14332526000854823,0.5081278324206757
0.02093836814487087,0.14332526000854823,0.5079202692930747
0.02093836814487087,0.14346773044593247,0.5079118273294363
0.020989813766848442,0.14346773044593247,0.5076548595779778
0.020989813766848442,0.14403761219546943,0.5073373700168756
0.021066982199814795,0.14403761219546943,0.5070628285626532
0.021066982199814795,0.1446074939450064,0.5066892234632512
0.02109270501080358,0.1446074939450064,0.5065868575987076
0.02109270501080358,0.14503490525715915,0.506546938955636
0.021118427821792365,0.14503490525715915,0.5064726382769835
0.021118427821792365,0.14531984613192764,0.5064266091138447
0.02114415063278115,0.14531984613192764,0.5063152798496418
0.02114415063278115,0.1456047870066961,0.5061466170150937
0.021169873443769936,0.1456047870066961,0.5061135019359009
0.021169873443769936,0.1458897278814646,0.5059682533405521
0.021272764687725074,0.1458897278814646,0.5058579536799067
0.021272764687725074,0.14617466875623308,0.5055700447341788
0.02129848749871386,0.14617466875623308,0.5054915868669386
0.02129848749871386,0.14645960963100157,0.5053198390144529
0.021324210309702645,0.14645960963100157,0.5053115025001086
0.021324210309702645,0.14660208006838582,0.5052977913095763
0.02134993312069143,0.14660208006838582,0.5051950493640734
0.02134993312069143,0.14674455050577007,0.5051488019944724
0.021401378742668998,0.14674455050577007,0.5050983641751056
0.021401378742668998,0.14688702094315428,0.5050603482911837
0.021427101553657783,0.14688702094315428,0.5050531468589324
0.021427101553657783,0.14702949138053853,0.5050489082735556
0.02145282436464657,0.14702949138053853,0.5046163579120987
0.02145282436464657,0.14717196181792278,0.5046044373324046
0.02150426998662414,0.14717196181792278,0.5045546850389862
0.02150426998662414,0.14731443225530702,0.5041401994695175
0.021555715608601707,0.14731443225530702,0.503923738045228
0.021555715608601707,0.14745690269269127,0.5038566471640118
0.021607161230579278,0.14745690269269127,0.5037397656027781
0.021607161230579278,0.1483117253169967,0.5033456057872563
0.02165860685255685,0.1483117253169967,0.5032957556240815
0.02165860685255685,0.14845419575438096,0.503286778476023
0.021684329663545634,0.14845419575438096,0.503255545578486
0.021684329663545634,0.14873913662914945,0.5030238523499471
0.0217357752855232,0.14873913662914945,0.502769683581329
0.0217357752855232,0.14945148881607068,0.5021437348083194
0.021787220907500772,0.14945148881607068,0.502114208199725
0.021787220907500772,0.1495939592534549,0.502031385656266
0.021812943718489557,0.1495939592534549,0.502012068898327
0.021812943718489557,0.14973642969083914,0.5019037027751262
0.021838666529478343,0.14973642969083914,0.5018784925703841
0.021838666529478343,0.14987890012822339,0.5018767544937706
0.021864389340467125,0.14987890012822339,0.5018591134971156
0.021864389340467125,0.15030631144037612,0.5016532913972052
0.02189011215145591,0.15030631144037612,0.5016427254333532
0.02189011215145591,0.15073372275252886,0.5014696054196267
0.02194155777343348,0.15073372275252886,0.5013887758769259
0.02194155777343348,0.15116113406468157,0.5011644834358064
0.02199300339541105,0.15116113406468157,0.5009649009359997
0.02199300339541105,0.15201595668898704,0.5007450004726479
0.022018726206399837,0.15201595668898704,0.5006818646522523
0.022018726206399837,0.15230089756375553,0.5006412824760706
0.02204444901738862,0.15230089756375553,0.5006241682709495
0.02204444901738862,0.15244336800113975,0.5005415873436921
0.02209589463936619,0.15244336800113975,0.5004470508467592
0.02209589463936619,0.15272830887590824,0.5001481110249224
0.022173063072332546,0.15272830887590824,0.5000242423496246
0.022173063072332546,0.15329819062544522,0.49955765291956455
0.022275954316287684,0.15329819062544522,0.49916151725231783
0.022275954316287684,0.15344066106282947,0.4989631245533355
0.02230167712727647,0.15344066106282947,0.49894873904750436
0.02230167712727647,0.15372560193759796,0.49881916154054845
0.022327399938265255,0.15372560193759796,0.4988058806520715
0.022327399938265255,0.15429548368713492,0.49869174605254046
0.022353122749254037,0.15429548368713492,0.49856531444067614
0.022353122749254037,0.1551503063114404,0.4981772854311189
0.022481736804197964,0.1551503063114404,0.49747783756025776
0.022481736804197964,0.15543524718620885,0.49732222897985906
0.02250745961518675,0.15543524718620885,0.4972582448974291
0.02250745961518675,0.1555777176235931,0.4972327018231314
0.02253318242617553,0.1555777176235931,0.4971698446165638
0.02253318242617553,0.15572018806097734,0.4971647862019341
0.022661796481119458,0.15572018806097734,0.4966992322559084
0.022661796481119458,0.15600512893574583,0.4965518129064565
0.022713242103097026,0.15600512893574583,0.49649048243405675
0.022713242103097026,0.15614759937313008,0.4964552901953114
0.02279041053606338,0.15614759937313008,0.49624917214235087
0.02279041053606338,0.15629006981051433,0.49609057939813556
0.02284185615804095,0.15629006981051433,0.49587193412486763
0.02284185615804095,0.15657501068528282,0.49581130687149594
0.02294474740199609,0.15657501068528282,0.49533984539525155
0.02294474740199609,0.15671748112266704,0.49533498436639334
0.022970470212984876,0.15671748112266704,0.49532609811236517
0.022970470212984876,0.15685995156005128,0.49524235205648526
0.023201975511883938,0.15685995156005128,0.49490773972943547
0.023201975511883938,0.15728736287220402,0.4947608387990834
0.023279143944850294,0.15728736287220402,0.4945019879546052
0.023279143944850294,0.15771477418435675,0.4942149669468793
0.02330486675583908,0.15771477418435675,0.4941767152067313
0.02330486675583908,0.157857244621741,0.49411497729640025
0.023356312377816647,0.157857244621741,0.49396030907462407
0.023356312377816647,0.15799971505912525,0.49392856087961534
0.023433480810783003,0.15799971505912525,0.4938656459541396
0.023433480810783003,0.15814218549650946,0.49384491521408763
0.023562094865726926,0.15814218549650946,0.4936280989848992
0.023562094865726926,0.1582846559338937,0.4935400775622679
0.023587817676715712,0.1582846559338937,0.49351474866147943
0.023587817676715712,0.15842712637127795,0.49348828019641233
0.023613540487704497,0.15842712637127795,0.49331106482035303
0.023613540487704497,0.1585695968086622,0.49330560743816554
0.023639263298693283,0.1585695968086622,0.4933004016420855
0.023639263298693283,0.1588545376834307,0.49320201122622614
0.02369070892067085,0.1588545376834307,0.49316515928520305
0.02369070892067085,0.1595668898703519,0.49287908497508937
0.023819322975614777,0.1595668898703519,0.4925671837798962
0.023819322975614777,0.15985183074512038,0.4924842182680474
0.02384504578660356,0.15985183074512038,0.4924217273600777
0.02384504578660356,0.15999430118250463,0.4923249150354648
0.024025105463525053,0.15999430118250463,0.4920769620101492
0.024025105463525053,0.16070665336942586,0.4918803617574929
0.024127996707480195,0.16070665336942586,0.491596164537228
0.024127996707480195,0.16084912380681007,0.49150217566890203
0.024153719518468977,0.16084912380681007,0.49148791509994716
0.024153719518468977,0.16141900555634706,0.4913678016020484
0.024205165140446547,0.16141900555634706,0.49089044849561086
0.024205165140446547,0.16170394643111555,0.4906419476373073
0.024256610762424118,0.16170394643111555,0.4905932665705925
0.024256610762424118,0.1622738281806525,0.4902369045579445
0.024282333573412904,0.1622738281806525,0.49012891042180035
0.024282333573412904,0.16241629861803675,0.4901209560962834
0.02430805638440169,0.16241629861803675,0.4900322828267594
0.02430805638440169,0.16270123949280524,0.4899830805163426
0.024385224817368042,0.16270123949280524,0.48959787344062156
0.024385224817368042,0.16284370993018948,0.4895502339769521
0.024410947628356827,0.16284370993018948,0.48948213463574786
0.024410947628356827,0.16298618036757373,0.4893303346654254
0.024513838872311965,0.16298618036757373,0.48915011305540185
0.024513838872311965,0.16327112124234222,0.48912069589099366
0.02453956168330075,0.16327112124234222,0.4890784649479432
0.02453956168330075,0.16341359167972647,0.4890021191236177
0.02459100730527832,0.16341359167972647,0.48884526491922564
0.02459100730527832,0.16369853255449493,0.4886742641871777
0.0247967897931886,0.16369853255449493,0.4882404295185411
0.0247967897931886,0.16384100299187918,0.4880575768931435
0.024873958226154954,0.16384100299187918,0.48789267395719826
0.024873958226154954,0.16398347342926342,0.4878276641277262
0.024976849470110092,0.16398347342926342,0.48771463727252923
0.024976849470110092,0.1642684143040319,0.48758560002192425
0.02510546352505402,0.1642684143040319,0.48716322620842323
0.02510546352505402,0.16441088474141616,0.4870153250846745
0.025182631958020372,0.16441088474141616,0.48672539110938234
0.025182631958020372,0.16469582561618465,0.4864905095934749
0.025234077579997943,0.16469582561618465,0.4863819263302069
0.025234077579997943,0.1648382960535689,0.48621931482475683
0.025311246012964295,0.1648382960535689,0.4859687699679706
0.025311246012964295,0.16512323692833736,0.4858941096255519
0.025439860067908222,0.16512323692833736,0.4855439479283507
0.025439860067908222,0.1652657073657216,0.4855270846363259
0.025465582878897004,0.1652657073657216,0.4853450179704663
0.025465582878897004,0.16540817780310585,0.48529410819527563
0.02574853379977364,0.16540817780310585,0.4847328718010847
0.02574853379977364,0.1655506482404901,0.4847171462691718
0.025799979421751208,0.1655506482404901,0.4846312778460448
0.025799979421751208,0.16569311867787434,0.4843417915875565
0.025877147854717564,0.16569311867787434,0.4841467879278565
0.025877147854717564,0.16583558911525859,0.4840361506926998
0.02590287066570635,0.16583558911525859,0.4839733118699977
0.02590287066570635,0.16612052999002708,0.4838627329613526
0.025954316287683916,0.16612052999002708,0.48376843905602684
0.025954316287683916,0.16626300042741132,0.48367470324319695
0.026005761909661487,0.16626300042741132,0.483645691108312
0.026005761909661487,0.16683288217694828,0.48351979777159987
0.026031484720650273,0.16683288217694828,0.4834754672255637
0.026031484720650273,0.16697535261433252,0.4834514633344087
0.026082930342627843,0.16697535261433252,0.4833544427399523
0.026082930342627843,0.16726029348910101,0.4831996251969349
0.02610865315361663,0.16726029348910101,0.483169073165178
0.02610865315361663,0.16740276392648526,0.4831527103911952
0.02618582158658298,0.16740276392648526,0.4827881017561098
0.02618582158658298,0.1675452343638695,0.48268778627866793
0.026211544397571767,0.1675452343638695,0.4824728707828483
0.026211544397571767,0.16811511611340646,0.4820818670576212
0.026237267208560552,0.16811511611340646,0.4820747538611244
0.026237267208560552,0.1682575865507907,0.48204721125551714
0.026262990019549338,0.1682575865507907,0.48199423844822176
0.026262990019549338,0.1685425274255592,0.48194536414754824
0.026365881263504476,0.1685425274255592,0.48160285841469974
0.026365881263504476,0.16911240917509618,0.48107059393597684
0.02639160407449326,0.16911240917509618,0.4810204720341675
0.02639160407449326,0.1692548796124804,0.4809048271387551
0.026520218129437185,0.1692548796124804,0.4804777977768309
0.026520218129437185,0.16939735004986464,0.48046780230135255
0.02654594094042597,0.16939735004986464,0.48032343812279643
0.02654594094042597,0.16968229092463313,0.4801981041742075
0.02659738656240354,0.16968229092463313,0.4801580871964595
0.02659738656240354,0.16982476136201738,0.48014505756424236
0.026623109373392323,0.16982476136201738,0.4800672577174488
0.026623109373392323,0.16996723179940162,0.47990569551866485
0.02664883218438111,0.16996723179940162,0.47973341971085226
0.02664883218438111,0.17025217267417012,0.4796994160435148
0.026674554995369894,0.17025217267417012,0.47968409828046105
0.026674554995369894,0.17082205442370707,0.4793656580226144
0.026726000617347465,0.17082205442370707,0.4793314017845668
0.026726000617347465,0.17096452486109132,0.4793068994996837
0.026777446239325032,0.17096452486109132,0.4791808269239984
0.026777446239325032,0.1712494657358598,0.4790901718698911
0.026854614672291388,0.1712494657358598,0.4789678902134171
0.026854614672291388,0.1715344066106283,0.47890725733760414
0.026880337483280173,0.1715344066106283,0.4787805586135595
0.026880337483280173,0.17238922923493374,0.4784277524060619
0.02690606029426896,0.17238922923493374,0.4784200966981113
0.02690606029426896,0.17267417010970224,0.4782963229369944
0.026931783105257744,0.17267417010970224,0.4782101462680294
0.026931783105257744,0.17295911098447073,0.4781813863285399
0.026957505916246526,0.17295911098447073,0.47814970039278365
0.026957505916246526,0.17338652229662346,0.47797292791424456
0.02698322872723531,0.17338652229662346,0.4779041098715546
0.02698322872723531,0.17381393360877617,0.4777778559627867
0.027111842782179235,0.17381393360877617,0.4773255102998893
0.027111842782179235,0.17395640404616042,0.4772715202847994
0.02713756559316802,0.17395640404616042,0.4772589076682519
0.02713756559316802,0.17466875623308165,0.4771021298958509
0.027163288404156806,0.17466875623308165,0.477037640794542
0.027163288404156806,0.1749536971078501,0.4768782961979682
0.027214734026134377,0.1749536971078501,0.47678897185656566
0.027214734026134377,0.17509616754523435,0.4766279651018964
0.027240456837123162,0.17509616754523435,0.4765974182604699
0.027240456837123162,0.1752386379826186,0.4765639751200056
0.0273433480810783,0.1752386379826186,0.476463057126115
0.0273433480810783,0.17538110842000285,0.47630783738841664
0.027369070892067086,0.17538110842000285,0.4763051732612037
0.027369070892067086,0.17623593104430832,0.47606384884389025
0.02744623932503344,0.17623593104430832,0.4757720406493717
0.02744623932503344,0.17637840148169254,0.4757378419064577
0.02749768494701101,0.17637840148169254,0.47563771251609227
0.02749768494701101,0.17652087191907678,0.4756296831115264
0.027523407757999795,0.17652087191907678,0.47560936632546885
0.027523407757999795,0.17680581279384527,0.4755126112393069
0.027574853379977365,0.17680581279384527,0.47547355545904735
0.027574853379977365,0.17709075366861377,0.4751561059834386
0.027600576190966147,0.17709075366861377,0.47511127644940476
0.027600576190966147,0.177233224105998,0.47510792780566313
0.027626299001954933,0.177233224105998,0.47509715835533184
0.027626299001954933,0.17737569454338226,0.47508176278390385
0.027677744623932504,0.17737569454338226,0.47506555140757384
0.027677744623932504,0.17780310585553497,0.47491997626849247
0.02778063586788764,0.17780310585553497,0.47454883531543607
0.02778063586788764,0.17808804673030346,0.474433486096937
0.027832081489865212,0.17808804673030346,0.47440765737155055
0.027832081489865212,0.17894286935460893,0.47413949800369287
0.027883527111842783,0.17894286935460893,0.4741123740542
0.027883527111842783,0.17908533979199315,0.47389322189237754
0.02798641835579792,0.17908533979199315,0.473481376571592
0.02798641835579792,0.17937028066676164,0.47345995015104686
0.028115032410741845,0.17937028066676164,0.4733147025037565
0.028115032410741845,0.17965522154153013,0.4732806188736077
0.02814075522173063,0.17965522154153013,0.4732016731969139
0.02814075522173063,0.17979769197891438,0.47319231132582545
0.028269369276674554,0.17979769197891438,0.47291830116283845
0.028269369276674554,0.17994016241629862,0.4728976126745642
0.028423706142607263,0.17994016241629862,0.4727092008596399
0.028423706142607263,0.18008263285368287,0.4725841553552136
0.028449428953596048,0.18008263285368287,0.47255780869811004
0.028449428953596048,0.1802251032910671,0.47250043877169284
0.028475151764584834,0.1802251032910671,0.47244772735862584
0.028475151764584834,0.18036757372845136,0.4724240049973777
0.02850087457557362,0.18036757372845136,0.4723614243132311
0.02850087457557362,0.18051004416583558,0.4723310390199958
0.02855232019755119,0.18051004416583558,0.47220803217555757
0.02855232019755119,0.18107992591537256,0.47180436098842854
0.02857804300853997,0.18107992591537256,0.47178254006825865
0.02857804300853997,0.1815073372275253,0.471635024749705
0.028603765819528757,0.1815073372275253,0.471628983890918
0.028603765819528757,0.18164980766490954,0.4716157813922234
0.028629488630517543,0.18164980766490954,0.47158633749686124
0.028629488630517543,0.1817922781022938,0.4715374104482954
0.028680934252495113,0.1817922781022938,0.47143704996135904
0.028680934252495113,0.181934748539678,0.4714161075275845
0.028732379874472684,0.181934748539678,0.4712971850903634
0.028732379874472684,0.18207721897706225,0.47129121290185166
0.02878382549645025,0.18207721897706225,0.47119497878211836
0.02878382549645025,0.1822196894144465,0.47114592302284886
0.028809548307439037,0.1822196894144465,0.4710469116576086
0.028809548307439037,0.18236215985183074,0.47104239642142925
0.028835271118427822,0.18236215985183074,0.4710304910611224
0.028835271118427822,0.18264710072659923,0.4708988240806938
0.028912439551394175,0.18264710072659923,0.4708053107648271
0.028912439551394175,0.18278957116398348,0.47077663991274227
0.028963885173371746,0.18278957116398348,0.47076347129076807
0.028963885173371746,0.18293204160136772,0.4706935681717118
0.02898960798436053,0.18293204160136772,0.47066139064933893
0.02898960798436053,0.18307451203875197,0.47061126361248506
0.029015330795349317,0.18307451203875197,0.4705434651031649
0.029015330795349317,0.18321698247613621,0.47023390407840276
0.029041053606338102,0.18321698247613621,0.47020413428876034
0.029041053606338102,0.18350192335090468,0.4700851693996135
0.02919539047227081,0.18350192335090468,0.46956857501549326
0.02919539047227081,0.18392933466305741,0.4693831809756864
0.029246836094248378,0.18392933466305741,0.46927044616112834
0.029246836094248378,0.18407180510044166,0.4692627661735066
0.02934972733820352,0.18407180510044166,0.46900391643700723
0.02934972733820352,0.1842142755378259,0.46897199536178846
0.029375450149192305,0.1842142755378259,0.4689564945771901
0.029375450149192305,0.18435674597521015,0.4688421273383867
0.029401172960181087,0.18435674597521015,0.4688335737569261
0.029401172960181087,0.18464168684997864,0.4688097192732821
0.029426895771169873,0.18464168684997864,0.4687985504528631
0.029426895771169873,0.1849266277247471,0.46870495255813743
0.029452618582158658,0.1849266277247471,0.46867230320671754
0.029452618582158658,0.18506909816213135,0.4686680255102551
0.029478341393147443,0.18506909816213135,0.46858456522248454
0.029478341393147443,0.18578145034905258,0.46812565577565973
0.029555509826113796,0.18578145034905258,0.4680731873949121
0.029555509826113796,0.1862088616612053,0.46794250436788465
0.02958123263710258,0.1862088616612053,0.4678894468946631
0.02958123263710258,0.18677874341074227,0.4676539664811322
0.029632678259080152,0.18677874341074227,0.4675991929457727
0.029632678259080152,0.18692121384812652,0.4675200300427067
0.029684123881057723,0.18692121384812652,0.4674875419813589
0.029684123881057723,0.187206154722895,0.4674025693595251
0.02970984669204651,0.187206154722895,0.4671063240009713
0.02970984669204651,0.18734862516027925,0.46694246407439266
0.02978701512501286,0.18734862516027925,0.4666415108367015
0.02978701512501286,0.1882034477845847,0.466362485628419
0.029838460746990432,0.1882034477845847,0.4663082805610361
0.029838460746990432,0.18863085909673744,0.4658838325432899
0.029864183557979217,0.18863085909673744,0.465693118574328
0.029864183557979217,0.18877332953412168,0.46561352274403095
0.029889906368968,0.18877332953412168,0.4656031276939706
0.029889906368968,0.1889157999715059,0.46557810844883685
0.02994135199094557,0.1889157999715059,0.4654584654119684
0.02994135199094557,0.18905827040889014,0.4653448726498101
0.030044243234900708,0.18905827040889014,0.46525243467548877
0.030044243234900708,0.18934321128365864,0.465204489395825
0.030069966045889494,0.18934321128365864,0.46519418942509816
0.030069966045889494,0.18948568172104288,0.4651848875383018
0.03014713447885585,0.18948568172104288,0.46490272001908073
0.03014713447885585,0.18977062259581137,0.464828554427515
0.030172857289844635,0.18977062259581137,0.4646883342012175
0.030172857289844635,0.18991309303319562,0.4646721555130858
0.03019858010083342,0.18991309303319562,0.4646424758708242
0.03019858010083342,0.19005556347057986,0.4646137886835812
0.03037863977775491,0.19005556347057986,0.46411914668225224
0.03037863977775491,0.1901980339079641,0.46406953779565513
0.030404362588743697,0.1901980339079641,0.46405605305882336
0.030404362588743697,0.19034050434534833,0.4638955112088884
0.030481531021710053,0.19034050434534833,0.46370022761316204
0.030481531021710053,0.19048297478273257,0.46354170545885603
0.03050725383269884,0.19048297478273257,0.46338228982768065
0.03050725383269884,0.19062544522011682,0.4633576934889916
0.030532976643687624,0.19062544522011682,0.4632224326158842
0.030532976643687624,0.19105285653226955,0.46304087425697266
0.03058442226566519,0.19105285653226955,0.4629664738643564
0.03058442226566519,0.1911953269696538,0.46294393311078164
0.030610145076653977,0.1911953269696538,0.46282772988692666
0.030610145076653977,0.19162273828180654,0.4626814101860741
0.030661590698631547,0.19162273828180654,0.4626025722069576
0.030661590698631547,0.191907679156575,0.4625777477854323
0.030687313509620333,0.191907679156575,0.4624714239614122
0.030687313509620333,0.19233509046872774,0.4622243985021357
0.030713036320609115,0.19233509046872774,0.4621199137489292
0.030713036320609115,0.19262003134349623,0.4620787742542792
0.030841650375553042,0.19262003134349623,0.46188415490652057
0.030841650375553042,0.19290497221826472,0.46175629753220065
0.030867373186541824,0.19290497221826472,0.46175095223637636
0.030867373186541824,0.19304744265564897,0.46170484601361245
0.03094454161950818,0.19304744265564897,0.4615421798182836
0.03094454161950818,0.19318991309303318,0.46152431992165266
0.031021710052474536,0.19318991309303318,0.4613427799840716
0.031021710052474536,0.19347485396780167,0.4611943146573653
0.031047432863463318,0.19347485396780167,0.4611243600229369
0.031047432863463318,0.19361732440518592,0.4611071303596854
0.031124601296429674,0.19361732440518592,0.4609307539710619
0.031124601296429674,0.19375979484257017,0.46092730019828443
0.031201769729396027,0.19375979484257017,0.4608415204177465
0.031201769729396027,0.1939022652799544,0.460835287466949
0.031227492540384812,0.1939022652799544,0.460791340437893
0.031227492540384812,0.1941872061547229,0.46068850513843723
0.0312532153513736,0.1941872061547229,0.46063961856443286
0.0312532153513736,0.19432967659210715,0.46062323996074545
0.03127893816236238,0.19432967659210715,0.46058151336753855
0.03127893816236238,0.1944721470294914,0.4603043473284567
0.03130466097335117,0.1944721470294914,0.460274998780892
0.03130466097335117,0.19475708790425986,0.46013733951364566
0.03133038378433995,0.19475708790425986,0.46010513979910345
0.03133038378433995,0.1948995583416441,0.4600164989390255
0.03143327502829509,0.1948995583416441,0.4597667671281442
0.03143327502829509,0.1951844992164126,0.4594161849625287
0.03148472065027266,0.1951844992164126,0.4594022200518591
0.03148472065027266,0.19561191052856533,0.4593728201364071
0.031510443461261445,0.19561191052856533,0.45927662705740013
0.031510443461261445,0.19575438096594958,0.4592631012727757
0.031561889083239016,0.19575438096594958,0.4591731421487746
0.031561889083239016,0.19603932184071804,0.4591327717053803
0.031613334705216586,0.19603932184071804,0.4591059930880491
0.031613334705216586,0.19618179227810228,0.4590836533209957
0.03166478032719416,0.19618179227810228,0.45902381178934143
0.03166478032719416,0.19646673315287078,0.45878276763738596
0.03176767157114929,0.19646673315287078,0.4585689059355397
0.03176767157114929,0.19660920359025502,0.45850246825000396
0.03181911719312686,0.19660920359025502,0.45831332080113313
0.03181911719312686,0.1968941444650235,0.4581344086367685
0.03187056281510443,0.1968941444650235,0.45800665629940324
0.03187056281510443,0.19703661490240776,0.4579677080788907
0.03189628562609322,0.19703661490240776,0.45794736248653833
0.03189628562609322,0.19732155577717625,0.4577192830721979
0.031922008437082004,0.19732155577717625,0.45764706710100295
0.031922008437082004,0.1976064966519447,0.4574159172146715
0.031947731248070786,0.1976064966519447,0.457252364206742
0.031947731248070786,0.19774896708932896,0.4572241731017493
0.03199917687004836,0.19774896708932896,0.4571022279606801
0.03199917687004836,0.1978914375267132,0.45699293424399395
0.03207634530301472,0.1978914375267132,0.45694347566062377
0.03207634530301472,0.19831884883886594,0.45669174507664845
0.032256404979936204,0.19831884883886594,0.4563975074700832
0.032256404979936204,0.19860378971363443,0.45629810370370166
0.03228212779092499,0.19860378971363443,0.4562911545859405
0.03228212779092499,0.19874626015101865,0.45626036469286485
0.03246218746784649,0.19874626015101865,0.45609463089432667
0.03246218746784649,0.19903120102578714,0.4557656630422245
0.03251363308982406,0.19903120102578714,0.45570087454694125
0.03251363308982406,0.1991736714631714,0.45570057695891003
0.03253935590081284,0.1991736714631714,0.4556825153378805
0.03253935590081284,0.19931614190055563,0.45555454411625396
0.03259080152279041,0.19931614190055563,0.4554136147933951
0.03259080152279041,0.19945861233793988,0.4554091945128307
0.03261652433377919,0.19945861233793988,0.45539650436178136
0.03261652433377919,0.19960108277532412,0.4553707718574146
0.032719415577734334,0.19960108277532412,0.454850619124118
0.032719415577734334,0.19988602365009261,0.45477885910420346
0.032745138388723116,0.19988602365009261,0.45476845310211345
0.032745138388723116,0.20017096452486108,0.45452512691783237
0.03287375244366705,0.20017096452486108,0.45417979777642997
0.03287375244366705,0.20045590539962957,0.4541300595674872
0.0329509208766334,0.20045590539962957,0.4539004033286802
0.0329509208766334,0.20074084627439806,0.45382316988663707
0.03297664368762218,0.20074084627439806,0.4538208715592671
0.03297664368762218,0.2011682575865508,0.4537837676538725
0.03302808930959975,0.2011682575865508,0.45367719585193633
0.03302808930959975,0.20131072802393504,0.4536358280917849
0.03307953493157732,0.20131072802393504,0.453486572653341
0.03307953493157732,0.2014531984613193,0.45344073302621063
0.033130980553554894,0.2014531984613193,0.4532819724056231
0.033130980553554894,0.2015956688987035,0.4532806076828137
0.033208148986521246,0.2015956688987035,0.45306288239770554
0.033208148986521246,0.20173813933608775,0.45305747296045557
0.033233871797510035,0.20173813933608775,0.4529545073831449
0.033233871797510035,0.201880609773472,0.45284847933961314
0.0332853174194876,0.201880609773472,0.4527106925163912
0.0332853174194876,0.20202308021085624,0.4526820014021184
0.03333676304146517,0.20202308021085624,0.45258317500670964
0.03333676304146517,0.2021655506482405,0.4525608922719543
0.03338820866344274,0.2021655506482405,0.4523222695842722
0.03338820866344274,0.20259296196039323,0.4521904774055159
0.03341393147443152,0.20259296196039323,0.4521878249187922
0.03341393147443152,0.20273543239777747,0.4521844783846008
0.03354254552937545,0.20273543239777747,0.45201675866548335
0.03354254552937545,0.20316284370993018,0.4519355761725225
0.033619713962341806,0.20316284370993018,0.4518628035931103
0.033619713962341806,0.20330531414731443,0.45174760855339285
0.03364543677333059,0.20330531414731443,0.4517163509949208
0.03364543677333059,0.20359025502208292,0.45169890425694986
0.03369688239530816,0.20359025502208292,0.45166019004509217
0.03369688239530816,0.2038751958968514,0.45162023751530084
0.03385121926124087,0.2038751958968514,0.45122224582097337
0.03385121926124087,0.20430260720900414,0.4510106101034358
0.03387694207222965,0.20430260720900414,0.4509954949286579
0.03387694207222965,0.2045875480837726,0.450973539656951
0.033902664883218435,0.2045875480837726,0.4509017610535853
0.033902664883218435,0.20473001852115685,0.4508430708177067
0.033928387694207224,0.20473001852115685,0.45078980491507736
0.033928387694207224,0.2048724889585411,0.45074179563773337
0.033979833316184795,0.2048724889585411,0.4507037958511435
0.033979833316184795,0.20529990027069384,0.45047200865162534
0.034031278938162365,0.20529990027069384,0.45039526118310513
0.034031278938162365,0.20544237070807808,0.45030595249876687
0.03408272456013993,0.20544237070807808,0.45020457067999786
0.03408272456013993,0.2058697820202308,0.45015507991733084
0.03410844737112872,0.2058697820202308,0.45013121448499216
0.03410844737112872,0.20601225245761504,0.4501047002161384
0.0341341701821175,0.20601225245761504,0.45007328812993286
0.0341341701821175,0.20615472289499928,0.450014001098295
0.03415989299310629,0.20615472289499928,0.44998800013008905
0.03415989299310629,0.20643966376976777,0.4498928942149377
0.034262784237061424,0.20643966376976777,0.44981276445561813
0.034262784237061424,0.20658213420715202,0.4497207484504952
0.03428850704805021,0.20658213420715202,0.44971088763608397
0.03428850704805021,0.2068670750819205,0.4494861617476216
0.03444284391398292,0.2068670750819205,0.44911973405807426
0.03444284391398292,0.2075794272688417,0.44899966465508817
0.03449428953596049,0.2075794272688417,0.44879114482448973
0.03449428953596049,0.20772189770622596,0.4487715911450677
0.034725794834859554,0.20772189770622596,0.44845108027427544
0.034725794834859554,0.2078643681436102,0.44839525798514934
0.034777240456837125,0.2078643681436102,0.4482817245622986
0.034777240456837125,0.20800683858099445,0.4482753338721329
0.03480296326782591,0.20800683858099445,0.44821746228615017
0.03480296326782591,0.2081493090183787,0.4482014559679077
0.03485440888980348,0.2081493090183787,0.4481461438049051
0.03485440888980348,0.2085767203305314,0.4479659051275212
0.0349830229447474,0.2085767203305314,0.44767889804181354
0.0349830229447474,0.20871919076791565,0.44766211267640516
0.03500874575573619,0.20871919076791565,0.4476195034787751
0.03500874575573619,0.20900413164268414,0.4474708054846378
0.035111636999691324,0.20900413164268414,0.44723598965221745
0.035111636999691324,0.20914660208006838,0.4472001942622685
0.035214528243646466,0.20914660208006838,0.44692096622121075
0.035214528243646466,0.20928907251745263,0.44688653384456734
0.03524025105463525,0.20928907251745263,0.4468735408038789
0.03524025105463525,0.20957401339222112,0.4467492674217234
0.03534314229859039,0.20957401339222112,0.4466170309048239
0.03534314229859039,0.20971648382960537,0.44658623811613507
0.03539458792056796,0.20971648382960537,0.44642124005656597
0.03539458792056796,0.21042883601652657,0.44626129046306673
0.0354974791645231,0.21042883601652657,0.44621395755564897
0.0354974791645231,0.2105713064539108,0.44616257549421895
0.035574647597489455,0.2105713064539108,0.44606433703723625
0.035574647597489455,0.2108562473286793,0.44587516637673785
0.03560037040847824,0.2108562473286793,0.445869530898989
0.03560037040847824,0.21099871776606355,0.4457828604691721
0.035626093219467025,0.21099871776606355,0.4457534671886514
0.035626093219467025,0.2111411882034478,0.445714064196517
0.035677538841444596,0.2111411882034478,0.4456244559944805
0.035677538841444596,0.2115685995156005,0.44542596525501615
0.03570326165243338,0.2115685995156005,0.44540600025444704
0.03570326165243338,0.21171106995298475,0.4453740810018488
0.03575470727441095,0.21171106995298475,0.4452343520457562
0.03575470727441095,0.211853540390369,0.4451649394860156
0.035857598518366084,0.211853540390369,0.44490240231338335
0.035857598518366084,0.21199601082775324,0.44487814142507853
0.035909044140343654,0.21199601082775324,0.44482115703095926
0.035909044140343654,0.21299330388944293,0.4446075107385658
0.03593476695133244,0.21299330388944293,0.4445422223913863
0.03593476695133244,0.21342071520159567,0.4444330456772769
0.035986212573310014,0.21342071520159567,0.444225537522669
0.035986212573310014,0.2135631856389799,0.44420099316497647
0.03603765819528758,0.2135631856389799,0.4441620972851394
0.03603765819528758,0.21370565607636416,0.44407851424712563
0.03611482662825394,0.21370565607636416,0.4439434686982343
0.03611482662825394,0.2138481265137484,0.44388120232294964
0.03624344068319786,0.2138481265137484,0.4436706785131917
0.03624344068319786,0.21399059695113265,0.4436522970009399
0.03626916349418664,0.21399059695113265,0.44364905960720574
0.03626916349418664,0.2141330673885169,0.44357441617445303
0.036346331927152996,0.2141330673885169,0.4433850759626671
0.036346331927152996,0.2142755378259011,0.4433688672855035
0.036372054738141785,0.2142755378259011,0.4433631324181825
0.036372054738141785,0.2148454195754381,0.44324501052999327
0.036423500360119355,0.2148454195754381,0.4430610151800746
0.036423500360119355,0.21498789001282234,0.44297464050022123
0.036474945982096926,0.21498789001282234,0.4428341374372422
0.036474945982096926,0.2151303604502066,0.44280622612494813
0.03652639160407449,0.2151303604502066,0.44277287628678763
0.03652639160407449,0.21527283088759083,0.4427574837126265
0.03657783722605206,0.21527283088759083,0.44266042104205194
0.03657783722605206,0.21541530132497508,0.4426185565345174
0.03665500565901842,0.21541530132497508,0.4425097769959165
0.03665500565901842,0.21555777176235932,0.4425063117381253
0.0366807284700072,0.21555777176235932,0.4425006762436752
0.0366807284700072,0.21570024219974354,0.44248465450258956
0.03693795657989505,0.21570024219974354,0.44193263714269665
0.03693795657989505,0.21598518307451203,0.4418656557720218
0.03698940220187262,0.21598518307451203,0.4417833421919417
0.03698940220187262,0.21627012394928052,0.4417328366113556
0.03706657063483897,0.21627012394928052,0.44140151961898555
0.03706657063483897,0.21641259438666477,0.4413912502391927
0.037118016256816544,0.21641259438666477,0.4413094423828738
0.03714373906780533,0.21655506482404902,0.44129541739535433
0.0371951846897829,0.21655506482404902,0.44123851337119724
0.0371951846897829,0.21669753526143326,0.44119947622236483
0.037220907500771686,0.21669753526143326,0.44115920829425886
0.037220907500771686,0.2168400056988175,0.44113944010524647
0.037272353122749256,0.2168400056988175,0.440927706834479
0.037272353122749256,0.21698247613620175,0.4408618787422458
0.03729807593373804,0.21698247613620175,0.4408445328502601
0.03729807593373804,0.21712494657358597,0.4407833016081961
0.03740096717769318,0.21712494657358597,0.4404568914334799
0.03740096717769318,0.21726741701097022,0.4404142993215526
0.03742668998868196,0.21726741701097022,0.4403517172838712
0.03742668998868196,0.21740988744835446,0.440332931145598
0.03745241279967075,0.21740988744835446,0.44030749475612785
0.03745241279967075,0.21797976919789144,0.44016998907825117
0.0375295812326371,0.21797976919789144,0.4400383994821272
0.0375295812326371,0.2181222396352757,0.4400317000601138
0.037581026854614674,0.2181222396352757,0.4398613798178478
0.037581026854614674,0.21826471007265993,0.43979692565014306
0.0377096409095586,0.21826471007265993,0.4396112896029492
0.0377096409095586,0.21840718051004415,0.4395627427423243
0.03773536372054738,0.21840718051004415,0.43955772884414324
0.03773536372054738,0.21869212138481264,0.4394808438802931
0.03778680934252495,0.21869212138481264,0.4394672806810664
0.03778680934252495,0.21911953269696538,0.4393709279506598
0.03781253215351374,0.21911953269696538,0.43936353965406294
0.03781253215351374,0.21940447357173387,0.43933055157247436
0.0378639777754913,0.21940447357173387,0.43930958684086924
0.0378639777754913,0.21954694400911812,0.4392394969271139
0.03788970058648009,0.21954694400911812,0.43922949135455097
0.03788970058648009,0.21997435532127083,0.4390674163038768
0.037915423397468874,0.21997435532127083,0.43906313428560545
0.037915423397468874,0.22011682575865507,0.43905805992627983
0.03799259183043523,0.22011682575865507,0.4389057902281758
0.03799259183043523,0.22040176663342356,0.43888384840891537
0.038069760263401586,0.22040176663342356,0.43877261751066304
0.038069760263401586,0.2205442370708078,0.4387414764594318
0.03814692869636794,0.2205442370708078,0.43838820490403213
0.03814692869636794,0.2211141188203448,0.43825603487712445
0.03817265150735672,0.2211141188203448,0.4382407573279095
0.03817265150735672,0.221256589257729,0.43818164307340346
0.03819837431834551,0.221256589257729,0.43810980349595624
0.03819837431834551,0.22139905969511325,0.4380853085977416
0.03824981994032308,0.22139905969511325,0.43794909902871
0.03824981994032308,0.22211141188203448,0.4377697795081638
0.038352711184278215,0.22211141188203448,0.4376513489776441
0.038352711184278215,0.22225388231941873,0.4375811871941686
0.038378433995267004,0.22225388231941873,0.43755351178881224
0.038378433995267004,0.22253882319418722,0.4374745171042313
0.03845560242823336,0.22253882319418722,0.43736674023988914
0.03845560242823336,0.22325117538110842,0.4372628938611641
0.03848132523922214,0.22325117538110842,0.4372615517136769
0.03848132523922214,0.22339364581849266,0.43716269111397216
0.03850704805021093,0.22339364581849266,0.4371274972697955
0.03850704805021093,0.2238210571306454,0.43698588957674
0.03853277086119971,0.2238210571306454,0.4369782632215062
0.03853277086119971,0.22396352756802965,0.4368847257797923
0.0385584936721885,0.22396352756802965,0.4368547398598617
0.0385584936721885,0.2242484684427981,0.4368188187078841
0.03858421648317728,0.2242484684427981,0.4367505823652216
0.03858421648317728,0.22467587975495085,0.4366877079360296
0.03863566210515485,0.22467587975495085,0.4365725198950208
0.03863566210515485,0.2248183501923351,0.436566749098878
0.038764276160098775,0.2248183501923351,0.4364057565546904
0.038764276160098775,0.22496082062971934,0.4363989535514591
0.038789998971087564,0.22496082062971934,0.43638987199940726
0.038789998971087564,0.22538823194187207,0.4361957200953213
0.03884144459306513,0.22538823194187207,0.43611950870831806
0.03884144459306513,0.22567317281664054,0.4360720208950627
0.038867167404053916,0.22567317281664054,0.4360449066777827
0.038867167404053916,0.22581564325402478,0.43603781301605804
0.0388928902150427,0.22581564325402478,0.43602323639672513
0.0388928902150427,0.22595811369140903,0.4359896547981624
0.03891861302603149,0.22595811369140903,0.43597207004905864
0.03891861302603149,0.22610058412879327,0.43597198737581466
0.03894433583702027,0.22610058412879327,0.43596467142596196
0.03894433583702027,0.22624305456617752,0.4359580338173407
0.03899578145899784,0.22624305456617752,0.43591757011164617
0.03899578145899784,0.226527995440946,0.43579491482831884
0.03909867270295298,0.226527995440946,0.43562777250016255
0.03909867270295298,0.22695540675309872,0.4354965437174324
0.03925300956888569,0.22695540675309872,0.43517435614062205
0.03925300956888569,0.2275252885026357,0.4351026812074002
0.03930445519086326,0.2275252885026357,0.4348961326287519
0.03930445519086326,0.22766775894001995,0.4348900121223051
0.03933017800185204,0.22766775894001995,0.4348738604175437
0.03933017800185204,0.2278102293774042,0.4347814514933707
0.03938162362382961,0.2278102293774042,0.4346655991784212
0.03938162362382961,0.22795269981478844,0.434594881290449
0.0394073464348184,0.22795269981478844,0.4344010401649022
0.0394073464348184,0.22838011112694115,0.43412998350218707
0.03948451486778475,0.22838011112694115,0.4341104870095855
0.03948451486778475,0.2285225815643254,0.43398469854892935
0.039510237678773534,0.2285225815643254,0.4338731483555442
0.039510237678773534,0.22909246331386238,0.4336676296324166
0.03953596048976232,0.22909246331386238,0.43362066002451455
0.03953596048976232,0.22937740418863087,0.433315408765503
0.039587406111739894,0.22937740418863087,0.4332814446870068
0.039587406111739894,0.22966234506339933,0.4332535068027389
0.03976746578866139,0.22966234506339933,0.43292899160608983
0.03976746578866139,0.22980481550078358,0.43289002287109124
0.03979318859965017,0.22980481550078358,0.4328238335150361
0.03979318859965017,0.22994728593816782,0.43278878083337
0.03984463422162774,0.22994728593816782,0.43263174685405703
0.03984463422162774,0.23037469725032056,0.43252464918456957
0.04005041670953802,0.23037469725032056,0.4322783918075257
0.04005041670953802,0.2305171676877048,0.43222895204400663
0.04015330795349316,0.2305171676877048,0.4321939224514385
0.04015330795349316,0.2308021085624733,0.4320173066652866
0.04017903076448194,0.2308021085624733,0.4319339826566599
0.04017903076448194,0.23094457899985754,0.43178331643066115
0.0402561991974483,0.23094457899985754,0.431513897834122
0.0402561991974483,0.23108704943724176,0.4314775862075753
0.040307644819425864,0.23108704943724176,0.4313626623199808
0.040307644819425864,0.23137199031201025,0.4312805207765058
0.040359090441403435,0.23137199031201025,0.431109235885127
0.040359090441403435,0.231799401624163,0.43100614132846055
0.04053915011832493,0.231799401624163,0.43074321640347457
0.04053915011832493,0.23194187206154723,0.43072796084822534
0.04061631855129128,0.23194187206154723,0.43039720987187924
0.04061631855129128,0.23265422424846843,0.43028379593330307
0.04066776417326885,0.23265422424846843,0.43019964831351937
0.04066776417326885,0.23279669468585268,0.4301943363049285
0.04074493260623521,0.23279669468585268,0.4300668819318556
0.04074493260623521,0.23293916512323692,0.4300013372639687
0.040822101039201565,0.23293916512323692,0.4298255343155883
0.040822101039201565,0.23336657643538966,0.42961180189358344
0.04089926947216792,0.23336657643538966,0.42950603355122396
0.04089926947216792,0.2335090468727739,0.429437623975857
0.04092499228315671,0.2335090468727739,0.4293927367766678
0.04092499228315671,0.23365151731015815,0.4293924352444234
0.04100216071612306,0.23365151731015815,0.42930055668386796
0.04100216071612306,0.2337939877475424,0.42922887783587904
0.041233666015022125,0.2337939877475424,0.42878824130156845
0.041233666015022125,0.23407892862231086,0.4287829879555709
0.04128511163699969,0.23407892862231086,0.42866205173974664
0.04128511163699969,0.23464881037184784,0.42847929704898496
0.04141372569194362,0.23464881037184784,0.42836506836751376
0.04141372569194362,0.23493375124661633,0.42832427484862234
0.04146517131392118,0.23493375124661633,0.42812275553597057
0.04146517131392118,0.23521869212138483,0.4279426552094865
0.041516616935898754,0.23521869212138483,0.4278788357948817
0.041516616935898754,0.23536116255876904,0.4278416367725913
0.041670953801831466,0.23536116255876904,0.42756871051698175
0.041670953801831466,0.2355036329961533,0.4275563754667776
0.04169667661282025,0.2355036329961533,0.4275526914579493
0.04169667661282025,0.23578857387092178,0.42740891203990056
0.04174812223479782,0.23578857387092178,0.4273278060699704
0.04174812223479782,0.23593104430830603,0.4273068180546994
0.0417738450457866,0.23593104430830603,0.4272860895191818
0.0417738450457866,0.23607351474569027,0.4271987230689412
0.04179956785677539,0.23607351474569027,0.4271598914877053
0.04179956785677539,0.23635845562045876,0.4270616489805026
0.04190245910073053,0.23635845562045876,0.4267757401549457
0.04190245910073053,0.23664339649522725,0.42667086692980144
0.041979627533696884,0.23664339649522725,0.42656568599834654
0.041979627533696884,0.23678586693261147,0.4265609802402297
0.04221113283259595,0.23678586693261147,0.4260436444292311
0.04221113283259595,0.23735574868214845,0.42591291710557716
0.04226257845457351,0.23735574868214845,0.4257782010431014
0.04226257845457351,0.2377831599943012,0.42560277499562527
0.0422883012655623,0.2377831599943012,0.42555078964766574
0.0422883012655623,0.23792563043168544,0.4255186189605839
0.042416915320506225,0.23792563043168544,0.42533999928867994
0.042416915320506225,0.23806810086906965,0.42525774334184097
0.04254552937545015,0.23806810086906965,0.42504419298067825
0.04254552937545015,0.23878045305599088,0.42483825314026263
0.0426226978084165,0.23878045305599088,0.4246782075505976
0.0426226978084165,0.23920786436814362,0.4245256129270021
0.04272558905237164,0.23920786436814362,0.4244438956082084
0.04272558905237164,0.23935033480552786,0.42437527177552026
0.042751311863360425,0.23935033480552786,0.42433819832446135
0.042751311863360425,0.23963527568029633,0.4242860968028698
0.042802757485337996,0.23963527568029633,0.42416282158983704
0.042802757485337996,0.23992021655506482,0.42402386919299295
0.042879925918304355,0.23992021655506482,0.4239204300720162
0.042879925918304355,0.24006268699244906,0.4239165590232191
0.04290564872929314,0.24006268699244906,0.42382692894747676
0.04290564872929314,0.2402051574298333,0.42382273997457376
0.04295709435127071,0.2402051574298333,0.4237953432312957
0.04295709435127071,0.24034762786721756,0.42378389892172247
0.04298281716225949,0.24034762786721756,0.4237742773816904
0.04298281716225949,0.241202450491523,0.42352298736670546
0.04303426278423706,0.241202450491523,0.4234090370109237
0.04303426278423706,0.2414873913662915,0.4233386913619743
0.04305998559522584,0.2414873913662915,0.4233238426447207
0.04305998559522584,0.24162986180367574,0.42331637429533225
0.043111431217203414,0.24162986180367574,0.42324472743302854
0.043111431217203414,0.24191480267844423,0.42315849189556853
0.043162876839180984,0.24191480267844423,0.423110098013381
0.043162876839180984,0.24205727311582848,0.423100414401113
0.04318859965016977,0.24205727311582848,0.4230970331375347
0.04318859965016977,0.24219974355321272,0.4230429329733168
0.043214322461158555,0.24219974355321272,0.42302482103540373
0.043214322461158555,0.24234221399059694,0.4228546091998365
0.043265768083136126,0.24234221399059694,0.422747575864835
0.043265768083136126,0.24291209574013392,0.42256835198551057
0.0433172137051137,0.24291209574013392,0.42243962418863973
0.0433172137051137,0.24305456617751817,0.42243791791871654
0.04339438213808005,0.24305456617751817,0.4222462113033101
0.04339438213808005,0.2434819774896709,0.4221286015903878
0.0434715505710464,0.2434819774896709,0.42208037918423086
0.0434715505710464,0.24376691836443937,0.42198328912861116
0.04352299619302397,0.24376691836443937,0.4218182372111362
0.04352299619302397,0.24433680011397635,0.4215571096732625
0.043677333058956685,0.24433680011397635,0.4211874405279823
0.043677333058956685,0.2444792705513606,0.4211821463351963
0.04372877868093425,0.2444792705513606,0.42112702278343883
0.04372877868093425,0.24476421142612909,0.42102289772137114
0.04385739273587818,0.24476421142612909,0.42070632398631286
0.04385739273587818,0.24490668186351333,0.4207040443760387
0.044011729601810885,0.24490668186351333,0.4204079627026198
0.044011729601810885,0.24504915230089758,0.4203915956407213
0.044063175223788456,0.24504915230089758,0.420338974496364
0.044063175223788456,0.2451916227382818,0.4202737283532248
0.0441660664677436,0.2451916227382818,0.4199148161202041
0.0441660664677436,0.24547656361305029,0.4197824104676695
0.04424323490070995,0.24547656361305029,0.41968363918890855
0.04424323490070995,0.24561903405043453,0.41966152763274606
0.04429468052268752,0.24561903405043453,0.41962936162037623
0.04429468052268752,0.24576150448781878,0.41962101960229375
0.04434612614466509,0.24576150448781878,0.4196119048533493
0.04434612614466509,0.2461889157999715,0.4193568409608004
0.044397571766642656,0.2461889157999715,0.41929059823936565
0.044397571766642656,0.24647385667474,0.41917215140358494
0.04462907706554172,0.24647385667474,0.41861393329926466
0.04462907706554172,0.24661632711212422,0.4185735146063427
0.044757691120485645,0.24661632711212422,0.4183731506138005
0.04478341393147443,0.24675879754950847,0.41828965715281347
0.044860582364440786,0.24675879754950847,0.41814648870938836
0.044860582364440786,0.2474711497364297,0.4180094965985343
0.04491202798641836,0.2474711497364297,0.4179659626813844
0.04491202798641836,0.24761362017381394,0.4179246947048664
0.04496347360839593,0.24761362017381394,0.41789815307664235
0.04496347360839593,0.2478985610485824,0.4178042002124187
0.04498919641938471,0.2478985610485824,0.41773494769780567
0.04498919641938471,0.24804103148596665,0.41771872174351843
0.04506636485235106,0.24804103148596665,0.4175280499407201
0.04506636485235106,0.2481835019233509,0.4174984622006289
0.045169256096306204,0.2481835019233509,0.417329226855521
0.045169256096306204,0.24861091323550363,0.41725377828851495
0.045220701718283775,0.24861091323550363,0.41721797464537896
0.045220701718283775,0.24889585411027212,0.4171663384532595
0.04537503858421648,0.24889585411027212,0.41711902225615105
0.04537503858421648,0.24918079498504062,0.41710621833829276
0.04542648420619405,0.24918079498504062,0.4170555153990364
0.04542648420619405,0.24932326542242483,0.4170435445811525
0.04545220701718284,0.24932326542242483,0.4169926296290541
0.04545220701718284,0.24960820629719332,0.41690172044783025
0.04550365263916041,0.24960820629719332,0.41685803110208725
0.04550365263916041,0.25003561760934606,0.4168258421849858
0.04552937545014919,0.25003561760934606,0.41674801259757716
0.04552937545014919,0.2504630289214988,0.4166661121617463
0.045555098261137975,0.2504630289214988,0.4165979024884017
0.045555098261137975,0.25060549935888304,0.41656580815531313
0.045606543883115545,0.25060549935888304,0.41649358313931445
0.045606543883115545,0.2507479697962673,0.4163312825879053
0.04576088074904826,0.2507479697962673,0.4161165113501693
0.04576088074904826,0.25089044023365153,0.4160846785850572
0.04583804918201461,0.25089044023365153,0.4160167556488783
0.04583804918201461,0.2510329106710358,0.41592980220836695
0.04588949480399218,0.2510329106710358,0.4158017534822257
0.04588949480399218,0.25117538110842,0.41576151977805464
0.04594094042596975,0.25117538110842,0.4156780049977009
0.04594094042596975,0.25131785154580427,0.41562793678805343
0.045966663236958534,0.25131785154580427,0.41559163796049897
0.045966663236958534,0.2516027924205727,0.41546857351378536
0.04599238604794732,0.2516027924205727,0.4153561237770049
0.04599238604794732,0.2524576150448782,0.41509383657801363
0.046018108858936105,0.2524576150448782,0.41506955232432513
0.046018108858936105,0.25274255591964667,0.4149604434398657
0.046069554480913676,0.25274255591964667,0.4148054344885898
0.046069554480913676,0.25302749679441516,0.41473982479881805
0.046121000102891246,0.25302749679441516,0.4146939778155654
0.046121000102891246,0.2531699672317994,0.4146815323983078
0.04622389134684638,0.2531699672317994,0.41455691104275805
0.04622389134684638,0.2534549081065679,0.41441809355748216
0.04630105977981274,0.2534549081065679,0.41426204796421684
0.04630105977981274,0.25359737854395215,0.4142189269166238
0.04632678259080152,0.25359737854395215,0.41421240933555425
0.04632678259080152,0.2537398489813364,0.4142070822848612
0.04650684226772302,0.2537398489813364,0.41394520517810934
0.04650684226772302,0.2543097307308733,0.4136709081592148
0.04655828788970059,0.2543097307308733,0.4136359917319434
0.04655828788970059,0.25473714204302605,0.4135127919596259
0.04660973351167816,0.25473714204302605,0.41350344736691635
0.04660973351167816,0.2548796124804103,0.4134740456742987
0.04663545632266694,0.2548796124804103,0.41347387196515467
0.04663545632266694,0.2551645533551788,0.4134650243186645
0.04666117913365572,0.2551645533551788,0.4134048958774495
0.04666117913365572,0.2554494942299473,0.4133443573833004
0.04673834756662208,0.2554494942299473,0.41323715607166356
0.04673834756662208,0.25559196466733153,0.4132297739237167
0.046764070377610864,0.25559196466733153,0.4131528965049072
0.046764070377610864,0.2557344351047158,0.4131297733712776
0.04684123881057722,0.2557344351047158,0.41303351681508
0.04684123881057722,0.2558769055421,0.4129684821359362
0.04689268443255479,0.2558769055421,0.4128522781194832
0.04689268443255479,0.25601937597948426,0.41283932302272214
0.04696985286552115,0.25601937597948426,0.41267138968125056
0.04696985286552115,0.25630431685425276,0.4125893218590293
0.04699557567650993,0.25630431685425276,0.41250358736083326
0.04699557567650993,0.256446787291637,0.412412950021949
0.04712418973145385,0.256446787291637,0.41219858025409034
0.04712418973145385,0.2571591394785582,0.412096514083866
0.047201358164420205,0.2571591394785582,0.4119324971746717
0.047201358164420205,0.2573016099159424,0.41185631213083995
0.04730424940837535,0.2573016099159424,0.41163167700610676
0.04730424940837535,0.25744408035332667,0.41141983858419867
0.04735569503035292,0.25744408035332667,0.41119179393426547
0.04735569503035292,0.2575865507907109,0.4111751708610434
0.04743286346331927,0.2575865507907109,0.41110505147614756
0.04743286346331927,0.25829890297763214,0.41092178467596546
0.04748430908529684,0.25829890297763214,0.41090958301917946
0.04748430908529684,0.2587263142897849,0.4107794891266989
0.047664368762218336,0.2587263142897849,0.41031849568613893
0.047664368762218336,0.2588687847271691,0.41002449660231305
0.04769009157320712,0.2588687847271691,0.410023716451482
0.04769009157320712,0.25901125516455337,0.40986134296833865
0.04776726000617348,0.25901125516455337,0.40968744091412457
0.04776726000617348,0.2591537256019376,0.4096124197931359
0.04779298281716226,0.2591537256019376,0.40961202408633085
0.04779298281716226,0.25929619603932186,0.4095678166794935
0.04781870562815104,0.25929619603932186,0.4095662304463398
0.04781870562815104,0.2597236073514746,0.409390653851129
0.0478958740611174,0.2597236073514746,0.4093069583297907
0.0478958740611174,0.2598660777888588,0.40928393791020645
0.048050210927050106,0.2598660777888588,0.4089577247351709
0.048050210927050106,0.26000854822624303,0.4088496538265411
0.04810165654902768,0.26000854822624303,0.4087310964057852
0.04810165654902768,0.2602934891010115,0.408701609589724
0.048127379360016466,0.2602934891010115,0.4086679338507267
0.048127379360016466,0.26043595953839577,0.4086529722945676
0.04817882498199403,0.26043595953839577,0.40853427530181136
0.04817882498199403,0.26057842997578,0.4083941240071946
0.0482302706039716,0.26057842997578,0.4083663655842688
0.0482302706039716,0.26072090041316426,0.40834822697650236
0.04825599341496039,0.26072090041316426,0.4083215994041828
0.04825599341496039,0.2608633708505485,0.40831619011332104
0.04830743903693795,0.2608633708505485,0.40829608074804247
0.04830743903693795,0.26100584128793275,0.40824650354129616
0.04833316184792674,0.26100584128793275,0.4082401102808693
0.04833316184792674,0.26129078216270124,0.4081466198788308
0.04848749871385945,0.26129078216270124,0.40802414839059586
0.04848749871385945,0.26157572303746973,0.4079571754181202
0.04856466714682581,0.26157572303746973,0.40747580095036495
0.04856466714682581,0.2618606639122382,0.4073819324079307
0.04864183557979216,0.2618606639122382,0.40729768916097153
0.04864183557979216,0.26200313434962247,0.4072814278133612
0.048847618067702436,0.26200313434962247,0.40704609870753167
0.048847618067702436,0.2621456047870067,0.40693378045594397
0.04895050931165758,0.2621456047870067,0.4067708149841976
0.04895050931165758,0.26228807522439096,0.40673304759801326
0.04897623212264636,0.26228807522439096,0.4066941256917679
0.04897623212264636,0.2624305456617752,0.40664331799851333
0.04900195493363515,0.2624305456617752,0.40661090791964993
0.04900195493363515,0.26257301609915945,0.4066099931322147
0.04905340055561272,0.26257301609915945,0.4064498216011049
0.04905340055561272,0.2631428978486964,0.40638407283175276
0.04910484617759029,0.2631428978486964,0.40628853003112686
0.04910484617759029,0.26342783872346487,0.4062536561355206
0.049207737421545425,0.26342783872346487,0.4062253340601258
0.049207737421545425,0.26371277959823336,0.40620444954755947
0.049259183043522996,0.26371277959823336,0.40611154962949797
0.049259183043522996,0.2638552500356176,0.40609608260666047
0.04928490585451178,0.2638552500356176,0.405999494772939
0.04928490585451178,0.26428266134777034,0.4059407515995322
0.04949068834242206,0.26428266134777034,0.40565040133122743
0.04949068834242206,0.2644251317851546,0.40554020194448415
0.04951641115341084,0.2644251317851546,0.4055339872902829
0.04951641115341084,0.26456760222253883,0.4055217701859857
0.04954213396439963,0.26456760222253883,0.40548917789371425
0.04954213396439963,0.2647100726599231,0.4054698802342371
0.049567856775388414,0.2647100726599231,0.40544237532705235
0.049567856775388414,0.2651374839720758,0.40534245510532135
0.049619302397365984,0.2651374839720758,0.4052806010260174
0.049619302397365984,0.26527995440946006,0.4052229052220627
0.049645025208354766,0.26527995440946006,0.4051661846198201
0.049645025208354766,0.2654224248468443,0.4051652027384874
0.049670748019343555,0.2654224248468443,0.4051472304126687
0.049670748019343555,0.2655648952842285,0.4051468194375619
0.04977363926329869,0.2655648952842285,0.40508398866883577
0.04977363926329869,0.26570736572161274,0.40506435712866773
0.04979936207428748,0.26570736572161274,0.4050508280736762
0.04979936207428748,0.265849836158997,0.40502039093783637
0.04985080769626505,0.265849836158997,0.40499703455540875
0.04985080769626505,0.26599230659638123,0.40478749501214994
0.04987653050725383,0.26599230659638123,0.404770021542993
0.04987653050725383,0.2661347770337655,0.40471379103377897
0.04990225331824262,0.2661347770337655,0.4047043799355618
0.04990225331824262,0.26641971790853397,0.40452834637884283
0.0499279761292314,0.26641971790853397,0.40449949355173276
0.0499279761292314,0.2665621883459182,0.4044118499520015
0.04997942175120897,0.2665621883459182,0.40427217973251184
0.04997942175120897,0.2668471292206867,0.4042408385155092
0.050030867373186544,0.2668471292206867,0.40415928254431255
0.050030867373186544,0.2671320700954552,0.40406349435995403
0.050056590184175326,0.2671320700954552,0.4040144873485424
0.050056590184175326,0.26798689271976067,0.4038229166354654
0.050082312995164115,0.26798689271976067,0.4037536804860653
0.050082312995164115,0.2685567744692976,0.40369619776237964
0.05023664986109682,0.2685567744692976,0.4033603372481113
0.05023664986109682,0.26898418578145034,0.4032901852988009
0.05031381829406317,0.26898418578145034,0.40321910465205935
0.05031381829406317,0.2692691266562188,0.40317235390591166
0.050442432349007096,0.2692691266562188,0.4030800960954218
0.050442432349007096,0.2694115970936031,0.4030201002912155
0.050468155159995885,0.2694115970936031,0.40299780868347757
0.050468155159995885,0.2695540675309873,0.40299623906202064
0.050519600781973456,0.2695540675309873,0.4029325953612737
0.050519600781973456,0.26998147884314005,0.4027576741881945
0.05054532359296224,0.26998147884314005,0.4027429912781654
0.05054532359296224,0.2701239492805243,0.4027407652548834
0.05057104640395103,0.2701239492805243,0.40266759711088396
0.05057104640395103,0.27026641971790855,0.40264676934714844
0.05067393764790616,0.27026641971790855,0.4025373142275097
0.05067393764790616,0.27055136059267704,0.4024655181653638
0.05072538326988373,0.27055136059267704,0.40231266752983796
0.05072538326988373,0.27140618321698246,0.4021954581929404
0.0507768288918613,0.27140618321698246,0.4020303276364448
0.0507768288918613,0.27197606496651944,0.40192722835000866
0.050879720135816445,0.27197606496651944,0.40187756705215494
0.050879720135816445,0.2721185354039037,0.4018444700524905
0.05093116575779401,0.2721185354039037,0.4018118196365331
0.05093116575779401,0.27226100584128793,0.40176435321766546
0.05100833419076037,0.27226100584128793,0.40159141591195174
0.05100833419076037,0.2725459467160564,0.4015164843382771
0.05105977981273794,0.2725459467160564,0.40142301367059957
0.05105977981273794,0.27268841715344067,0.4014206746699442
0.0511112254347155,0.27268841715344067,0.4014128037090772
0.0511112254347155,0.2728308875908249,0.4014054525670892
0.05118839386768186,0.2728308875908249,0.4012536140672398
0.05118839386768186,0.27297335802820916,0.4012503876139532
0.051214116678670644,0.27297335802820916,0.4012379742860468
0.051214116678670644,0.27354323977774614,0.40121829137057197
0.051317007922625786,0.27354323977774614,0.40106359870964414
0.051317007922625786,0.27382818065251463,0.4009029847085052
0.05136845354460336,0.27382818065251463,0.40079400414149186
0.05136845354460336,0.2739706510898988,0.400753027988356
0.05147134478855849,0.2739706510898988,0.4006965170341115
0.05147134478855849,0.27411312152728307,0.400652910197111
0.05157423603251363,0.27411312152728307,0.40039953509376586
0.05157423603251363,0.2742555919646673,0.40039369656643203
0.051677127276468775,0.2742555919646673,0.40018330288304116
0.05170285008745756,0.27439806240205156,0.4001610824733802
0.051728572898446346,0.27439806240205156,0.4001075307021164
0.051728572898446346,0.27468300327682005,0.400075133719374
0.05175429570943513,0.27468300327682005,0.40006428213873013
0.05175429570943513,0.2748254737142043,0.40002105580102437
0.05183146414240148,0.2748254737142043,0.39991165673350126
0.05183146414240148,0.2751104145889728,0.39976158075913015
0.05185718695339027,0.2751104145889728,0.3997612596096426
0.05185718695339027,0.27525288502635703,0.3997156645462964
0.05188290976437905,0.27525288502635703,0.3996887217820598
0.05188290976437905,0.27568029633850977,0.3995566150158772
0.05190863257536783,0.27568029633850977,0.3995006260227187
0.05190863257536783,0.276392648525431,0.39923038526578714
0.05193435538635662,0.276392648525431,0.39922669385495047
0.05193435538635662,0.2768200598375837,0.39915275069465256
0.051960078197345404,0.2768200598375837,0.39914672997017653
0.051960078197345404,0.27710500071235217,0.39903430871112594
0.05198580100833419,0.27710500071235217,0.39900555488088135
0.05198580100833419,0.27738994158712066,0.3988733000527701
0.052062969441300545,0.27738994158712066,0.39869248602743457
0.052062969441300545,0.2775324120245049,0.39867238625796325
0.05208869225228933,0.2775324120245049,0.39863095313434493
0.05208869225228933,0.27795982333665764,0.3985060747047877
0.052114415063278116,0.27795982333665764,0.39840089152153163
0.052114415063278116,0.2783872346488104,0.3982854606956401
0.05232019755118839,0.2783872346488104,0.3978624012347598
0.05232019755118839,0.27867217552357887,0.3978072048204715
0.05234592036217718,0.27867217552357887,0.3977693694237539
0.05234592036217718,0.2788146459609631,0.3977659335741379
0.052397365984154745,0.2788146459609631,0.3977113084372757
0.052397365984154745,0.27895711639834736,0.3976573351664301
0.052474534417121105,0.27895711639834736,0.39755869190121584
0.052474534417121105,0.2790995868357316,0.39753669311900697
0.052525980039098676,0.2790995868357316,0.3974844958353095
0.052525980039098676,0.2793845277105001,0.3974399485035692
0.05257742566107624,0.2793845277105001,0.39734898239205324
0.05257742566107624,0.2802393503348055,0.3971911545288358
0.05268031690503138,0.2802393503348055,0.39712063645878076
0.05268031690503138,0.280524291209574,0.39707565806620865
0.052757485337997734,0.280524291209574,0.396920494970704
0.052757485337997734,0.2808092320843425,0.39685436845264893
0.05278320814898652,0.2808092320843425,0.3968280422975328
0.05278320814898652,0.28095170252172674,0.3968235622887952
0.05283465377096409,0.28095170252172674,0.39680697937129294
0.05283465377096409,0.281094172959111,0.3967928992057766
0.052911822203930446,0.281094172959111,0.3965812039896285
0.052911822203930446,0.28123664339649523,0.3965294179520656
0.05293754501491923,0.28123664339649523,0.39651284336561055
0.05293754501491923,0.2813791138338795,0.39649523461882724
0.0529889906368968,0.2813791138338795,0.39638124964408095
0.0529889906368968,0.28166405470864797,0.39625730511634394
0.05301471344788559,0.28166405470864797,0.3962427808820309
0.05301471344788559,0.28194899558341646,0.3961482161519557
0.05306615906986315,0.28194899558341646,0.3960106906207997
0.05306615906986315,0.2820914660208007,0.3959791347226903
0.05309188188085194,0.2820914660208007,0.3959535724749502
0.05309188188085194,0.28223393645818495,0.3959333504143345
0.05314332750282951,0.28223393645818495,0.3958556733871205
0.05314332750282951,0.28237640689556914,0.3958387784596203
0.05319477312480708,0.28237640689556914,0.3957823822281242
0.05319477312480708,0.2825188773329534,0.39575364404512337
0.053246218746784646,0.2825188773329534,0.39571767025849386
0.053246218746784646,0.28266134777033763,0.3956734423286813
0.053271941557773435,0.28266134777033763,0.3956356625370932
0.053271941557773435,0.2829462886451061,0.39539945997434905
0.053323387179751006,0.2829462886451061,0.3952651123985672
0.053323387179751006,0.28308875908249037,0.39525990575112957
0.05334910999073979,0.28308875908249037,0.3952224514522011
0.05334910999073979,0.2832312295198746,0.39522036873046457
0.05340055561271736,0.2832312295198746,0.3951846186594253
0.05342627842370614,0.28337369995725886,0.3950712757950679
0.05342627842370614,0.2835161703946431,0.39506510677131823
0.05345200123469493,0.2835161703946431,0.39506412807306474
0.05345200123469493,0.28365864083202735,0.395034205083833
0.05347772404568371,0.28365864083202735,0.3950084216707881
0.05347772404568371,0.2838011112694116,0.39498971722497145
0.053554892478650064,0.2838011112694116,0.3948370472327367
0.053554892478650064,0.28394358170679584,0.39482373133130805
0.053606338100627635,0.28394358170679584,0.3947894247923185
0.053606338100627635,0.2840860521441801,0.3947862944438223
0.053709229344582776,0.2840860521441801,0.39464623924415765
0.053709229344582776,0.2843709930189486,0.39458770776685725
0.05373495215557156,0.2843709930189486,0.39457913727509236
0.05373495215557156,0.2845134634563328,0.3945709983882763
0.054172239942380906,0.2845134634563328,0.3939825491744927
0.054172239942380906,0.2847984043311013,0.3939290615313155
0.05424940837534726,0.2847984043311013,0.3938788046304654
0.05424940837534726,0.28494087476848556,0.3938431989036103
0.05427513118633604,0.28494087476848556,0.3938223864481493
0.05427513118633604,0.2850833452058698,0.3938168377384696
0.05430085399732483,0.2850833452058698,0.3937500675337147
0.05430085399732483,0.285225815643254,0.39373863510549434
0.054403745241279965,0.285225815643254,0.3936275511750267
0.054403745241279965,0.28536828608063824,0.3935746191044043
0.05453235929622389,0.28536828608063824,0.3934247424113123
0.05453235929622389,0.2855107565180225,0.393277509341991
0.05455808210721268,0.2855107565180225,0.3932139263659503
0.05455808210721268,0.285795697392791,0.39316205691017503
0.05458380491820146,0.285795697392791,0.39315780113758275
0.05458380491820146,0.2860806382675595,0.39304946058104984
0.05473814178413417,0.2860806382675595,0.3928903828583882
0.05473814178413417,0.2862231087049437,0.39283420968539334
0.05494392427204445,0.2862231087049437,0.3926109956113429
0.05494392427204445,0.28636557914232796,0.3925779490306892
0.054969647083033236,0.28636557914232796,0.3925496049243437
0.054969647083033236,0.28665052001709646,0.3924939081266155
0.05512398394896594,0.28665052001709646,0.39233935498936556
0.05512398394896594,0.28693546089186495,0.3922764736953538
0.05514970675995473,0.28693546089186495,0.39226587190940077
0.05514970675995473,0.28750534264140193,0.39215391716278336
0.05517542957094351,0.28750534264140193,0.39214027054859774
0.05517542957094351,0.28807522439093886,0.39209548419843193
0.055329766436876225,0.28807522439093886,0.3917677456093566
0.055329766436876225,0.2882176948283231,0.3916306667162196
0.05538121205885379,0.2882176948283231,0.39139465374610893
0.05538121205885379,0.2885026357030916,0.39132448072429066
0.05540693486984258,0.2885026357030916,0.39130302062058997
0.05540693486984258,0.28864510614047584,0.3912574669993465
0.05543265768083136,0.28864510614047584,0.39119339894066046
0.05543265768083136,0.2887875765778601,0.3911480910347516
0.05545838049182015,0.2887875765778601,0.3911432147310455
0.05545838049182015,0.28893004701524433,0.3910885162758306
0.05550982611379771,0.28893004701524433,0.3910479039776284
0.05550982611379771,0.2892149878900128,0.39101899967879306
0.0555355489247865,0.2892149878900128,0.3910157993003046
0.0555355489247865,0.28964239920216556,0.39094890148800593
0.055664162979730425,0.28964239920216556,0.3908316659069326
0.055664162979730425,0.2897848696395498,0.3908218770746846
0.055715608601707996,0.2897848696395498,0.39078092366470746
0.055715608601707996,0.28992734007693405,0.3907666034720787
0.05574133141269678,0.28992734007693405,0.3907233930973262
0.05574133141269678,0.2900698105143183,0.3907120482517367
0.0558699454676407,0.2900698105143183,0.39044622038649657
0.0558699454676407,0.29021228095170254,0.3904318765362225
0.05589566827862949,0.29021228095170254,0.39041562683915476
0.05589566827862949,0.2903547513890868,0.3904066674291496
0.05594711390060706,0.2903547513890868,0.3903589185939753
0.05594711390060706,0.29049722182647103,0.39035667913001243
0.055998559522584625,0.29049722182647103,0.3902406380546908
0.055998559522584625,0.2912095740133922,0.38998439772959487
0.056024282333573414,0.2912095740133922,0.38996999917711395
0.056024282333573414,0.29135204445077645,0.38991598293047375
0.056050005144562196,0.29135204445077645,0.38990664328177166
0.056050005144562196,0.2914945148881607,0.3899038345798808
0.05615289638851734,0.2914945148881607,0.38961257875870714
0.05615289638851734,0.29163698532554494,0.38953746171306297
0.05628151044346126,0.29163698532554494,0.38941240891501017
0.05628151044346126,0.2917794557629292,0.3893877770799577
0.05630723325445005,0.2917794557629292,0.3892990055189578
0.05630723325445005,0.29192192620031343,0.3892295179390085
0.056461570120382755,0.29192192620031343,0.388954749082048
0.056461570120382755,0.2920643966376977,0.3888357832129671
0.056513015742360326,0.2920643966376977,0.3887857400680634
0.056513015742360326,0.2922068670750819,0.3887846330166744
0.05653873855334911,0.2922068670750819,0.3887376136665923
0.05653873855334911,0.2927767488246189,0.38843370368696645
0.05661590698631547,0.2927767488246189,0.38827422817084434
0.05661590698631547,0.29291921926200315,0.38826450104582455
0.05664162979730425,0.29291921926200315,0.3882596430815595
0.05664162979730425,0.29320416013677164,0.388143877828586
0.05669307541928182,0.29320416013677164,0.3881163887874129
0.05669307541928182,0.2933466305741559,0.3879674332910575
0.0567187982302706,0.2933466305741559,0.3879657235724887
0.0567187982302706,0.29348910101154013,0.3879585083579789
0.05677024385224817,0.29348910101154013,0.38792951998384073
0.05677024385224817,0.2939165123236928,0.38780650712111786
0.05679596666323696,0.2939165123236928,0.38777382262421195
0.05679596666323696,0.2944863940732298,0.3875988890359699
0.056821689474225744,0.2944863940732298,0.38759588795756894
0.056821689474225744,0.295198746260151,0.38733177809962543
0.05695030352916967,0.295198746260151,0.38715215873055864
0.05695030352916967,0.2954836871349195,0.38706295854204825
0.05715608601707994,0.2954836871349195,0.3866254136875714
0.05715608601707994,0.29562615757230376,0.386571550893034
0.05718180882806873,0.29562615757230376,0.38652209893718503
0.05718180882806873,0.295768628009688,0.38651464903446037
0.057207531639057514,0.295768628009688,0.38648146946545225
0.057207531639057514,0.2960535688844565,0.3864224082314156
0.057258977261035085,0.2960535688844565,0.38640726674183523
0.057258977261035085,0.296338509759225,0.386193343275787
0.05733614569400144,0.296338509759225,0.3860822844302729
0.05733614569400144,0.2964809801966092,0.3860687768299291
0.0575676509929005,0.2964809801966092,0.38577600328596007
0.0575676509929005,0.2966234506339934,0.3857742525215658
0.057670542236855644,0.2966234506339934,0.3855586160839042
0.057670542236855644,0.2969083915087619,0.3854660005297102
0.057721987858833215,0.2969083915087619,0.38540354354678413
0.057721987858833215,0.29705086194614616,0.3853634054541896
0.05785060191377714,0.29705086194614616,0.3852522250813508
0.05785060191377714,0.29733580282091465,0.3852054087612712
0.05803066159069863,0.29733580282091465,0.3847180680869068
0.05803066159069863,0.2977632141330674,0.3846447531571506
0.058056384401687415,0.2977632141330674,0.38464137197658016
0.058056384401687415,0.2980481550078359,0.38451427781318614
0.058082107212676204,0.2980481550078359,0.3844519982608357
0.058082107212676204,0.2981906254452201,0.38444085919446913
0.05813355283465377,0.2981906254452201,0.3843842383447061
0.05813355283465377,0.29833309588260437,0.38433003331651744
0.0582621668895977,0.29833309588260437,0.3842819309803021
0.0582621668895977,0.2984755663199886,0.3842375624576773
0.05828788970058648,0.2984755663199886,0.38423041485728565
0.05828788970058648,0.2987605071947571,0.3842234589983275
0.05831361251157526,0.2987605071947571,0.38411867132375616
0.05831361251157526,0.29890297763214135,0.3840983816907819
0.05836505813355283,0.29890297763214135,0.3840197425160189
0.05836505813355283,0.2990454480695256,0.38396489458270994
0.058416503755530404,0.2990454480695256,0.38390049240608237
0.058416503755530404,0.2991879185069098,0.3838715835213009
0.058467949377507974,0.2991879185069098,0.3838019093918445
0.058467949377507974,0.29933038894429403,0.3837622196089488
0.05867373186541825,0.29933038894429403,0.38326364151213266
0.05867373186541825,0.29975780025644677,0.3831568709650317
0.05875090029838461,0.29975780025644677,0.3830980117509718
0.05875090029838461,0.299900270693831,0.3830644244314668
0.058802345920362174,0.299900270693831,0.38299781240350556
0.058802345920362174,0.30032768200598375,0.3828763430088902
0.058853791542339745,0.30032768200598375,0.382810129962577
0.058853791542339745,0.300470152443368,0.3827882032614211
0.058930959975306105,0.300470152443368,0.38266456932888343
0.058930959975306105,0.30061262288075224,0.38263013571518506
0.05895668278629489,0.30061262288075224,0.38260622340152617
0.05895668278629489,0.30089756375552074,0.38246647635269393
0.05898240559728367,0.30089756375552074,0.3824311059299393
0.05898240559728367,0.301040034192905,0.3823817253338986
0.05903385121926124,0.301040034192905,0.3823370302127211
0.05903385121926124,0.3011825046302892,0.3823128136039333
0.059213910896182734,0.3011825046302892,0.3822081533424528
0.059213910896182734,0.3013249750676735,0.38211198538402347
0.05923963370717152,0.3013249750676735,0.38210905482772006
0.05923963370717152,0.3014674455050577,0.3821020362443678
0.059316802140137875,0.3014674455050577,0.3820586340658952
0.059316802140137875,0.3017523863798262,0.381985409607343
0.05939397057310423,0.3017523863798262,0.38184653665908025
0.05939397057310423,0.30203732725459465,0.3817142653627456
0.05947113900607058,0.30203732725459465,0.38141774284899693
0.05947113900607058,0.30232226812936314,0.38135060724339376
0.05949686181705937,0.30232226812936314,0.3812491750535591
0.05949686181705937,0.3024647385667474,0.38124652926352665
0.05954830743903694,0.3024647385667474,0.38114683493808554
0.05954830743903694,0.3026072090041316,0.3811439683100086
0.059599753061014504,0.3026072090041316,0.3810525901552128
0.059599753061014504,0.3028921498789001,0.3810273082154939
0.05962547587200329,0.3028921498789001,0.38099524334826707
0.05962547587200329,0.30303462031628436,0.3809033172191368
0.059676921493980864,0.30303462031628436,0.3807959809592408
0.059676921493980864,0.3031770907536686,0.3807846532972108
0.05975408992694722,0.3031770907536686,0.38070864291699913
0.05975408992694722,0.30331956119105286,0.38070545207127676
0.05980553554892479,0.30331956119105286,0.38067397530843006
0.05980553554892479,0.30360450206582135,0.3806486559224411
0.05985698117090236,0.30360450206582135,0.38054475621780415
0.05985698117090236,0.3037469725032056,0.38052489827446595
0.05988270398189114,0.30388944294058984,0.3804972418251789
0.05988270398189114,0.3043168542527426,0.3804228731481545
0.060011318036835064,0.3043168542527426,0.380227917573758
0.060011318036835064,0.30460179512751107,0.38018882070900084
0.060088486469801417,0.30460179512751107,0.38008565317056014
0.060088486469801417,0.3047442655648953,0.3799982275878593
0.060165654902767776,0.3047442655648953,0.3798435182093238
0.060165654902767776,0.30502920643966375,0.3797777554908022
0.06021710052474535,0.30502920643966375,0.3796504241766181
0.06021710052474535,0.305171676877048,0.3795799637902096
0.06024282333573413,0.305171676877048,0.37953289262532175
0.06024282333573413,0.30531414731443224,0.3795274049626991
0.06026854614672291,0.30531414731443224,0.3795192484235288
0.06026854614672291,0.3054566177518165,0.37951528243574156
0.0602942689577117,0.3054566177518165,0.37948448824866887
0.0602942689577117,0.30559908818920073,0.3794803185401424
0.06065438831155469,0.30559908818920073,0.37915521934563884
0.06065438831155469,0.3058840290639692,0.3791342546807338
0.060808725177487394,0.3058840290639692,0.3789205931074973
0.060808725177487394,0.30631144037612196,0.3787635759484642
0.06083444798847618,0.30631144037612196,0.37876267386871687
0.06083444798847618,0.3064539108135062,0.37873515640272143
0.060860170799464965,0.3064539108135062,0.3787253726138636
0.060860170799464965,0.30659638125089045,0.37864735097191576
0.060885893610453753,0.3067388516882747,0.37864491709712683
0.060885893610453753,0.30688132212565894,0.3786334260287936
0.06093733923243132,0.30688132212565894,0.378614719029021
0.06093733923243132,0.3070237925630432,0.3786067975674413
0.060963062043420106,0.3070237925630432,0.3785793530881712
0.060963062043420106,0.3073087334378117,0.3784923631662346
0.06098878485440889,0.3073087334378117,0.378482065367564
0.06098878485440889,0.3074512038751959,0.3784651869438851
0.06106595328737525,0.3074512038751959,0.37844080473340413
0.06106595328737525,0.3075936743125801,0.3784288634385412
0.06111739890935281,0.3075936743125801,0.3783373491477821
0.06111739890935281,0.30773614474996436,0.3783115482980398
0.0611431217203416,0.30773614474996436,0.3782953581977217
0.0611431217203416,0.30802108562473285,0.3782752904685832
0.06116884453133038,0.30802108562473285,0.3782569456920323
0.06116884453133038,0.3081635560621171,0.3782362936145482
0.06122029015330795,0.3081635560621171,0.37811591720914567
0.06122029015330795,0.3084484969368856,0.3780891086697406
0.06134890420825188,0.3084484969368856,0.3778947012284769
0.06134890420825188,0.3088759082490383,0.3777022037666365
0.06145179545220702,0.3088759082490383,0.3776156414390153
0.06145179545220702,0.30901837868642257,0.37752170141449937
0.0614775182631958,0.30901837868642257,0.3775023590943936
0.0614775182631958,0.3091608491238068,0.3774908220294199
0.06155468669616216,0.3091608491238068,0.3774462664214836
0.06155468669616216,0.30930331956119106,0.37742248477815393
0.061606132318139724,0.30930331956119106,0.3773613991362553
0.061606132318139724,0.3094457899985753,0.37735455861380823
0.06163185512912851,0.3094457899985753,0.3773545482205009
0.06163185512912851,0.3100156717481123,0.37710920345993965
0.061709023562094865,0.3100156717481123,0.37693479955795856
0.061709023562094865,0.31015814218549653,0.3769169542004452
0.061760469184072436,0.31015814218549653,0.37674575061045834
0.061760469184072436,0.31072802393503346,0.3765995225680101
0.06178619199506122,0.31072802393503346,0.3765985332886044
0.06178619199506122,0.3111554352471862,0.37657395614919975
0.06186336042802758,0.3111554352471862,0.3762591088471318
0.06186336042802758,0.31129790568457044,0.37625259849262044
0.06204342010494907,0.31129790568457044,0.376077587354634
0.06204342010494907,0.3114403761219547,0.3760726029841212
0.062069142915937854,0.3114403761219547,0.3760658740167731
0.062069142915937854,0.31158284655933893,0.37606441280481434
0.062120588537915425,0.31158284655933893,0.3760080390120455
0.062120588537915425,0.31258013962102865,0.37582764671966395
0.06219775697088178,0.31258013962102865,0.37564999635207613
0.06219775697088178,0.3127226100584129,0.3756203044961609
0.06222347978187056,0.3127226100584129,0.37557367928723195
0.06222347978187056,0.31286508049579714,0.37551165672422615
0.06224920259285935,0.31286508049579714,0.3755024796219324
0.06224920259285935,0.31315002137056563,0.3754462289109539
0.06235209383681449,0.31315002137056563,0.3753729211715606
0.06235209383681449,0.31343496224533407,0.37532396681476754
0.062403539458792054,0.31343496224533407,0.3752549234940053
0.062403539458792054,0.3135774326827183,0.3752352058273939
0.06242926226978084,0.3135774326827183,0.3752281343845195
0.06242926226978084,0.3138623735574868,0.3751953033173791
0.062454985080769625,0.3138623735574868,0.37519446347565855
0.062454985080769625,0.31428978486963954,0.37497379891458105
0.06253215351373598,0.31428978486963954,0.37492646184508494
0.06253215351373598,0.3144322553070238,0.3749194350451155
0.06258359913571356,0.3144322553070238,0.37491039780678753
0.06258359913571356,0.31457472574440803,0.37485821519668094
0.06260932194670234,0.31457472574440803,0.3748443191934545
0.06260932194670234,0.3147171961817923,0.37483876766983004
0.0626864903796687,0.3147171961817923,0.3747633284387478
0.0626864903796687,0.3148596666191765,0.3747228707925683
0.06276365881263504,0.3148596666191765,0.37446722677286914
0.06276365881263504,0.31500213705656077,0.37446389678750647
0.06281510443461262,0.31500213705656077,0.37443745549815005
0.06281510443461262,0.315144607493945,0.37441411510334444
0.0628408272456014,0.315144607493945,0.37434582102164415
0.0628408272456014,0.31528707793132926,0.37432556328025773
0.06291799567856775,0.31528707793132926,0.3742033712540968
0.06291799567856775,0.315714489243482,0.374168601090986
0.06299516411153411,0.315714489243482,0.3740413706338324
0.06299516411153411,0.31585695968086624,0.3739535340591465
0.06302088692252289,0.31585695968086624,0.3739412871491009
0.06302088692252289,0.3161419005556347,0.37390890374745483
0.06304660973351167,0.3161419005556347,0.37388362873346687
0.06304660973351167,0.3162843709930189,0.37379745904684847
0.06314950097746681,0.3162843709930189,0.3737460186197089
0.06314950097746681,0.3165693118677874,0.37368643963600656
0.06330383784339953,0.3165693118677874,0.3735401017047351
0.06330383784339953,0.31699672317994015,0.3734478389086781
0.06332956065438831,0.31699672317994015,0.3734368290098952
0.06332956065438831,0.3171391936173244,0.3734351601967487
0.06338100627636588,0.3171391936173244,0.37333525875580026
0.06338100627636588,0.31728166405470865,0.3733332239339158
0.06345817470933224,0.31728166405470865,0.3732860086471866
0.06345817470933224,0.31756660492947714,0.37325171803457735
0.06353534314229858,0.31756660492947714,0.3731797517316954
0.06353534314229858,0.3178515458042456,0.37310940361950556
0.06358678876427616,0.3178515458042456,0.37309020354848943
0.06358678876427616,0.3179940162416299,0.3730736766813503
0.06361251157526494,0.3179940162416299,0.3730537288875755
0.06361251157526494,0.3181364866790141,0.37304213639476697
0.0636896800082313,0.3181364866790141,0.37286834864536494
0.0636896800082313,0.3184214275537826,0.37267363427819183
0.06394690811811915,0.3184214275537826,0.37233697240754643
0.06394690811811915,0.31856389799116686,0.37229581978380893
0.06399835374009671,0.31856389799116686,0.3722790512900506
0.06399835374009671,0.3187063684285511,0.37224630410471543
0.06404979936207429,0.3187063684285511,0.37218281830481065
0.06404979936207429,0.3188488388659353,0.3721561864163483
0.06410124498405186,0.3188488388659353,0.3721404451347654
0.06410124498405186,0.31899130930331954,0.37213601342061553
0.06412696779504064,0.31899130930331954,0.3721288656435344
0.06412696779504064,0.3191337797407038,0.3721040446923901
0.06417841341701822,0.3191337797407038,0.371896598010583
0.06417841341701822,0.31927625017808803,0.3717774506174649
0.06422985903899578,0.31927625017808803,0.3717357225671901
0.06422985903899578,0.3194187206154723,0.37173483169687727
0.06425558184998456,0.3194187206154723,0.3717084466818405
0.06425558184998456,0.3195611910528565,0.37162173243629126
0.06428130466097336,0.3195611910528565,0.3715944086979636
0.06428130466097336,0.31970366149024076,0.37152560892462666
0.06446136433789484,0.31970366149024076,0.3712668185622398
0.06446136433789484,0.3201310728023935,0.3711650260308426
0.06448708714888363,0.3201310728023935,0.3711388910296303
0.06448708714888363,0.32055848411454624,0.37103450977240054
0.06466714682580513,0.32055848411454624,0.37065579010771044
0.06466714682580513,0.3207009545519305,0.37065476096106
0.06469286963679391,0.3207009545519305,0.3706487799527226
0.06469286963679391,0.320985895426699,0.3705249415084602
0.06489865212470419,0.320985895426699,0.37017919724225895
0.06489865212470419,0.3214133067388517,0.37009968172281926
0.06492437493569297,0.3214133067388517,0.3700709750482233
0.06492437493569297,0.32169824761362015,0.3699639722452617
0.06500154336865932,0.32169824761362015,0.3699423542289763
0.06500154336865932,0.3221256589257729,0.369778102342118
0.0650529889906369,0.3221256589257729,0.3697223751207467
0.0650529889906369,0.32226812936315713,0.36971003816486797
0.06507871180162568,0.32226812936315713,0.36967249339544356
0.06507871180162568,0.3224105998005414,0.3696239291991423
0.06515588023459204,0.3224105998005414,0.3695654110597052
0.06515588023459204,0.3225530702379256,0.369465922890628
0.06525877147854718,0.3225530702379256,0.36927392554913036
0.06525877147854718,0.3228380111126941,0.3692331672231258
0.06533593991151353,0.3228380111126941,0.3691058288294281
0.06533593991151353,0.3231229519874626,0.36907561458854793
0.0653873855334911,0.3231229519874626,0.3690410187681709
0.0653873855334911,0.3236928337369996,0.36894413869285675
0.06541310834447989,0.3236928337369996,0.36893450423597546
0.06541310834447989,0.3244051859239208,0.36884418469734326
0.06546455396645745,0.3244051859239208,0.36882830420002344
0.06546455396645745,0.32469012679868925,0.36876889320448797
0.06551599958843503,0.32469012679868925,0.3686294303023337
0.06551599958843503,0.32526000854822623,0.3685786181000726
0.06556744521041259,0.32526000854822623,0.36854962245032036
0.06556744521041259,0.3255449494229947,0.3684852865034905
0.06559316802140137,0.3255449494229947,0.36839273105305126
0.06559316802140137,0.3261148311725317,0.36832715911245545
0.06561889083239017,0.3261148311725317,0.36826528026498434
0.06561889083239017,0.3271121242342214,0.36801356687394554
0.06567033645436773,0.3271121242342214,0.36797266945660506
0.06567033645436773,0.3272545946716056,0.3679710170182452
0.0657475048873341,0.3272545946716056,0.3679570805549454
0.0657475048873341,0.32739706510898986,0.3679171530367845
0.06579895050931166,0.32739706510898986,0.36781722465104766
0.06579895050931166,0.3275395355463741,0.36780502459857445
0.06582467332030044,0.3275395355463741,0.36780459353910383
0.06582467332030044,0.3281094172959111,0.3675773571936179
0.06592756456425558,0.3281094172959111,0.3674888556894232
0.06592756456425558,0.32825188773329533,0.36747169567129295
0.06597901018623316,0.32825188773329533,0.36740340193839477
0.06597901018623316,0.3285368286080638,0.3673673536702852
0.06613334705216586,0.3285368286080638,0.36723470092459753
0.06613334705216586,0.3288217694828323,0.36712918171324455
0.06621051548513221,0.3288217694828323,0.3670800773504237
0.06621051548513221,0.32896423992021656,0.367001510451224
0.06633912954007613,0.32896423992021656,0.3667546368251176
0.06633912954007613,0.32953412166975354,0.3666638132899396
0.06641629797304249,0.32953412166975354,0.36654724182345205
0.06641629797304249,0.3296765921071378,0.3662438447008194
0.06654491202798642,0.3296765921071378,0.3661889795361658
0.06654491202798642,0.32981906254452203,0.3661741619496176
0.06664780327194156,0.32981906254452203,0.3660319361735056
0.06664780327194156,0.3299615329819063,0.3658316669408717
0.06667352608293034,0.3299615329819063,0.36580782463338124
0.06667352608293034,0.33010400341929047,0.36575330650399307
0.06677641732688548,0.33010400341929047,0.36564120012104845
0.06677641732688548,0.3305314147314432,0.3655816276968149
0.06680214013787426,0.3305314147314432,0.3655457608324625
0.06680214013787426,0.3308163556062117,0.365466252806115
0.06682786294886305,0.3308163556062117,0.36542154987529063
0.06682786294886305,0.3311012964809802,0.36539377379291704
0.0670850910587509,0.3311012964809802,0.36508023022416586
0.0670850910587509,0.3315287077931329,0.3650526886750594
0.06711081386973969,0.3315287077931329,0.3650270446646868
0.06711081386973969,0.33195611910528566,0.3648345792720912
0.06713653668072847,0.33195611910528566,0.36483445792309854
0.06713653668072847,0.33224105998005415,0.3646112681761331
0.06718798230270603,0.33224105998005415,0.3645871122128983
0.06718798230270603,0.3323835304174384,0.364538084390011
0.0672651507356724,0.3323835304174384,0.3645265239794293
0.0672651507356724,0.33252600085482265,0.3644939128909934
0.06734231916863875,0.33252600085482265,0.3644454543493673
0.06734231916863875,0.33281094172959114,0.3642580908255703
0.06739376479061632,0.33281094172959114,0.36415593874335705
0.06739376479061632,0.3329534121669753,0.3641486568321389
0.0674194876016051,0.3329534121669753,0.36408582499441927
0.0674194876016051,0.33309588260435957,0.3640764208667446
0.06749665603457146,0.33309588260435957,0.36380046010437533
0.06749665603457146,0.3338082347912808,0.3636329930165635
0.06757382446753782,0.3338082347912808,0.36349433754348315
0.06757382446753782,0.33395070522866505,0.3634937590599932
0.06767671571149295,0.33395070522866505,0.36330194753494555
0.06767671571149295,0.3340931756660493,0.36328325330423616
0.0677538841444593,0.3340931756660493,0.3632526026247301
0.0677538841444593,0.33423564610343354,0.36321269384640564
0.06795966663236959,0.33423564610343354,0.3629917797457919
0.06795966663236959,0.3343781165408178,0.3629869709634154
0.06801111225434715,0.3343781165408178,0.36286910219117047
0.06801111225434715,0.33452058697820203,0.3628443199685047
0.06803683506533593,0.33452058697820203,0.36280176674841574
0.06803683506533593,0.3346630574155863,0.3627950965952571
0.06806255787632473,0.3346630574155863,0.3627858762533082
0.06806255787632473,0.3348055278529705,0.3627550558123577
0.06808828068731351,0.3348055278529705,0.36272623034098617
0.06808828068731351,0.335090468727739,0.36270251719651636
0.0681140034983023,0.335090468727739,0.36268469883766563
0.0681140034983023,0.33551788003989175,0.3626542799380554
0.06816544912027986,0.33551788003989175,0.3625864781266568
0.06816544912027986,0.33594529135204443,0.36248964869476086
0.06824261755324622,0.33594529135204443,0.3624296262847072
0.06824261755324622,0.3360877617894287,0.3621920199971416
0.0684484000411565,0.3360877617894287,0.36195025215036014
0.0684484000411565,0.3362302322268129,0.3619432704409967
0.06847412285214528,0.3362302322268129,0.3619361396065717
0.06847412285214528,0.3365151731015814,0.36183149166866735
0.06867990534005557,0.3365151731015814,0.36131959454138945
0.06867990534005557,0.3368001139763499,0.3612473136991723
0.06873135096203313,0.3368001139763499,0.3611978461641704
0.06873135096203313,0.3370850548511184,0.36106010657699855
0.06875707377302191,0.3370850548511184,0.36096312788487117
0.06875707377302191,0.33722752528850264,0.36096101383504453
0.0687827965840107,0.33722752528850264,0.3609595991050631
0.0687827965840107,0.3373699957258869,0.3609408903082481
0.06893713344994341,0.3373699957258869,0.3607431545268783
0.06893713344994341,0.33751246616327113,0.3605791266853362
0.0689628562609322,0.33751246616327113,0.36053359429367204
0.06898857907192098,0.3376549366006554,0.3605101454201658
0.06898857907192098,0.3380823479128081,0.3604457594606386
0.06919436155983126,0.3380823479128081,0.3600639691214456
0.06919436155983126,0.3385097592249608,0.36004461984215236
0.0692715299927976,0.3385097592249608,0.3599822596869661
0.0692715299927976,0.3390796409744978,0.359874151264429
0.06942586685873033,0.3390796409744978,0.3596831892500732
0.06942586685873033,0.339222111411882,0.359640805096734
0.06945158966971911,0.339222111411882,0.3596273161563853
0.06945158966971911,0.33936458184926627,0.3596139440604623
0.06947731248070789,0.33936458184926627,0.359558337473193
0.06947731248070789,0.33993446359880325,0.3593124257709048
0.06950303529169667,0.33993446359880325,0.3592867307744863
0.06950303529169667,0.3400769340361875,0.3592057455523121
0.06952875810268547,0.3400769340361875,0.359052524074148
0.06952875810268547,0.340361874910956,0.3589991912919366
0.06960592653565181,0.340361874910956,0.35894719278903064
0.06960592653565181,0.34050434534834023,0.35892983533479933
0.0696316493466406,0.34050434534834023,0.358924853260619
0.0696316493466406,0.3407892862231087,0.35890093140538687
0.06970881777960695,0.3407892862231087,0.3587702393785597
0.06970881777960695,0.34093175666049297,0.35876777721483005
0.06973454059059574,0.34093175666049297,0.35876554848238856
0.06973454059059574,0.3410742270978772,0.35863007211211745
0.06986315464553966,0.3410742270978772,0.3584995730750357
0.06986315464553966,0.34121669753526146,0.3584886330079758
0.0701461055664163,0.34121669753526146,0.35799231349500665
0.0701461055664163,0.34135916797264565,0.3579573046320352
0.07024899681037143,0.34135916797264565,0.3579118168145941
0.07024899681037143,0.3415016384100299,0.3579112190589427
0.07037761086531537,0.3415016384100299,0.35782051688798117
0.07037761086531537,0.34164410884741414,0.3578099435194577
0.070660561786192,0.34164410884741414,0.3575381540131986
0.070660561786192,0.3417865792847984,0.3575055417539823
0.07076345303014714,0.3417865792847984,0.357306890876493
0.07076345303014714,0.3420715201595669,0.3572301893200347
0.07084062146311348,0.3420715201595669,0.3571035260255255
0.07084062146311348,0.34235646103433537,0.35702940983427905
0.07086634427410228,0.34235646103433537,0.35700884975519076
0.07086634427410228,0.3424989314717196,0.3570087253703822
0.07091778989607984,0.3424989314717196,0.35696161029357826
0.07091778989607984,0.3427838723464881,0.35685055771947105
0.07094351270706863,0.3427838723464881,0.35674793321324655
0.07094351270706863,0.34292634278387235,0.3566634299176513
0.07096923551805741,0.34292634278387235,0.35666103988395015
0.07096923551805741,0.34321128365864084,0.3565510440334187
0.07104640395102377,0.34321128365864084,0.35650195976758936
0.07104640395102377,0.3433537540960251,0.3564964019039398
0.07114929519497891,0.3433537540960251,0.3564019073328608
0.07114929519497891,0.34349622453340933,0.35637494360546046
0.07117501800596769,0.34349622453340933,0.3563652374682518
0.07117501800596769,0.3436386949707936,0.35636383635030505
0.0713293548719004,0.3436386949707936,0.3560759308239136
0.0713293548719004,0.34392363584556207,0.35607143195026936
0.07135507768288919,0.34392363584556207,0.35602491647338474
0.07135507768288919,0.34435104715771475,0.35589970868138554
0.07138080049387797,0.34435104715771475,0.35586002223004976
0.07138080049387797,0.344493517595099,0.35585772039751085
0.07145796892684432,0.344493517595099,0.355816621177126
0.07145796892684432,0.34463598803248324,0.3558164860108241
0.07148369173783312,0.34463598803248324,0.35581290707761287
0.07148369173783312,0.34492092890725173,0.35580878111328235
0.07171519703673217,0.34492092890725173,0.3554013591245456
0.07171519703673217,0.345063399344636,0.3553416736584809
0.07179236546969853,0.345063399344636,0.35517735608066076
0.07179236546969853,0.34534834021940447,0.3550565882781807
0.07181808828068731,0.34534834021940447,0.355006911960541
0.07181808828068731,0.34563328109417296,0.3549347061749047
0.0718438110916761,0.34563328109417296,0.3548618061501837
0.0718438110916761,0.3457757515315572,0.3548577834031567
0.07189525671365367,0.3457757515315572,0.3548299352609011
0.07189525671365367,0.3463456332810942,0.3546531304551079
0.07197242514662003,0.3463456332810942,0.3545895147057054
0.07197242514662003,0.3466305741558627,0.3545387256845475
0.07215248482354152,0.3466305741558627,0.3543398137747908
0.07215248482354152,0.3467730445932469,0.3543332131665069
0.0721782076345303,0.3467730445932469,0.35432906687661747
0.0721782076345303,0.34734292634278385,0.35420942220507257
0.07222965325650788,0.34734292634278385,0.3541675567000527
0.07222965325650788,0.3474853967801681,0.35413959194813605
0.07233254450046302,0.3474853967801681,0.3539639073185001
0.07233254450046302,0.3477703376549366,0.35394549085750093
0.07256404979936207,0.3477703376549366,0.3536366501691704
0.07256404979936207,0.34791280809232084,0.3535488593693279
0.07271838666529479,0.34791280809232084,0.35329838037531347
0.07271838666529479,0.3481977489670893,0.3531613705045039
0.07276983228727235,0.3481977489670893,0.3531233034793427
0.07276983228727235,0.3484826898418578,0.353075048939167
0.07305278320814898,0.3484826898418578,0.35276866781563415
0.07305278320814898,0.34862516027924206,0.3527466005833683
0.07312995164111534,0.34862516027924206,0.35265767690185196
0.07312995164111534,0.3487676307166263,0.3526233886341409
0.07315567445210412,0.3487676307166263,0.3526182433474843
0.07315567445210412,0.34891010115401055,0.35258546808945795
0.07323284288507048,0.34891010115401055,0.35250427203597073
0.07323284288507048,0.3490525715913948,0.35248754356777307
0.07325856569605926,0.3490525715913948,0.3524746082155213
0.07325856569605926,0.3493375124661633,0.3524406011626924
0.07341290256199197,0.3493375124661633,0.3523065529407011
0.07341290256199197,0.349764923778316,0.35209891191112436
0.07343862537298076,0.349764923778316,0.3520937228465362
0.07343862537298076,0.35004986465308446,0.35201502368921983
0.07349007099495833,0.35004986465308446,0.3518946302403076
0.07349007099495833,0.3501923350904687,0.3518784499641681
0.07354151661693589,0.3501923350904687,0.35184138784080665
0.07354151661693589,0.35033480552785295,0.3518236786627898
0.07359296223891347,0.35033480552785295,0.351706340655862
0.07359296223891347,0.35061974640262145,0.35166445777426697
0.07361868504990225,0.35061974640262145,0.3516373696471572
0.07361868504990225,0.3507622168400057,0.3516216166047449
0.07369585348286861,0.3507622168400057,0.35142757625902427
0.07369585348286861,0.35090468727738994,0.3513390618261076
0.0737215762938574,0.35090468727738994,0.35128565621189134
0.0737215762938574,0.3510471577147742,0.35126313514532836
0.07377302191583496,0.3510471577147742,0.35109534667946335
0.07377302191583496,0.3513320985895427,0.35101356869485534
0.07385019034880132,0.3513320985895427,0.3509621999789395
0.07385019034880132,0.3514745690269269,0.35094247156146746
0.0738759131597901,0.3514745690269269,0.3508878651534862
0.0738759131597901,0.35161703946431117,0.35085027802565727
0.07395308159275646,0.35161703946431117,0.3508162347973082
0.07395308159275646,0.3517595099016954,0.3507977209389219
0.0740302500257228,0.3517595099016954,0.35067557528108667
0.0740302500257228,0.35190198033907966,0.35061854986417085
0.0740559728367116,0.35190198033907966,0.3505971857718286
0.0740559728367116,0.3520444507764639,0.3505646485656569
0.07418458689165552,0.3520444507764639,0.3504300934710713
0.07418458689165552,0.3523293916512324,0.35041015836347916
0.07423603251363309,0.3523293916512324,0.3503668128528171
0.07423603251363309,0.35247186208861664,0.3503310442401711
0.07426175532462187,0.35247186208861664,0.35024783794662123
0.07426175532462187,0.35261433252600083,0.35024540234307106
0.07428747813561067,0.35261433252600083,0.3502314847756374
0.07428747813561067,0.3527568029633851,0.35017389005102206
0.07433892375758823,0.3527568029633851,0.35013925749739644
0.07433892375758823,0.35332668471292206,0.3500517775305324
0.07441609219055459,0.35332668471292206,0.3499119801062834
0.07441609219055459,0.3534691551503063,0.34989006199109335
0.07444181500154337,0.3534691551503063,0.34988359829712623
0.07444181500154337,0.3540390368998433,0.34974018974448523
0.07446753781253215,0.3540390368998433,0.3497160040428685
0.07446753781253215,0.35418150733722753,0.34971485880363024
0.07454470624549851,0.35418150733722753,0.3494826348171921
0.07454470624549851,0.3543239777746118,0.3494385847366414
0.07459615186747608,0.3543239777746118,0.3494127157024793
0.07459615186747608,0.354466448211996,0.34941034716789027
0.07464759748945365,0.354466448211996,0.3492853097884051
0.07464759748945365,0.35460891864938027,0.34927237499555513
0.07469904311143122,0.35460891864938027,0.349239303313169
0.07469904311143122,0.3547513890867645,0.3492230386888203
0.07477621154439758,0.3547513890867645,0.349138384763976
0.07477621154439758,0.35489385952414876,0.3490860219798649
0.07485337997736392,0.35489385952414876,0.3490295148959786
0.07485337997736392,0.355036329961533,0.3489704850020253
0.07493054841033028,0.355036329961533,0.3488931260764494
0.07493054841033028,0.3553212708363015,0.34888054244435673
0.07495627122131907,0.3553212708363015,0.3488345962607339
0.07495627122131907,0.3554637412736857,0.3487957843877141
0.07500771684329663,0.3554637412736857,0.3487012229989414
0.07500771684329663,0.3557486821484542,0.34856429919647564
0.0750591624652742,0.3557486821484542,0.3485196311681041
0.07508488527626299,0.3558911525858384,0.34847188994556116
0.07508488527626299,0.35603362302322267,0.3484065097438202
0.07513633089824057,0.35603362302322267,0.3483846179753424
0.07513633089824057,0.3561760934606069,0.3483760400856586
0.07518777652021813,0.3561760934606069,0.34832782596973144
0.07518777652021813,0.35631856389799116,0.34831129476102946
0.07531639057516205,0.35631856389799116,0.3482272791066429
0.07531639057516205,0.35660350477275965,0.34816448590173454
0.07549645025208354,0.35660350477275965,0.34803714803193986
0.07549645025208354,0.3567459752101439,0.34799364071307176
0.07552217306307234,0.3567459752101439,0.3479927757693712
0.07552217306307234,0.3570309160849124,0.34794367133768467
0.0755736186850499,0.3570309160849124,0.3478722421852714
0.0755736186850499,0.35717338652229663,0.34784171280424453
0.07559934149603868,0.35717338652229663,0.347810476616061
0.07559934149603868,0.3573158569596809,0.3478100107041247
0.07565078711801626,0.3573158569596809,0.3477420565443508
0.07565078711801626,0.35760079783444937,0.3476715295427228
0.07570223273999382,0.35760079783444937,0.3476049871561165
0.07570223273999382,0.3577432682718336,0.34759322730697156
0.0757279555509826,0.3577432682718336,0.34758051193893985
0.0757279555509826,0.35788573870921786,0.34752490119865065
0.0757536783619714,0.35788573870921786,0.3475154709367161
0.0757536783619714,0.3580282091466021,0.34749404389211386
0.07588229241691533,0.3580282091466021,0.3473918005083327
0.07588229241691533,0.3581706795839863,0.3473518800036764
0.07593373803889289,0.3581706795839863,0.34731746802449004
0.07593373803889289,0.35831315002137054,0.34724561591675457
0.07598518366087045,0.35831315002137054,0.34719867976413665
0.07598518366087045,0.3584556204587548,0.34717561123191104
0.07601090647185925,0.35859809089613903,0.3471642115405035
0.07601090647185925,0.3587405613335233,0.3471177002238286
0.07611379771581439,0.3587405613335233,0.346977910837095
0.07611379771581439,0.359167972645676,0.34690831021105517
0.07619096614878074,0.359167972645676,0.34685993361052364
0.07619096614878074,0.35931044308306026,0.34673650393293337
0.07624241177075831,0.35931044308306026,0.3465674053684996
0.07624241177075831,0.35988032483259724,0.3463900191456981
0.07647391706965737,0.35988032483259724,0.3460719367163865
0.07647391706965737,0.3600227952699815,0.3460309949588142
0.07652536269163494,0.3600227952699815,0.3459415200759724
0.07652536269163494,0.36030773614475,0.3458684577188849
0.07662825393559008,0.36030773614475,0.3456959044425176
0.07662825393559008,0.36059267701951847,0.34568063669329396
0.07667969955756765,0.36059267701951847,0.34563579332463223
0.07667969955756765,0.3607351474569027,0.3456345877269957
0.07670542236855643,0.3607351474569027,0.3456265855258491
0.07670542236855643,0.36102008833167115,0.34557330657861435
0.07685975923448915,0.36102008833167115,0.34536347292122704
0.07685975923448915,0.3611625587690554,0.3453300838380898
0.0769369276674555,0.3611625587690554,0.3451775245536096
0.0769369276674555,0.3614474996438239,0.34515790641046296
0.07696265047844428,0.3614474996438239,0.34515441575806216
0.07696265047844428,0.36158997008120813,0.3451536785050916
0.07701409610042186,0.36158997008120813,0.34508998538958413
0.07701409610042186,0.3617324405185924,0.3450727702118255
0.07709126453338822,0.3617324405185924,0.34501136804367566
0.07709126453338822,0.3618749109559766,0.3450096723667187
0.07739993826525363,0.3618749109559766,0.3446560158633152
0.07739993826525363,0.36201738139336087,0.3446193028013449
0.07742566107624241,0.36201738139336087,0.344591721710756
0.07742566107624241,0.3621598518307451,0.34447251581620475
0.07747710669821999,0.3621598518307451,0.34438873031013706
0.07747710669821999,0.36258726314289785,0.34426825479607825
0.07752855232019755,0.36258726314289785,0.3442178147934881
0.07752855232019755,0.3627297335802821,0.34418504646339104
0.07757999794217513,0.3627297335802821,0.3441451354197804
0.07757999794217513,0.36287220401766634,0.3441264978288262
0.07765716637514147,0.36287220401766634,0.34399469892278156
0.07765716637514147,0.3630146744550506,0.34399177196799624
0.07770861199711905,0.3630146744550506,0.34384421178127
0.07770861199711905,0.36315714489243484,0.3438220685099642
0.07788867167404054,0.36315714489243484,0.343602666256208
0.07788867167404054,0.3632996153298191,0.343544446241216
0.07791439448502932,0.3632996153298191,0.3435192918853157
0.07791439448502932,0.3634420857672033,0.3435046567147599
0.07799156291799568,0.3634420857672033,0.3433998089111783
0.07799156291799568,0.3637270266419718,0.3433920099315073
0.07801728572898446,0.3637270266419718,0.3433658466378074
0.07801728572898446,0.36401196751674025,0.34329154281347785
0.07804300853997324,0.36401196751674025,0.34329009571551417
0.07804300853997324,0.3641544379541245,0.34323599583064607
0.07814589978392839,0.3641544379541245,0.3431841970848031
0.07814589978392839,0.36458184926627724,0.34313345413414337
0.07817162259491717,0.36458184926627724,0.34311900134710244
0.07817162259491717,0.3647243197036615,0.3431156627436845
0.07822306821689474,0.3647243197036615,0.3429830776151998
0.07822306821689474,0.36500926057843,0.34297036546686405
0.07827451383887231,0.36500926057843,0.3429087110196454
0.07827451383887231,0.36529420145319846,0.3427932716467237
0.07830023664986109,0.36529420145319846,0.3427445808394746
0.07830023664986109,0.3654366718905827,0.3427281198911327
0.07835168227183867,0.3654366718905827,0.34267472015848827
0.07835168227183867,0.36557914232796695,0.3426626085007629
0.07842885070480501,0.36557914232796695,0.3426168192702105
0.07842885070480501,0.3657216127653512,0.3426012856201008
0.07855746475974895,0.3657216127653512,0.34248925214470377
0.07855746475974895,0.36586408320273545,0.3424401915083069
0.07858318757073773,0.3660065536401197,0.3423860932700028
0.0786346331927153,0.3660065536401197,0.34235258737751556
0.0786346331927153,0.36614902407750394,0.34233897666798063
0.07871180162568166,0.36614902407750394,0.34227680307352026
0.07871180162568166,0.3662914945148882,0.3422376717372105
0.0788146928696368,0.3662914945148882,0.34206822501105505
0.0788146928696368,0.36643396495227243,0.3420597622485788
0.0789690297355695,0.36643396495227243,0.3419078707785961
0.0789690297355695,0.3665764353896566,0.34187146893106374
0.07902047535754707,0.3665764353896566,0.34183379143165143
0.07902047535754707,0.36671890582704086,0.3417663785935371
0.07907192097952465,0.36671890582704086,0.3416922670732534
0.07907192097952465,0.3668613762644251,0.34168512083389146
0.07909764379051343,0.3668613762644251,0.34168433124481307
0.07909764379051343,0.36700384670180936,0.34167099234308146
0.07914908941249099,0.36700384670180936,0.34155477380676275
0.07914908941249099,0.3674312580139621,0.3415098117249025
0.07917481222347979,0.3674312580139621,0.34150097100899485
0.07917481222347979,0.3677161988887306,0.3414573121821344
0.07922625784545735,0.3677161988887306,0.3413448153678722
0.07922625784545735,0.36785866932611483,0.3413288092524758
0.07932914908941249,0.36785866932611483,0.3411453621005221
0.07932914908941249,0.3681436102008833,0.3411354122847877
0.07938059471139006,0.3681436102008833,0.3410711826134526
0.07938059471139006,0.36828608063826757,0.34100562482059343
0.07943204033336763,0.36828608063826757,0.34096996036080945
0.07943204033336763,0.36857102151303606,0.3409115370392205
0.07950920876633398,0.36857102151303606,0.34085150931649255
0.07950920876633398,0.3687134919504203,0.34084736222820927
0.07956065438831156,0.3687134919504203,0.34074279588018896
0.07956065438831156,0.36885596238780455,0.34074050063689487
0.0796635456322667,0.36885596238780455,0.34063876871573845
0.0796635456322667,0.3689984328251888,0.340592539963306
0.07994649655314333,0.3689984328251888,0.34015816124566084
0.07994649655314333,0.36914090326257304,0.34014519308016433
0.07997221936413211,0.36914090326257304,0.3400686816179999
0.07997221936413211,0.3692833736999573,0.34005141322206583
0.07999794217512089,0.3692833736999573,0.3400317641463962
0.07999794217512089,0.3694258441373415,0.3399986062400984
0.08004938779709847,0.3694258441373415,0.33996050635464603
0.08004938779709847,0.3695683145747257,0.33989208770587975
0.08007511060808725,0.3695683145747257,0.3398767307208132
0.08007511060808725,0.36999572588687846,0.33981173166839873
0.0803323387179751,0.36999572588687846,0.3395041812975536
0.0803323387179751,0.37028066676164695,0.33946170142513576
0.08038378433995268,0.37028066676164695,0.33940249004607054
0.08038378433995268,0.3704231371990312,0.3393929223121277
0.08043522996193024,0.3704231371990312,0.3393464196849217
0.08043522996193024,0.3707080780737997,0.339243621862478
0.08046095277291902,0.3707080780737997,0.33921054196231254
0.0804866755839078,0.37085054851118393,0.33920162931133746
0.0804866755839078,0.37127795982333667,0.3391567484811132
0.08053812120588538,0.37127795982333667,0.3391260232430951
0.08053812120588538,0.37213278244764214,0.33905370201936885
0.08064101244984052,0.37213278244764214,0.33892177209339763
0.08064101244984052,0.37227525288502633,0.33890488387603274
0.0806667352608293,0.37227525288502633,0.33890375981060206
0.0806667352608293,0.3725601937597948,0.33887965044948914
0.08074390369379565,0.3725601937597948,0.33875023161062956
0.08074390369379565,0.3728451346345633,0.3387135259679945
0.08079534931577323,0.3728451346345633,0.3386541628490474
0.08079534931577323,0.3731300755093318,0.3385834387631508
0.08087251774873959,0.3731300755093318,0.33851482310300424
0.08087251774873959,0.37327254594671605,0.33846726206301
0.08105257742566108,0.37327254594671605,0.3383101345236101
0.08105257742566108,0.37355748682148454,0.3382734015601702
0.08125835991357136,0.37355748682148454,0.3381514803388968
0.08125835991357136,0.3736999572588688,0.3381048336692494
0.08130980553554892,0.3736999572588688,0.33803851200951923
0.0813355283465377,0.37384242769625303,0.33802546198118394
0.08146414240148163,0.37384242769625303,0.33794428691292006
0.08146414240148163,0.3741273685710215,0.33790119503923766
0.08161847926741435,0.3741273685710215,0.33780606324907514
0.08161847926741435,0.37426983900840577,0.3377721559361508
0.08166992488939191,0.37426983900840577,0.33773392524120327
0.08166992488939191,0.37455477988317426,0.3376910343875138
0.08179853894433584,0.37455477988317426,0.33758544310244853
0.08179853894433584,0.37483972075794275,0.3375544153687234
0.08184998456631341,0.37483972075794275,0.33752821273126615
0.08184998456631341,0.374982191195327,0.3375142532482797
0.08190143018829098,0.374982191195327,0.33744144646588514
0.08190143018829098,0.37526713207009543,0.33736802284973666
0.08192715299927976,0.37526713207009543,0.3373285383267178
0.08192715299927976,0.3754096025074797,0.3373207510835372
0.08197859862125734,0.3754096025074797,0.3372999780129437
0.08197859862125734,0.37597948425701666,0.337195502919532
0.08205576705422368,0.37597948425701666,0.33714258129131586
0.08205576705422368,0.3761219546944009,0.33711287442951765
0.08208148986521246,0.3761219546944009,0.3370908848086147
0.08208148986521246,0.37626442513178515,0.33707591239593
0.08215865829817882,0.37626442513178515,0.3370223064798583
0.08215865829817882,0.37654936600655364,0.3368776615879415
0.08231299516411153,0.37654936600655364,0.33678992037642497
0.08231299516411153,0.3771192477560906,0.33670006411795106
0.08244160921905545,0.3771192477560906,0.3365190473888696
0.08244160921905545,0.37726171819347487,0.33651584845054344
0.08262166889597695,0.37726171819347487,0.33624569577407515
0.08262166889597695,0.3774041886308591,0.33622971876033897
0.08264739170696574,0.3774041886308591,0.3362276195720679
0.08264739170696574,0.3776891295056276,0.33615469789092195
0.0826988373289433,0.3776891295056276,0.33609590508193465
0.0826988373289433,0.37797407038039604,0.33603472694951597
0.0827245601399321,0.37797407038039604,0.33603223167704543
0.0827245601399321,0.3781165408177803,0.33601067920275957
0.08280172857289844,0.3781165408177803,0.33599406931677483
0.08280172857289844,0.37825901125516453,0.3359607212849982
0.08300751106080873,0.37825901125516453,0.3356421525935397
0.08300751106080873,0.3784014816925488,0.3356322138702261
0.08305895668278629,0.3784014816925488,0.33558465354711586
0.08305895668278629,0.37868642256731727,0.33556836245025706
0.08311040230476387,0.37868642256731727,0.33553082831809267
0.08313612511575265,0.3788288930047015,0.335486012268792
0.08313612511575265,0.379683715629007,0.3353124176243002
0.08331618479267415,0.379683715629007,0.3351870404603354
0.08331618479267415,0.37982618606639124,0.33515865985946486
0.08341907603662928,0.37982618606639124,0.33504894081706704
0.08341907603662928,0.3799686565037755,0.334894291929021
0.08344479884761807,0.3799686565037755,0.33484377087730155
0.08344479884761807,0.3801111269411597,0.3347540086002589
0.08347052165860686,0.3801111269411597,0.33472328236806254
0.08347052165860686,0.380253597378544,0.33472172285240825
0.08349624446959564,0.380253597378544,0.3347022427271869
0.08349624446959564,0.3803960678159282,0.33467688403213464
0.08352196728058442,0.3803960678159282,0.3346645966826974
0.08352196728058442,0.38053853825331246,0.33453367158760894
0.0835476900915732,0.38053853825331246,0.33451285490421073
0.0835476900915732,0.38096594956546515,0.33440484140831966
0.08359913571355078,0.38096594956546515,0.3343954774834631
0.08359913571355078,0.3811084200028494,0.33438794147377165
0.08362485852453956,0.3811084200028494,0.3343736547510818
0.08362485852453956,0.3816783017523864,0.33429527566000733
0.08365058133552834,0.3816783017523864,0.3342608112576353
0.08365058133552834,0.3818207721897706,0.33424638878741963
0.08370202695750592,0.3818207721897706,0.33422036519647136
0.08370202695750592,0.38196324262715486,0.3341610389512367
0.08377919539047227,0.38196324262715486,0.334144801544444
0.08377919539047227,0.3823906539393076,0.3340741163737083
0.08380491820146106,0.3823906539393076,0.3340549832844036
0.08380491820146106,0.38253312437669185,0.3340539174886077
0.08383064101244984,0.38253312437669185,0.33405152089515866
0.08383064101244984,0.3826755948140761,0.3340503152121189
0.08388208663442741,0.3826755948140761,0.3340166635027235
0.08388208663442741,0.38281806525146034,0.3339530163872741
0.08403642350036011,0.38281806525146034,0.3337711662817926
0.08403642350036011,0.3829605356888446,0.3337441837665307
0.08419076036629283,0.3829605356888446,0.33352630292534463
0.08419076036629283,0.38310300612622883,0.33351920051124895
0.08421648317728161,0.38310300612622883,0.33351587076223904
0.08421648317728161,0.3832454765636131,0.3334913068370015
0.08426792879925918,0.3832454765636131,0.3334104608432294
0.08426792879925918,0.3833879470009973,0.33338011126737654
0.08434509723222554,0.3833879470009973,0.33324185937706896
0.08434509723222554,0.3835304174383815,0.3332341279190529
0.0843965428542031,0.3835304174383815,0.3331652149978633
0.0843965428542031,0.38367288787576576,0.33311626132361005
0.08444798847618068,0.38367288787576576,0.333096913552614
0.08444798847618068,0.38381535831315,0.33294559792803274
0.08447371128716946,0.38381535831315,0.33294427079088496
0.08447371128716946,0.3841002991879185,0.3329268029947392
0.08449943409815824,0.3841002991879185,0.33287750446627706
0.08449943409815824,0.38424276962530274,0.33283496395531914
0.08473093939705731,0.38424276962530274,0.3326597824745318
0.08473093939705731,0.384385240062687,0.3326459886210214
0.08483383064101245,0.384385240062687,0.33248879099243644
0.08483383064101245,0.38452771050007123,0.33244461399998115
0.08496244469595637,0.38452771050007123,0.3322839725133449
0.08496244469595637,0.3848126513748397,0.3322746666385015
0.08501389031793394,0.3848126513748397,0.3322116774217247
0.08501389031793394,0.38495512181222397,0.332208204926607
0.08503961312892273,0.38495512181222397,0.33219891014018743
0.08503961312892273,0.38524006268699246,0.33216748481743613
0.08519394999485544,0.38524006268699246,0.33181960238353003
0.08519394999485544,0.38552500356176095,0.3317053015136129
0.085245395616833,0.38552500356176095,0.33167313057698183
0.085245395616833,0.3856674739991452,0.331639945009617
0.08560551497067599,0.3856674739991452,0.33128934780332225
0.08560551497067599,0.38580994443652944,0.33128042823623366
0.08563123778166477,0.38580994443652944,0.3312796748415268
0.08563123778166477,0.3859524148739137,0.33126757900094916
0.08568268340364235,0.3859524148739137,0.3312609715002613
0.08568268340364235,0.38609488531129793,0.3312575350051649
0.08575985183660871,0.38609488531129793,0.3311744045955495
0.08575985183660871,0.3862373557486821,0.33112952982435334
0.08581129745858627,0.3862373557486821,0.33103193385986046
0.08581129745858627,0.38637982618606637,0.3310302599999044
0.0859399115135302,0.38637982618606637,0.3308999003918822
0.0859399115135302,0.38666476706083486,0.3308050508016452
0.08614569400144048,0.38666476706083486,0.33051471899344487
0.08614569400144048,0.3868072374982191,0.3305145569617411
0.08622286243440683,0.3868072374982191,0.33047943373827215
0.08622286243440683,0.38694970793560335,0.33047468020982235
0.0862743080563844,0.38694970793560335,0.33045927120496027
0.0862743080563844,0.3873771192477561,0.3304007697521951
0.08637719930033955,0.3873771192477561,0.3303154585852862
0.08637719930033955,0.38751958968514033,0.33030310335072066
0.08642864492231711,0.38751958968514033,0.3301914419109717
0.08645436773330589,0.3876620601225246,0.33017615245545684
0.08645436773330589,0.3880894714346773,0.33011734686208444
0.08653153616627225,0.3880894714346773,0.3300755145306034
0.08653153616627225,0.38823194187206156,0.33006524578344115
0.08666015022121618,0.38823194187206156,0.3298817513123124
0.08666015022121618,0.3883744123094458,0.3298614680115699
0.08668587303220496,0.3883744123094458,0.329856137229262
0.08668587303220496,0.38851688274683005,0.3298362493274394
0.08676304146517132,0.38851688274683005,0.32979724243590386
0.08676304146517132,0.3886593531842143,0.32977982321518845
0.08681448708714888,0.3886593531842143,0.3297688873167042
0.08681448708714888,0.38880182362159854,0.3297682812580599
0.08699454676407038,0.38880182362159854,0.32963337344922317
0.08699454676407038,0.3889442940589828,0.32962379164890576
0.08704599238604795,0.3889442940589828,0.3296119773788734
0.08704599238604795,0.389086764496367,0.3295786367751016
0.08714888363000309,0.389086764496367,0.3295515245818438
0.08714888363000309,0.38937170537113547,0.32952057594560147
0.08727749768494701,0.38937170537113547,0.32936740761160704
0.08727749768494701,0.38965664624590396,0.3293133471353358
0.08738038892890215,0.38965664624590396,0.32926615936341286
0.08738038892890215,0.38994158712067245,0.32912919845758515
0.0874575573618685,0.38994158712067245,0.32907336126508585
0.0874575573618685,0.39051146887020943,0.3289887335528606
0.08753472579483486,0.39051146887020943,0.3288447625275999
0.08753472579483486,0.3907964097449779,0.32875286033873635
0.08771478547175636,0.3907964097449779,0.3286002613993923
0.08771478547175636,0.39093888018236217,0.3285309278480226
0.08774050828274514,0.39093888018236217,0.32852023116766943
0.08774050828274514,0.39122382105713066,0.32846829922582504
0.08784339952670028,0.39122382105713066,0.3283132712801228
0.08784339952670028,0.3913662914945149,0.32827889812519817
0.08786912233768907,0.3913662914945149,0.3282180451048079
0.08786912233768907,0.3916512323692834,0.3281696177169715
0.0879720135816442,0.3916512323692834,0.3281312840549338
0.0879720135816442,0.39179370280666764,0.32812672102129914
0.08799773639263299,0.39179370280666764,0.32810361470613014
0.08799773639263299,0.39193617324405183,0.328054337224925
0.08810062763658813,0.39193617324405183,0.3279893054042452
0.08810062763658813,0.3922211141188203,0.32797473645568276
0.08812635044757691,0.3922211141188203,0.3279587822616772
0.08812635044757691,0.39236358455620457,0.3279434482453431
0.08820351888054327,0.39236358455620457,0.327912968507842
0.08820351888054327,0.3925060549935888,0.3278714757429931
0.08822924169153205,0.3925060549935888,0.32787131572916633
0.08822924169153205,0.39264852543097306,0.32783428607633136
0.08825496450252084,0.3927909958683573,0.3278320903606647
0.08825496450252084,0.39293346630574155,0.32779502669570193
0.08843502417944232,0.39293346630574155,0.327399385405832
0.08843502417944232,0.3930759367431258,0.3273798785874898
0.08858936104537504,0.3930759367431258,0.32724693842105707
0.08858936104537504,0.39321840718051004,0.32723178046398815
0.08871797510031897,0.39321840718051004,0.3270530357389966
0.08871797510031897,0.3933608776178943,0.32699253608730383
0.08879514353328531,0.3933608776178943,0.32692458789958856
0.08879514353328531,0.39350334805527853,0.32691495701698503
0.08889803477724045,0.39350334805527853,0.32677632231638926
0.08889803477724045,0.3936458184926628,0.32676636407477583
0.08894948039921803,0.3936458184926628,0.32670484985299686
0.08894948039921803,0.393788288930047,0.32667585686339295
0.08897520321020681,0.393788288930047,0.3265815048086076
0.08897520321020681,0.39393075936743127,0.32655585226582984
0.08905237164317317,0.39393075936743127,0.32646580530311475
0.08905237164317317,0.3940732298048155,0.32640827963294244
0.0891809856981171,0.3940732298048155,0.3263361254257056
0.0891809856981171,0.394358170679584,0.32623397886262323
0.08930959975306102,0.394358170679584,0.32590977706303015
0.08930959975306102,0.39450064111696825,0.3258999504028986
0.08946393661899373,0.39450064111696825,0.3257288195119225
0.08946393661899373,0.3946431115543525,0.3257284818428407
0.08959255067393765,0.3946431115543525,0.32567903635542045
0.08959255067393765,0.3947855819917367,0.32565921154405425
0.08964399629591521,0.3947855819917367,0.32554841559967584
0.08964399629591521,0.39492805242912093,0.3255396389248729
0.08969544191789279,0.39492805242912093,0.3255220853138594
0.08969544191789279,0.3952129933038894,0.32545768078035586
0.08974688753987035,0.3952129933038894,0.32541909312002276
0.08974688753987035,0.39564040461604216,0.3253866221278604
0.0898497787838255,0.39564040461604216,0.3252909456451285
0.0898497787838255,0.39592534549081065,0.32525091223112074
0.08997839283876942,0.39592534549081065,0.3251599171555494
0.08997839283876942,0.3960678159281949,0.32507372497363823
0.0900041156497582,0.3960678159281949,0.3250701834276286
0.0900041156497582,0.39621028636557915,0.3250568484350666
0.090029838460747,0.39621028636557915,0.3250542970794095
0.090029838460747,0.3963527568029634,0.32501270678299643
0.09013272970470212,0.3963527568029634,0.32492102601196704
0.09013272970470212,0.3966376976777319,0.32485956854744125
0.09015845251569092,0.3966376976777319,0.32483029437337885
0.09015845251569092,0.3967801681151161,0.3248241392481061
0.09031278938162363,0.3967801681151161,0.3246345178185756
0.09031278938162363,0.3969226385525004,0.3246150918433182
0.09038995781458997,0.3969226385525004,0.32450731135662836
0.09038995781458997,0.39720757942726886,0.3244578301545778
0.09041568062557877,0.3973500498646531,0.32444651863328766
0.09049284905854511,0.3973500498646531,0.3243580457776795
0.09049284905854511,0.3974925203020373,0.32434467545946655
0.09067290873546661,0.3974925203020373,0.3242032915678946
0.09067290873546661,0.39763499073942155,0.3241981305542843
0.09075007716843296,0.39763499073942155,0.32412818333966315
0.09075007716843296,0.3977774611768058,0.3241175007285772
0.09080152279041054,0.3977774611768058,0.3241034463175294
0.09080152279041054,0.39820487248895853,0.3240245242968284
0.09098158246733203,0.39820487248895853,0.3238707782352097
0.09098158246733203,0.3983473429263428,0.3238569624950606
0.0910330280893096,0.3983473429263428,0.32384826536524103
0.0910330280893096,0.39863228380111126,0.3238224090166971
0.09105875090029839,0.39863228380111126,0.3238161262031199
0.09105875090029839,0.39891722467587976,0.3237729213747034
0.09111019652227595,0.39891722467587976,0.3237434248783037
0.09111019652227595,0.399059695113264,0.3236982447650818
0.09118736495524231,0.399059695113264,0.3236341938880612
0.09118736495524231,0.39920216555064825,0.3236094469051037
0.0913674246321638,0.39920216555064825,0.3235126898376174
0.0913674246321638,0.3993446359880325,0.3234674070623232
0.09175326679699558,0.3993446359880325,0.32305452164022086
0.09175326679699558,0.39948710642541674,0.32302534937660826
0.09180471241897314,0.39948710642541674,0.3229809016324562
0.09180471241897314,0.39977204730018523,0.32294525090663656
0.09201049490688343,0.39977204730018523,0.3226949956899926
0.09201049490688343,0.4000569881749537,0.3226687021378696
0.09211338615083857,0.4000569881749537,0.3224816466264769
0.09213910896182735,0.40019945861233797,0.32247656886924786
0.09224200020578249,0.40019945861233797,0.322420261658593
0.09224200020578249,0.4004843994871064,0.3223828659841974
0.09226772301677127,0.4004843994871064,0.32235899873017726
0.09226772301677127,0.40062686992449065,0.32235655473967734
0.09237061426072642,0.40062686992449065,0.3222046139671337
0.09237061426072642,0.4007693403618749,0.32220424427978506
0.09247350550468156,0.4007693403618749,0.32205080496985045
0.09247350550468156,0.40091181079925914,0.32201897014942316
0.09252495112665912,0.40091181079925914,0.3220028935093549
0.09252495112665912,0.4010542812366434,0.3219835956954832
0.09262784237061426,0.4010542812366434,0.3219028531181919
0.09262784237061426,0.40119675167402763,0.32185442343264026
0.09270501080358061,0.40119675167402763,0.3217655619629324
0.09270501080358061,0.4013392221114119,0.32175982890322324
0.0927307336145694,0.4013392221114119,0.32172837395125087
0.0927307336145694,0.4014816925487961,0.32172047913799406
0.09275645642555819,0.4014816925487961,0.32170684584496284
0.09275645642555819,0.40162416298618037,0.3216843033128529
0.09283362485852453,0.40162416298618037,0.3215893457312727
0.09283362485852453,0.4017666334235646,0.32158230039615643
0.09291079329149089,0.4017666334235646,0.3215159007500423
0.09291079329149089,0.40190910386094886,0.3215139872065685
0.09293651610247967,0.40190910386094886,0.32146225597301253
0.09293651610247967,0.40219404473571735,0.32144088386731795
0.09296223891346847,0.4023365151731016,0.3214379880850656
0.0930651301574236,0.4023365151731016,0.32138734790059525
0.0930651301574236,0.4026214560478701,0.32130755517708
0.09329663545632266,0.4026214560478701,0.32099628691187043
0.09329663545632266,0.40276392648525433,0.3209869062929024
0.09342524951126659,0.40276392648525433,0.32076730188633235
0.09342524951126659,0.4029063969226386,0.32074139629640847
0.09355386356621051,0.4029063969226386,0.32056530467741484
0.09355386356621051,0.4034762786721755,0.3204604928794799
0.09363103199917687,0.4034762786721755,0.3204240538587279
0.09363103199917687,0.40361874910955975,0.320403485365014
0.09365675481016565,0.40361874910955975,0.3204033261163548
0.09365675481016565,0.403761219546944,0.3203723802489834
0.09386253729807593,0.403761219546944,0.3201644381467542
0.09386253729807593,0.40390368998432824,0.3201458357048791
0.09404259697499742,0.40390368998432824,0.3198633156811657
0.09404259697499742,0.4040461604217125,0.3198590881249034
0.09406831978598622,0.4040461604217125,0.31985016702288427
0.09406831978598622,0.404331101296481,0.319782131712844
0.09419693384093014,0.404331101296481,0.31971858558514593
0.09419693384093014,0.4044735717338652,0.3196892487679673
0.09435127070686285,0.4044735717338652,0.31955159997662735
0.09435127070686285,0.40461604217124947,0.31950945451690244
0.09440271632884041,0.40461604217124947,0.3194455722456772
0.09440271632884041,0.40490098304601796,0.31940033859239336
0.09447988476180677,0.40490098304601796,0.31933423417969786
0.09447988476180677,0.4053283943581707,0.31927876829042023
0.09450560757279555,0.4053283943581707,0.3192605613524535
0.09450560757279555,0.40547086479555494,0.31924977618663286
0.09453133038378433,0.40547086479555494,0.319143805629253
0.09453133038378433,0.4056133352329392,0.3191138024370211
0.09468566724971705,0.4056133352329392,0.31888264578621317
0.09468566724971705,0.40575580567032343,0.31885923418642576
0.09471139006070584,0.40575580567032343,0.3188269408408218
0.09471139006070584,0.4058982761077077,0.31877226682922616
0.09484000411564976,0.4058982761077077,0.3187112553932585
0.09484000411564976,0.40604074654509187,0.3185931923272904
0.09486572692663854,0.40604074654509187,0.3185567348971828
0.09486572692663854,0.4061832169824761,0.3184953197397431
0.0949428953596049,0.4061832169824761,0.31840873566795325
0.0949428953596049,0.40632568741986036,0.31840679687631934
0.09496861817059368,0.40632568741986036,0.3183982338957516
0.09496861817059368,0.4064681578572446,0.31836462563433915
0.09502006379257125,0.4064681578572446,0.3183459851386123
0.09502006379257125,0.4067530987320131,0.3182562790212747
0.0950972322255376,0.4067530987320131,0.31815053126863396
0.0950972322255376,0.40689556916939734,0.3181476539496825
0.09517440065850397,0.40689556916939734,0.31808720076648167
0.09517440065850397,0.4070380396067816,0.3180739536207871
0.09522584628048153,0.4070380396067816,0.3180589158785257
0.09522584628048153,0.40718051004416583,0.31802040251012925
0.09568885687827966,0.40718051004416583,0.31757500472284106
0.09568885687827966,0.4073229804815501,0.31753761637190114
0.09574030250025722,0.4073229804815501,0.3173952807337829
0.09574030250025722,0.4074654509189343,0.31737727734912957
0.0957917481222348,0.4074654509189343,0.31731802503883894
0.0957917481222348,0.40760792135631857,0.31729263074522757
0.09581747093322358,0.40760792135631857,0.3172919138334757
0.09584319374421237,0.4077503917937028,0.31725723410743917
0.09594608498816751,0.4077503917937028,0.3170913588385943
0.09594608498816751,0.4083202735432398,0.3170224162884868
0.09597180779915629,0.4083202735432398,0.3169925356919806
0.09597180779915629,0.40846274398062404,0.31695518896290287
0.09602325342113387,0.40846274398062404,0.3168635346496654
0.09602325342113387,0.4086052144180083,0.3168456047161801
0.09615186747607779,0.4086052144180083,0.316735118806038
0.09615186747607779,0.40903262573016097,0.31667868625260326
0.09625475872003293,0.40903262573016097,0.3165054318878014
0.09628048153102171,0.4091750961675452,0.31646252091734245
0.09643481839695442,0.4091750961675452,0.31623145077996334
0.09643481839695442,0.40931756660492946,0.3162186168830923
0.0964605412079432,0.40931756660492946,0.31621210975915504
0.0964605412079432,0.40960250747969795,0.3161547620410986
0.09648626401893198,0.40960250747969795,0.31614341604732593
0.09648626401893198,0.4097449779170822,0.3161263131611361
0.09653770964090956,0.4097449779170822,0.3160765007961697
0.09653770964090956,0.40988744835446644,0.3160664528816397
0.09658915526288712,0.40988744835446644,0.3160300137411355
0.09658915526288712,0.4100299187918507,0.3160285596147139
0.0966148780738759,0.4100299187918507,0.3160005487151179
0.0966148780738759,0.41017238922923493,0.31598994037807804
0.09666632369585348,0.41017238922923493,0.31592854971175677
0.09666632369585348,0.4103148596666192,0.31592596366130843
0.09687210618376377,0.4103148596666192,0.31563694871823395
0.09687210618376377,0.4104573301040034,0.31561856623871387
0.09689782899475255,0.4104573301040034,0.3155866925617387
0.09689782899475255,0.41059980054138767,0.31556326722965056
0.0969749974277189,0.41059980054138767,0.3155564452910177
0.0969749974277189,0.4107422709787719,0.3155135491852586
0.09705216586068525,0.4107422709787719,0.3154320815383083
0.09705216586068525,0.41088474141615616,0.3154280769822519
0.0971550571046404,0.41088474141615616,0.3153401057102162
0.09718077991562918,0.4110272118535404,0.3153211062131838
0.09718077991562918,0.4113121527283089,0.3153036708145151
0.09723222553760676,0.4113121527283089,0.3152560202222048
0.09723222553760676,0.41159709360307734,0.3152151074373344
0.09754089926947217,0.41159709360307734,0.31490311741973637
0.09754089926947217,0.4117395640404616,0.3149021468979575
0.09756662208046095,0.4117395640404616,0.314829893990491
0.09756662208046095,0.4118820344778458,0.31476519270514364
0.09759234489144973,0.4118820344778458,0.3147434289442989
0.09759234489144973,0.4121669753526143,0.31467309499048396
0.09772095894639367,0.4121669753526143,0.31459263469259435
0.09772095894639367,0.4124519162273828,0.3145499862604544
0.09774668175738245,0.4124519162273828,0.3145484408268248
0.09774668175738245,0.41259438666476705,0.31449478973893524
0.09792674143430394,0.41259438666476705,0.31431253822401406
0.09795246424529272,0.4127368571021513,0.3142972630366538
0.09795246424529272,0.4130217979769198,0.3142796403289584
0.0980039098672703,0.4130217979769198,0.3142670759143047
0.0980039098672703,0.41344920928907253,0.31415620222796786
0.09802963267825908,0.41344920928907253,0.3140861494688154
0.09802963267825908,0.413734150163841,0.3140568650386645
0.09805535548924786,0.413734150163841,0.3140503724520412
0.09805535548924786,0.41387662060122526,0.3139949693605765
0.09810680111122544,0.41387662060122526,0.31398713597512706
0.09810680111122544,0.4140190910386095,0.31396903249803776
0.09813252392221422,0.4140190910386095,0.313918264185833
0.09813252392221422,0.414304031913378,0.31391466339295016
0.098158246733203,0.414304031913378,0.3138823630957131
0.098158246733203,0.41458897278814644,0.3138402229821704
0.09818396954419178,0.41458897278814644,0.31383860363685245
0.09818396954419178,0.41487391366291493,0.31380447451275373
0.0983383064101245,0.41487391366291493,0.31368922028450275
0.0983383064101245,0.4151588545376834,0.3136211290583075
0.09846692046506843,0.4151588545376834,0.313385481119228
0.09846692046506843,0.41530132497506766,0.3133329084934005
0.09849264327605721,0.41530132497506766,0.31326419390997307
0.09851836608704599,0.4154437954124519,0.3132290264754958
0.09862125733100113,0.4154437954124519,0.31318927395504625
0.09862125733100113,0.41558626584983616,0.31314549604290487
0.09869842576396749,0.41558626584983616,0.31301394309644465
0.09869842576396749,0.41587120672460465,0.3129858431182584
0.09874987138594506,0.41587120672460465,0.31289063486544255
0.09874987138594506,0.4160136771619889,0.31288180367101137
0.09880131700792262,0.4160136771619889,0.31287007304462633
0.09880131700792262,0.4162986180367574,0.31283863897241004
0.09882703981891142,0.4162986180367574,0.3127415089177143
0.09882703981891142,0.41644108847414163,0.31273981950898483
0.09898137668484412,0.41644108847414163,0.3126427218638913
0.09898137668484412,0.4165835589115259,0.3125879379084928
0.0990070994958329,0.4165835589115259,0.3125503727312494
0.0990070994958329,0.41686849978629437,0.31249828744908364
0.09910999073978805,0.41686849978629437,0.31230756734534987
0.09910999073978805,0.4171534406610628,0.31229714016135374
0.09913571355077683,0.4171534406610628,0.31228193312706065
0.09916143636176561,0.41729591109844705,0.312241442968946
0.09916143636176561,0.4174383815358313,0.3121788008530824
0.0991871591727544,0.4174383815358313,0.31213789049856544
0.0991871591727544,0.4177233224105998,0.3121005497040511
0.09939294166066467,0.4177233224105998,0.31193597158754716
0.09939294166066467,0.4180082632853683,0.31193072310155684
0.09944438728264225,0.4180082632853683,0.31184716595311385
0.09944438728264225,0.41829320416013677,0.31177443727626714
0.09957300133758618,0.41829320416013677,0.3116653884862672
0.09957300133758618,0.4187206154722895,0.31160841885222634
0.09962444695956374,0.4187206154722895,0.3115216138507142
0.09962444695956374,0.41914802678444224,0.3114863268434506
0.09965016977055252,0.41914802678444224,0.3114215768745901
0.09965016977055252,0.4192904972218265,0.31140169308656485
0.0997016153925301,0.4192904972218265,0.31132072896404944
0.0997016153925301,0.41943296765921073,0.3112983035090075
0.09972733820351888,0.419575438096595,0.3112958012872804
0.0998559522584628,0.419575438096595,0.31114479897382613
0.0998559522584628,0.4197179085339792,0.31113141052951454
0.09988167506945159,0.41986037897136347,0.31111474546725015
0.09990739788044037,0.41986037897136347,0.3111068811225446
0.09990739788044037,0.42000284940874766,0.3110515281491894
0.10003601193538429,0.42000284940874766,0.3108577498299066
0.10003601193538429,0.4201453198461319,0.31084176405233765
0.10006173474637309,0.4201453198461319,0.31082069996456824
0.10006173474637309,0.42028779028351615,0.3107913322447562
0.10011318036835065,0.42028779028351615,0.31074175317677527
0.10011318036835065,0.42057273115828464,0.3106196582364428
0.10016462599032823,0.42057273115828464,0.31059174690652097
0.10016462599032823,0.4207152015956689,0.31056909493079515
0.10019034880131701,0.4207152015956689,0.31052723993073644
0.1002160716123058,0.42085767203305313,0.3104363161737656
0.1003704084782385,0.42085767203305313,0.3103534131941249
0.1003704084782385,0.4210001424704374,0.3103453167376198
0.10044757691120486,0.4210001424704374,0.31026170775401585
0.10044757691120486,0.4211426129078216,0.3102391047476896
0.1005247453441712,0.4211426129078216,0.3102098364801644
0.1005247453441712,0.4214275537825901,0.3100987602398453
0.10062763658812635,0.4214275537825901,0.31003212617405235
0.10062763658812635,0.42157002421997436,0.3100186307019113
0.10067908221010392,0.42157002421997436,0.3100078948764398
0.10067908221010392,0.42185496509474285,0.30998777338350375
0.10075625064307027,0.42185496509474285,0.3099359618435045
0.10075625064307027,0.4219974355321271,0.30993538801443316
0.10080769626504785,0.4219974355321271,0.30986470844118563
0.10080769626504785,0.42213990596951134,0.3097612314210125
0.10083341907603663,0.42213990596951134,0.3097591720639156
0.10083341907603663,0.4222823764068956,0.30973514346162256
0.1010649243749357,0.4222823764068956,0.3095595804509069
0.1010649243749357,0.42242484684427983,0.3094803579560713
0.10109064718592448,0.42242484684427983,0.3094663505588076
0.10109064718592448,0.4225673172816641,0.3094585878518903
0.10116781561889084,0.4225673172816641,0.30943352971467425
0.10116781561889084,0.42299472859381676,0.3094030047356652
0.1012192612408684,0.42299472859381676,0.30935269388610764
0.1012192612408684,0.423137199031201,0.3093164769781207
0.10127070686284598,0.423137199031201,0.30929203897106444
0.10127070686284598,0.42327966946858525,0.30927802767906704
0.1013993209177899,0.42327966946858525,0.3091608075827722
0.1013993209177899,0.42356461034335374,0.30913975279927725
0.10147648935075625,0.42356461034335374,0.30904295068392684
0.10147648935075625,0.423707080780738,0.3089833633761055
0.10165654902767775,0.423707080780738,0.30880171158027925
0.10165654902767775,0.42384955121812223,0.3087962408812141
0.1017337174606441,0.42384955121812223,0.3086947927980057
0.1017337174606441,0.4239920216555065,0.3086600101155629
0.10178516308262167,0.4239920216555065,0.3085938310977145
0.10178516308262167,0.4241344920928907,0.3085634321109807
0.10181088589361045,0.4241344920928907,0.3085291767803055
0.10181088589361045,0.4244194329676592,0.30849506810933813
0.10183660870459924,0.4244194329676592,0.30847895862108005
0.10183660870459924,0.42456190340504346,0.3084178843553139
0.10186233151558802,0.42456190340504346,0.3083918354257284
0.10186233151558802,0.42484684427981195,0.3083419304247269
0.1020681140034983,0.42484684427981195,0.30819233679515007
0.1020681140034983,0.4255591964667332,0.30812750383512466
0.10209383681448708,0.4255591964667332,0.30806497714390324
0.10209383681448708,0.42570166690411737,0.3080181378631461
0.10214528243646466,0.42570166690411737,0.3080021456539911
0.10214528243646466,0.4258441373415016,0.3079893986533306
0.10219672805844222,0.4258441373415016,0.3079336549515633
0.10219672805844222,0.4261290782162701,0.30791094576408257
0.10229961930239737,0.4261290782162701,0.30783927909799147
0.10229961930239737,0.4264140190910386,0.30776666898352045
0.10232534211338615,0.4264140190910386,0.3077620240308052
0.10232534211338615,0.4266989599658071,0.30765111149031715
0.10235106492437493,0.4266989599658071,0.3076051852162928
0.10235106492437493,0.42684143040319134,0.30759555416784107
0.10245395616833007,0.42684143040319134,0.3075340933791264
0.10245395616833007,0.4269839008405756,0.3075226548513023
0.10247967897931887,0.4269839008405756,0.3075143583370315
0.10247967897931887,0.4271263712779598,0.30750970772654734
0.102582570223274,0.4271263712779598,0.30740373381829456
0.102582570223274,0.42726884171534407,0.3073494813309665
0.10263401584525157,0.42726884171534407,0.30733961058546516
0.10263401584525157,0.4274113121527283,0.30730624190058714
0.10265973865624035,0.4274113121527283,0.3072809866299609
0.10265973865624035,0.42755378259011256,0.3072682457785371
0.10271118427821792,0.42755378259011256,0.3071991430308199
0.10271118427821792,0.4276962530274968,0.3071522119851843
0.10273690708920671,0.4276962530274968,0.30713612638013427
0.10273690708920671,0.42783872346488105,0.3071333500265232
0.1027626299001955,0.42783872346488105,0.30711447459195396
0.1027626299001955,0.4282661347770338,0.3070803122088163
0.10283979833316184,0.4282661347770338,0.3070737266300634
0.10283979833316184,0.4285510756518022,0.3070619771489657
0.10286552114415064,0.4285510756518022,0.3070436295926943
0.10286552114415064,0.4286935460891865,0.30700722548365295
0.10289124395513942,0.4286935460891865,0.30700127607289984
0.10289124395513942,0.4288360165265707,0.30699119048934176
0.1029169667661282,0.4288360165265707,0.306965075220996
0.1029169667661282,0.42897848696395496,0.30694154497715265
0.10294268957711698,0.42897848696395496,0.30692632686983257
0.10294268957711698,0.4291209574013392,0.30691982748733015
0.1030970264430497,0.4291209574013392,0.3066615039112631
0.10312274925403848,0.42926342783872345,0.30663618594641945
0.10325136330898241,0.42926342783872345,0.30647873972748463
0.10325136330898241,0.4294058982761077,0.30645743157950306
0.10327708611997119,0.4294058982761077,0.3064410610121027
0.10327708611997119,0.42954836871349195,0.30641246641347786
0.10332853174194875,0.42954836871349195,0.3063090659852232
0.10332853174194875,0.4296908391508762,0.3063075339451606
0.10337997736392633,0.4296908391508762,0.3062990563646754
0.10337997736392633,0.42983330958826044,0.30624575079121713
0.10340570017491511,0.42983330958826044,0.30624174665854165
0.10340570017491511,0.4302607209004132,0.3061743948163087
0.10356003704084782,0.4302607209004132,0.3060783911804535
0.10356003704084782,0.4304031913377974,0.3060688217883227
0.10374009671776932,0.4304031913377974,0.3059104092710642
0.10374009671776932,0.43054566177518167,0.3059024583288525
0.1037658195287581,0.43054566177518167,0.3058798434247069
0.10379154233974688,0.4306881322125659,0.3058500911461738
0.10384298796172446,0.4306881322125659,0.3058466174099891
0.10384298796172446,0.43083060264995016,0.305839428364461
0.10386871077271324,0.43083060264995016,0.3058173077930278
0.10386871077271324,0.43154295483687133,0.3057380884676549
0.10392015639469081,0.43154295483687133,0.30569383010245876
0.10392015639469081,0.4316854252742556,0.30566465787926134
0.1039458792056796,0.4316854252742556,0.3055999623932381
0.1039458792056796,0.4318278957116398,0.30558397409675264
0.10399732482765717,0.4318278957116398,0.30555868961483745
0.10399732482765717,0.4323977774611768,0.3055156840587362
0.10407449326062353,0.4323977774611768,0.3054076129964
0.10407449326062353,0.43254024789856105,0.30540518969504793
0.10410021607161231,0.43254024789856105,0.3053848816632167
0.10410021607161231,0.4326827183359453,0.3053580254608018
0.10412593888260109,0.4326827183359453,0.3053480140728658
0.10412593888260109,0.43282518877332954,0.3053038715268857
0.10417738450457865,0.43282518877332954,0.3052960574493894
0.10417738450457865,0.4329676592107138,0.30528074193225613
0.1042802757485338,0.4329676592107138,0.30515841818047923
0.1042802757485338,0.43353754096025077,0.3050342359228962
0.10430599855952258,0.43353754096025077,0.30501286068694966
0.10430599855952258,0.4339649522724035,0.3049798273097839
0.10438316699248894,0.4339649522724035,0.3049112299756489
0.10438316699248894,0.4341074227097877,0.30487240434809326
0.10443461261446652,0.4341074227097877,0.3048281426022912
0.10443461261446652,0.43424989314717194,0.3048164870355723
0.10448605823644408,0.43424989314717194,0.30479806102902995
0.10448605823644408,0.4343923635845562,0.30479108697501645
0.10451178104743286,0.4343923635845562,0.3047695005971559
0.10451178104743286,0.43453483402194043,0.3046884329720808
0.10456322666941044,0.43453483402194043,0.30466841971447367
0.10456322666941044,0.4346773044593247,0.3046542665897594
0.10458894948039922,0.4346773044593247,0.30464910539786616
0.10458894948039922,0.4348197748967089,0.3046370448313212
0.10471756353534314,0.4348197748967089,0.3045894821912281
0.10471756353534314,0.43524718620886166,0.3045753695229946
0.10479473196830949,0.43524718620886166,0.30451792895031665
0.10479473196830949,0.43553212708363015,0.30449156128142596
0.10489762321226463,0.43553212708363015,0.30442129443405896
0.10489762321226463,0.4363869497079356,0.30434651082926556
0.10492334602325343,0.4363869497079356,0.30432677571142924
0.10492334602325343,0.43652942014531987,0.3043215287203705
0.10494906883424221,0.43652942014531987,0.30428969169912956
0.10494906883424221,0.4368143610200883,0.3042741907125893
0.10502623726720856,0.4368143610200883,0.3042463967204349
0.10502623726720856,0.43695683145747255,0.30424542265514715
0.10507768288918613,0.43695683145747255,0.3041797953777544
0.10507768288918613,0.43724177233224104,0.30411481002300417
0.10518057413314127,0.43724177233224104,0.3040421437051245
0.10518057413314127,0.4373842427696253,0.30400741451818036
0.10525774256610762,0.4373842427696253,0.30398662708906937
0.1052834653770964,0.43752671320700953,0.30398223433409166
0.1053091881880852,0.43752671320700953,0.30393307966004396
0.1053091881880852,0.4376691836443938,0.303863973812236
0.10536063381006276,0.4376691836443938,0.3038581577896789
0.10536063381006276,0.437811654081778,0.3038487202123352
0.10543780224302912,0.437811654081778,0.3037535457118264
0.10543780224302912,0.43795412451916227,0.3037306844636013
0.10548924786500669,0.43795412451916227,0.3037064699407415
0.10548924786500669,0.4380965949565465,0.30368815080364847
0.10569503035291697,0.4380965949565465,0.30343073242665214
0.10569503035291697,0.43852400626869925,0.30339380289424017
0.10574647597489453,0.43852400626869925,0.3033832078492726
0.10574647597489453,0.4386664767060835,0.30335088173874797
0.10577219878588331,0.4386664767060835,0.3033376904363107
0.10577219878588331,0.43880894714346774,0.3033286868472409
0.10582364440786089,0.43880894714346774,0.3033212887333156
0.10582364440786089,0.438951417580852,0.303317587754365
0.10590081284082725,0.438951417580852,0.3032849572522077
0.10590081284082725,0.43909388801823623,0.30328412577343966
0.10608087251774874,0.43909388801823623,0.3031625908137392
0.10608087251774874,0.4392363584556205,0.30311966549027525
0.10610659532873752,0.4392363584556205,0.303097134496803
0.10610659532873752,0.4393788288930047,0.3030551987446378
0.1061580409507151,0.4393788288930047,0.3030077643647429
0.1061580409507151,0.43966376976777316,0.3029670640652631
0.10626093219467023,0.43966376976777316,0.3028704360338112
0.10626093219467023,0.4398062402051574,0.3028387858996271
0.10636382343862537,0.4398062402051574,0.30271534741492084
0.10636382343862537,0.43994871064254165,0.3027011141020134
0.10644099187159173,0.43994871064254165,0.3026454966968103
0.10644099187159173,0.44023365151731014,0.30261044221921674
0.10646671468258051,0.44023365151731014,0.3025890455464144
0.10646671468258051,0.4403761219546944,0.30257524994183427
0.10654388311554687,0.4403761219546944,0.3024742108705529
0.10654388311554687,0.44051859239207863,0.3024619035579567
0.10656960592653565,0.44051859239207863,0.302438339769625
0.10656960592653565,0.4406610628294629,0.30240283747351615
0.10659532873752443,0.4408035332668471,0.3023893460177646
0.10659532873752443,0.44094600370423137,0.30238526441395774
0.10662105154851322,0.44094600370423137,0.30236358003000724
0.10662105154851322,0.4410884741416156,0.3022747701045106
0.10674966560345714,0.4410884741416156,0.3021413293450913
0.10674966560345714,0.4413734150163841,0.30211502313311017
0.1068268340364235,0.4413734150163841,0.30206526044869847
0.1068268340364235,0.44151588545376835,0.3020571660733643
0.10685255684741228,0.44151588545376835,0.30204297502213295
0.10685255684741228,0.4416583558911526,0.3020386186896842
0.1069811709023562,0.4416583558911526,0.30193161182388084
0.1069811709023562,0.44180082632853684,0.3018820861595393
0.10703261652433378,0.44180082632853684,0.3018556520589408
0.10703261652433378,0.4419432967659211,0.3018551094936354
0.10705833933532256,0.4419432967659211,0.30177386574517834
0.10705833933532256,0.44208576720330534,0.3017569940398924
0.10708406214631135,0.44208576720330534,0.30175410934821745
0.10708406214631135,0.4422282376406896,0.30174098812162786
0.10718695339026649,0.4422282376406896,0.3016405405992823
0.10718695339026649,0.4423707080780738,0.30163850526956476
0.10721267620125527,0.4423707080780738,0.30158236110211767
0.10723839901224405,0.442513178515458,0.3015798167408747
0.10723839901224405,0.44265564895284226,0.30155178050702647
0.10726412182323285,0.44265564895284226,0.3015156952674579
0.10726412182323285,0.4427981193902265,0.3015048051411926
0.10731556744521041,0.4427981193902265,0.3014604763670811
0.10731556744521041,0.443083060264995,0.301402212722834
0.10734129025619919,0.443083060264995,0.30138794672662333
0.10734129025619919,0.44322553070237924,0.3013645751513137
0.10744418150015433,0.44322553070237924,0.30126722496003777
0.10744418150015433,0.443652942014532,0.30117995198385034
0.10746990431114312,0.443652942014532,0.3011642076394711
0.10746990431114312,0.4439378828893005,0.30112638359983174
0.10749562712213191,0.4439378828893005,0.30108321394123116
0.10749562712213191,0.4440803533266847,0.3010560469657658
0.1075213499331207,0.4440803533266847,0.3010380085704266
0.1075213499331207,0.44422282376406896,0.3009983063059397
0.10757279555509826,0.44422282376406896,0.30096468485558747
0.10757279555509826,0.4443652942014532,0.30096418230289285
0.10759851836608704,0.4443652942014532,0.3009560345636148
0.10759851836608704,0.44450776463883745,0.30086269927034476
0.10770140961004218,0.44450776463883745,0.3008081441695485
0.10770140961004218,0.4446502350762217,0.3007983744417685
0.10780430085399732,0.4446502350762217,0.3007561622894171
0.10780430085399732,0.44479270551360595,0.30068934549276694
0.1078557464759749,0.44479270551360595,0.30065048992568516
0.1078557464759749,0.4452201168257587,0.3006446859937885
0.10788146928696368,0.4452201168257587,0.3006392811742192
0.10788146928696368,0.44564752813791136,0.30054674309105284
0.10808725177487395,0.44564752813791136,0.30040118741755195
0.10808725177487395,0.4457899985752956,0.30038763554890585
0.10811297458586275,0.4457899985752956,0.30037528558477444
0.10811297458586275,0.44593246901267986,0.3003577211013895
0.10813869739685153,0.44593246901267986,0.30035189989007666
0.10813869739685153,0.44621740988744835,0.3002754202524137
0.1081901430188291,0.44621740988744835,0.30023128870655397
0.1081901430188291,0.44650235076221684,0.30016491132148443
0.10824158864080667,0.44650235076221684,0.3001351423894792
0.10824158864080667,0.4470722325117538,0.3001117498804297
0.10829303426278424,0.4470722325117538,0.3000862981794571
0.10829303426278424,0.44749964382390656,0.29998539870648566
0.10834447988476181,0.44749964382390656,0.2999384274917305
0.10834447988476181,0.4476421142612908,0.29993304279500976
0.10839592550673938,0.4476421142612908,0.29988414252282264
0.10842164831772816,0.44778458469867505,0.2998608749774164
0.10842164831772816,0.4479270551360593,0.2998408348444151
0.10847309393970574,0.4479270551360593,0.29979595045527635
0.10847309393970574,0.4480695255734435,0.29979281112288136
0.10849881675069452,0.4480695255734435,0.2997873838066548
0.10849881675069452,0.448354466448212,0.29975479969818836
0.1085245395616833,0.448354466448212,0.29975450704104895
0.1085245395616833,0.44863940732298047,0.29974322033178347
0.10857598518366086,0.44863940732298047,0.2996759480241781
0.10857598518366086,0.4487818777603647,0.29967381579030505
0.10865315361662722,0.4487818777603647,0.29951931396368053
0.10865315361662722,0.44892434819774896,0.29951888909328905
0.108678876427616,0.44892434819774896,0.29951317306325415
0.108678876427616,0.4490668186351332,0.29947844740011625
0.10873032204959358,0.4490668186351332,0.2993671745524108
0.10873032204959358,0.4496367003846702,0.2993139874650343
0.10875604486058237,0.44977917082205443,0.29927881429988856
0.10883321329354873,0.44977917082205443,0.2992121327994581
0.10883321329354873,0.4500641116968229,0.29919106825296304
0.10885893610453751,0.4500641116968229,0.2991904720389815
0.10885893610453751,0.45020658213420717,0.29916683609573536
0.10893610453750385,0.45020658213420717,0.2990444351285934
0.10893610453750385,0.4503490525715914,0.29904403485293646
0.10898755015948143,0.4503490525715914,0.29892392359602515
0.10898755015948143,0.4506339934463599,0.29882469399158046
0.10909044140343657,0.4506339934463599,0.2987567549157112
0.10911616421442535,0.45077646388374415,0.2987270060236131
0.10916760983640292,0.45077646388374415,0.2987160525846281
0.10916760983640292,0.45091893432112834,0.29870587054586095
0.10919333264739171,0.45091893432112834,0.298703254757806
0.10919333264739171,0.4510614047585126,0.2986780771009278
0.10927050108035806,0.4510614047585126,0.2985477760925475
0.10927050108035806,0.45120387519589683,0.29853909618026303
0.10929622389134684,0.45120387519589683,0.2984666583289572
0.10929622389134684,0.4513463456332811,0.29845567392916383
0.10942483794629076,0.4513463456332811,0.2983339564522958
0.10942483794629076,0.4514888160706653,0.2983322414879448
0.1095277291902459,0.4514888160706653,0.2982165739654526
0.1095277291902459,0.45163128650804957,0.29820339446728855
0.10963062043420105,0.45163128650804957,0.2981843072342487
0.10963062043420105,0.4517737569454338,0.2981797279572295
0.10970778886716741,0.4517737569454338,0.2980407480221563
0.10970778886716741,0.45191622738281806,0.2980138691280165
0.10975923448914497,0.45191622738281806,0.29798042657465107
0.10975923448914497,0.4520586978202023,0.29794823312820434
0.1098878485440889,0.4520586978202023,0.2977327913915059
0.1098878485440889,0.4526285795697393,0.2976485661640882
0.10991357135507768,0.45277105000712353,0.29762656261797044
0.10993929416606647,0.45277105000712353,0.2976050752777771
0.10993929416606647,0.453055990881892,0.2975641904094367
0.10996501697705525,0.453055990881892,0.29743521867136025
0.10996501697705525,0.45319846131927627,0.2974326875991454
0.10999073978804404,0.45319846131927627,0.2974062006253141
0.10999073978804404,0.4533409317566605,0.29734031840572084
0.11001646259903282,0.4533409317566605,0.2973374694825135
0.11001646259903282,0.45348340219404476,0.29727002851539946
0.11009363103199918,0.45348340219404476,0.29723443672353456
0.11009363103199918,0.453625872631429,0.2972298494907573
0.1102222450869431,0.453625872631429,0.29713041086292147
0.1102222450869431,0.4537683430688132,0.29709794685412366
0.11024796789793188,0.4537683430688132,0.2970860991620093
0.11024796789793188,0.45391081350619744,0.2970855222425073
0.11040230476386459,0.45391081350619744,0.2970600529915342
0.11040230476386459,0.4540532839435817,0.2969856888734786
0.11058236444078609,0.4540532839435817,0.29686260589529245
0.11058236444078609,0.4543382248183502,0.296773586370393
0.11068525568474123,0.4543382248183502,0.29669389676508884
0.11068525568474123,0.4544806952557344,0.29667909612871174
0.11078814692869637,0.4544806952557344,0.29662533794360935
0.11078814692869637,0.4550505770052714,0.2962873517487696
0.11086531536166272,0.4550505770052714,0.2962592174347857
0.11086531536166272,0.4553355178800399,0.29623134140973695
0.11112254347155057,0.4553355178800399,0.2959792212999642
0.11112254347155057,0.4556204587548084,0.2959215005921641
0.11125115752649449,0.4556204587548084,0.29581010077372005
0.11125115752649449,0.45576292919219263,0.2958048247034806
0.11127688033748329,0.45576292919219263,0.2958021070403957
0.11127688033748329,0.4559053996295769,0.29578473363738267
0.11140549439242721,0.4559053996295769,0.29575204659184756
0.11140549439242721,0.4560478700669611,0.29575024098172653
0.11143121720341599,0.4560478700669611,0.29570809750276983
0.11143121720341599,0.4563328109417296,0.29566952656133383
0.11145694001440477,0.4563328109417296,0.29565810768325895
0.11145694001440477,0.4564752813791138,0.2956411903306952
0.11148266282539356,0.4564752813791138,0.2956049956609849
0.11148266282539356,0.45661775181649805,0.29558778065164515
0.11150838563638234,0.45661775181649805,0.29558604251651166
0.11150838563638234,0.4567602222538823,0.29556452984161824
0.11155983125835991,0.4567602222538823,0.29553681916618474
0.11155983125835991,0.45690269269126654,0.29553561498600417
0.11161127688033748,0.45690269269126654,0.2954510245065646
0.11161127688033748,0.4570451631286508,0.2954005655334645
0.1117398909352814,0.4570451631286508,0.29533781608215975
0.1117398909352814,0.45718763356603503,0.29525077481677575
0.11179133655725898,0.45718763356603503,0.2951939031404433
0.11179133655725898,0.4573301040034193,0.2951744059575755
0.11189422780121412,0.4573301040034193,0.2950550551388168
0.11189422780121412,0.45761504487818777,0.2950294818970565
0.1119199506122029,0.45761504487818777,0.29499104410913685
0.1119199506122029,0.457757515315572,0.29498655919375444
0.11194567342319169,0.457757515315572,0.29495984505336253
0.11194567342319169,0.4580424561903405,0.2948673372094895
0.11204856466714683,0.4580424561903405,0.29478098804904845
0.11204856466714683,0.458327397065109,0.29473425509862855
0.11207428747813561,0.458327397065109,0.2946947661039879
0.11207428747813561,0.45846986750249324,0.2946934468501158
0.11217717872209075,0.45846986750249324,0.29454671007902267
0.11217717872209075,0.4586123379398775,0.29453735935725095
0.11228006996604589,0.4586123379398775,0.2943764677666735
0.11228006996604589,0.45875480837726174,0.29434509938355136
0.11230579277703467,0.45875480837726174,0.29430958115729333
0.11230579277703467,0.458897278814646,0.2942704794175686
0.11233151558802346,0.4590397492520302,0.2942676564751703
0.11233151558802346,0.4591822196894145,0.29425565924167496
0.11240868402098982,0.4591822196894145,0.2941999689435908
0.11240868402098982,0.45932469012679866,0.29417287991922886
0.11248585245395616,0.45932469012679866,0.29408817190429104
0.11248585245395616,0.4594671605641829,0.2940634021083127
0.11253729807593374,0.4594671605641829,0.293996799287471
0.11253729807593374,0.45960963100156715,0.2939742995143534
0.1125887436979113,0.45960963100156715,0.29388170840613714
0.1125887436979113,0.4600370423137199,0.2938402016877368
0.11269163494186644,0.4600370423137199,0.29367743161475846
0.11269163494186644,0.4603219831884884,0.2935207227471073
0.1127688033748328,0.4603219831884884,0.29345169779700053
0.1127688033748328,0.4604644536258726,0.2934344939346885
0.11279452618582159,0.4604644536258726,0.29343298392219697
0.11279452618582159,0.4606069240632569,0.2934132904658271
0.1131289227286758,0.4606069240632569,0.2931629848933759
0.1131289227286758,0.4607493945006411,0.29314411458082984
0.11315464553966458,0.4607493945006411,0.29314239622603433
0.11315464553966458,0.46089186493802536,0.29313679247672075
0.11320609116164214,0.46089186493802536,0.2930708945042148
0.11323181397263093,0.4610343353754096,0.293052708052459
0.11330898240559728,0.4610343353754096,0.29301413411997485
0.11330898240559728,0.46117680581279386,0.2930128988199316
0.11333470521658606,0.46117680581279386,0.2930084242523809
0.11333470521658606,0.4613192762501781,0.29300618110311116
0.11336042802757486,0.4613192762501781,0.292949795711273
0.11336042802757486,0.46146174668756235,0.292924387160832
0.11341187364955242,0.46146174668756235,0.29288099089137476
0.11341187364955242,0.4616042171249466,0.29287984800722694
0.11351476489350756,0.4616042171249466,0.29281237674360844
0.11351476489350756,0.4618891579997151,0.2927959643417686
0.11356621051548513,0.4618891579997151,0.2927599449611405
0.11356621051548513,0.4621740988744835,0.292753419845063
0.1136176561374627,0.4621740988744835,0.2926534181632688
0.1136176561374627,0.46231656931186776,0.292637104963343
0.11364337894845149,0.46231656931186776,0.29263214187719516
0.11364337894845149,0.46260151018663626,0.2926194114539927
0.11387488424735055,0.46260151018663626,0.2924247691497855
0.11387488424735055,0.4627439806240205,0.2924160458209632
0.11390060705833933,0.4627439806240205,0.2923807683102082
0.11390060705833933,0.463028921498789,0.2922895753211232
0.11402922111328326,0.463028921498789,0.2921815332785345
0.11402922111328326,0.46317139193617324,0.29211805881863695
0.11408066673526084,0.46317139193617324,0.29204195344331424
0.11408066673526084,0.46345633281094173,0.2919811312702066
0.11410638954624962,0.46345633281094173,0.2919580183838627
0.11410638954624962,0.46388374412309447,0.29194394233342635
0.11423500360119354,0.46388374412309447,0.2918739975198982
0.11423500360119354,0.4640262145604787,0.2918507909248281
0.11441506327811503,0.4640262145604787,0.29166058448365095
0.11441506327811503,0.46416868499786296,0.2916504941453748
0.11459512295503653,0.46416868499786296,0.2913999654173494
0.11459512295503653,0.4648810371847842,0.2913337055660004
0.11474945982096924,0.4648810371847842,0.2911990442102814
0.11474945982096924,0.4650235076221684,0.29119744798208136
0.11487807387591316,0.4650235076221684,0.2911295800356758
0.11487807387591316,0.46530844849693687,0.2910970055475967
0.11516102479678979,0.46530844849693687,0.2907970782014973
0.11516102479678979,0.4654509189343211,0.29077716118007313
0.11518674760777858,0.4654509189343211,0.2907753053184068
0.11518674760777858,0.46559338937170536,0.29077524104955293
0.11521247041876737,0.46559338937170536,0.29076997912912844
0.11521247041876737,0.4657358598090896,0.29076182228315456
0.11523819322975615,0.4657358598090896,0.2907582510707859
0.11523819322975615,0.4660208006838581,0.2907274303397358
0.11526391604074493,0.4660208006838581,0.2907228090595081
0.11526391604074493,0.46616327112124234,0.2907077367106103
0.11539253009568885,0.46616327112124234,0.29061516884998984
0.11539253009568885,0.4663057415586266,0.2905952849716959
0.11544397571766643,0.4663057415586266,0.2905173943431692
0.11544397571766643,0.46644821199601083,0.29051087198971864
0.11546969852865521,0.46644821199601083,0.29049681587423415
0.11546969852865521,0.46687562330816357,0.290458894588981
0.115495421339644,0.46687562330816357,0.2904314982634134
0.115495421339644,0.4670180937455478,0.29039650088173385
0.11559831258359914,0.4670180937455478,0.29025355566655714
0.11559831258359914,0.46716056418293206,0.2902384890201082
0.11562403539458792,0.46716056418293206,0.29023452247914283
0.11562403539458792,0.4673030346203163,0.29022762415825065
0.1158298178824982,0.4673030346203163,0.29004996348152057
0.1158298178824982,0.46744550505770055,0.29002656454879017
0.11588126350447576,0.46744550505770055,0.2900012976428324
0.11588126350447576,0.467730445932469,0.28995571059593267
0.11603560037040848,0.467730445932469,0.2898385957396762
0.11603560037040848,0.4680153868072375,0.28980000417423835
0.11618993723634119,0.4680153868072375,0.28965179347960307
0.11618993723634119,0.4681578572446217,0.2896386398931045
0.1163442741022739,0.4681578572446217,0.2893027462789224
0.1163442741022739,0.4684427981193902,0.2892992715922318
0.11639571972425147,0.4684427981193902,0.28920647653809983
0.11639571972425147,0.46858526855677446,0.2891760663266696
0.11647288815721782,0.46858526855677446,0.2890921845121966
0.11647288815721782,0.4687277389941587,0.28907438006716774
0.1164986109682066,0.4687277389941587,0.28906365359583025
0.1164986109682066,0.46887020943154295,0.2890480141095955
0.1165243337791954,0.46887020943154295,0.289046067372899
0.1165243337791954,0.46915515030631144,0.28903126265456947
0.11673011626710567,0.46915515030631144,0.288832058489953
0.11673011626710567,0.4692976207436957,0.2888311301189033
0.11688445313303839,0.4692976207436957,0.28865215543592443
0.11688445313303839,0.46944009118107993,0.2886503803875889
0.11691017594402717,0.46944009118107993,0.2886217133467058
0.11691017594402717,0.4695825616184642,0.28861468502019394
0.11711595843193744,0.4695825616184642,0.2885114641205444
0.11711595843193744,0.4697250320558484,0.2884918698737212
0.11716740405391501,0.4697250320558484,0.2884001305480476
0.11716740405391501,0.4700099729306169,0.28835718828744694
0.11732174091984772,0.4700099729306169,0.288241962495093
0.11732174091984772,0.4702949138053854,0.28814545903755134
0.11742463216380286,0.4702949138053854,0.28807439324692424
0.11742463216380286,0.47057985468015384,0.2880418829674593
0.117527523407758,0.47057985468015384,0.28790187998923583
0.117527523407758,0.4707223251175381,0.2878887799378794
0.11783619713962341,0.4707223251175381,0.2875613306144445
0.11783619713962341,0.47086479555492233,0.28755230655594133
0.11814487087148884,0.47086479555492233,0.2871931306539089
0.11814487087148884,0.47129220686707507,0.2871477667361229
0.11840209898137669,0.47129220686707507,0.2869676450472706
0.11840209898137669,0.4714346773044593,0.28694745161506646
0.11845354460335425,0.4714346773044593,0.28687084053585776
0.11845354460335425,0.4717196181792278,0.2868513619191512
0.11853071303632061,0.4717196181792278,0.2867261327031039
0.11853071303632061,0.4720045590539963,0.28663098382305946
0.11860788146928697,0.4720045590539963,0.28654457888915147
0.11860788146928697,0.47214702949138054,0.28654242824239723
0.11865932709126453,0.47214702949138054,0.28648574210482786
0.11868504990225331,0.4722894999287648,0.2864840009745672
0.11876221833521967,0.4722894999287648,0.2863929635231318
0.11876221833521967,0.47243197036614903,0.2863836414008271
0.11878794114620846,0.47243197036614903,0.28630008918753086
0.11878794114620846,0.4727169112409175,0.2862856915108204
0.11886510957917482,0.4727169112409175,0.2862570830836159
0.1188908323901636,0.47285938167830177,0.2861871338672975
0.11914806050005144,0.47285938167830177,0.2858867972916227
0.11914806050005144,0.473001852115686,0.2858754565195979
0.1192252289330178,0.473001852115686,0.2858364236668373
0.1192252289330178,0.47314432255307026,0.28582087580287846
0.11937956579895051,0.47314432255307026,0.2857234581948745
0.11937956579895051,0.47357173386522294,0.2856931017199979
0.119559625475872,0.47357173386522294,0.2854831589724255
0.119559625475872,0.4737142043026072,0.2854797522853094
0.11971396234180472,0.4737142043026072,0.28535384585157814
0.11971396234180472,0.4739991451773757,0.2853322335739678
0.1197396851527935,0.4739991451773757,0.2852917608347001
0.1197396851527935,0.4741416156147599,0.285289356374777
0.11984257639674864,0.4741416156147599,0.2851138997855168
0.11984257639674864,0.47428408605214417,0.28510436968151676
0.11999691326268135,0.47428408605214417,0.2849971318956043
0.11999691326268135,0.47456902692691266,0.2849655904550432
0.12002263607367013,0.47456902692691266,0.2849609391564176
0.12002263607367013,0.4747114973642969,0.28496020354374224
0.12012552731762527,0.4747114973642969,0.28483552463853357
0.12012552731762527,0.47485396780168115,0.2848216252110842
0.12017697293960283,0.47485396780168115,0.2848094490005716
0.12017697293960283,0.4749964382390654,0.28477947074649257
0.12020269575059163,0.4749964382390654,0.28474566674447804
0.12020269575059163,0.4752813791138339,0.284726194193539
0.12030558699454677,0.4752813791138339,0.28468137609510946
0.12030558699454677,0.4755663199886024,0.28466146493080136
0.12048564667146826,0.4755663199886024,0.2845264659496576
0.12048564667146826,0.4757087904259866,0.28444168635407346
0.12061426072641218,0.4757087904259866,0.2842493548673945
0.12061426072641218,0.47627867217552355,0.28413913132044405
0.12069142915937854,0.47627867217552355,0.28411925099840524
0.12069142915937854,0.47656361305029205,0.284062272192131
0.1212573310011318,0.47656361305029205,0.28349949670354313
0.1212573310011318,0.47684855392506054,0.2834776525696322
0.12133449943409816,0.47684855392506054,0.2834331087611205
0.12133449943409816,0.4769910243624448,0.28342820455891315
0.12141166786706452,0.4769910243624448,0.2833505761172044
0.12141166786706452,0.477133494799829,0.283328442261076
0.1214373906780533,0.477133494799829,0.28331935887268384
0.1214373906780533,0.4774184356745975,0.2831897780619227
0.12146311348904208,0.47756090611198176,0.28318969640447555
0.12151455911101965,0.47756090611198176,0.2831779589652535
0.12154028192200844,0.477703376549366,0.2831464278868335
0.12156600473299722,0.477703376549366,0.2831222099342209
0.12156600473299722,0.47784584698675026,0.28311967120870185
0.12161745035497479,0.47784584698675026,0.2830715988210753
0.12161745035497479,0.47813078786151875,0.28302788435926735
0.12166889597695237,0.47813078786151875,0.28297941693584067
0.12166889597695237,0.4785581991736715,0.2829465950884499
0.12179751003189629,0.4785581991736715,0.2828525746047063
0.12179751003189629,0.47870066961105573,0.28280907787848863
0.12184895565387385,0.47870066961105573,0.28274646800473796
0.12184895565387385,0.4791280809232084,0.2827133738095507
0.12187467846486263,0.4791280809232084,0.28268741544258036
0.12187467846486263,0.47927055136059266,0.28266530074587315
0.12197756970881778,0.47927055136059266,0.28255340799513723
0.12197756970881778,0.4794130217979769,0.2825530498114348
0.12200329251980656,0.4794130217979769,0.28251953809889335
0.12200329251980656,0.47955549223536115,0.2824788311790764
0.12233768906266076,0.47955549223536115,0.28208000283087775
0.12233768906266076,0.4796979626727454,0.2820706764878574
0.12238913468463834,0.4796979626727454,0.28205404823525015
0.12238913468463834,0.47984043311012964,0.28203510079018834
0.12241485749562712,0.47984043311012964,0.2820239034815579
0.12241485749562712,0.4799829035475139,0.2820200204482822
0.12246630311760469,0.4799829035475139,0.28201145704683483
0.12246630311760469,0.48055278529705087,0.2819129220599905
0.12254347155057105,0.48055278529705087,0.28186751031243323
0.12254347155057105,0.4806952557344351,0.2818665448955482
0.12259491717254861,0.4806952557344351,0.2818196935990692
0.12259491717254861,0.48083772617181936,0.2818143780281272
0.12274925403848133,0.48083772617181936,0.28163983217778826
0.12274925403848133,0.4809801966092036,0.28157041125164584
0.12277497684947011,0.4809801966092036,0.28156938484362537
0.12277497684947011,0.48112266704658785,0.28154676590934
0.12292931371540282,0.48112266704658785,0.2814018260245667
0.12292931371540282,0.48140760792135634,0.28131116890390967
0.12300648214836918,0.48140760792135634,0.2812130360455982
0.12300648214836918,0.482404900983046,0.28091636717350477
0.12305792777034674,0.482404900983046,0.28087770724284544
0.12305792777034674,0.48254737142043025,0.2808627492464983
0.12308365058133552,0.48254737142043025,0.2808226720393652
0.12308365058133552,0.4826898418578145,0.28079012787695484
0.12339232431320095,0.4826898418578145,0.2805993184203558
0.12339232431320095,0.48311725316996723,0.2805307677048832
0.12341804712418973,0.48311725316996723,0.28052701110067124
0.12341804712418973,0.4834021940447357,0.28044080255993226
0.12344376993517851,0.4834021940447357,0.28041091229255155
0.12344376993517851,0.48354466448211997,0.28034675074981935
0.12349521555715609,0.48354466448211997,0.28033144662871134
0.12349521555715609,0.48382960535688846,0.28026069744962034
0.12359810680111123,0.48382960535688846,0.2801818927994843
0.12359810680111123,0.4839720757942727,0.2801815065953433
0.12372672085605516,0.4839720757942727,0.28008207365856785
0.12372672085605516,0.4848268984185781,0.2800308912307515
0.12375244366704394,0.4848268984185781,0.28002348959094875
0.12375244366704394,0.48496936885596237,0.2799946466654673
0.12390678053297664,0.48496936885596237,0.27985068269219926
0.12390678053297664,0.4851118392933466,0.2797926654926559
0.12408684020989814,0.4851118392933466,0.27963613365419043
0.12408684020989814,0.48525430973073086,0.27962755666340683
0.1243183455087972,0.48525430973073086,0.27940310274144214
0.1243183455087972,0.4856817210428836,0.2792798232720073
0.12444695956374112,0.4856817210428836,0.27922023103644267
0.12444695956374112,0.4859666619176521,0.27917941845340677
0.12457557361868506,0.4859666619176521,0.2790722465615044
0.12457557361868506,0.48610913235503633,0.2789927228346359
0.1246527420516514,0.48610913235503633,0.27891371694723677
0.1246527420516514,0.4862516027924206,0.2789073621981271
0.12467846486264018,0.4862516027924206,0.27889144215783673
0.12467846486264018,0.48653654366718907,0.2788709926361627
0.12472991048461776,0.48653654366718907,0.2788557549638851
0.12472991048461776,0.4866790141045733,0.2788534425489343
0.12475563329560654,0.4866790141045733,0.2788355093185344
0.12475563329560654,0.48682148454195756,0.2787707467660945
0.12485852453956169,0.48682148454195756,0.2787397751457214
0.12485852453956169,0.4872488958541103,0.2786951270934588
0.12488424735055047,0.4872488958541103,0.27866395564864677
0.12488424735055047,0.48753383672887873,0.27862403355199095
0.12490997016153925,0.48753383672887873,0.2786121948019994
0.12490997016153925,0.487676307166263,0.27859944376904455
0.12496141578351683,0.487676307166263,0.27856239538662547
0.12496141578351683,0.4878187776036472,0.2785608604847575
0.12506430702747195,0.4878187776036472,0.2784984554988326
0.12506430702747195,0.4881037184784157,0.27846943194449714
0.12514147546043833,0.4881037184784157,0.2784279402575992
0.12514147546043833,0.48824618891579996,0.2784172534452854
0.1251671982714271,0.48824618891579996,0.2784092142207024
0.1251671982714271,0.48881607066533694,0.27835701321590206
0.12527008951538224,0.48881607066533694,0.2782504942793085
0.12527008951538224,0.4889585411027212,0.2782441555382363
0.1253215351373598,0.4889585411027212,0.278222980059984
0.1253215351373598,0.48910101154010543,0.2781162214809994
0.12542442638131496,0.48910101154010543,0.2780435026714496
0.12542442638131496,0.4892434819774897,0.27803278798919356
0.1255015948142813,0.4892434819774897,0.27800090973737523
0.1255015948142813,0.48952842285225817,0.27796778711429293
0.12555304043625887,0.48952842285225817,0.2779015881573902
0.12557876324724765,0.4896708932896424,0.2778960382127732
0.12565593168021402,0.4896708932896424,0.2778527554083611
0.12565593168021402,0.48981336372702666,0.2778084681462542
0.1257073773021916,0.48981336372702666,0.2777821126655739
0.1257073773021916,0.4899558341644109,0.27778044838618515
0.12581026854614671,0.4899558341644109,0.277680440579766
0.12581026854614671,0.49009830460179515,0.2776671826203985
0.12596460541207943,0.49009830460179515,0.27750748131505953
0.12596460541207943,0.4903832454765636,0.27746026789928985
0.126016051034057,0.4903832454765636,0.2774246623923806
0.126016051034057,0.49052571591394784,0.27739874437412326
0.12604177384504578,0.49052571591394784,0.2773980015109588
0.12604177384504578,0.4908106567887163,0.277356770890282
0.12609321946702334,0.4908106567887163,0.27733176210894317
0.12609321946702334,0.4910955976634848,0.2773079748259008
0.12611894227801215,0.4910955976634848,0.2773038694807829
0.12611894227801215,0.49123806810086906,0.2772565903519577
0.1263761703879,0.49123806810086906,0.27712180934917735
0.1263761703879,0.4913805385382533,0.2770961319827993
0.12642761600987756,0.4913805385382533,0.27704983825747237
0.12642761600987756,0.49152300897563755,0.2770259403546878
0.12645333882086635,0.49152300897563755,0.2770179727959282
0.12645333882086635,0.4916654794130218,0.27698821185582817
0.12647906163185513,0.4916654794130218,0.276979113537265
0.12647906163185513,0.49180794985040605,0.276972614825558
0.12655623006482147,0.49180794985040605,0.2769025667054556
0.12655623006482147,0.4919504202877903,0.2768945407369025
0.12663339849778785,0.4919504202877903,0.2768627025590803
0.12663339849778785,0.4922353611625588,0.2768210636763921
0.1266848441197654,0.4922353611625588,0.2768110998223062
0.1266848441197654,0.492377831599943,0.27677931653816035
0.1267105669307542,0.492377831599943,0.2767751391753238
0.1267105669307542,0.4925203020373273,0.2767425121105139
0.12676201255273176,0.4925203020373273,0.2767273055248088
0.12676201255273176,0.49280524291209576,0.2766995190547452
0.12683918098569813,0.49280524291209576,0.2766093150223053
0.12683918098569813,0.4930901837868642,0.2765761790578853
0.1268906266076757,0.4930901837868642,0.2765054738342291
0.1268906266076757,0.49323265422424845,0.27650420949111376
0.12699351785163082,0.49323265422424845,0.2764076570449195
0.12699351785163082,0.4933751246616327,0.2763843937894372
0.1270192406626196,0.4933751246616327,0.27637941035511143
0.1270192406626196,0.49351759509901694,0.2763687154294796
0.12704496347360839,0.49351759509901694,0.27635798404191136
0.12704496347360839,0.4936600655364012,0.2763451097649955
0.12714785471756354,0.4936600655364012,0.2763030315928258
0.12714785471756354,0.4939450064111697,0.27620602571439395
0.12717357752855232,0.4939450064111697,0.2761929486100644
0.12717357752855232,0.4940874768485539,0.27617571051971845
0.1274050828274514,0.4940874768485539,0.275860802910997
0.1274050828274514,0.49422994728593816,0.2758606155739363
0.12743080563844017,0.49422994728593816,0.2757900542826338
0.12743080563844017,0.4943724177233224,0.2757829008198458
0.12745652844942895,0.4943724177233224,0.2757789162080379
0.12745652844942895,0.49451488816070666,0.27575567888280467
0.12755941969338408,0.49451488816070666,0.27573742929174566
0.12755941969338408,0.4946573585980909,0.27571167401674246
0.12761086531536167,0.4946573585980909,0.27566256729605804
0.12761086531536167,0.49479982903547515,0.2756492416294818
0.12763658812635045,0.49479982903547515,0.27564523577609534
0.12763658812635045,0.4949422994728594,0.27564517004215355
0.12786809342524952,0.4949422994728594,0.27545909521885875
0.12786809342524952,0.49508476991024364,0.2754542528077822
0.1278938162362383,0.49508476991024364,0.2754172918062247
0.1278938162362383,0.4952272403476279,0.2754164603265502
0.12791953904722708,0.4952272403476279,0.27536979145720836
0.12791953904722708,0.4955121812223964,0.27535926811751843
0.12797098466920465,0.4955121812223964,0.27528842911135815
0.12797098466920465,0.4956546516597806,0.27527975317176595
0.12799670748019343,0.4956546516597806,0.2752796112524169
0.12799670748019343,0.4960820629719333,0.2752013841079705
0.12812532153513737,0.4960820629719333,0.27505832516070183
0.12812532153513737,0.49622453340931755,0.2750577032058367
0.12830538121205887,0.49622453340931755,0.27483073356735777
0.12830538121205887,0.4963670038467018,0.2748071070679564
0.12845971807799156,0.4963670038467018,0.2747225091216757
0.12845971807799156,0.49650947428408604,0.27471868702711877
0.12848544088898034,0.49650947428408604,0.2746993141427374
0.12848544088898034,0.4966519447214703,0.27469446070268433
0.1285626093219467,0.4966519447214703,0.27464493925743205
0.1285626093219467,0.49679441515885453,0.2746396545804996
0.1287169461878794,0.49679441515885453,0.2744576313087956
0.1287169461878794,0.49722182647100727,0.27440644618819815
0.12887128305381212,0.49722182647100727,0.2742927159191223
0.12887128305381212,0.4973642969083915,0.2742355516298776
0.12897417429776725,0.4973642969083915,0.27415682903882865
0.12897417429776725,0.49750676734577576,0.2741403678565353
0.12912851116369997,0.49750676734577576,0.2740914410287788
0.12912851116369997,0.49764923778316,0.27404637808270516
0.12936001646259904,0.49764923778316,0.2737240965954411
0.12936001646259904,0.49779170822054425,0.2736970304195539
0.12951435332853173,0.49779170822054425,0.27365670248147855
0.12951435332853173,0.4979341786579285,0.27360073485583564
0.12954007613952054,0.4979341786579285,0.27358078369570715
0.12954007613952054,0.49807664909531274,0.2735783700755014
0.12956579895050932,0.49807664909531274,0.2735068713729886
0.12956579895050932,0.498219119532697,0.2734609605908088
0.129720135816442,0.498219119532697,0.27329732186532574
0.129720135816442,0.49836158997008123,0.27328672532895865
0.12982302706039717,0.49836158997008123,0.27321063597272754
0.12982302706039717,0.4985040604074655,0.27320863615021823
0.12997736392632986,0.4985040604074655,0.27309258903766004
0.12997736392632986,0.49893147171961816,0.2730378465183014
0.13000308673731864,0.49893147171961816,0.27296949582534596
0.13000308673731864,0.4990739421570024,0.2729452553491279
0.13005453235929623,0.4990739421570024,0.2729061195898057
0.13008025517028501,0.49921641259438665,0.27289608058505505
0.13008025517028501,0.49950135346915514,0.27286740584281033
0.1302345920362177,0.49950135346915514,0.2727285023140908
0.1302345920362177,0.49978629434392363,0.2727044046256685
0.13033748328017286,0.49978629434392363,0.2726464357486668
0.13033748328017286,0.4999287647813079,0.2726338347108327
0.130440374524128,0.4999287647813079,0.27259255516703673
0.130440374524128,0.5000712352186921,0.2725802175841491
0.13049182014610555,0.5000712352186921,0.2725472974353486
0.13049182014610555,0.5002137056560764,0.2725409519128102
0.13051754295709436,0.5002137056560764,0.2725289853680534
0.13051754295709436,0.5003561760934606,0.27252874274194383
0.13054326576808314,0.5003561760934606,0.2725240282657488
0.13054326576808314,0.5006411169682291,0.27247764772605726
0.1305947113900607,0.5006411169682291,0.272430765520014
0.1305947113900607,0.5010685282803818,0.2723546365690362
0.1306204342010495,0.5010685282803818,0.27235066265422986
0.1306204342010495,0.5012109987177661,0.2723388714942969
0.1307747710669822,0.5012109987177661,0.27227809320995544
0.1307747710669822,0.5014959395925346,0.272248538005634
0.1309291079329149,0.5014959395925346,0.2720910826995502
0.1309291079329149,0.5016384100299188,0.2720711309519301
0.13095483074390368,0.5016384100299188,0.2720674470956395
0.13095483074390368,0.5019233509046873,0.272047531231115
0.13116061323181397,0.5019233509046873,0.2718163201306393
0.13116061323181397,0.5022082917794558,0.271798211761095
0.13118633604280275,0.5022082917794558,0.27176900778944346
0.13118633604280275,0.50235076221684,0.27172720452456806
0.13131495009774669,0.50235076221684,0.27166154309342866
0.13131495009774669,0.5024932326542243,0.2716235656828822
0.13139211853071303,0.5024932326542243,0.2715649532760361
0.13139211853071303,0.5027781735289928,0.27143700503160023
0.13152073258565697,0.5027781735289928,0.2712444906535662
0.13152073258565697,0.5029206439663769,0.2712398751135742
0.13157217820763453,0.5029206439663769,0.27120154384276207
0.13157217820763453,0.5030631144037612,0.27118881356554186
0.1316236238296121,0.5030631144037612,0.27116140339649086
0.1316236238296121,0.5032055848411454,0.2711535879505244
0.13164934664060088,0.5032055848411454,0.27115282602475244
0.13164934664060088,0.5033480552785297,0.27115168928295835
0.13172651507356725,0.5033480552785297,0.27092630683766505
0.13172651507356725,0.5034905257159139,0.27090485308444856
0.13182940631752238,0.5034905257159139,0.27087438643429324
0.13182940631752238,0.5036329961532982,0.2708741968004053
0.1319322975614775,0.5036329961532982,0.27080337588569636
0.1319322975614775,0.5039179370280666,0.2707424080769758
0.13206091161642144,0.5039179370280666,0.270666802220674
0.13206091161642144,0.5040604074654509,0.27064855863377285
0.132112357238399,0.5040604074654509,0.2705978822414576
0.132112357238399,0.5042028779028351,0.270586831208747
0.13216380286037657,0.5042028779028351,0.27048312165732874
0.13216380286037657,0.5043453483402194,0.2704369395446784
0.13221524848235416,0.5043453483402194,0.2703757123799906
0.13221524848235416,0.5044878187776036,0.2703630496277743
0.13226669410433173,0.5044878187776036,0.2703300021624396
0.13226669410433173,0.5046302892149879,0.2702669595156452
0.13239530815927564,0.5046302892149879,0.2701754651113568
0.13239530815927564,0.5049152300897564,0.2701602660617868
0.1324981994032308,0.5049152300897564,0.2701009877372322
0.1324981994032308,0.5053426414019091,0.2700388123620486
0.13260109064718592,0.5053426414019091,0.269984877164776
0.13260109064718592,0.5054851118392933,0.26996827740721324
0.13270398189114108,0.5054851118392933,0.2699082922412444
0.13270398189114108,0.5056275822766776,0.2698635440633298
0.13272970470212986,0.5056275822766776,0.2698478866414758
0.13272970470212986,0.5057700527140618,0.2698264269630635
0.13275542751311864,0.5057700527140618,0.2698192933822834
0.13275542751311864,0.5059125231514461,0.2698142350818393
0.13283259594608499,0.5059125231514461,0.2697810327791955
0.13283259594608499,0.5060549935888303,0.26977366029604366
0.13288404156806255,0.5060549935888303,0.26974696593871206
0.13288404156806255,0.5061974640262146,0.26974556160480334
0.13293548719004014,0.5061974640262146,0.26973508979754546
0.13293548719004014,0.5064824049009831,0.26966617798267484
0.13306410124498405,0.5064824049009831,0.2696319386882965
0.13306410124498405,0.5066248753383673,0.26961428645929963
0.13321843811091677,0.5066248753383673,0.26941447824562154
0.13321843811091677,0.5067673457757516,0.2693939648199999
0.13326988373289433,0.5067673457757516,0.26930789176626985
0.13326988373289433,0.5069098162131358,0.2692923896254638
0.1333213293548719,0.5069098162131358,0.2692608294818848
0.1333213293548719,0.5071947570879043,0.26923476958402914
0.13347566622080462,0.5071947570879043,0.269120026359576
0.13347566622080462,0.5074796979626728,0.26908933376091854
0.13373289433069246,0.5074796979626728,0.26892987742788527
0.13373289433069246,0.507622168400057,0.2689244591428814
0.13375861714168125,0.507622168400057,0.26891578509078146
0.13375861714168125,0.5077646388374413,0.2689094417489071
0.1338100627636588,0.5077646388374413,0.2688839519996035
0.1338100627636588,0.5079071092748255,0.2688803936817353
0.13386150838563637,0.5079071092748255,0.26879292723415665
0.13386150838563637,0.508192050149594,0.26877390645318355
0.13396439962959153,0.508192050149594,0.268690623020349
0.13396439962959153,0.5083345205869783,0.2686879050010023
0.1340158452515691,0.5083345205869783,0.2685591929238803
0.1340158452515691,0.5084769910243624,0.26853583295538386
0.13406729087354666,0.5084769910243624,0.268514065808775
0.13406729087354666,0.5086194614617466,0.26848567532412104
0.1341959049284906,0.5086194614617466,0.26835678118374606
0.1341959049284906,0.5087619318991309,0.26833348471697877
0.13422162773947938,0.5087619318991309,0.2683099823382465
0.13422162773947938,0.5089044023365151,0.26825074037756563
0.13437596460541207,0.5089044023365151,0.268177065711795
0.13437596460541207,0.5091893432112836,0.26816748023483705
0.13445313303837844,0.5091893432112836,0.2680949965518617
0.13445313303837844,0.5094742840860521,0.26806012235431975
0.1345303014713448,0.5094742840860521,0.2680365759345025
0.1345303014713448,0.5096167545234364,0.2680153754083494
0.13455602428233357,0.5096167545234364,0.2680076292567504
0.13455602428233357,0.5097592249608206,0.2680025886167373
0.1346846383372775,0.5097592249608206,0.26795647365190156
0.1346846383372775,0.5099016953982048,0.2678961544112936
0.1347103611482663,0.5099016953982048,0.2678669610585492
0.1347103611482663,0.5100441658355891,0.2678393746858677
0.13478752958123263,0.5100441658355891,0.26779557057059805
0.13478752958123263,0.5101866362729733,0.2677905953202261
0.1348389752032102,0.5101866362729733,0.26776639743452896
0.1348389752032102,0.5106140475851261,0.26774292607557065
0.13491614363617657,0.5106140475851261,0.2677158290443928
0.13491614363617657,0.5107565180225103,0.2677053945706431
0.13494186644716535,0.5107565180225103,0.2676788489151366
0.13494186644716535,0.5108989884598946,0.2676686058126414
0.13496758925815414,0.5108989884598946,0.2676394445744536
0.13496758925815414,0.5110414588972788,0.26763471465339306
0.1350190348801317,0.5110414588972788,0.26761743341270583
0.1350190348801317,0.5111839293346631,0.267611261452046
0.1353791542339747,0.5111839293346631,0.26741668677920427
0.1353791542339747,0.5117538110842,0.2673058267197366
0.13543059985595227,0.5117538110842,0.2672599026550959
0.13543059985595227,0.5118962815215843,0.2672461297064706
0.13548204547792983,0.5118962815215843,0.2672178670988238
0.13548204547792983,0.5120387519589685,0.26719762884170106
0.1355334910999074,0.5120387519589685,0.2671661247452877
0.1355334910999074,0.5121812223963528,0.26716259588703495
0.13555921391089618,0.5121812223963528,0.2671534639055572
0.13555921391089618,0.512323692833737,0.26714108727477215
0.13566210515485133,0.512323692833737,0.26700487182070404
0.1356878279658401,0.5124661632711213,0.2669764005793709
0.13576499639880646,0.5124661632711213,0.26697002835880845
0.13576499639880646,0.5126086337085055,0.26695949824603443
0.13579071920979524,0.5126086337085055,0.2669303621116913
0.13579071920979524,0.5127511041458898,0.2669163526246901
0.1358421648317728,0.5127511041458898,0.26687482282102076
0.1358421648317728,0.5131785154580425,0.2668272833320268
0.13599650169770552,0.5131785154580425,0.26669531216465464
0.13599650169770552,0.513463456332811,0.2666653749234438
0.1360479473196831,0.513463456332811,0.266653140318697
0.1360479473196831,0.5136059267701952,0.2666464273478524
0.13609939294166065,0.5136059267701952,0.2666266978360032
0.13609939294166065,0.514033338082348,0.26655702271677506
0.1362022841856158,0.514033338082348,0.26651977071862215
0.1362022841856158,0.5141758085197321,0.26649730939513233
0.13627945261858215,0.5141758085197321,0.26646019820292993
0.13627945261858215,0.5143182789571163,0.26644422335843315
0.13656240353945878,0.5143182789571163,0.26626238236602817
0.13656240353945878,0.5146032198318848,0.2662618469587839
0.13661384916143637,0.5146032198318848,0.2662418559398926
0.13661384916143637,0.5147456902692691,0.26615736607827706
0.13663957197242516,0.5147456902692691,0.2661522832422461
0.13663957197242516,0.5148881607066533,0.26613870201303774
0.13679390883835785,0.5148881607066533,0.26608550200498227
0.13679390883835785,0.5151731015814218,0.26597718298923434
0.13687107727132422,0.5151731015814218,0.26593983293978746
0.13687107727132422,0.5157429833309588,0.26588528538769385
0.136896800082313,0.5157429833309588,0.26588381519997606
0.136896800082313,0.515885453768343,0.26588312919729384
0.13707685975923448,0.515885453768343,0.2657980665760428
0.13707685975923448,0.5160279242057273,0.2657977261851583
0.13710258257022329,0.5160279242057273,0.26579619953272393
0.13710258257022329,0.5161703946431115,0.26574837103898435
0.13712830538121207,0.5161703946431115,0.2657318000264469
0.13712830538121207,0.5163128650804958,0.2657285421012976
0.13715402819220085,0.5163128650804958,0.2657142387419285
0.13715402819220085,0.51645533551788,0.26570954565453697
0.1372054738141784,0.51645533551788,0.26569895393885545
0.1372054738141784,0.5165978059552643,0.2656868228684019
0.1374112563020887,0.5165978059552643,0.26544471852829005
0.1374112563020887,0.5168827468300328,0.2654237721142428
0.13746270192406626,0.5168827468300328,0.26536602917138985
0.13746270192406626,0.517025217267417,0.26536284815126626
0.13764276160098776,0.517025217267417,0.26525603917376983
0.13764276160098776,0.5171676877048013,0.26524946417887907
0.1377199300339541,0.5171676877048013,0.26523735276787985
0.1377199300339541,0.5173101581421855,0.2652205948201753
0.13777137565593167,0.5173101581421855,0.26517267348718704
0.13777137565593167,0.5177375694543382,0.26508245103099076
0.1380543265768083,0.5177375694543382,0.26486301714091615
0.1380543265768083,0.5178800398917225,0.26484186978134205
0.1380800493877971,0.5178800398917225,0.26479620826458156
0.1380800493877971,0.5180225103291067,0.2647954126685358
0.13813149500977467,0.5180225103291067,0.26477698749512385
0.13813149500977467,0.5184499216412595,0.26474185183819093
0.1382343862537298,0.5184499216412595,0.2646779853405798
0.1382343862537298,0.518734862516028,0.2646502533653731
0.13828583187570737,0.518734862516028,0.2645999051801545
0.13828583187570737,0.5188773329534122,0.2645826169666556
0.13836300030867374,0.5188773329534122,0.26453846061364117
0.13836300030867374,0.5191622738281807,0.2644932698877497
0.13838872311966252,0.5191622738281807,0.2644695671553817
0.13838872311966252,0.5193047442655649,0.26442699451111995
0.13844016874164009,0.5193047442655649,0.2643882459288415
0.13844016874164009,0.5194472147029492,0.26433744738557347
0.13846589155262887,0.5194472147029492,0.26432748382184595
0.13846589155262887,0.5195896851403334,0.26428322898414747
0.13856878279658402,0.5195896851403334,0.2642462851437573
0.13856878279658402,0.5197321555777176,0.2642314011530868
0.1385945056075728,0.5197321555777176,0.2642165657658085
0.1385945056075728,0.5200170964524861,0.2641996543829723
0.13864595122955037,0.5200170964524861,0.2641678576325212
0.13864595122955037,0.5201595668898703,0.2641571732742798
0.13872311966251671,0.5201595668898703,0.26410198070734486
0.13872311966251671,0.5203020373272546,0.26409650161318776
0.13885173371746065,0.5203020373272546,0.26394100728822323
0.13885173371746065,0.5204445077646388,0.26393559589078996
0.13890317933943822,0.5204445077646388,0.26392293401265043
0.13890317933943822,0.520586978202023,0.26391527129656117
0.138928902150427,0.520586978202023,0.2638841883848149
0.138928902150427,0.5207294486394073,0.26387536539112705
0.13895462496141578,0.5207294486394073,0.263816802575988
0.13895462496141578,0.5210143895141758,0.26376123096004744
0.13898034777240456,0.5210143895141758,0.2637153096031831
0.13898034777240456,0.52115685995156,0.2637080511707917
0.13903179339438212,0.52115685995156,0.26364784719890555
0.13903179339438212,0.5212993303889443,0.26364602479390925
0.13913468463833728,0.5212993303889443,0.263559452310333
0.13913468463833728,0.5215842712637128,0.26352054058519897
0.1392632986932812,0.5215842712637128,0.26346782795880125
0.1392632986932812,0.521726741701097,0.26346076377379385
0.13936618993723635,0.521726741701097,0.26340613421375014
0.13936618993723635,0.522296623450634,0.26335083313131025
0.13946908118119147,0.522296623450634,0.26331007531771805
0.13946908118119147,0.5224390938880182,0.2633045062290732
0.1395976952361354,0.5224390938880182,0.2632033313392179
0.1395976952361354,0.5225815643254025,0.2631370347253093
0.1397520321020681,0.5225815643254025,0.26309325038456827
0.1397520321020681,0.5231514460749395,0.26302537454312763
0.1397777549130569,0.5231514460749395,0.2630210017136112
0.1397777549130569,0.5232939165123237,0.26301923621037515
0.13982920053503448,0.5232939165123237,0.26299646971027313
0.13982920053503448,0.523436386949708,0.26298840845313937
0.13995781458997839,0.523436386949708,0.26292027220123104
0.13995781458997839,0.5235788573870922,0.26287326308813586
0.14008642864492232,0.5235788573870922,0.26279507931673307
0.14008642864492232,0.5238637982618607,0.2627152878788546
0.14018931988887745,0.5238637982618607,0.26266568566892823
0.14018931988887745,0.5241487391366292,0.262653678819567
0.14021504269986623,0.5241487391366292,0.2626057186487522
0.14021504269986623,0.5242912095740134,0.26257567895451567
0.1403179339438214,0.5242912095740134,0.26248004391925994
0.1403179339438214,0.5244336800113977,0.2624787997365884
0.14047227080975408,0.5244336800113977,0.2623736974372079
0.14047227080975408,0.5247186208861662,0.26233922635276885
0.14049799362074286,0.5247186208861662,0.2623292185166412
0.14049799362074286,0.5248610913235504,0.2623267475569933
0.14057516205370924,0.5248610913235504,0.26227193556732425
0.14057516205370924,0.5250035617609347,0.262267884554559
0.14060088486469802,0.5250035617609347,0.2622628986750587
0.14060088486469802,0.5254309730730873,0.2622173286950907
0.1408066673526083,0.5254309730730873,0.26197254331013203
0.1408066673526083,0.5255734435104715,0.2619717396529319
0.14083239016359708,0.5255734435104715,0.26195617174119434
0.14083239016359708,0.5260008548226243,0.26193341270443526
0.14090955859656343,0.5260008548226243,0.261876343562566
0.14090955859656343,0.5261433252600085,0.26183126952955066
0.1409352814075522,0.5261433252600085,0.26182302182962935
0.1409352814075522,0.5265707365721612,0.2617821238561277
0.14098672702952977,0.5265707365721612,0.2617504102289995
0.14098672702952977,0.5267132070095455,0.2617486717191564
0.14101244984051858,0.5267132070095455,0.26172516887537906
0.14101244984051858,0.5268556774469297,0.26172325736478363
0.14103817265150737,0.526998147884314,0.2617183428246779
0.1411153410844737,0.526998147884314,0.2616528069208709
0.1411153410844737,0.5271406183216982,0.2616408048732719
0.1412954007613952,0.5271406183216982,0.2615358237501549
0.1412954007613952,0.5272830887590825,0.26153103011817924
0.141321123572384,0.5272830887590825,0.2615086643839598
0.141321123572384,0.5274255591964667,0.26146130077309854
0.14157835168227184,0.5274255591964667,0.2610873980053876
0.14157835168227184,0.527568029633851,0.26107797849408415
0.1416555201152382,0.527568029633851,0.2610180681898663
0.1416555201152382,0.5277105000712352,0.2609440540026689
0.14168124292622697,0.5277105000712352,0.260925816894034
0.14168124292622697,0.5278529705086195,0.26089467131946675
0.14173268854820456,0.5278529705086195,0.2608788619153203
0.14173268854820456,0.5282803818207722,0.2608353345310664
0.1418355797921597,0.5282803818207722,0.2607629976818086
0.1418355797921597,0.5284228522581564,0.26075829794853467
0.14188702541413725,0.5284228522581564,0.260714358424337
0.14188702541413725,0.5285653226955407,0.2607070973273644
0.1419641938471036,0.5285653226955407,0.2606639027884123
0.1419641938471036,0.5288502635703092,0.260643906037133
0.1420156394690812,0.5288502635703092,0.26061134144501463
0.1420156394690812,0.5289927340076934,0.26059762406010367
0.1421442535240251,0.5289927340076934,0.2605220776482944
0.1421442535240251,0.5291352044450777,0.2605150468322724
0.14219569914600266,0.5291352044450777,0.26047956502375497
0.14219569914600266,0.5292776748824619,0.26045254461634554
0.14227286757896904,0.5292776748824619,0.2603920330962688
0.14227286757896904,0.5294201453198462,0.260392021291692
0.14237575882292416,0.5294201453198462,0.26036282922125614
0.14237575882292416,0.5297050861946146,0.26033031418890923
0.14242720444490173,0.5297050861946146,0.26032454431745117
0.14242720444490173,0.5298475566319989,0.2603028247965929
0.14247865006687932,0.5298475566319989,0.26025108840939637
0.14247865006687932,0.5299900270693831,0.260233139804347
0.14253009568885688,0.5299900270693831,0.2601927951836107
0.14253009568885688,0.5301324975067674,0.2601845660842536
0.142632986932812,0.5301324975067674,0.26013717143784026
0.142632986932812,0.5302749679441516,0.26012375412449773
0.1428130466097335,0.5302749679441516,0.260040225575995
0.1428130466097335,0.5305599088189201,0.2599836680689774
0.1428387694207223,0.5305599088189201,0.25996790152356325
0.1428387694207223,0.5307023792563044,0.25996549223916954
0.14286449223171108,0.5307023792563044,0.25996116800349434
0.14286449223171108,0.5308448496936886,0.2599495125324886
0.14299310628665501,0.5308448496936886,0.25983971284000906
0.14299310628665501,0.5309873201310727,0.2598316578420775
0.1430188290976438,0.5309873201310727,0.25980562404330304
0.1430188290976438,0.531129790568457,0.259774029665134
0.14307027471962136,0.531129790568457,0.2597314018544861
0.14307027471962136,0.5312722610058412,0.25971669930247077
0.14312172034159892,0.5312722610058412,0.2596937153048154
0.14312172034159892,0.5314147314432255,0.25966436102667334
0.1431474431525877,0.5314147314432255,0.25963576157886764
0.1431474431525877,0.531699672317994,0.2595852108023144
0.1431988887745653,0.531699672317994,0.259575671236284
0.1431988887745653,0.5318421427553782,0.2595680538807432
0.14322461158555408,0.5318421427553782,0.25956445202565376
0.14322461158555408,0.5319846131927625,0.2595597431229786
0.14325033439654286,0.5319846131927625,0.25953622010097416
0.14325033439654286,0.532269554067531,0.2595026644296217
0.14343039407346433,0.532269554067531,0.25928381914449006
0.14343039407346433,0.5325544949422995,0.2592820191524991
0.14345611688445314,0.5325544949422995,0.2592434285713473
0.14345611688445314,0.5328394358170679,0.25919554623694663
0.14358473093939705,0.5328394358170679,0.25907324578140256
0.14358473093939705,0.5329819062544522,0.25905817861485386
0.1436618993723634,0.5329819062544522,0.258938548094248
0.1436618993723634,0.5332668471292207,0.25890872534969783
0.1436876221833522,0.5332668471292207,0.25889654436251197
0.1436876221833522,0.5334093175666049,0.25878363698530243
0.14391912748225125,0.5334093175666049,0.2586661219317086
0.14391912748225125,0.5335517880039892,0.25864841293108826
0.14404774153719518,0.5335517880039892,0.2585650975512009
0.14404774153719518,0.5338367288787577,0.2585209287058046
0.14412490997016153,0.5338367288787577,0.25843498036327595
0.14412490997016153,0.5339791993161419,0.2584224565826409
0.1441506327811503,0.5339791993161419,0.25837741199109554
0.1441506327811503,0.5342641401909104,0.2583006061342342
0.14417635559213912,0.5342641401909104,0.25828032055164774
0.14417635559213912,0.5344066106282946,0.2582612651801498
0.14422780121411669,0.5344066106282946,0.2582255742456433
0.14422780121411669,0.5345490810656789,0.25818300083893964
0.1443306924580718,0.5345490810656789,0.258132405788564
0.1443306924580718,0.5346915515030631,0.25812354623655487
0.14448502932400453,0.5346915515030631,0.2580055774906378
0.14448502932400453,0.5348340219404474,0.25800283961835124
0.1447165346229036,0.5348340219404474,0.25779236020937063
0.1447165346229036,0.5349764923778316,0.2577919537476806
0.14474225743389238,0.5349764923778316,0.257739502437334
0.14474225743389238,0.5351189628152159,0.25771278327659985
0.14476798024488116,0.5351189628152159,0.25765701088756343
0.14476798024488116,0.5354039036899844,0.25762398932326624
0.14479370305586994,0.5355463741273686,0.25758781516711005
0.14479370305586994,0.5356888445647529,0.25757595905575736
0.14497376273279144,0.5356888445647529,0.25753638899226494
0.14497376273279144,0.5358313150021371,0.25753628077708196
0.14507665397674657,0.5358313150021371,0.25746520274609447
0.14507665397674657,0.5359737854395213,0.25745266357508084
0.14510237678773535,0.5359737854395213,0.2574310675154666
0.14512809959872414,0.5361162558769056,0.25739468008043825
0.1452309908426793,0.5361162558769056,0.25729741974000636
0.1452309908426793,0.5362587263142898,0.25728573782288006
0.14538532770861198,0.5362587263142898,0.25718428317221664
0.14538532770861198,0.5365436671890582,0.2571529141054854
0.14546249614157836,0.5365436671890582,0.2571050239084622
0.14546249614157836,0.5366861376264425,0.25708568052090597
0.14548821895256714,0.5366861376264425,0.25707344814467886
0.14548821895256714,0.5368286080638267,0.25706437456883974
0.14551394176355592,0.5368286080638267,0.2570025639725635
0.14551394176355592,0.536971078501211,0.2569464677230405
0.14566827862948864,0.536971078501211,0.2568545440030864
0.14566827862948864,0.5371135489385952,0.25684448187480546
0.14569400144047742,0.5371135489385952,0.2568142546241579
0.14569400144047742,0.5372560193759794,0.25680427952101004
0.1457197242514662,0.5372560193759794,0.2567938289436212
0.1457197242514662,0.5373984898133637,0.25677769451818044
0.14574544706245499,0.5373984898133637,0.2567332825735763
0.14574544706245499,0.5375409602507479,0.25671843424361696
0.14577116987344377,0.5375409602507479,0.2567179079101214
0.14577116987344377,0.5376834306881322,0.2566965163661819
0.14579689268443255,0.5376834306881322,0.25665854452943626
0.14579689268443255,0.5381108420002849,0.2566405934191731
0.1458483383064101,0.5381108420002849,0.2566059713210849
0.1458483383064101,0.5382533124376692,0.25660076120720704
0.14587406111739892,0.5382533124376692,0.2565897867670654
0.14587406111739892,0.5383957828750534,0.25655871469813774
0.14602839798333161,0.5383957828750534,0.25639754705842677
0.14602839798333161,0.5385382533124377,0.2563661123318864
0.14610556641629796,0.5385382533124377,0.25630073881741045
0.14610556641629796,0.5386807237498219,0.2562927568127121
0.1464142401481634,0.5386807237498219,0.25600470795318725
0.1464142401481634,0.5388231941872061,0.25597666126710455
0.1465685770140961,0.5388231941872061,0.25583552526453657
0.1465685770140961,0.5389656646245904,0.2558333730429078
0.14662002263607368,0.5389656646245904,0.2557806078750184
0.14662002263607368,0.5391081350619746,0.2557661950389442
0.14680008231299516,0.5391081350619746,0.25559783042625106
0.14680008231299516,0.5392506054993589,0.25552980208271564
0.14687725074596153,0.5392506054993589,0.2554938690236933
0.14687725074596153,0.5393930759367431,0.25548760341612
0.14700586480090544,0.5393930759367431,0.2554389913419525
0.14700586480090544,0.5396780168115116,0.25536978139064176
0.147057310422883,0.5396780168115116,0.25536207589530124
0.147057310422883,0.5398204872488959,0.25534815715041376
0.14708303323387178,0.5398204872488959,0.2553233480235807
0.14708303323387178,0.5401054281236644,0.2552587196431494
0.1472630929107933,0.5401054281236644,0.2551648528478268
0.1472630929107933,0.5402478985610486,0.2551631021366207
0.14728881572178207,0.5402478985610486,0.25514328766758276
0.14728881572178207,0.5408177803105856,0.2551031825895616
0.14734026134375966,0.5408177803105856,0.2550355510432999
0.14734026134375966,0.5409602507479698,0.25503320064793045
0.14739170696573722,0.5409602507479698,0.25502803505750643
0.14739170696573722,0.5411027211853541,0.25494133798722896
0.14746887539870357,0.5411027211853541,0.25490508383981264
0.14749459820969235,0.5412451916227383,0.2549049073226354
0.14752032102068113,0.5412451916227383,0.25490150072749296
0.14752032102068113,0.5415301324975068,0.25489602023042307
0.14754604383166992,0.5415301324975068,0.25487771997253605
0.14754604383166992,0.5416726029348911,0.25487063934643134
0.1475717666426587,0.5416726029348911,0.25484330509690345
0.1475717666426587,0.5418150733722753,0.25480525078440397
0.1475974894536475,0.5418150733722753,0.2547888079634169
0.1475974894536475,0.5419575438096595,0.25477850423877496
0.14767465788661385,0.5419575438096595,0.25466909853573705
0.14767465788661385,0.5421000142470438,0.25464961712407713
0.14772610350859142,0.5421000142470438,0.25461981620090485
0.14772610350859142,0.5422424846844279,0.25461476652833076
0.1477518263195802,0.5422424846844279,0.2546123569533529
0.1477518263195802,0.5423849551218122,0.25459984785232415
0.14790616318551292,0.5423849551218122,0.25448837754464204
0.14790616318551292,0.5426698959965807,0.25446706101901173
0.1480605000514456,0.5426698959965807,0.2543633104284305
0.1480605000514456,0.5428123664339649,0.2543551884844726
0.14834345097232227,0.5428123664339649,0.25424677160642917
0.14834345097232227,0.5430973073087334,0.254225631194433
0.14836917378331105,0.5430973073087334,0.2542200163600073
0.14836917378331105,0.5432397777461176,0.25419218005679645
0.14857495627122133,0.5432397777461176,0.25400607083847354
0.14857495627122133,0.5433822481835019,0.2539555560992617
0.14870357032616524,0.5433822481835019,0.25390165806877446
0.14870357032616524,0.5435247186208861,0.2539015564815716
0.1488064615701204,0.5435247186208861,0.2538196627039659
0.1488064615701204,0.5436671890582704,0.2538196311116446
0.14898652124704187,0.5436671890582704,0.25373385159084005
0.14898652124704187,0.5438096594956546,0.25368725802543163
0.14908941249099703,0.5438096594956546,0.2535931254383386
0.14908941249099703,0.5440946003704231,0.25358064730524993
0.14919230373495215,0.5440946003704231,0.25355118969159807
0.14919230373495215,0.5443795412451916,0.25353018245458725
0.14947525465582878,0.5443795412451916,0.25339094035706483
0.14947525465582878,0.5445220116825759,0.2533699807348561
0.14950097746681756,0.5445220116825759,0.25335538467119695
0.14950097746681756,0.5446644821199601,0.2533423471309068
0.14957814589978394,0.5446644821199601,0.25324400073078107
0.14957814589978394,0.5449494229947286,0.2532385187623648
0.14960386871077272,0.5449494229947286,0.2532313963442
0.14960386871077272,0.5450918934321128,0.2532241603183196
0.14973248276571663,0.5450918934321128,0.2531497816810764
0.14973248276571663,0.5452343638694971,0.25311555775975286
0.14983537400967178,0.5452343638694971,0.2530419865407953
0.14986109682066057,0.5453768343068813,0.2530155003026599
0.1501183249305484,0.5453768343068813,0.2528525111156961
0.1501440477415372,0.5455193047442656,0.25282698752891314
0.15019549336351476,0.5455193047442656,0.25280239872819954
0.15019549336351476,0.5456617751816498,0.2527069678850931
0.15027266179648113,0.5456617751816498,0.25268472690463845
0.15027266179648113,0.5458042456190341,0.25267621374109384
0.1503241074184587,0.5458042456190341,0.2526519380109847
0.1503241074184587,0.5459467160564183,0.2526516521798055
0.15037555304043626,0.5459467160564183,0.25263727654432444
0.15037555304043626,0.5460891864938026,0.2526314884759806
0.15058133552834654,0.5460891864938026,0.2525052871722304
0.15060705833933533,0.5462316569311868,0.2524575388522166
0.15076139520526805,0.5462316569311868,0.2522895647808291
0.15076139520526805,0.546374127368571,0.2522776976961821
0.15089000926021195,0.546374127368571,0.2521959777903336
0.15089000926021195,0.5465165978059553,0.252179520301791
0.15125012861405496,0.5465165978059553,0.2517643274502577
0.15125012861405496,0.5466590682433395,0.2517580925204098
0.15127585142504374,0.5466590682433395,0.25175044400841384
0.15127585142504374,0.5468015386807238,0.251718423218637
0.15135301985801008,0.5468015386807238,0.2516498625411255
0.15137874266899887,0.546944009118108,0.2516269423600255
0.15140446547998765,0.546944009118108,0.25160024107252427
0.15140446547998765,0.5470864795554923,0.25159523452132304
0.1514559111019652,0.5470864795554923,0.251573535681229
0.151481633912954,0.5472289499928765,0.25156651435324473
0.1515073567239428,0.5472289499928765,0.25155731850559776
0.1515073567239428,0.5473714204302608,0.2515284285957398
0.15155880234592037,0.5473714204302608,0.25147307028879656
0.15155880234592037,0.547513890867645,0.2514467041567671
0.15181603045580822,0.547513890867645,0.2512676230033302
0.15181603045580822,0.5476563613050293,0.25126618862318106
0.1519703673217409,0.5476563613050293,0.2511320216730428
0.1519703673217409,0.5479413021797976,0.25110722323717477
0.15212470418767363,0.5479413021797976,0.2510411708102088
0.15212470418767363,0.5482262430545661,0.25100959634991066
0.15238193229756147,0.5482262430545661,0.2509058235116064
0.15238193229756147,0.5483687134919504,0.2508992835607983
0.15256199197448297,0.5483687134919504,0.25077331834418115
0.15256199197448297,0.5485111839293346,0.250756093061976
0.15263916040744932,0.5485111839293346,0.25070885758135003
0.15263916040744932,0.5487961248041031,0.2506733079108742
0.15274205165140448,0.5487961248041031,0.2506171898454355
0.15276777446239326,0.5489385952414874,0.2506040398464877
0.15292211132832595,0.5489385952414874,0.25054695980818475
0.15292211132832595,0.5490810656788716,0.25053434596169855
0.15294783413931473,0.5490810656788716,0.2505079431605386
0.15294783413931473,0.5493660065536401,0.25045281885455056
0.1530250025722811,0.5493660065536401,0.2504073846971927
0.1530250025722811,0.5495084769910243,0.25032993318621527
0.15307644819425867,0.5495084769910243,0.25030830029586065
0.15307644819425867,0.5497934178657928,0.2502621753930703
0.1532307850601914,0.5497934178657928,0.2501996007948304
0.1532307850601914,0.5500783587405613,0.2500493433624183
0.15328223068216895,0.5500783587405613,0.24996312089659004
0.15328223068216895,0.5502208291779456,0.24995680809568263
0.15333367630414652,0.5502208291779456,0.24995354254161126
0.15333367630414652,0.5503632996153298,0.24991533509474306
0.15343656754810164,0.5503632996153298,0.24981101856331314
0.15343656754810164,0.5505057700527141,0.24979766567949505
0.15346229035909045,0.5505057700527141,0.24979438657076097
0.15346229035909045,0.5506482404900983,0.2497662347416094
0.15351373598106802,0.5506482404900983,0.24976027580025814
0.15351373598106802,0.5507907109274826,0.24966795737920655
0.15361662722502314,0.5507907109274826,0.24958097944557128
0.15361662722502314,0.5509331813648668,0.24954345579776593
0.1536680728470007,0.5509331813648668,0.2495017161177789
0.1536680728470007,0.551075651802251,0.24948909033018765
0.15369379565798952,0.551075651802251,0.24948275260618324
0.15369379565798952,0.5512181222396353,0.2494341796398184
0.15374524127996708,0.5512181222396353,0.24943295559295015
0.15374524127996708,0.5513605926770195,0.24941836353721933
0.15382240971293343,0.5513605926770195,0.24934693099633576
0.15382240971293343,0.5515030631144038,0.2493322715922671
0.153873855334911,0.5515030631144038,0.249275710923547
0.153873855334911,0.551645533551788,0.2492687786223517
0.15392530095688856,0.551645533551788,0.24925620093055229
0.15392530095688856,0.5520729448639408,0.2491603112357113
0.1540281922008437,0.5520729448639408,0.2490498577213325
0.1540281922008437,0.552215415301325,0.24896998093659414
0.1540539150118325,0.552215415301325,0.2489658457635919
0.1540539150118325,0.5523578857387093,0.24892977074838166
0.15410536063381006,0.5523578857387093,0.24888994864263783
0.15410536063381006,0.5525003561760935,0.24880065942892343
0.15425969749974278,0.5525003561760935,0.24867484371002196
0.15425969749974278,0.552785297050862,0.24864403926606612
0.15438831155468669,0.552785297050862,0.2484927256485576
0.15438831155468669,0.5529277674882462,0.2484886376737429
0.1545683712316082,0.5529277674882462,0.24826187744067763
0.1545683712316082,0.5532127083630147,0.2482259015781754
0.15464553966457453,0.5532127083630147,0.24815429902611916
0.15464553966457453,0.553355178800399,0.24815233397406414
0.15467126247556334,0.553355178800399,0.24814134879432212
0.15467126247556334,0.5537825901125516,0.24807418014779328
0.15477415371951847,0.5537825901125516,0.2480373740583202
0.15477415371951847,0.5539250605499358,0.24800951769361945
0.1548770449634736,0.5539250605499358,0.24792575838647235
0.1548770449634736,0.5540675309873201,0.24791479401451758
0.1549284905854512,0.5540675309873201,0.24789565420717086
0.1549284905854512,0.5542100014247043,0.24787726275635977
0.15503138182940632,0.5542100014247043,0.24774476705848025
0.15503138182940632,0.5543524718620886,0.24773554798297
0.1550571046403951,0.5543524718620886,0.24770750637135755
0.1550571046403951,0.5544949422994728,0.2476989294013124
0.15513427307336145,0.5544949422994728,0.24763728749463412
0.15513427307336145,0.5547798831742413,0.2476068537943356
0.15518571869533904,0.5547798831742413,0.2475806814934923
0.15518571869533904,0.5549223536116256,0.24755387817314356
0.15521144150632782,0.5549223536116256,0.2475464466628967
0.15521144150632782,0.5550648240490098,0.24754547163705876
0.15526288712830538,0.5550648240490098,0.24752679867104238
0.15526288712830538,0.5553497649237783,0.24751914240369652
0.15528860993929416,0.5553497649237783,0.2474883427944026
0.15528860993929416,0.5554922353611625,0.24747910145007318
0.15531433275028295,0.5554922353611625,0.2474605797396771
0.15531433275028295,0.5562045875480838,0.24742316869078482
0.15544294680522688,0.5562045875480838,0.24733480899802654
0.15544294680522688,0.556347057985468,0.24730996707883632
0.15546866961621567,0.556347057985468,0.24726165423891538
0.15546866961621567,0.556916939735005,0.24720858973740964
0.15549439242720445,0.556916939735005,0.247191983011193
0.15549439242720445,0.5570594101723892,0.24719040579006
0.15552011523819323,0.5570594101723892,0.24718102035146328
0.15552011523819323,0.5572018806097735,0.2471766846666047
0.155545838049182,0.5572018806097735,0.2471614795324279
0.155545838049182,0.5573443510471577,0.24715039464412258
0.15582878897005864,0.5573443510471577,0.2469956633251733
0.15582878897005864,0.557486821484542,0.24698762877123426
0.1560602942689577,0.557486821484542,0.24676860618720708
0.1560602942689577,0.5577717623593105,0.2467421618422639
0.15613746270192408,0.5577717623593105,0.24667954331784825
0.15616318551291286,0.5579142327966947,0.24667902750820894
0.15618890832390164,0.5579142327966947,0.24666133615743896
0.15618890832390164,0.558056703234079,0.24665179091782652
0.1562403539458792,0.558056703234079,0.2465910384687929
0.1562403539458792,0.5583416441088475,0.24658155577530486
0.1564204136228007,0.5583416441088475,0.24627819697063202
0.1564204136228007,0.5584841145462317,0.24625513104867955
0.15670336454367734,0.5584841145462317,0.24601949706120912
0.15670336454367734,0.5587690554210002,0.24599146026976745
0.15672908735466612,0.5587690554210002,0.24598505302295381
0.15672908735466612,0.5589115258583844,0.24598024490199932
0.1569348698425764,0.5589115258583844,0.24583120164028352
0.1569348698425764,0.5590539962957686,0.24582926212850395
0.15701203827554275,0.5590539962957686,0.24582414450049175
0.15701203827554275,0.5591964667331528,0.24581506847504273
0.15703776108653153,0.5593389371705371,0.24581483332558
0.15714065233048669,0.5593389371705371,0.24576312186105073
0.15714065233048669,0.5594814076079213,0.24576092861549662
0.1572435435744418,0.5594814076079213,0.24564824408666808
0.1572435435744418,0.5597663484826898,0.2456320864354998
0.15750077168432966,0.5597663484826898,0.2454614024575804
0.15750077168432966,0.559908818920074,0.24545911184825203
0.15760366292828482,0.559908818920074,0.2453979932629214
0.15760366292828482,0.5601937597948425,0.24536268152395085
0.1577837226052063,0.5601937597948425,0.24523185054494345
0.1577837226052063,0.5603362302322268,0.24517515822257008
0.15786089103817266,0.5603362302322268,0.24513823489211187
0.15786089103817266,0.560478700669611,0.24513650933404538
0.157938059471139,0.560478700669611,0.24505622652009873
0.157938059471139,0.5607636415443795,0.24502940309436097
0.15798950509311657,0.5607636415443795,0.24497485946006134
0.15801522790410535,0.5609061119817638,0.24495576539787917
0.1581438419590493,0.5609061119817638,0.24493274201533707
0.1581438419590493,0.561048582419148,0.24493102487263374
0.15816956477003807,0.561048582419148,0.24492202202843252
0.15816956477003807,0.5613335232939165,0.24491567142665222
0.15829817882498198,0.5613335232939165,0.24487813556655522
0.15829817882498198,0.5614759937313007,0.24484100125158745
0.1584525156909147,0.5614759937313007,0.24469401180443556
0.1584525156909147,0.561618464168685,0.24464766892228895
0.15855540693486983,0.561618464168685,0.24458984097048567
0.15855540693486983,0.5617609346060692,0.24456229591399373
0.15868402098981377,0.5617609346060692,0.24446265089890987
0.15868402098981377,0.5619034050434535,0.24445362074606747
0.15906986315464555,0.5619034050434535,0.24416412965722564
0.15906986315464555,0.5620458754808377,0.24415574297415563
0.15912130877662312,0.5620458754808377,0.2441304606388735
0.15912130877662312,0.5623308163556062,0.24411185477513284
0.1591470315876119,0.5623308163556062,0.24407411208334306
0.1591470315876119,0.5624732867929905,0.24405148465037363
0.15917275439860068,0.5624732867929905,0.24402176033930378
0.15919847720958946,0.5626157572303747,0.24402078494989068
0.1592756456425558,0.5626157572303747,0.24395743722796437
0.1592756456425558,0.562758227667759,0.24392571144521716
0.15968721061837637,0.562758227667759,0.2436113535173188
0.15968721061837637,0.5630431685425275,0.24359359141988066
0.15971293342936516,0.5630431685425275,0.24352186742469975
0.15971293342936516,0.5631856389799117,0.2435004980516366
0.1598158246733203,0.5631856389799117,0.2433741368283969
0.1598158246733203,0.5633281094172959,0.2433591672409895
0.15991871591727544,0.5633281094172959,0.2432947308621633
0.15991871591727544,0.5634705798546802,0.2432892242064114
0.15999588435024178,0.5634705798546802,0.24325406301507774
0.15999588435024178,0.5636130502920644,0.24321827156419165
0.16007305278320816,0.5636130502920644,0.24318181541038433
0.16007305278320816,0.5637555207294487,0.2431577354879752
0.16020166683815207,0.5637555207294487,0.24303696872551545
0.16020166683815207,0.5641829320416014,0.2429968055145127
0.16051034057001748,0.5641829320416014,0.2428117637151586
0.16051034057001748,0.5643254024789857,0.24279604121657286
0.16061323181397263,0.5643254024789857,0.24272305467201746
0.16061323181397263,0.5644678729163699,0.242686214463112
0.16063895462496142,0.5644678729163699,0.24266185371387491
0.16063895462496142,0.564610343353754,0.24262377447660208
0.16069040024693898,0.564610343353754,0.24256362408793136
0.16069040024693898,0.5647528137911383,0.2425117862438381
0.16076756867990535,0.5647528137911383,0.24243267773005658
0.16076756867990535,0.5648952842285225,0.2424303922267669
0.16079329149089414,0.5650377546659068,0.24242127367402344
0.16079329149089414,0.565180225103291,0.24240848040158294
0.1609733511678156,0.565180225103291,0.24219303233682535
0.1609733511678156,0.5653226955406753,0.24218782818359985
0.16105051960078198,0.5653226955406753,0.2421024193947802
0.16105051960078198,0.5656076364154438,0.24209240403276755
0.1611791336557259,0.5656076364154438,0.2420646401489622
0.1611791336557259,0.565750106852828,0.24205149121044095
0.16130774771066983,0.565750106852828,0.24194488534490954
0.16130774771066983,0.5658925772902123,0.2419187214951483
0.16138491614363618,0.5658925772902123,0.24187177677031313
0.16138491614363618,0.5660350477275965,0.24186390305394573
0.16141063895462496,0.5660350477275965,0.24179797762118124
0.16141063895462496,0.5661775181649807,0.2417739969612353
0.16177075830846796,0.5661775181649807,0.2416160433097975
0.16177075830846796,0.566319988602365,0.24161444931449855
0.16179648111945674,0.566319988602365,0.2416128127762424
0.16179648111945674,0.5664624590397492,0.24159068245573379
0.1618736495524231,0.5664624590397492,0.24155701467492122
0.1618736495524231,0.5666049294771335,0.24152380739655455
0.16192509517440065,0.5666049294771335,0.2414744133416767
0.16192509517440065,0.5667473999145177,0.2414509372797583
0.1620279864183558,0.5667473999145177,0.24143037954455998
0.1620279864183558,0.566889870351902,0.24139655517187256
0.16233666015022122,0.566889870351902,0.2411569334954584
0.16233666015022122,0.5670323407892862,0.2411527705731756
0.16236238296121,0.5670323407892862,0.24113878125173344
0.16236238296121,0.5671748112266705,0.2411165917731557
0.16238810577219878,0.5671748112266705,0.2410982098174023
0.16238810577219878,0.5673172816640547,0.2410939388327739
0.16249099701615394,0.5673172816640547,0.24103903085197126
0.16249099701615394,0.567459752101439,0.24101324225584816
0.16251671982714272,0.567459752101439,0.24099742878671146
0.16251671982714272,0.5677446929762074,0.2409749717148782
0.16261961107109785,0.5677446929762074,0.24093223805507913
0.16261961107109785,0.5680296338509759,0.24092546385614122
0.1626967795040642,0.5680296338509759,0.24087910354237643
0.1626967795040642,0.5684570451631287,0.2408625508931428
0.1630568988579072,0.5684570451631287,0.24057861474097716
0.1630568988579072,0.5685995156005129,0.2405746971279672
0.16331412696779504,0.5685995156005129,0.24026684793167044
0.16331412696779504,0.5688844564752814,0.24026554814005036
0.1633912954007614,0.5688844564752814,0.24022049162395454
0.1633912954007614,0.5690269269126657,0.240216772443711
0.1635456322666941,0.5690269269126657,0.24011459983934944
0.1635456322666941,0.5693118677874341,0.24006539865822143
0.1635713550776829,0.5693118677874341,0.24005320197289753
0.1635713550776829,0.5695968086622026,0.2400169434403875
0.16364852351064924,0.5695968086622026,0.2399733241603998
0.16364852351064924,0.5697392790995869,0.2399356932278955
0.16380286037658195,0.5697392790995869,0.23978361003915033
0.16380286037658195,0.5698817495369711,0.23977899235355868
0.16400864286449224,0.5698817495369711,0.23969518418780475
0.16400864286449224,0.5701666904117396,0.23967795155265348
0.1640600884864698,0.5701666904117396,0.23962826464764575
0.1640600884864698,0.5703091608491238,0.23960131919923702
0.16411153410844737,0.5703091608491238,0.2395912947243735
0.16411153410844737,0.570451631286508,0.23958815075709353
0.1644459306513016,0.570451631286508,0.2394768328411491
0.1644459306513016,0.5707365721612765,0.2394235055391213
0.16467743595020065,0.5707365721612765,0.23929395612701146
0.16467743595020065,0.5708790425986607,0.23926465628738017
0.16472888157217822,0.5708790425986607,0.2392620668280415
0.16472888157217822,0.571021513036045,0.23924383127814053
0.16480605000514456,0.571021513036045,0.23914654167974447
0.16480605000514456,0.5713064539108135,0.23912936104383523
0.1648832184381109,0.5713064539108135,0.23908819042732246
0.1648832184381109,0.5714489243481977,0.23908768545334616
0.1649089412490997,0.5714489243481977,0.23907194130693785
0.1649089412490997,0.571591394785582,0.23905881631227435
0.1649346640600885,0.571591394785582,0.2390366061017801
0.1649346640600885,0.5717338652229662,0.23901061932742268
0.16496038687107728,0.5717338652229662,0.23899998801973107
0.16496038687107728,0.5718763356603505,0.23897255893552324
0.16501183249305484,0.5718763356603505,0.23894394818310388
0.16501183249305484,0.5720188060977347,0.23894269832631168
0.1652433377919539,0.5720188060977347,0.23881409184138083
0.1652433377919539,0.572161276535119,0.23879168432495546
0.16529478341393147,0.572161276535119,0.2387529656147894
0.16529478341393147,0.5723037469725032,0.2387283237008431
0.16532050622492026,0.5723037469725032,0.2387108070386173
0.16532050622492026,0.5724462174098874,0.23869163622199685
0.1653976746578866,0.5724462174098874,0.2386142945315387
0.1653976746578866,0.5727311582846559,0.23857134405261032
0.16552628871283054,0.5727311582846559,0.23854575161288447
0.16552628871283054,0.5730160991594244,0.23848787465516252
0.16568062557876326,0.5730160991594244,0.23834696606865566
0.16568062557876326,0.5731585695968087,0.23831994272807167
0.16578351682271839,0.5731585695968087,0.23823795138609308
0.16578351682271839,0.5733010400341929,0.23823749854353096
0.16580923963370717,0.5733010400341929,0.23823263837270067
0.16583496244469595,0.5734435104715772,0.23823045790958278
0.16586068525568473,0.5734435104715772,0.23822822591303824
0.16586068525568473,0.5735859809089614,0.23821695108243773
0.1658864080666735,0.5735859809089614,0.23815977472343008
0.1658864080666735,0.5738709217837299,0.2381288735991703
0.16604074493260623,0.5738709217837299,0.23804139066041474
0.16604074493260623,0.5740133922211141,0.2380353196207188
0.16611791336557258,0.5740133922211141,0.2380194666831563
0.1661436361765614,0.5741558626584984,0.23801874817624014
0.16624652742051652,0.5741558626584984,0.23796430205853986
0.16624652742051652,0.5742983330958826,0.23796221277619695
0.16637514147546043,0.5742983330958826,0.23787976506503297
0.16637514147546043,0.5744408035332669,0.23786574370526425
0.16640086428644923,0.5744408035332669,0.23786555315362382
0.16640086428644923,0.5748682148454196,0.23783759864579096
0.16650375553040436,0.5748682148454196,0.23780191453093633
0.16650375553040436,0.5750106852828039,0.23775056198154956
0.1665809239633707,0.5750106852828039,0.23769287196189265
0.1665809239633707,0.5752956261575723,0.23764620076580906
0.16665809239633708,0.5752956261575723,0.2375975935203753
0.16665809239633708,0.5755805670323408,0.23758427111317995
0.16668381520732586,0.5755805670323408,0.23756301944891534
0.16668381520732586,0.5758655079071092,0.2375296030349242
0.16683815207325856,0.5758655079071092,0.23739042296070523
0.16683815207325856,0.5760079783444935,0.2373723330661703
0.16686387488424734,0.5761504487818777,0.2372635438825318
0.16701821175018006,0.5761504487818777,0.2371709409003589
0.16701821175018006,0.5765778600940304,0.23714944251502382
0.16719827142710156,0.5765778600940304,0.23706868656342678
0.16722399423809034,0.5767203305314147,0.2370686279327057
0.16722399423809034,0.5768628009687989,0.23705419814818682
0.1674812223479782,0.5768628009687989,0.2369442787623754
0.1674812223479782,0.5770052714061832,0.23694368206955974
0.16753266796995575,0.5770052714061832,0.23690595840098275
0.16753266796995575,0.5772902122809517,0.23688541100122787
0.16776417326885482,0.5772902122809517,0.23674660006938716
0.16776417326885482,0.5774326827183359,0.2367353537664078
0.16781561889083238,0.5774326827183359,0.23671549334341732
0.16781561889083238,0.5775751531557202,0.23668591993485544
0.16817573824467538,0.5775751531557202,0.23647994484667298
0.16817573824467538,0.5777176235931044,0.23647038367033774
0.16820146105566416,0.5777176235931044,0.23644447913343136
0.16820146105566416,0.5781450349052571,0.23634429764249568
0.16822718386665295,0.5781450349052571,0.23630551266395614
0.16822718386665295,0.5782875053426414,0.2362772726177635
0.16825290667764173,0.5782875053426414,0.23624051968906667
0.16825290667764173,0.5784299757800256,0.23622742695458168
0.16833007511060807,0.5784299757800256,0.2360740464380485
0.16833007511060807,0.5785724462174099,0.23606944758015536
0.16843296635456323,0.5785724462174099,0.23600148083344402
0.16843296635456323,0.5787149166547941,0.2359875664440131
0.1684844119765408,0.5787149166547941,0.23595065578069377
0.1684844119765408,0.5788573870921784,0.23594921208143685
0.16869019446445108,0.5788573870921784,0.23582497867614582
0.16869019446445108,0.5789998575295626,0.23581553221981605
0.16874164008642864,0.5789998575295626,0.23579472947158212
0.16874164008642864,0.5791423279669469,0.23575313667781436
0.16876736289741742,0.5791423279669469,0.23574761792080615
0.16876736289741742,0.5792847984043311,0.23571451274691002
0.16887025414137258,0.5792847984043311,0.23563602984917384
0.16887025414137258,0.5795697392790996,0.2356301175892024
0.16894742257433892,0.5795697392790996,0.23557880933342015
0.16894742257433892,0.5798546801538681,0.2355610625917557
0.1689988681963165,0.5798546801538681,0.23555923217572317
0.1689988681963165,0.5799971505912523,0.2355372380030249
0.16902459100730527,0.5799971505912523,0.23553571533643436
0.16902459100730527,0.5801396210286366,0.23552379440763388
0.16905031381829405,0.5802820914660208,0.23552021794551864
0.16905031381829405,0.5804245619034051,0.23550534742527487
0.16910175944027164,0.5804245619034051,0.23548233322833484
0.16910175944027164,0.5805670323407893,0.2354750455060684
0.16938471036114827,0.5805670323407893,0.23534924800942322
0.16938471036114827,0.5809944436529421,0.235326724877941
0.16941043317213705,0.5809944436529421,0.23529765508787642
0.16941043317213705,0.5811369140903263,0.2352617771576216
0.16959049284905856,0.5811369140903263,0.23510963674908428
0.16959049284905856,0.5814218549650948,0.23508374914650237
0.16961621566004734,0.5814218549650948,0.23507657458826545
0.16961621566004734,0.5815643254024789,0.2350396776798366
0.16974482971499125,0.5815643254024789,0.23489787474912732
0.16974482971499125,0.5817067958398632,0.23487623234935928
0.1697962753369688,0.5817067958398632,0.23483807330529477
0.1697962753369688,0.5818492662772474,0.23483328957773975
0.16982199814795762,0.5818492662772474,0.2347990553816199
0.16982199814795762,0.5819917367146317,0.23478593340975895
0.17013067187982303,0.5819917367146317,0.2346519103569034
0.17013067187982303,0.5821342071520159,0.23460159370985612
0.17031073155674453,0.5821342071520159,0.23455728510812274
0.17031073155674453,0.5822766775894002,0.23451946908418553
0.1703621771787221,0.5822766775894002,0.23450364832138995
0.1703621771787221,0.5824191480267844,0.23450075196918335
0.17043934561168844,0.5824191480267844,0.23447785961574444
0.17043934561168844,0.5825616184641687,0.23447665829556694
0.170490791233666,0.5825616184641687,0.23446311373510534
0.170490791233666,0.5827040889015529,0.23443902744892217
0.1706708509105875,0.5827040889015529,0.23433013246953047
0.1706708509105875,0.5829890297763214,0.234295889513559
0.17072229653256507,0.5829890297763214,0.23423948298325437
0.17072229653256507,0.5834164410884741,0.23422251557927445
0.17074801934355385,0.5834164410884741,0.23418801985198504
0.17074801934355385,0.5835589115258584,0.23417878443816817
0.17079946496553144,0.5835589115258584,0.2341693947750269
0.17079946496553144,0.5839863228380111,0.23410878559961443
0.17090235620948657,0.5839863228380111,0.23405535557685495
0.17090235620948657,0.5841287932753954,0.23403921216324125
0.1710566930754193,0.5841287932753954,0.2338926773069527
0.1710566930754193,0.5842712637127796,0.23386007726501426
0.17108241588640807,0.5842712637127796,0.23384889040267032
0.17108241588640807,0.5844137341501638,0.23384314132825135
0.17113386150838564,0.5844137341501638,0.23382206086366733
0.17113386150838564,0.5846986750249323,0.23379511753100837
0.17115958431937442,0.5846986750249323,0.23379219410308757
0.17115958431937442,0.5848411454623166,0.23375763254607548
0.1713653668072847,0.5848411454623166,0.23362239904598567
0.1713653668072847,0.5849836158997008,0.23358038481156518
0.17146825805123983,0.5849836158997008,0.23356379985962394
0.17146825805123983,0.5851260863370851,0.23356158846693797
0.17151970367321742,0.5851260863370851,0.23353692814977273
0.17151970367321742,0.5852685567744693,0.23344123555015422
0.17162259491717255,0.5852685567744693,0.23330113789901427
0.17162259491717255,0.5854110272118536,0.23327312928540128
0.17180265459409405,0.5854110272118536,0.23322672892298876
0.17180265459409405,0.5855534976492378,0.23320516458797275
0.17203415989299312,0.5855534976492378,0.23306567138897238
0.17203415989299312,0.5858384385240063,0.2330278675015741
0.17213705113694824,0.5858384385240063,0.23292709052704755
0.17213705113694824,0.5859809089613905,0.2329052830091685
0.17223994238090337,0.5859809089613905,0.23284992980760222
0.17223994238090337,0.5861233793987748,0.23284171919509042
0.17231711081386974,0.5861233793987748,0.23275730601272338
0.17231711081386974,0.5864083202735433,0.23275218412920037
0.17242000205782487,0.5864083202735433,0.2327240692681696
0.17242000205782487,0.5865507907109275,0.23272218346516874
0.17244572486881365,0.5865507907109275,0.23265780290157112
0.17244572486881365,0.5866932611483118,0.23262692904402518
0.17252289330178003,0.5866932611483118,0.23259041498518518
0.17252289330178003,0.586835731585696,0.23256641338138
0.1725486161127688,0.586835731585696,0.232565799989035
0.1725486161127688,0.5869782020230803,0.23256432220249285
0.1727029529787015,0.5869782020230803,0.23245894474478818
0.1727029529787015,0.5871206724604644,0.23245183871870392
0.17280584422265666,0.5871206724604644,0.23240241981849027
0.17280584422265666,0.5875480837726171,0.23231573215106982
0.172883012655623,0.5875480837726171,0.2322825914553492
0.172883012655623,0.5876905542100014,0.23226678475160684
0.17308879514353329,0.5876905542100014,0.23206754261486756
0.17308879514353329,0.5878330246473856,0.23206231099792374
0.17337174606440992,0.5878330246473856,0.2319106651164931
0.17337174606440992,0.5879754950847699,0.23188101073119413
0.17342319168638748,0.5879754950847699,0.23183414373483657
0.17342319168638748,0.5881179655221541,0.23177024736935914
0.17352608293034263,0.5881179655221541,0.23173644071561667
0.17352608293034263,0.5882604359595384,0.23170322656927764
0.17355180574133142,0.5882604359595384,0.23169420899864168
0.17355180574133142,0.5884029063969226,0.23166019733673496
0.17360325136330898,0.5884029063969226,0.2316165779677422
0.17360325136330898,0.5885453768343069,0.23160757488021028
0.17362897417429776,0.5885453768343069,0.2315781856930526
0.17362897417429776,0.5886878472716911,0.23157386761168486
0.17380903385121926,0.5886878472716911,0.23147277957389964
0.17380903385121926,0.5889727881464596,0.2314322302871717
0.17386047947319683,0.5889727881464596,0.23141085357926086
0.17386047947319683,0.5891152585838438,0.23140541303405046
0.17396337071715198,0.5891152585838438,0.23131351229425537
0.17396337071715198,0.5892577290212281,0.23123841381547955
0.17398909352814076,0.5892577290212281,0.23122383820050985
0.17398909352814076,0.5902550220829178,0.23115826900906222
0.17404053915011833,0.5902550220829178,0.23112354091140047
0.17404053915011833,0.5905399629576863,0.23107316095547442
0.17411770758308467,0.5905399629576863,0.23092723731544393
0.17411770758308467,0.5906824333950705,0.23092402374895282
0.17419487601605105,0.5906824333950705,0.23087352546946738
0.17419487601605105,0.5908249038324548,0.23085180057120241
0.17499228315670337,0.5908249038324548,0.23037267020982227
0.17499228315670337,0.590967374269839,0.23036824516307616
0.17504372877868093,0.590967374269839,0.23033893192073135
0.17504372877868093,0.5911098447072233,0.23033299206754593
0.17512089721164728,0.5911098447072233,0.23027579715788526
0.17512089721164728,0.5912523151446075,0.23023323005248686
0.17527523407758,0.5912523151446075,0.23014210596038187
0.17527523407758,0.5913947855819918,0.23013605131330359
0.17530095688856878,0.5913947855819918,0.23012926759282254
0.17530095688856878,0.591537256019376,0.2301006738772165
0.17553246218746785,0.591537256019376,0.23001876735653046
0.17553246218746785,0.5918221968941445,0.2300002973092508
0.17555818499845663,0.5918221968941445,0.22999309760170752
0.17555818499845663,0.5919646673315287,0.2299899556652565
0.1755839078094454,0.5919646673315287,0.22998797949405408
0.1755839078094454,0.592107137768913,0.22996885244463178
0.1756096306204342,0.592107137768913,0.22994149003550693
0.1756096306204342,0.5922496082062972,0.22994109159558232
0.17591830435229963,0.5922496082062972,0.22975033718813018
0.17591830435229963,0.5923920786436815,0.22972910039258618
0.1759440271632884,0.5923920786436815,0.22967161120421978
0.1759440271632884,0.5925345490810657,0.22965556677084845
0.1760983640292211,0.5925345490810657,0.22950050645688772
0.1761240868402099,0.59267701951845,0.2294821173577192
0.1761240868402099,0.5928194899558341,0.22948043691155218
0.17617553246218748,0.5928194899558341,0.22943120044798654
0.17617553246218748,0.5929619603932184,0.22940643401010943
0.17635559213910895,0.5929619603932184,0.2292585683467318
0.17635559213910895,0.5932469012679868,0.22922505923856806
0.17638131495009773,0.5932469012679868,0.2291980890508277
0.17638131495009773,0.5933893717053711,0.22915584387533108
0.1764842061940529,0.5933893717053711,0.2290393737124879
0.1764842061940529,0.5935318421427553,0.22903769783728303
0.17650992900504167,0.5935318421427553,0.22903390245507874
0.17650992900504167,0.5936743125801396,0.2290109700321411
0.17653565181603045,0.5936743125801396,0.228999733714647
0.17653565181603045,0.5939592534549081,0.2289910806371699
0.1766128202489968,0.5939592534549081,0.2288959476309093
0.1766128202489968,0.5941017238922923,0.2288893386096527
0.17684432554789586,0.5941017238922923,0.22879246761997063
0.17687004835888465,0.5942441943296766,0.228789091376769
0.17689577116987346,0.5942441943296766,0.2287560057840353
0.17689577116987346,0.5943866647670608,0.2287493629487459
0.17692149398086224,0.5943866647670608,0.22870752204169517
0.17692149398086224,0.5945291352044451,0.22870442151691922
0.1771015536577837,0.5945291352044451,0.22865149925732098
0.17712727646877252,0.5946716056418293,0.22864334088803734
0.17725589052371643,0.5946716056418293,0.22861284544219582
0.17725589052371643,0.5948140760792135,0.22859457491854474
0.17733305895668278,0.5948140760792135,0.22845513685726404
0.17733305895668278,0.595099016953982,0.2284155926431493
0.17735878176767156,0.595099016953982,0.22841173750082588
0.17735878176767156,0.5952414873913663,0.22836922444237312
0.17738450457866037,0.5952414873913663,0.22834242664602125
0.17738450457866037,0.5953839578287505,0.22832253204715233
0.1774616730116267,0.5953839578287505,0.22828179423677308
0.1774616730116267,0.5958113691409033,0.2282665460804638
0.1774873958226155,0.5958113691409033,0.2282537063959348
0.1774873958226155,0.5959538395782875,0.22825113681087833
0.17756456425558184,0.5959538395782875,0.2281841391664004
0.17756456425558184,0.5960963100156718,0.22816814238495764
0.17761600987755943,0.5960963100156718,0.22814941539007738
0.17761600987755943,0.596238780453056,0.22814461656323054
0.177667455499537,0.596238780453056,0.22809691568946686
0.177667455499537,0.5963812508904403,0.2280942334707924
0.17769317831052578,0.5963812508904403,0.2280774627992349
0.17769317831052578,0.5966661917652087,0.22805242052733565
0.17787323798744728,0.5966661917652087,0.22797030786308517
0.17787323798744728,0.596808662202593,0.2279202929150737
0.17792468360942484,0.596808662202593,0.22788811948483426
0.17792468360942484,0.5969511326399772,0.22786305702586587
0.17795040642041363,0.5969511326399772,0.22785421829142657
0.17795040642041363,0.5970936030773615,0.22782493567569823
0.1781561889083239,0.5970936030773615,0.22769127610926776
0.1781561889083239,0.59737854395213,0.22766612060910602
0.17843913982920054,0.59737854395213,0.2274523995739255
0.17843913982920054,0.5975210143895142,0.22744498066953484
0.17851630826216688,0.5975210143895142,0.22740011856382478
0.17851630826216688,0.5976634848268985,0.22739383157299536
0.17854203107315567,0.5976634848268985,0.22737482750248114
0.17854203107315567,0.597948425701667,0.22729831076738458
0.17856775388414445,0.597948425701667,0.2272642419067026
0.17856775388414445,0.5980908961390512,0.22725599779515246
0.17864492231711082,0.5980908961390512,0.22721334581319014
0.17864492231711082,0.5982333665764354,0.22720477823602486
0.17874781356106595,0.5982333665764354,0.22718632525495577
0.17874781356106595,0.5983758370138196,0.22718357364099892
0.1788249819940323,0.5983758370138196,0.22716490385684687
0.1788249819940323,0.5985183074512038,0.22715370714802552
0.1790050416709538,0.5985183074512038,0.22700757533040017
0.1790050416709538,0.5986607778885881,0.22699799434702062
0.17926226978084164,0.5986607778885881,0.22680584321414488
0.17926226978084164,0.5989457187633566,0.22679788919499738
0.17939088383578558,0.5989457187633566,0.22666322543565884
0.17939088383578558,0.5990881892007408,0.22662690836935917
0.17944232945776314,0.5990881892007408,0.2266089378142468
0.17944232945776314,0.599230659638125,0.2266041406433332
0.179699557567651,0.599230659638125,0.2264526106890593
0.179699557567651,0.5993731300755093,0.22645022040919285
0.17975100318962856,0.5993731300755093,0.2264478521947613
0.17975100318962856,0.5995156005128935,0.22643506761550278
0.17977672600061734,0.5995156005128935,0.2264259018929015
0.17977672600061734,0.5996580709502778,0.22641877793805212
0.17990534005556127,0.5996580709502778,0.22636826473481278
0.17993106286655006,0.599800541387662,0.22636171803149432
0.1800082312995164,0.599800541387662,0.22632472941131312
0.1800082312995164,0.6002279526998148,0.22627081238882252
0.18003395411050518,0.6002279526998148,0.22624790829919927
0.18003395411050518,0.6005128935745833,0.22623820333523534
0.1801882909764379,0.6005128935745833,0.2260976426842647
0.1801882909764379,0.6006553640119675,0.22608341477683772
0.18034262784237062,0.6006553640119675,0.22598820778789178
0.18034262784237062,0.6007978344493518,0.22598477714096207
0.1803940734643482,0.6007978344493518,0.2259353442518461
0.1803940734643482,0.6010827753241202,0.22590274079794131
0.1805484103302809,0.6010827753241202,0.2257957152955823
0.1805484103302809,0.6013677161988887,0.22577668160493497
0.18085708406214632,0.6013677161988887,0.22553640481270681
0.18085708406214632,0.601510186636273,0.22553373523035744
0.18095997530610144,0.601510186636273,0.22545676208416973
0.18095997530610144,0.6016526570736572,0.22543211868049468
0.1810628665500566,0.6016526570736572,0.22536090717072715
0.1810628665500566,0.6017951275110415,0.22534422465532475
0.18108858936104538,0.6017951275110415,0.22532711859601542
0.18108858936104538,0.6019375979484257,0.2253243479485436
0.18168021401378742,0.6019375979484257,0.22504436459375793
0.18168021401378742,0.6022225388231942,0.22498201039924468
0.1817059368247762,0.6022225388231942,0.22496319475588564
0.1817059368247762,0.6023650092605785,0.22496154001259272
0.18198888774565283,0.6023650092605785,0.2248054800918047
0.18198888774565283,0.6025074796979627,0.22478467843587763
0.18214322461158555,0.6025074796979627,0.22460402796345827
0.18214322461158555,0.6027924205727312,0.22457821186907723
0.18247762115443975,0.6027924205727312,0.22442992364499906
0.18247762115443975,0.6029348910101154,0.22440890444415454
0.18250334396542855,0.6029348910101154,0.22439325690078438
0.18250334396542855,0.6030773614474997,0.22431858110710043
0.18255478958740612,0.6030773614474997,0.22423540898635114
0.18255478958740612,0.6032198318848839,0.22419037071475817
0.18263195802037246,0.6032198318848839,0.22414962338015154
0.18263195802037246,0.6033623023222682,0.22413933015770035
0.18265768083136125,0.6033623023222682,0.2241339894702685
0.18265768083136125,0.6035047727596524,0.22412885535766014
0.18299207737421547,0.6035047727596524,0.22397091501529554
0.18299207737421547,0.6036472431970367,0.2239681024972151
0.18301780018520425,0.6036472431970367,0.2239678705948997
0.18301780018520425,0.6040746545091893,0.2239045793000967
0.18324930548410331,0.6040746545091893,0.22371071078997937
0.18324930548410331,0.6042171249465735,0.22369611571106296
0.18330075110608088,0.6042171249465735,0.22367833541901944
0.18330075110608088,0.6043595953839578,0.22367664979636678
0.18353225640497994,0.6043595953839578,0.22355600027831887
0.18353225640497994,0.604502065821342,0.22355319347438418
0.1835837020269575,0.604502065821342,0.2234858000467934
0.1835837020269575,0.6046445362587263,0.2234500451245621
0.18368659327091263,0.6046445362587263,0.22338961566154186
0.18368659327091263,0.6047870066961105,0.2233816776567034
0.18373803889289023,0.6047870066961105,0.2233745414944472
0.18373803889289023,0.6049294771334948,0.22337242951574643
0.183763761703879,0.6049294771334948,0.22335202987432118
0.183763761703879,0.605071947570879,0.22335118381768615
0.18384093013684535,0.605071947570879,0.2233057865973343
0.18384093013684535,0.6052144180082633,0.22330449057885302
0.18386665294783414,0.6052144180082633,0.22330385541251638
0.18386665294783414,0.6053568884456475,0.22329515683613563
0.1839180985698117,0.6053568884456475,0.2232642595958081
0.1839180985698117,0.6054993588830317,0.22325449202083733
0.18399526700277807,0.6054993588830317,0.22318183121905572
0.18402098981376686,0.605641829320416,0.2231682733197016
0.18402098981376686,0.6060692406325687,0.22312378822420426
0.18404671262475564,0.6060692406325687,0.2231134666349551
0.18404671262475564,0.606211711069953,0.22311215665704803
0.18420104949068833,0.606211711069953,0.22301370470181398
0.18420104949068833,0.6063541815073372,0.22301217990949196
0.18422677230167714,0.6063541815073372,0.22301015545726505
0.18422677230167714,0.6064966519447215,0.22300371683987777
0.1842782179236547,0.6064966519447215,0.22296409557378968
0.1842782179236547,0.6066391223821057,0.2229471297626055
0.18430394073464348,0.6066391223821057,0.2228599234754574
0.18430394073464348,0.60678159281949,0.2228425783597105
0.18432966354563227,0.60678159281949,0.22284026357593606
0.18432966354563227,0.6069240632568742,0.22283056607263724
0.18448400041156499,0.6069240632568742,0.2227642320838944
0.18448400041156499,0.6070665336942584,0.22276109022162452
0.1845868916555201,0.6070665336942584,0.2227086887457192
0.1845868916555201,0.6072090041316427,0.2226695779542991
0.18471550571046405,0.6072090041316427,0.22254729388707362
0.18471550571046405,0.6073514745690269,0.22253458279288715
0.18494701100936312,0.6073514745690269,0.22243738797127863
0.18494701100936312,0.6077788858811797,0.22237562732925933
0.18499845663134068,0.6077788858811797,0.22235978187032612
0.18499845663134068,0.6080638267559482,0.22235261545533247
0.1851013478752958,0.6080638267559482,0.2223034523193895
0.1851013478752958,0.6082062971933324,0.22230287798672235
0.1851270706862846,0.6082062971933324,0.22229873794383984
0.18515279349727337,0.6083487676307167,0.22229164120044273
0.18525568474122853,0.6083487676307167,0.22224067172491707
0.18525568474122853,0.6084912380681009,0.22223879610837988
0.18533285317419487,0.6084912380681009,0.2221799382106115
0.18533285317419487,0.6086337085054851,0.2221502137949539
0.18535857598518365,0.6086337085054851,0.22214275246770715
0.18535857598518365,0.6087761789428694,0.22213035724439284
0.18538429879617244,0.6087761789428694,0.22211607218645674
0.18538429879617244,0.6089186493802536,0.22211589101668833
0.18551291285111637,0.6089186493802536,0.22199030366211397
0.18551291285111637,0.6092035902550221,0.2219580919729299
0.18559008128408272,0.6092035902550221,0.2218770014883949
0.18559008128408272,0.6094885311297906,0.2218514628995172
0.18569297252803788,0.6094885311297906,0.22180505192049432
0.18569297252803788,0.6096310015671748,0.22180466761726417
0.18574441815001544,0.6096310015671748,0.2217833478958453
0.18574441815001544,0.609773472004559,0.22177767787831193
0.18584730939397057,0.609773472004559,0.22168649550946887
0.18584730939397057,0.6099159424419432,0.22167708099079284
0.18587303220495935,0.6099159424419432,0.22167658107560034
0.18587303220495935,0.6100584128793275,0.2216611461913595
0.18592447782693694,0.6100584128793275,0.2216149363330994
0.18592447782693694,0.610343353754096,0.22157266962716257
0.18605309188188085,0.610343353754096,0.22149819036968482
0.18605309188188085,0.6104858241914802,0.22148976837629664
0.1861045375038584,0.6104858241914802,0.2214730525592829
0.1861045375038584,0.6107707650662487,0.2214255020379192
0.18615598312583598,0.6107707650662487,0.22139008859073958
0.18615598312583598,0.610913235503633,0.22138431960846747
0.18646465685770142,0.610913235503633,0.22111195296604425
0.18646465685770142,0.6111981763784015,0.2210465175724079
0.1866189937236341,0.6111981763784015,0.2209497658981095
0.1866189937236341,0.6113406468157857,0.2209445916330211
0.18672188496758926,0.6113406468157857,0.22084062436771038
0.18672188496758926,0.61148311725317,0.22078539980749506
0.1867990534005556,0.61148311725317,0.22073903974919445
0.1867990534005556,0.6116255876905542,0.2207240330980459
0.18690194464451076,0.6116255876905542,0.2206487311878648
0.18690194464451076,0.6117680581279384,0.22063745099875853
0.18703055869945467,0.6117680581279384,0.22061682682177994
0.18703055869945467,0.6119105285653227,0.2206132475464925
0.1873135096203313,0.6119105285653227,0.22046616970731298
0.18733923243132009,0.6120529990027069,0.2204657215103419
0.18744212367527524,0.6120529990027069,0.22041541668525658
0.18744212367527524,0.6121954694400912,0.22041249436970287
0.18746784648626402,0.6121954694400912,0.22039145577841304
0.18746784648626402,0.6126228807522439,0.2203735178299057
0.18772507459615187,0.6126228807522439,0.2202310053979575
0.18772507459615187,0.6129078216270124,0.22022248298014777
0.18777652021812943,0.6129078216270124,0.22012571686010776
0.18777652021812943,0.6130502920643967,0.22011546469191717
0.18798230270603972,0.6130502920643967,0.22000515452776065
0.1880080255170285,0.6131927625017809,0.21999648468992322
0.18803374832801728,0.6131927625017809,0.21997197726794146
0.18803374832801728,0.6133352329391651,0.21996019618574544
0.18816236238296122,0.6133352329391651,0.21986946987686107
0.18816236238296122,0.6134777033765494,0.21981350563907556
0.18823953081592756,0.6134777033765494,0.21974358425338414
0.18823953081592756,0.6136201738139336,0.21973638267767487
0.1883681448708715,0.6136201738139336,0.2196671178316674
0.1883681448708715,0.6141900555634706,0.2196100372646451
0.18844531330383785,0.6141900555634706,0.2195834118702045
0.18844531330383785,0.6143325260008549,0.2195647347983577
0.1884967589258154,0.6143325260008549,0.21955526354815025
0.1884967589258154,0.6144749964382391,0.21954431353770862
0.1885224817368042,0.6144749964382391,0.21951816237488486
0.1885224817368042,0.6146174668756234,0.21948004173536312
0.18880543265768082,0.6146174668756234,0.21928334132762403
0.18880543265768082,0.6147599373130076,0.21928216138550274
0.18890832390163598,0.6147599373130076,0.21919747358170374
0.18893404671262476,0.6149024077503918,0.2191246668618939
0.18895976952361354,0.6149024077503918,0.21911851746807312
0.18895976952361354,0.6150448781877761,0.21911500933464675
0.18908838357855748,0.6150448781877761,0.2190531157474215
0.18908838357855748,0.6151873486251602,0.2190172904588061
0.18916555201152382,0.6151873486251602,0.21898804470805736
0.18916555201152382,0.6154722894999287,0.21893447613109188
0.1892169976335014,0.6154722894999287,0.2189222044155504
0.1892169976335014,0.6157572303746972,0.2188999760109366
0.18924272044449017,0.6157572303746972,0.21889573643228363
0.18924272044449017,0.6158997008120815,0.21884175654363947
0.18931988887745652,0.6158997008120815,0.21881110406217152
0.18931988887745652,0.6160421712494657,0.21879218616212517
0.18942278012141167,0.6160421712494657,0.2187254013600667
0.18942278012141167,0.6161846416868499,0.2187073053735187
0.18949994855437802,0.6161846416868499,0.21865665030325313
0.18949994855437802,0.6163271121242342,0.21864602220427976
0.18960283979833317,0.6163271121242342,0.21853262533229056
0.18960283979833317,0.6164695825616184,0.21850671883173253
0.1897057310422883,0.6164695825616184,0.21842968419284856
0.1897057310422883,0.6166120529990027,0.21840871084906008
0.18991151353019858,0.6166120529990027,0.21829063503206356
0.18991151353019858,0.6167545234363869,0.21828675044212079
0.19014301882909765,0.6167545234363869,0.21817377392014858
0.19014301882909765,0.6168969938737712,0.21816271279509822
0.19032307850601915,0.6168969938737712,0.21807735768728662
0.19032307850601915,0.6171819347485397,0.21803940144139922
0.19045169256096306,0.6171819347485397,0.21790499719854
0.19045169256096306,0.6173244051859239,0.2179017501113507
0.19047741537195184,0.6174668756233082,0.2178994245034182
0.1905288609939294,0.6174668756233082,0.21783205937189046
0.1905288609939294,0.6177518164980766,0.21779414521911428
0.19068319785986212,0.6177518164980766,0.21765897195898357
0.19068319785986212,0.6181792278102294,0.21760961271125787
0.1907346434818397,0.6181792278102294,0.21758610435876502
0.1907346434818397,0.6186066391223821,0.2175435382416158
0.19076036629282847,0.6186066391223821,0.2175415172554827
0.19076036629282847,0.6188915799971506,0.21749228198702178
0.19094042596974997,0.6188915799971506,0.21733532560575144
0.19096614878073875,0.6190340504345349,0.21733352926126975
0.19096614878073875,0.6191765208719191,0.21729459414217517
0.19099187159172754,0.6191765208719191,0.21728985561178546
0.19099187159172754,0.6193189913093033,0.21727124146427418
0.19104331721370513,0.6193189913093033,0.2172438281690053
0.19104331721370513,0.6194614617466876,0.2172276332323437
0.1910947628356827,0.6194614617466876,0.2171872266006959
0.1910947628356827,0.6196039321840718,0.2171859961472448
0.19112048564667147,0.6196039321840718,0.21714461204443297
0.19112048564667147,0.6197464026214561,0.21714164458832688
0.19114620845766025,0.6197464026214561,0.21708503022492906
0.19114620845766025,0.6198888730588403,0.2170775463541371
0.19124909970161538,0.6198888730588403,0.2170554114707527
0.19124909970161538,0.6200313434962246,0.2170244035284345
0.19145488218952567,0.6200313434962246,0.21692920366284574
0.19145488218952567,0.6201738139336088,0.2169256094884845
0.19153205062249204,0.6201738139336088,0.21689724829873344
0.19153205062249204,0.6204587548083773,0.21688661322050853
0.19160921905545839,0.6204587548083773,0.21681572062955703
0.19160921905545839,0.6206012252457616,0.21681557010412564
0.19166066467743595,0.6206012252457616,0.21680261723778388
0.19166066467743595,0.6207436956831458,0.21679914199640343
0.1917378331104023,0.6207436956831458,0.2167657393056234
0.1917378331104023,0.6210286365579142,0.21674593771177716
0.19184072435435745,0.6210286365579142,0.2166551607744085
0.19184072435435745,0.6211711069952984,0.2165949021767862
0.19196933840930136,0.6211711069952984,0.21653551783738
0.19196933840930136,0.6213135774326827,0.21652635150769023
0.19212367527523408,0.6213135774326827,0.21642329545069808
0.19212367527523408,0.6214560478700669,0.2163982610044
0.19217512089721164,0.6214560478700669,0.2163692489347215
0.19217512089721164,0.6215985183074512,0.216366434371871
0.192252289330178,0.6215985183074512,0.21634708237441996
0.192252289330178,0.6217409887448354,0.216345129815521
0.19232945776314436,0.6217409887448354,0.21626750735464992
0.19232945776314436,0.6218834591822197,0.2162672399624583
0.19235518057413314,0.6218834591822197,0.21626645987794443
0.19235518057413314,0.6220259296196039,0.2162636707180608
0.19253524025105465,0.6220259296196039,0.2161217049576041
0.19253524025105465,0.6225958113691409,0.2160480303422024
0.1925866858730322,0.6225958113691409,0.21602298718424168
0.1925866858730322,0.6227382818065251,0.21600606978613568
0.19263813149500977,0.6227382818065251,0.21596776772142157
0.19263813149500977,0.6228807522439094,0.2159379130041963
0.19266385430599856,0.6228807522439094,0.21591501157785745
0.19266385430599856,0.6230232226812936,0.21589813410477932
0.1927410227389649,0.6230232226812936,0.2158799216028406
0.1927410227389649,0.6231656931186779,0.21586579783783344
0.1927667455499537,0.6231656931186779,0.21585949647643055
0.1927667455499537,0.6233081635560621,0.2158593017736953
0.19289535960489762,0.6233081635560621,0.21574829926031808
0.19289535960489762,0.6235931044308306,0.21573120939116175
0.19299825084885278,0.6235931044308306,0.2156728918016341
0.19299825084885278,0.6237355748682148,0.21562561220217508
0.19302397365984156,0.6237355748682148,0.2156019643025312
0.19302397365984156,0.6238780453055991,0.2155843680960299
0.19312686490379669,0.6238780453055991,0.2155094018533249
0.19312686490379669,0.6240205157429833,0.21548512147392554
0.19333264739170697,0.6240205157429833,0.21532858484224374
0.19333264739170697,0.6241629861803676,0.21530609915738272
0.1934355386356621,0.6241629861803676,0.2152302450178963
0.1934355386356621,0.6243054566177518,0.21522139094834422
0.19351270706862847,0.6243054566177518,0.21512256689492287
0.19351270706862847,0.6244479270551361,0.2151080456579607
0.19356415269060603,0.6244479270551361,0.2151005814229185
0.19356415269060603,0.6245903974925203,0.2150839432074014
0.19364132112357238,0.6245903974925203,0.21501669651465694
0.19364132112357238,0.6247328679299046,0.21500438946646716
0.19369276674554994,0.6247328679299046,0.21496087491550353
0.19369276674554994,0.6248753383672888,0.21494608873316082
0.19376993517851632,0.6248753383672888,0.21493175439868362
0.19376993517851632,0.6250178088046731,0.21491653645865488
0.19382138080049388,0.6250178088046731,0.21490789623829817
0.19382138080049388,0.6251602792420573,0.2148993416071226
0.19384710361148266,0.6251602792420573,0.21486624548485928
0.19384710361148266,0.6254452201168258,0.21480640142517302
0.19387282642247144,0.6254452201168258,0.21479893808191705
0.19387282642247144,0.6257301609915943,0.21478949534617134
0.1939757176664266,0.6257301609915943,0.21472823531031715
0.1939757176664266,0.6258726314289785,0.2147077404210258
0.19405288609939295,0.6258726314289785,0.21468406069746038
0.19405288609939295,0.6260151018663628,0.2146768079940151
0.19420722296532564,0.6260151018663628,0.2145792202555994
0.19423294577631445,0.626157572303747,0.2145254596992736
0.19436155983125836,0.626157572303747,0.21445643287239297
0.19436155983125836,0.6263000427411313,0.21441408425088387
0.19441300545323592,0.6263000427411313,0.21436922625079988
0.19441300545323592,0.6270123949280524,0.2142209547722743
0.1946187879411462,0.6270123949280524,0.21409782865472798
0.1946187879411462,0.6274398062402051,0.214041315288106
0.19469595637411255,0.6274398062402051,0.2140078693363174
0.19469595637411255,0.6278672175523579,0.2139920631961109
0.19472167918510136,0.6278672175523579,0.2139783629441441
0.19472167918510136,0.6280096879897421,0.21396736217697973
0.19474740199609014,0.6280096879897421,0.21396175635384065
0.19474740199609014,0.6281521584271264,0.21392922006633944
0.1948245704290565,0.6281521584271264,0.213844211245207
0.1948245704290565,0.6282946288645106,0.21383949255090073
0.19487601605103405,0.6282946288645106,0.21378955928733157
0.19487601605103405,0.6284370993018948,0.21378560162762567
0.19490173886202283,0.6284370993018948,0.2137845030993859
0.19490173886202283,0.6285795697392791,0.2137774970243304
0.19508179853894433,0.6285795697392791,0.21366982059913303
0.19508179853894433,0.6288645106140476,0.21365589916477154
0.19521041259388827,0.6288645106140476,0.21355498613746676
0.19521041259388827,0.6292919219262003,0.2135065029434958
0.19559625475872003,0.6292919219262003,0.2132624692465891
0.19559625475872003,0.6294343923635846,0.21324137315532546
0.1956219775697088,0.6294343923635846,0.21323317911878498
0.1956219775697088,0.6295768628009688,0.21322567675831977
0.1956477003806976,0.6295768628009688,0.2132187425015599
0.1956477003806976,0.6300042741131215,0.2131789150368574
0.19567342319168637,0.6300042741131215,0.21314507741621985
0.19569914600267518,0.6301467445505058,0.21310763011827383
0.19569914600267518,0.63028921498789,0.21303401337744818
0.19572486881366397,0.6304316854252743,0.21302697738883136
0.19577631443564153,0.6304316854252743,0.21299554165457973
0.19577631443564153,0.6305741558626585,0.21296710640265157
0.1958020372466303,0.6305741558626585,0.21296159870306527
0.1958020372466303,0.6307166263000428,0.21294028990407998
0.19623932503343966,0.6307166263000428,0.21274893735576034
0.19623932503343966,0.630859096737427,0.21273145918016334
0.19629077065541722,0.630859096737427,0.2127270519412803
0.19629077065541722,0.6310015671748113,0.21269452936554434
0.19639366189937235,0.6310015671748113,0.21267306370358702
0.19639366189937235,0.6311440376121955,0.21265067887801567
0.1964965531433275,0.6311440376121955,0.2125951355862589
0.1964965531433275,0.6312865080495798,0.21255494322636276
0.19654799876530507,0.6312865080495798,0.21253761901386353
0.19654799876530507,0.631428978486964,0.21252663547564904
0.19662516719827142,0.631428978486964,0.21247232412898584
0.19662516719827142,0.6315714489243482,0.2124660449571019
0.1967023356312378,0.6315714489243482,0.21237916408051502
0.1967023356312378,0.6317139193617325,0.21236827855725848
0.19680522687519292,0.6317139193617325,0.21232504924154552
0.19680522687519292,0.631998860236501,0.21228544414500375
0.1968309496861817,0.631998860236501,0.212279700452591
0.1968309496861817,0.6321413306738851,0.2122664430838466
0.19690811811914807,0.6321413306738851,0.2122366618584057
0.19690811811914807,0.6322838011112694,0.2122319280662765
0.19703673217409198,0.6322838011112694,0.21218054052282845
0.19703673217409198,0.6324262715486536,0.21217461594940928
0.19737112871694618,0.6324262715486536,0.2119848423353624
0.19737112871694618,0.6325687419860379,0.2119827215304362
0.1974997427718901,0.6325687419860379,0.2119417144054504
0.1974997427718901,0.6329961532981906,0.21192434170436797
0.19760263401584524,0.6329961532981906,0.21186595104948638
0.19760263401584524,0.6331386237355748,0.21186193261488587
0.19762835682683402,0.6331386237355748,0.2118615022531237
0.19765407963782283,0.6332810941729591,0.2118508030131861
0.19767980244881161,0.6332810941729591,0.21181344933669277
0.19767980244881161,0.6334235646103433,0.2118128074379211
0.19775697088177796,0.6334235646103433,0.2117797529076705
0.19775697088177796,0.6335660350477276,0.21177843029769988
0.19778269369276674,0.6335660350477276,0.21177126079391728
0.19778269369276674,0.6337085054851118,0.2117563546297653
0.1978598621257331,0.6337085054851118,0.21172064147994443
0.1978598621257331,0.6339934463598803,0.21171379784513863
0.1978855849367219,0.6339934463598803,0.2117059670716283
0.1978855849367219,0.6342783872346488,0.21167726277216928
0.19793703055869946,0.6342783872346488,0.21162786080083384
0.19793703055869946,0.634420857672033,0.2116103011298436
0.19827142710155365,0.634420857672033,0.21142342538351577
0.19827142710155365,0.6345633281094173,0.21140754353552788
0.19832287272353122,0.6345633281094173,0.21140274893025474
0.19832287272353122,0.6347057985468015,0.21138590136426566
0.19842576396748637,0.6347057985468015,0.21137886355094712
0.19842576396748637,0.6348482689841858,0.2113704954354334
0.19876016051034057,0.6348482689841858,0.2110997136912094
0.19876016051034057,0.6351332098589543,0.21102118607304324
0.19881160613231813,0.6351332098589543,0.21098219834875107
0.19881160613231813,0.635560621171107,0.2109638078213149
0.19886305175429572,0.635560621171107,0.21090124271976265
0.19886305175429572,0.6357030916084913,0.210900009712272
0.19891449737627329,0.6357030916084913,0.21087278752219596
0.19894022018726207,0.6358455620458755,0.21087116106843287
0.19896594299825085,0.6358455620458755,0.210862379430892
0.19896594299825085,0.636130502920644,0.21084041168579995
0.19912027986418357,0.636130502920644,0.21075615042331033
0.19912027986418357,0.6362729733580282,0.21075499456468189
0.19914600267517235,0.6364154437954125,0.210691035047793
0.1992231711081387,0.6364154437954125,0.2106551105567589
0.19924889391912748,0.6365579142327967,0.2106412085344511
0.19924889391912748,0.636700384670181,0.21060702506760845
0.19945467640703776,0.636700384670181,0.2104916696548734
0.19945467640703776,0.6369853255449495,0.2104751302419847
0.19948039921802654,0.6369853255449495,0.2104594849796411
0.19948039921802654,0.6371277959823337,0.21045826092527314
0.19950612202901533,0.6371277959823337,0.2104469373212804
0.19950612202901533,0.637270266419718,0.21042248762800878
0.19968618170593683,0.637270266419718,0.21027184998636358
0.19968618170593683,0.6374127368571022,0.21025443935496582
0.19986624138285833,0.6374127368571022,0.21011819302864157
0.19986624138285833,0.6375552072944864,0.21010499689989365
0.1998919641938471,0.6375552072944864,0.21007881768896478
0.1998919641938471,0.6376976777318706,0.21006153787949247
0.19994340981582467,0.6376976777318706,0.21005478621107088
0.19996913262681346,0.6378401481692548,0.21005180696669037
0.19999485543780224,0.6378401481692548,0.2100212461757903
0.19999485543780224,0.6379826186066391,0.20999995123600196
0.20002057824879102,0.6379826186066391,0.20999810106034217
0.20002057824879102,0.6381250890440233,0.20999038676371193
0.2004321432246116,0.6381250890440233,0.20975765203505156
0.2004321432246116,0.6382675594814076,0.2097545713098959
0.20045786603560037,0.6382675594814076,0.20975024504542017
0.20045786603560037,0.6384100299187918,0.20972336318660645
0.20089515382240972,0.6384100299187918,0.20950293503601572
0.20089515382240972,0.6388374412309445,0.20947480232701116
0.20094659944438728,0.6388374412309445,0.20944450159190195
0.20094659944438728,0.6389799116683288,0.20941527399349638
0.20097232225537606,0.6389799116683288,0.20938569771595317
0.20097232225537606,0.639122382105713,0.20938038547266208
0.20099804506636484,0.639122382105713,0.20937171170843064
0.20099804506636484,0.6394073229804815,0.20928666031195686
0.20102376787735363,0.6394073229804815,0.2092712917361145
0.20102376787735363,0.6395497934178658,0.20925308385911448
0.20112665912130878,0.6395497934178658,0.20921961597797373
0.20112665912130878,0.63969226385525,0.2092123905212741
0.20115238193229756,0.63969226385525,0.20920377258800302
0.20115238193229756,0.6398347342926343,0.2091983729081545
0.2012552731762527,0.6398347342926343,0.20908112908286072
0.2012552731762527,0.6399772047300185,0.20907244877172787
0.20128099598724147,0.6399772047300185,0.20905720648666096
0.20128099598724147,0.6404046160421712,0.20895352340874598
0.20133244160921906,0.6404046160421712,0.20891842788961518
0.20133244160921906,0.6405470864795555,0.20890286763389124
0.2014353328531742,0.6405470864795555,0.20882247210552934
0.2014353328531742,0.6406895569169397,0.2088190389714728
0.20156394690811813,0.6406895569169397,0.20876891887176338
0.20156394690811813,0.640832027354324,0.20876388691025505
0.20164111534108448,0.640832027354324,0.20871995688678555
0.20164111534108448,0.6409744977917082,0.20870660218382905
0.20182117501800598,0.6409744977917082,0.20857584993899142
0.20182117501800598,0.6411169682290925,0.20856169709251443
0.2019240662619611,0.6411169682290925,0.20847111536784105
0.2019240662619611,0.6412594386664767,0.20845258261628558
0.20205268031690504,0.6412594386664767,0.20838567198949973
0.20205268031690504,0.6415443795412452,0.20834854595453006
0.20207840312789382,0.6415443795412452,0.20834580914917925
0.20207840312789382,0.6416868499786295,0.20834483463520828
0.20223273999382652,0.6416868499786295,0.20828377333280768
0.20223273999382652,0.641971790853398,0.20827480929919553
0.2022841856158041,0.641971790853398,0.20822671009304536
0.2022841856158041,0.6423992021655507,0.2082115848493918
0.20236135404877045,0.6423992021655507,0.2081707197038441
0.20236135404877045,0.6425416726029349,0.20815801492152294
0.20254141372569195,0.6425416726029349,0.20802993494597322
0.20254141372569195,0.6426841430403192,0.20802156188218685
0.20267002778063586,0.6426841430403192,0.2079596924959483
0.20267002778063586,0.6428266134777034,0.2079341364002128
0.2027471962136022,0.6428266134777034,0.207859178344911
0.2027471962136022,0.6429690839150877,0.20785492737317968
0.20282436464656858,0.6429690839150877,0.20780310944339225
0.20282436464656858,0.6431115543524719,0.20777414800690794
0.20285008745755737,0.6431115543524719,0.20777288292407656
0.20285008745755737,0.6432540247898562,0.2077696777351977
0.20318448400041156,0.6432540247898562,0.20756360726003562
0.20318448400041156,0.6433964952272403,0.20755438437351864
0.20326165243337793,0.6433964952272403,0.20753511995588828
0.20326165243337793,0.6435389656646245,0.2075230413071996
0.2032873752443667,0.6435389656646245,0.2074584185816134
0.2032873752443667,0.6436814361020088,0.20743622520617525
0.203493157732277,0.6436814361020088,0.20735616070917826
0.203493157732277,0.643823906539393,0.20735262607609053
0.20367321740919847,0.643823906539393,0.20722341688764584
0.20367321740919847,0.6439663769767773,0.20722245335629846
0.20369894022018725,0.6439663769767773,0.20722185980226213
0.20369894022018725,0.6441088474141615,0.2071704893785037
0.20375038584216484,0.6441088474141615,0.20715933881493412
0.20377610865315363,0.6442513178515458,0.2071276963071134
0.20387899989710875,0.6442513178515458,0.2070582255789432
0.20387899989710875,0.64439378828893,0.2070465396115529
0.20390472270809754,0.64439378828893,0.20701575424375232
0.20390472270809754,0.6445362587263143,0.20698179228357066
0.2039561683300751,0.6445362587263143,0.20691122842106466
0.2039561683300751,0.6446787291636985,0.20689263370136948
0.2040076139520527,0.6446787291636985,0.20689039984658944
0.2040076139520527,0.6452486109132355,0.20683509681798198
0.20418767362897416,0.6452486109132355,0.2067326902190443
0.20421339643996295,0.6453910813506197,0.20672891561988152
0.20429056487292932,0.6453910813506197,0.20669040757024573
0.20429056487292932,0.645533551788004,0.2066665367320969
0.20436773330589567,0.645533551788004,0.20656826332360392
0.20436773330589567,0.6456760222253882,0.20655881811910246
0.20441917892787323,0.6456760222253882,0.20654042141725926
0.20441917892787323,0.6459609631001567,0.20652854125261347
0.2044963473608396,0.6459609631001567,0.20648806032177258
0.2044963473608396,0.646103433537541,0.2064836595839443
0.20457351579380595,0.646103433537541,0.20641971430285602
0.20457351579380595,0.6463883744123095,0.20639964266726316
0.2046249614157835,0.6463883744123095,0.2063339417590904
0.2046249614157835,0.6465308448496937,0.2063306758159576
0.20467640703776108,0.6465308448496937,0.20627157262639906
0.20467640703776108,0.6466733152870779,0.20626542526613026
0.20472785265973867,0.6466733152870779,0.2062435421621168
0.20472785265973867,0.6468157857244622,0.206243042792444
0.20480502109270501,0.6468157857244622,0.2061874049172076
0.20480502109270501,0.6471007265992307,0.2061744420728141
0.20488218952567136,0.6471007265992307,0.2061137984692956
0.20488218952567136,0.6472431970366149,0.20610202216045462
0.20503652639160408,0.6472431970366149,0.20601105628282093
0.20503652639160408,0.6473856674739992,0.2060047271080259
0.20521658606852558,0.6473856674739992,0.2058968273770169
0.20521658606852558,0.6476706083487677,0.20587913371025815
0.20544809136742465,0.6476706083487677,0.2057809983798327
0.20544809136742465,0.6478130787861519,0.20574734674053066
0.2054995369894022,0.6478130787861519,0.20573354161319984
0.2054995369894022,0.6479555492235362,0.20572211322901898
0.20557670542236856,0.6479555492235362,0.20570352117785526
0.20560242823335734,0.6480980196609204,0.20569716378822506
0.20567959666632368,0.6480980196609204,0.20568970582955814
0.20567959666632368,0.6483829605356889,0.20568682374975716
0.2057053194773125,0.6483829605356889,0.20568422344728557
0.2057053194773125,0.6485254309730731,0.20567077256154068
0.20575676509929006,0.6485254309730731,0.205646731759681
0.20575676509929006,0.6486679014104574,0.20563465725834695
0.2058339335322564,0.6486679014104574,0.2056125087961087
0.2058339335322564,0.6488103718478416,0.20561205301056254
0.20591110196522275,0.6488103718478416,0.20556133255127015
0.20591110196522275,0.6489528422852258,0.20553411872765107
0.2060139932091779,0.6489528422852258,0.20548510983912863
0.2060139932091779,0.64909531272261,0.20547669923461398
0.20603971602016669,0.64909531272261,0.20547180133846227
0.20603971602016669,0.6493802535973785,0.20546835365012592
0.20611688445313303,0.6493802535973785,0.2054044195056988
0.20611688445313303,0.6495227240347627,0.20535119032995508
0.2061426072641218,0.6495227240347627,0.20534197884871308
0.2061426072641218,0.649665194472147,0.20532313782328765
0.2061940528860994,0.649665194472147,0.205283623230877
0.2061940528860994,0.6498076649095312,0.20528125664315708
0.20637411256302088,0.6498076649095312,0.20514291585009914
0.20637411256302088,0.6499501353469155,0.20514210157103602
0.20647700380697603,0.6499501353469155,0.20509036325619442
0.20647700380697603,0.6500926057842997,0.20507676414866274
0.2065284494289536,0.6500926057842997,0.20506782619819067
0.2065284494289536,0.6503775466590682,0.20504014859748143
0.20668278629488632,0.6503775466590682,0.20495109956449406
0.20668278629488632,0.6505200170964525,0.2049413100168019
0.20678567753884144,0.6505200170964525,0.20486528930049866
0.20681140034983023,0.6506624875338367,0.20486475795979214
0.20688856878279657,0.6506624875338367,0.20484641032683712
0.20688856878279657,0.650804957971221,0.20481460735578727
0.20691429159378538,0.650804957971221,0.20480411589248937
0.20691429159378538,0.6510898988459894,0.20470759806985556
0.20717151970367323,0.6510898988459894,0.20457637626439407
0.20717151970367323,0.6512323692833737,0.20452456836681254
0.207197242514662,0.6512323692833737,0.2045169807378374
0.207197242514662,0.6513748397207579,0.20450853067622632
0.20724868813663958,0.6513748397207579,0.2044690135582985
0.20724868813663958,0.6515173101581422,0.2044549805233595
0.20727441094762836,0.6515173101581422,0.20442870842898817
0.20727441094762836,0.6520871919076792,0.20435026155974095
0.20748019343553864,0.6520871919076792,0.20425184778906538
0.20748019343553864,0.6522296623450634,0.20424996415129743
0.20750591624652742,0.6522296623450634,0.20424632848400806
0.20750591624652742,0.6523721327824477,0.2042357809209635
0.20755736186850499,0.6523721327824477,0.20422196690985917
0.20755736186850499,0.6525146032198319,0.20421289192244854
0.20781458997839283,0.6525146032198319,0.20413494596908383
0.20781458997839283,0.6526570736572161,0.20413367504290225
0.20796892684432555,0.6526570736572161,0.20406754737940333
0.20796892684432555,0.6527995440946004,0.20406439262141304
0.20825187776520218,0.6527995440946004,0.2037701735798216
0.20825187776520218,0.6529420145319846,0.20372218516894647
0.2085348286860788,0.6529420145319846,0.20353689447187392
0.2085348286860788,0.6535118962815216,0.20351598522354372
0.20879205679596666,0.6535118962815216,0.20334572418225375
0.20879205679596666,0.6536543667189059,0.20334062040632542
0.20886922522893303,0.6536543667189059,0.20323479594295732
0.20886922522893303,0.6537968371562901,0.20321939898891997
0.2090492849058545,0.6537968371562901,0.20315113548376196
0.2090492849058545,0.6540817780310586,0.20311834774983226
0.2090750077168433,0.6540817780310586,0.20310844627488966
0.2090750077168433,0.6542242484684428,0.20308598415549922
0.20920362177178722,0.6542242484684428,0.20305309673719812
0.20920362177178722,0.6543667189058271,0.20302017747503365
0.20930651301574235,0.6543667189058271,0.202939946484769
0.20930651301574235,0.6545091893432112,0.20293490520362806
0.20971807799156292,0.6545091893432112,0.2027227289615264
0.20971807799156292,0.6547941302179797,0.2026948861576652
0.20982096923551805,0.6547941302179797,0.2026473710370231
0.20982096923551805,0.654936600655364,0.20263856910867015
0.2100524745344171,0.654936600655364,0.2025315371905772
0.2100524745344171,0.6550790710927482,0.2025002922157155
0.2101039201563947,0.6550790710927482,0.2024826017574642
0.2101039201563947,0.6552215415301325,0.20247394157009857
0.21020681140034983,0.6552215415301325,0.20241243915553014
0.21020681140034983,0.6553640119675167,0.20240714352956174
0.2102325342113386,0.6553640119675167,0.20239744490006284
0.2102325342113386,0.6560763641544379,0.20223849106033173
0.21028397983331618,0.6560763641544379,0.2022229852690014
0.21028397983331618,0.6563613050292064,0.20219477574184444
0.21030970264430496,0.6563613050292064,0.20218972098770782
0.21030970264430496,0.6565037754665907,0.202183917435948
0.2105669307541928,0.6565037754665907,0.2019912626639928
0.2105669307541928,0.6566462459039749,0.2019875079277473
0.21059265356518161,0.6566462459039749,0.2019803292228702
0.21059265356518161,0.6567887163413592,0.20196123359586604
0.2106183763761704,0.6567887163413592,0.20195105844643296
0.2106183763761704,0.6569311867787434,0.20192136761471302
0.2107727132421031,0.6569311867787434,0.20186830656860977
0.2107727132421031,0.6570736572161276,0.20185444752291942
0.21084988167506946,0.6570736572161276,0.20181825602691505
0.21084988167506946,0.6572161276535119,0.20179207878308547
0.21087560448605824,0.6572161276535119,0.20176293748512877
0.21087560448605824,0.6573585980908961,0.20175947361862737
0.2109270501080358,0.6573585980908961,0.20173141911924625
0.2109527729190246,0.6575010685282804,0.20172429473573544
0.21108138697396853,0.6575010685282804,0.20166679584419236
0.21108138697396853,0.6579284798404331,0.20161527650719002
0.2114415063278115,0.6579284798404331,0.20138804746524472
0.2114415063278115,0.6580709502778174,0.20136421366010046
0.21167301162671057,0.6580709502778174,0.2012641243441534
0.21167301162671057,0.6582134207152016,0.20125788196487066
0.21172445724868813,0.6582134207152016,0.20119916891668643
0.21172445724868813,0.6583558911525859,0.20117730844886764
0.2118016256816545,0.6583558911525859,0.20113824864199453
0.2118016256816545,0.6584983615899701,0.20112734085689896
0.21187879411462085,0.6584983615899701,0.2010669003822283
0.21187879411462085,0.6586408320273544,0.2010567184586737
0.21190451692560963,0.6586408320273544,0.20105455430564007
0.21190451692560963,0.6587833024647386,0.2010417843954113
0.2119559625475872,0.6587833024647386,0.2010381379337078
0.2119559625475872,0.6589257729021228,0.20103061430147146
0.21203313098055354,0.6589257729021228,0.20100486447571597
0.21203313098055354,0.6590682433395071,0.20099917752495314
0.21205885379154235,0.6590682433395071,0.2009927444092959
0.21205885379154235,0.6592107137768913,0.20097891077874536
0.2121360222245087,0.6592107137768913,0.2009597360266639
0.2121360222245087,0.6593531842142756,0.20094726788203995
0.21218746784648626,0.6593531842142756,0.20093952572854665
0.21218746784648626,0.6594956546516598,0.200934740352121
0.21223891346846382,0.6594956546516598,0.20085043562492463
0.21223891346846382,0.6596381250890441,0.20083642775353153
0.2123160819014302,0.6596381250890441,0.20080361614293224
0.2123160819014302,0.6597805955264283,0.2008003336613523
0.21241897314538533,0.6597805955264283,0.2007197961576681
0.21241897314538533,0.6599230659638126,0.2007035581944946
0.2124446959563741,0.6600655364011968,0.2006935970134711
0.21288198374318346,0.6600655364011968,0.20050889936131147
0.21288198374318346,0.6602080068385809,0.20050131491793924
0.21301059779812737,0.6602080068385809,0.20042683542038903
0.21301059779812737,0.6603504772759652,0.20040951201359875
0.21326782590801524,0.6603504772759652,0.20027431011613128
0.21326782590801524,0.6606354181507337,0.20026566681624278
0.2133192715299928,0.6606354181507337,0.2002440532517558
0.2133192715299928,0.6607778885881179,0.20023958184649468
0.21360222245086943,0.6607778885881179,0.2000975598827851
0.21360222245086943,0.6609203590255022,0.20009130763717264
0.213653668072847,0.6609203590255022,0.20007928664241695
0.213653668072847,0.6610628294628864,0.20006124794464591
0.21380800493877972,0.6610628294628864,0.20001067952294485
0.21380800493877972,0.6612052999002707,0.20000332643008548
0.21388517337174606,0.6612052999002707,0.1999764860613545
0.21388517337174606,0.6613477703376549,0.1999718264745213
0.2139880646157012,0.6613477703376549,0.1999443353552562
0.2139880646157012,0.6614902407750392,0.19992809554010926
0.21409095585965635,0.6614902407750392,0.19991716233999138
0.21409095585965635,0.6616327112124234,0.19990893782405897
0.2141424014816339,0.6616327112124234,0.1999018162927085
0.2141424014816339,0.6620601225245761,0.19988299654673927
0.21419384710361147,0.6620601225245761,0.19985726984407942
0.21419384710361147,0.6623450633993446,0.19984146483721368
0.2143224611585554,0.6623450633993446,0.19981844521966796
0.2143224611585554,0.6626300042741131,0.19980082147723022
0.21442535240251054,0.6626300042741131,0.1997638471904926
0.21442535240251054,0.6627724747114974,0.19976058143585804
0.2144767980244881,0.6627724747114974,0.19972672193905186
0.2144767980244881,0.6631998860236501,0.19968975543582776
0.21470830332338717,0.6631998860236501,0.19939028750773996
0.21470830332338717,0.6633423564610343,0.19937598667527787
0.21506842267723017,0.6633423564610343,0.19918060611305635
0.21506842267723017,0.6636272973358028,0.19916280648818735
0.21509414548821895,0.6636272973358028,0.19915299465494485
0.21509414548821895,0.6637697677731871,0.19914301125499648
0.21524848235415167,0.6637697677731871,0.19908635755789597
0.21524848235415167,0.6639122382105713,0.19907789865260614
0.21532565078711802,0.6639122382105713,0.1990483925855366
0.21532565078711802,0.6640547086479556,0.1990296629939239
0.21555715608601708,0.6640547086479556,0.1988939810955202
0.21555715608601708,0.6641971790853398,0.19888006417101475
0.215685770140961,0.6641971790853398,0.19881962588777216
0.215685770140961,0.6643396495227241,0.19881757329417543
0.2157114929519498,0.6643396495227241,0.1988130156062237
0.2157114929519498,0.6644821199601083,0.1988016795223926
0.21578866138491615,0.6644821199601083,0.19872955301100145
0.21581438419590493,0.6646245903974926,0.19870676990336456
0.2160201666838152,0.6646245903974926,0.1985663256404594
0.2160201666838152,0.6647670608348768,0.19856524225270092
0.216045889494804,0.6647670608348768,0.19856357228001875
0.216045889494804,0.664909531272261,0.19855243658963198
0.21609733511678156,0.664909531272261,0.1985227296678552
0.21609733511678156,0.6650520017096453,0.19849812554001925
0.21612305792777034,0.6650520017096453,0.19849678105961396
0.21612305792777034,0.6651944721470295,0.1984677900464615
0.2162002263607367,0.6651944721470295,0.19843788940437793
0.2162002263607367,0.6653369425844138,0.19843381160103268
0.21627739479370306,0.6653369425844138,0.19832393561179829
0.21627739479370306,0.665479413021798,0.19829580548150494
0.21630311760469184,0.665479413021798,0.19827937101780752
0.21632884041568062,0.6656218834591823,0.19827432377363363
0.2163545632266694,0.6656218834591823,0.19827220666568357
0.2163545632266694,0.6657643538965664,0.19824961870456223
0.2163802860376582,0.6657643538965664,0.19819826987244352
0.2163802860376582,0.6659068243339507,0.19819742977783192
0.21643173165963578,0.6659068243339507,0.198172608252999
0.21645745447062456,0.6660492947713349,0.19815348447304554
0.21658606852556847,0.6660492947713349,0.19810706660548716
0.21658606852556847,0.6661917652087191,0.19808927523735742
0.21663751414754603,0.6661917652087191,0.19806559104231442
0.21663751414754603,0.6663342356461034,0.19806211532374296
0.21676612820248997,0.6663342356461034,0.1980224758878783
0.21679185101347875,0.6664767060834876,0.19802230671515988
0.21681757382446754,0.6664767060834876,0.19800366011669293
0.21681757382446754,0.6666191765208719,0.197977846818748
0.2168690194464451,0.6666191765208719,0.19795472574139955
0.21689474225743388,0.6667616469582561,0.1979473418794621
0.21697191069040025,0.6667616469582561,0.19792319608310566
0.21697191069040025,0.6669041173956404,0.19792196972395518
0.21710052474534416,0.6669041173956404,0.1978453657654234
0.21710052474534416,0.6670465878330246,0.19783347604291296
0.21712624755633295,0.6670465878330246,0.19780126299936437
0.21715197036732173,0.6671890582704089,0.19779999012511074
0.21715197036732173,0.6673315287077931,0.19776307172367794
0.21720341598929932,0.6673315287077931,0.19773963387772525
0.21720341598929932,0.6677589400199458,0.1976330035350444
0.2175378125321535,0.6677589400199458,0.1974408087207344
0.2175378125321535,0.6679014104573301,0.19740542754969512
0.2175635353431423,0.6679014104573301,0.19740207625889178
0.2175635353431423,0.6680438808947143,0.1973971430724861
0.21776931783105258,0.6680438808947143,0.19728765742548388
0.21776931783105258,0.6683288217694828,0.19727747070755455
0.21779504064204136,0.6684712922068671,0.19726485061411722
0.21789793188599652,0.6684712922068671,0.19721455373381608
0.21789793188599652,0.6686137626442513,0.1972140470187283
0.2179236546969853,0.6686137626442513,0.19721403731455023
0.2179236546969853,0.6687562330816356,0.19720531103967834
0.21797510031896286,0.6687562330816356,0.1971815355407581
0.21797510031896286,0.6688987035190198,0.19715407567361415
0.21802654594094042,0.6688987035190198,0.19710713384336948
0.21802654594094042,0.6691836443937883,0.1970728677071751
0.2180522687519292,0.6691836443937883,0.1970637710053072
0.2180522687519292,0.6694685852685568,0.19703106662076902
0.21815515999588436,0.6694685852685568,0.19693110109296083
0.21815515999588436,0.669611055705941,0.19692706355316014
0.21818088280687314,0.669611055705941,0.19689945318413846
0.21818088280687314,0.6698959965807095,0.1968880664798304
0.21820660561786193,0.6698959965807095,0.19688440834348012
0.21820660561786193,0.6700384670180938,0.19685843113583418
0.2182323284288507,0.6700384670180938,0.19684694625741053
0.2182323284288507,0.6703234078928623,0.19683110350222882
0.21828377405082827,0.6703234078928623,0.19678727328436607
0.21828377405082827,0.6704658783302465,0.19678421783989986
0.21846383372774977,0.6704658783302465,0.19668426321954452
0.21846383372774977,0.6706083487676308,0.1966367209705063
0.21851527934972734,0.6706083487676308,0.1965726416401
0.21851527934972734,0.6708932896423992,0.19654121993120083
0.21859244778269368,0.6708932896423992,0.19652484670003856
0.21859244778269368,0.6710357600797835,0.19652226764413236
0.21869533902664884,0.6710357600797835,0.19647088456131695
0.21869533902664884,0.6711782305171677,0.1964598123391344
0.21879823027060397,0.6711782305171677,0.19642238871458167
0.21879823027060397,0.671320700954552,0.19642048137725354
0.21882395308159275,0.671320700954552,0.1963671809000274
0.21882395308159275,0.6714631713919361,0.19634676588476208
0.21928696367939088,0.6714631713919361,0.1961303712842373
0.21928696367939088,0.6717481122667046,0.1960845689620124
0.21931268649037966,0.6717481122667046,0.19607863910349893
0.21931268649037966,0.6718905827040889,0.19607142465696797
0.21936413211235725,0.6718905827040889,0.19601339492021322
0.21936413211235725,0.6720330531414731,0.19601056051289809
0.21938985492334603,0.6720330531414731,0.19599987849494147
0.21938985492334603,0.6721755235788573,0.19599758395157985
0.2196213602222451,0.6721755235788573,0.1958649236579299
0.2196213602222451,0.6723179940162416,0.19581027407393686
0.21972425146620023,0.6723179940162416,0.19571193217204616
0.21972425146620023,0.6724604644536258,0.19569993158344334
0.2199557567650993,0.6724604644536258,0.19554100726759746
0.2199557567650993,0.6727454053283943,0.1954972500583034
0.22023870768597592,0.6727454053283943,0.19533985188017125
0.22023870768597592,0.6728878757657786,0.19529502038455418
0.22041876736289742,0.6728878757657786,0.1952211831965518
0.22041876736289742,0.6730303462031628,0.19522100472103018
0.22054738141784133,0.6730303462031628,0.19514137809967733
0.22054738141784133,0.6731728166405471,0.1951381182772459
0.220830332338718,0.6731728166405471,0.194989058194059
0.220830332338718,0.6733152870779313,0.19497944993136002
0.22088177796069555,0.6733152870779313,0.19496631996582117
0.22088177796069555,0.6734577575153156,0.19495028857381022
0.22142195699146003,0.6734577575153156,0.19457696599460905
0.22142195699146003,0.673742698390084,0.19454457782583767
0.22160201666838153,0.673742698390084,0.1944092714837144
0.22160201666838153,0.6738851688274683,0.19440865565053875
0.22185924477826938,0.6738851688274683,0.19426976113761651
0.22185924477826938,0.6741701097022368,0.19421285843804315
0.2219878588332133,0.6741701097022368,0.1941119914972294
0.2219878588332133,0.6744550505770053,0.19410062054025962
0.22201358164420207,0.6744550505770053,0.19409392119490254
0.22201358164420207,0.6745975210143895,0.19407390640199523
0.22211647288815722,0.6745975210143895,0.1940391889400595
0.22211647288815722,0.6747399914517738,0.19403591778736212
0.22219364132112357,0.6747399914517738,0.19402189475490134
0.22219364132112357,0.674882461889158,0.19400574911547377
0.2223222553760675,0.674882461889158,0.1939593941614584
0.2223222553760675,0.6750249323265423,0.19395520085948134
0.22239942380903385,0.6750249323265423,0.19393349579717556
0.22239942380903385,0.6751674027639265,0.1939181045307714
0.22245086943101142,0.6751674027639265,0.1938749154899266
0.22245086943101142,0.6753098732013108,0.19386006097139447
0.22250231505298898,0.6753098732013108,0.1938483864853977
0.22250231505298898,0.675452343638695,0.19381855308811052
0.22260520629694414,0.675452343638695,0.19374000165679175
0.22260520629694414,0.6755948140760792,0.19373480367615584
0.22263092910793292,0.6755948140760792,0.19373454703709875
0.2226566519189217,0.6757372845134635,0.19368370764255424
0.2228367115958432,0.6757372845134635,0.1935603181039289
0.2228367115958432,0.6758797549508477,0.19355552282528513
0.22291388002880955,0.6758797549508477,0.19348961132478099
0.22291388002880955,0.676022225388232,0.1934876668454101
0.2229653256507871,0.676022225388232,0.19341228575496114
0.2229653256507871,0.6761646958256162,0.1933984581348967
0.22319683094968618,0.6761646958256162,0.19324724371759863
0.22322255376067496,0.6763071662630005,0.19320194832474574
0.22337689062660768,0.6763071662630005,0.19308723785402
0.22337689062660768,0.6764496367003847,0.19307748676005757
0.22358267311451796,0.6764496367003847,0.1929233848415741
0.22360839592550674,0.676592107137769,0.19291266106516938
0.22376273279143946,0.676592107137769,0.19278641587292958
0.22376273279143946,0.6767345775751532,0.1927699862812596
0.22389134684638337,0.6767345775751532,0.19271385632099092
0.22389134684638337,0.6768770480125375,0.19270499696789917
0.22420002057824878,0.6768770480125375,0.19260792925353018
0.22420002057824878,0.6770195184499216,0.1926065293146268
0.22422574338923756,0.6770195184499216,0.1925966623543219
0.22422574338923756,0.6771619888873058,0.19256399984130995
0.22432863463319272,0.6771619888873058,0.1925347858650356
0.22432863463319272,0.6773044593246901,0.19252028870655097
0.22443152587714785,0.6773044593246901,0.19247816383530506
0.22443152587714785,0.6774469297620743,0.19246296425923948
0.22461158555406935,0.6774469297620743,0.19233012780235004
0.22461158555406935,0.6775894001994586,0.19232740403694015
0.22463730836505813,0.6775894001994586,0.1922947769494953
0.22463730836505813,0.6777318706368428,0.19228748272064672
0.2246887539870357,0.6777318706368428,0.19226099043639802
0.22471447679802448,0.6778743410742271,0.19225303495015486
0.22474019960901329,0.6778743410742271,0.19223817478709196
0.22474019960901329,0.6780168115116113,0.19220649474995577
0.22481736804197963,0.6780168115116113,0.19217000011403365
0.22481736804197963,0.6781592819489956,0.19216185195374913
0.22489453647494598,0.6781592819489956,0.19210288449650514
0.22492025928593476,0.6783017523863798,0.1920962850551034
0.22515176458483382,0.6783017523863798,0.19197023259470172
0.22515176458483382,0.678444222823764,0.19195305548307953
0.2252289330178002,0.678444222823764,0.19194309770182702
0.2252289330178002,0.6785866932611483,0.19194275889728676
0.22525465582878898,0.6785866932611483,0.191942241926114
0.22525465582878898,0.6787291636985325,0.19193388603144412
0.22528037863977776,0.6787291636985325,0.1919131776456728
0.22528037863977776,0.679014104573301,0.19190520596106914
0.22540899269472167,0.679014104573301,0.1917786259913088
0.22540899269472167,0.6791565750106853,0.1917520611350939
0.2255633295606544,0.6791565750106853,0.19170847360730528
0.2255633295606544,0.6792990454480695,0.19169321824169802
0.22558905237164317,0.6792990454480695,0.19168147498543142
0.22558905237164317,0.6794415158854538,0.19167044813852277
0.22564049799362074,0.6794415158854538,0.19166699081541808
0.22564049799362074,0.679583986322838,0.19165079890862977
0.22566622080460952,0.679583986322838,0.19164645504124359
0.22566622080460952,0.6797264567602223,0.19164603846200323
0.2257176664265871,0.6797264567602223,0.19160444604338228
0.2257176664265871,0.6798689271976065,0.19160144937967363
0.22615495421339643,0.6798689271976065,0.19136379080897953
0.22615495421339643,0.6800113976349907,0.19134565875521078
0.22620639983537402,0.6800113976349907,0.19133588457170814
0.22620639983537402,0.680153868072375,0.19131563386621622
0.2262578454573516,0.680153868072375,0.19131050891127677
0.2262578454573516,0.6802963385097592,0.19129988919059726
0.22630929107932915,0.6802963385097592,0.19129183232296323
0.22630929107932915,0.6804388089471435,0.19126186321997055
0.22636073670130671,0.6804388089471435,0.19120859438503998
0.22636073670130671,0.6805812793845277,0.19120667405260308
0.22648935075625065,0.6805812793845277,0.19117100430660197
0.22648935075625065,0.680723749821912,0.19117038885221901
0.226566519189217,0.680723749821912,0.19113046423101596
0.226566519189217,0.6808662202592962,0.19109210246168254
0.22659224200020578,0.6808662202592962,0.19108578670506068
0.22659224200020578,0.6810086906966805,0.19105736133724854
0.2268751929210824,0.6810086906966805,0.19090959014923295
0.2268751929210824,0.6811511611340647,0.1908988521001745
0.2269009157320712,0.681293631571449,0.1908982952203439
0.2272353122749254,0.681293631571449,0.19062629979468249
0.2272353122749254,0.6814361020088332,0.19060572038949924
0.2272610350859142,0.6814361020088332,0.1905903919651952
0.2272610350859142,0.6815785724462174,0.19058430089663086
0.22731248070789176,0.6815785724462174,0.1905703724143598
0.22731248070789176,0.6817210428836017,0.19054752902066524
0.2274410947628357,0.6817210428836017,0.19048680460070075
0.2274410947628357,0.6818635133209859,0.19044365635072166
0.22746681757382448,0.6818635133209859,0.19044239373381325
0.22746681757382448,0.6820059837583702,0.19041076297194906
0.22759543162876839,0.6820059837583702,0.19032348856078884
0.22759543162876839,0.6821484541957544,0.1903072591736711
0.22762115443975717,0.6821484541957544,0.19029766888618707
0.22762115443975717,0.6822909246331387,0.19029382537518738
0.2277497684947011,0.6822909246331387,0.1902664752288051
0.2277754913056899,0.6824333950705229,0.19024001250314418
0.2279041053606338,0.6824333950705229,0.19018250402323045
0.2279041053606338,0.6827183359452913,0.1901474322835249
0.22816133347052167,0.6827183359452913,0.1900352519253149
0.22818705628151045,0.6828608063826755,0.19002919562375412
0.2287529581232637,0.6828608063826755,0.18974305443999295
0.2287529581232637,0.6830032768200598,0.18971200504191243
0.22883012655623006,0.6830032768200598,0.1896853942150868
0.22883012655623006,0.6832882176948283,0.18967567093936116
0.22888157217820762,0.6832882176948283,0.18966087270631105
0.22888157217820762,0.6834306881322125,0.18965812981577476
0.2291388002880955,0.6834306881322125,0.1894912532550498
0.2291388002880955,0.6835731585695968,0.18948901424572326
0.22921596872106184,0.6835731585695968,0.18943513015883065
0.22924169153205062,0.683715629006981,0.18942426643354895
0.2294474740199609,0.683715629006981,0.18935347298586325
0.2294474740199609,0.6840005698817495,0.18933896911190548
0.22949891964193847,0.6840005698817495,0.18931507397301536
0.22949891964193847,0.6841430403191338,0.18931303263298618
0.22952464245292725,0.6841430403191338,0.18930005509555697
0.22952464245292725,0.684285510756518,0.18926723356579345
0.22980759337380388,0.684285510756518,0.18910088765601646
0.22980759337380388,0.6844279811939022,0.18909126380463626
0.22988476180677025,0.6844279811939022,0.18902734923388131
0.22988476180677025,0.6845704516312865,0.18901643831871812
0.22993620742874782,0.6845704516312865,0.1890017200593923
0.22993620742874782,0.6849978629434392,0.18893415587054752
0.23003909867270295,0.6849978629434392,0.1888731725802076
0.23003909867270295,0.6851403333808235,0.18886687158013166
0.2300905442946805,0.6851403333808235,0.18884276943862469
0.2300905442946805,0.6852828038182077,0.18883992465205604
0.23011626710566932,0.6852828038182077,0.18883880480169477
0.23011626710566932,0.6855677446929762,0.1888236881830983
0.2301419899166581,0.6855677446929762,0.18881343793076116
0.2301419899166581,0.6857102151303605,0.18880430123677247
0.23016771272764688,0.6857102151303605,0.1887691922423821
0.23016771272764688,0.6858526855677447,0.18870887967700695
0.2304506636485235,0.6858526855677447,0.1885573517678556
0.2304506636485235,0.685995156005129,0.18853460358249477
0.2304763864595123,0.685995156005129,0.18851320088924306
0.2304763864595123,0.6861376264425132,0.18850822249137256
0.2306564461364338,0.6861376264425132,0.18843133746353952
0.23068216894742258,0.6862800968798974,0.18841775674154806
0.23088795143533286,0.6862800968798974,0.1883406471467111
0.23088795143533286,0.6864225673172817,0.18833778052906536
0.23093939705731042,0.6864225673172817,0.18831436221478984
0.23093939705731042,0.6865650377546659,0.18829783354188728
0.2309651198682992,0.6865650377546659,0.18829774532372764
0.2309651198682992,0.6867075081920502,0.18828404377226146
0.23106801111225433,0.6867075081920502,0.1881656742021386
0.23106801111225433,0.6868499786294344,0.18816062215955282
0.23119662516719827,0.6868499786294344,0.1881193416979561
0.23119662516719827,0.6871349195042029,0.18808282196615222
0.23140240765510856,0.6871349195042029,0.1879969078131173
0.23142813046609734,0.6872773899415872,0.18798466914623774
0.23142813046609734,0.6874198603789714,0.18798239361515576
0.23160819014301884,0.6874198603789714,0.18787044106811515
0.23160819014301884,0.6875623308163556,0.1878213340003629
0.23181397263092912,0.6875623308163556,0.18771602558660103
0.23181397263092912,0.6878472716911241,0.18770029718668527
0.2318396954419179,0.6878472716911241,0.1876964631200445
0.2318396954419179,0.6879897421285084,0.1876908838760825
0.23194258668587303,0.6879897421285084,0.18763407798225976
0.23194258668587303,0.6881322125658926,0.18763262975726785
0.23204547792982816,0.6881322125658926,0.18758474273814224
0.23204547792982816,0.6882746830032768,0.1875369914850971
0.23214836917378331,0.6882746830032768,0.18748760152189628
0.23214836917378331,0.688417153440661,0.18748386311677298
0.2321740919847721,0.688417153440661,0.18748050031122443
0.2321740919847721,0.6885596238780453,0.18747608307632094
0.23225126041773844,0.6885596238780453,0.18737774556378708
0.23225126041773844,0.6888445647528137,0.18736436721651148
0.23227698322872722,0.6888445647528137,0.18733564336421948
0.23227698322872722,0.688987035190198,0.18732532928828527
0.23230270603971603,0.688987035190198,0.18731271062575627
0.23230270603971603,0.6891295056275822,0.18730864125101068
0.23240559728367116,0.6891295056275822,0.18725571770659039
0.23240559728367116,0.6892719760649665,0.18724049504789966
0.23261137977158144,0.6892719760649665,0.18710374401046181
0.23261137977158144,0.689556916939735,0.18704912324558975
0.2326885482045478,0.689556916939735,0.18701965151400576
0.2326885482045478,0.6899843282518877,0.18699249297865358
0.23310011318036836,0.6899843282518877,0.18680040709954984
0.23310011318036836,0.690126798689272,0.18679904420949198
0.23315155880234592,0.690126798689272,0.18679514924301374
0.23315155880234592,0.6904117395640404,0.18675348653299814
0.23333161847926742,0.6904117395640404,0.1866973011678766
0.23333161847926742,0.6905542100014247,0.186666184329589
0.23358884658915527,0.6905542100014247,0.18657900628522425
0.23361456940014405,0.6906966804388089,0.18657273310285286
0.2336917378331104,0.6906966804388089,0.1864825324039872
0.2336917378331104,0.6909816213135774,0.18646482216504934
0.23376890626607677,0.6909816213135774,0.18644498399948037
0.23376890626607677,0.6911240917509617,0.18643928862139994
0.2338717975100319,0.6911240917509617,0.18633922501745612
0.2338717975100319,0.6912665621883459,0.18630836535302223
0.23394896594299824,0.6912665621883459,0.18626238707857035
0.23394896594299824,0.6916939735004987,0.18620333888205468
0.23407757999794218,0.6916939735004987,0.18613481755383218
0.23407757999794218,0.6918364439378829,0.18611056813107693
0.23410330280893096,0.6918364439378829,0.1861043090598826
0.23410330280893096,0.6921213848126514,0.186088553529766
0.2341804712418973,0.6921213848126514,0.1860555185610054
0.2341804712418973,0.6924063256874199,0.18603502782651454
0.23430908529684125,0.6924063256874199,0.18595409608032862
0.23430908529684125,0.6926912665621884,0.1859152840109801
0.23433480810783003,0.6926912665621884,0.185912659272203
0.23433480810783003,0.6928337369995726,0.18589799688108805
0.23446342216277394,0.6928337369995726,0.1857866286760011
0.23446342216277394,0.6929762074369569,0.18578152038063198
0.23459203621771788,0.6929762074369569,0.18568647912298422
0.23459203621771788,0.6931186778743411,0.18568442605837232
0.23482354151661694,0.6931186778743411,0.18559651481074993
0.23482354151661694,0.6932611483117254,0.18559305120355724
0.235055046815516,0.6932611483117254,0.18549284627226859
0.235055046815516,0.6934036187491096,0.18548142493169473
0.23513221524848235,0.6934036187491096,0.18544440782654606
0.23513221524848235,0.6935460891864939,0.18542207596928337
0.2352608293034263,0.6935460891864939,0.18534763707353463
0.2352608293034263,0.6936885596238781,0.18534024847840408
0.23580100833419076,0.6936885596238781,0.18515644386893404
0.23580100833419076,0.6938310300612622,0.18514405450718915
0.23592962238913467,0.6938310300612622,0.1850555862436567
0.23592962238913467,0.6939735004986465,0.18505192673157134
0.23610968206605618,0.6939735004986465,0.18501729072242865
0.23610968206605618,0.694258441373415,0.18497568109999854
0.23616112768803374,0.694258441373415,0.18492840742963884
0.23618685049902252,0.6944009118107992,0.18491897385629896
0.23688136639571972,0.6944009118107992,0.1843892584743287
0.23688136639571972,0.6945433822481835,0.18435296171748158
0.2369585348286861,0.6945433822481835,0.1843203956184018
0.2369585348286861,0.6946858526855677,0.184319496290676
0.23708714888363,0.6946858526855677,0.18423457077607375
0.23708714888363,0.694828323122952,0.18421968181927426
0.23737009980450663,0.694828323122952,0.18407955948646162
0.23737009980450663,0.6949707935603362,0.1840738685563041
0.2376016051034057,0.6949707935603362,0.1839226222728854
0.2376016051034057,0.6951132639977204,0.18390878674769864
0.23765305072538326,0.6951132639977204,0.18386447925913554
0.23765305072538326,0.6952557344351047,0.1838557782383834
0.23770449634736085,0.6952557344351047,0.18383295941649005
0.23770449634736085,0.6953982048724889,0.18383139975726995
0.23785883321329354,0.6953982048724889,0.18375091557928427
0.23785883321329354,0.6955406753098732,0.18374751725343644
0.2380903385121926,0.6955406753098732,0.18357509223890842
0.2380903385121926,0.6956831457472574,0.18356991504768402
0.2381160613231814,0.6956831457472574,0.18356087644857125
0.2381160613231814,0.6958256161846417,0.1835468387664654
0.23824467537812533,0.6958256161846417,0.1834971507277187
0.23824467537812533,0.6959680866220259,0.18348890998246511
0.23857907192097952,0.6959680866220259,0.1832738783760364
0.23857907192097952,0.6961105570594102,0.18325833354644896
0.23863051754295708,0.6961105570594102,0.18324413517155158
0.23863051754295708,0.6962530274967944,0.18324172174027584
0.23868196316493467,0.6962530274967944,0.1832234280084372
0.23868196316493467,0.6965379683715629,0.18319595647742457
0.23893919127482252,0.6965379683715629,0.18297651850429808
0.23893919127482252,0.6966804388089471,0.18297542973613654
0.23899063689680008,0.6966804388089471,0.182960595575516
0.23899063689680008,0.6969653796837156,0.1829163529791084
0.2391449737627328,0.6969653796837156,0.18287173974507523
0.2391449737627328,0.6971078501210999,0.18282630196673963
0.2391706965737216,0.6971078501210999,0.18279669836065404
0.2391706965737216,0.6972503205584841,0.18279470237377907
0.23922214219569915,0.6972503205584841,0.1827760231651637
0.23922214219569915,0.6973927909958684,0.18275368466701528
0.2392993106286655,0.6973927909958684,0.1826665135446811
0.2392993106286655,0.6975352614332526,0.1826636352421875
0.23940220187262065,0.6975352614332526,0.1825967974937507
0.23940220187262065,0.6976777318706369,0.18259500935809253
0.23945364749459822,0.6976777318706369,0.18255901243780817
0.239479370305587,0.6978202023080211,0.18254490611458157
0.23950509311657578,0.6978202023080211,0.18251651115281695
0.23953081592756456,0.6979626727454054,0.182496355920015
0.23953081592756456,0.6982476136201738,0.18245576966852703
0.23955653873855334,0.6982476136201738,0.18240624293009733
0.23955653873855334,0.6985325544949423,0.18240377080557932
0.2399681037143739,0.6985325544949423,0.1822100221605416
0.2399681037143739,0.6986750249323266,0.1822070790814618
0.24004527214734026,0.6986750249323266,0.18218722395857695
0.24004527214734026,0.6988174953697108,0.18215666968970798
0.24012244058030663,0.6988174953697108,0.18212107261840838
0.24012244058030663,0.6989599658070951,0.1821190383831105
0.2401481633912954,0.6989599658070951,0.18209101661173696
0.2401481633912954,0.6992449066818636,0.18203880876577913
0.24019960901327297,0.6992449066818636,0.18199322666721188
0.24019960901327297,0.6993873771192478,0.1819893840101865
0.24058545117810473,0.6993873771192478,0.18182309524170556
0.24058545117810473,0.699529847556632,0.1817926681059747
0.24061117398909354,0.6996723179940162,0.18178482660309148
0.24063689680008232,0.6996723179940162,0.18176958028903456
0.24063689680008232,0.6998147884314004,0.18176668601974608
0.2406626196110711,0.6998147884314004,0.1817501035131235
0.2406626196110711,0.6999572588687847,0.18171847018087142
0.24091984772095895,0.6999572588687847,0.1815766167430915
0.24091984772095895,0.7000997293061689,0.18156417986544404
0.24104846177590286,0.7000997293061689,0.18147875743553446
0.24104846177590286,0.7003846701809374,0.1814607658331373
0.24120279864183558,0.7003846701809374,0.18142774419615482
0.24120279864183558,0.7005271406183217,0.18142365172577207
0.24146002675172343,0.7005271406183217,0.18133941580059332
0.24146002675172343,0.7006696110557059,0.1813124717998611
0.241511472373701,0.7006696110557059,0.18130633888133593
0.241511472373701,0.7008120814930902,0.18123559794667146
0.24156291799567856,0.7008120814930902,0.1811669461849922
0.24156291799567856,0.7009545519304744,0.18116470332064466
0.24158864080666737,0.7009545519304744,0.181156640304632
0.24161436361765615,0.7010970223678586,0.18105974312648945
0.24161436361765615,0.7012394928052429,0.181023923522444
0.24164008642864493,0.7012394928052429,0.18102086447868454
0.24164008642864493,0.7013819632426271,0.18101215323378234
0.24174297767260006,0.7013819632426271,0.18094836336974626
0.24174297767260006,0.7015244336800114,0.18093321763426012
0.24176870048358884,0.7016669041173956,0.18093008520988066
0.24194876016051034,0.7016669041173956,0.18084022022022297
0.24194876016051034,0.7018093745547799,0.18081526683435634
0.2420002057824879,0.7018093745547799,0.1807758329356107
0.2420002057824879,0.7019518449921641,0.1807749040139491
0.24207737421545428,0.7019518449921641,0.18073573038237287
0.24207737421545428,0.7020943154295484,0.18072161619510646
0.2421802654594094,0.7020943154295484,0.18069712572583835
0.2421802654594094,0.7022367858669326,0.1806814968247009
0.24225743389237575,0.7022367858669326,0.18063198561330215
0.24225743389237575,0.7023792563043169,0.18061407848336467
0.24230887951435331,0.7023792563043169,0.1805321867185533
0.24230887951435331,0.7025217267417011,0.1805207151416216
0.24233460232534212,0.7026641971790853,0.18050505522757349
0.2425146620022636,0.7026641971790853,0.18040916927100076
0.2425146620022636,0.7028066676164696,0.1803919148745756
0.24254038481325238,0.7028066676164696,0.18038712314247016
0.24254038481325238,0.7029491380538538,0.18038517084247205
0.24261755324621875,0.7029491380538538,0.18034244506518116
0.24261755324621875,0.7030916084912381,0.18031852133295226
0.24279761292314023,0.7030916084912381,0.18026157204264898
0.24279761292314023,0.7033765493660066,0.18023561980686761
0.24290050416709538,0.7033765493660066,0.18017867411426072
0.24290050416709538,0.7035190198033908,0.1801749883020396
0.24308056384401688,0.7035190198033908,0.18004001161740776
0.24308056384401688,0.7036614902407751,0.18003241922048985
0.24313200946599445,0.7036614902407751,0.1799792177081643
0.24313200946599445,0.7038039606781593,0.17997920360534056
0.24323490070994958,0.7038039606781593,0.1799301087736474
0.24323490070994958,0.7039464311155436,0.1799246115917335
0.24326062352093836,0.7039464311155436,0.179919862179349
0.24326062352093836,0.7040889015529278,0.17990863777113156
0.24341496038687108,0.7040889015529278,0.17982320735065022
0.24341496038687108,0.704231371990312,0.17982151171312996
0.24354357444181501,0.704231371990312,0.17977960440439383
0.2435692972528038,0.7043738424276963,0.17977878624319038
0.24374935692972527,0.7043738424276963,0.17973838217121496
0.24377507974071408,0.7045163128650805,0.17972949351162198
0.24380080255170286,0.7045163128650805,0.17972565475958316
0.24380080255170286,0.7046587833024648,0.17971903704357658
0.24395513941763555,0.7046587833024648,0.179589856244271
0.24395513941763555,0.704801253739849,0.1795848576312091
0.24403230785060193,0.704801253739849,0.17951935054407295
0.24403230785060193,0.7049437241772333,0.1795167594614791
0.2440580306615907,0.7049437241772333,0.17950373106994386
0.2440580306615907,0.7050861946146174,0.17949787669535122
0.2440837534725795,0.7050861946146174,0.1794912467717083
0.24410947628356827,0.7052286650520017,0.1794426317174102
0.24410947628356827,0.7053711354893859,0.17942581829477203
0.24413519909455705,0.7053711354893859,0.17942470989446668
0.24413519909455705,0.7057985468015386,0.1794146134040286
0.24428953596048977,0.7057985468015386,0.17934986331717795
0.24428953596048977,0.7059410172389229,0.1793454387613805
0.24436670439345612,0.7059410172389229,0.1793183943219803
0.24436670439345612,0.7062259581136914,0.17930839092317402
0.2443924272044449,0.7062259581136914,0.1793061968977336
0.2443924272044449,0.7063684285510756,0.17928993378860836
0.24446959563741125,0.7063684285510756,0.17922853654908963
0.24446959563741125,0.7065108989884599,0.17922475046009337
0.24462393250334397,0.7065108989884599,0.17916600799080698
0.24462393250334397,0.7066533694258441,0.17916496923776998
0.24482971499125425,0.7066533694258441,0.17908367101791492
0.24482971499125425,0.7067958398632284,0.17907494151741987
0.24503549747916453,0.7067958398632284,0.17893476951185244
0.24506122029015331,0.7069383103006126,0.17893378596334733
0.24506122029015331,0.7070807807379969,0.1789212061472075
0.2450869431011421,0.7070807807379969,0.1789186357566848
0.2450869431011421,0.7072232511753811,0.17891351267081984
0.24511266591213088,0.7072232511753811,0.17890629993661528
0.24511266591213088,0.7075081920501496,0.17889979792382027
0.2452670027780636,0.7075081920501496,0.1788257118120979
0.2452670027780636,0.7076506624875338,0.1788212675410111
0.24534417121102994,0.7076506624875338,0.17879937846810734
0.24534417121102994,0.7077931329249181,0.178784529994717
0.245575676509929,0.7077931329249181,0.17873000249544296
0.245575676509929,0.7079356033623023,0.17872076893979386
0.24565284494289535,0.7079356033623023,0.1786673984848677
0.24565284494289535,0.7080780737996866,0.1786669911600697
0.24585862743080564,0.7080780737996866,0.17859649934466368
0.24585862743080564,0.7082205442370708,0.17859501370228353
0.24596151867476077,0.7082205442370708,0.17855391997875533
0.24596151867476077,0.7083630146744551,0.17852441027182386
0.24598724148574957,0.7083630146744551,0.17851895959273892
0.24598724148574957,0.7085054851118393,0.17848431797951106
0.24614157835168227,0.7085054851118393,0.17840026497695233
0.24614157835168227,0.7086479555492236,0.17839212796066212
0.24632163802860377,0.7086479555492236,0.1783648518031501
0.24632163802860377,0.7087904259866078,0.17836349723695105
0.24634736083959255,0.7087904259866078,0.17835608110173146
0.24634736083959255,0.7090753668613763,0.17834404664748427
0.24650169770552527,0.7090753668613763,0.1782472537193521
0.24650169770552527,0.7092178372987605,0.17824628032666956
0.24655314332750283,0.7092178372987605,0.1782384200725336
0.24655314332750283,0.7093603077361448,0.17822951195221676
0.24663031176046918,0.7093603077361448,0.1781995721287317
0.24663031176046918,0.709502778173529,0.17819859781091046
0.24668175738244674,0.709502778173529,0.17817983506074195
0.24668175738244674,0.7096452486109133,0.17817851844889615
0.24719621360222246,0.7096452486109133,0.17794766637404202
0.24719621360222246,0.7097877190482975,0.1779019837932906
0.24771066982199816,0.7097877190482975,0.17765567329666337
0.24771066982199816,0.7099301894856818,0.1776529082466593
0.24776211544397572,0.7099301894856818,0.17763301474482385
0.24776211544397572,0.710072659923066,0.1776134570246113
0.24783928387694207,0.710072659923066,0.17756321279948378
0.24783928387694207,0.7102151303604503,0.17754533709939047
0.24786500668793085,0.7102151303604503,0.17753897644683003
0.24786500668793085,0.7103576007978345,0.17750902222033874
0.24789072949891963,0.7103576007978345,0.17750361235381404
0.24789072949891963,0.7105000712352187,0.17742710892813995
0.247967897931886,0.7105000712352187,0.17739315392273153
0.247967897931886,0.710642541672603,0.1773733277053275
0.24832801728572898,0.710642541672603,0.17721100956079025
0.24832801728572898,0.7107850121099871,0.1772092983896431
0.24837946290770654,0.7107850121099871,0.1771410334492218
0.24840518571869533,0.7109274825473714,0.1771293801128246
0.24853379977363926,0.7109274825473714,0.1770445244793801
0.24853379977363926,0.7110699529847556,0.17704403204342675
0.24868813663957198,0.7110699529847556,0.17698056069245094
0.24868813663957198,0.7113548938595241,0.17695451296919745
0.24889391912748224,0.7113548938595241,0.17686154340379348
0.24889391912748224,0.7114973642969084,0.176835818768677
0.2489710875604486,0.7114973642969084,0.17681482813324542
0.2489710875604486,0.7116398347342926,0.1767847120917283
0.24904825599341496,0.7116398347342926,0.1767698544833647
0.24904825599341496,0.7117823051716768,0.17675193493069882
0.24943409815824674,0.7117823051716768,0.17655261493401456
0.24943409815824674,0.7120672460464453,0.17650287036004855
0.24974277189011215,0.7120672460464453,0.17638943500819684
0.24976849470110093,0.7122097164838296,0.17637735496184115
0.2503343965428542,0.7122097164838296,0.17614718262603563
0.2503343965428542,0.7123521869212138,0.17610309092957235
0.25043728778680935,0.7123521869212138,0.17606103087033514
0.25043728778680935,0.7124946573585981,0.1760538210199843
0.2506430702747196,0.7124946573585981,0.17596667272887723
0.2506430702747196,0.7126371277959823,0.17596536135580992
0.25069451589669717,0.7126371277959823,0.17593978627459148
0.25069451589669717,0.7127795982333666,0.17592664873433406
0.2509002983846075,0.7127795982333666,0.17586085833948586
0.2509002983846075,0.7129220686707508,0.17584615203237677
0.2511832493054841,0.7129220686707508,0.17571448543825166
0.2511832493054841,0.713064539108135,0.17569901087045725
0.25120897211647286,0.713064539108135,0.17569351291072338
0.25120897211647286,0.7133494799829035,0.17568202082538018
0.2513375861714168,0.7133494799829035,0.1756684482799459
0.2513375861714168,0.7134919504202878,0.17566670910657134
0.2513633089824056,0.7134919504202878,0.1756526027741939
0.2513633089824056,0.713634420857672,0.17563166618671056
0.2514147546043832,0.713634420857672,0.17559674613165918
0.2514147546043832,0.7137768912950563,0.1755885809705035
0.2514919230373495,0.7137768912950563,0.1755303724048724
0.2514919230373495,0.7139193617324405,0.175515157020357
0.2515433686593271,0.7139193617324405,0.17546993666506489
0.2515433686593271,0.7140618321698248,0.17546758097561252
0.25156909147031586,0.7140618321698248,0.17546509163200802
0.25156909147031586,0.714204302607209,0.17544187035905018
0.25159481428130465,0.714204302607209,0.17541821071664224
0.25159481428130465,0.7143467730445933,0.17540152850143767
0.25162053709229343,0.7143467730445933,0.17536909558751698
0.25162053709229343,0.7144892434819775,0.17536708125402847
0.2517491511472374,0.7144892434819775,0.17531504985411595
0.2517491511472374,0.7146317139193618,0.17530529650777038
0.25182631958020374,0.7146317139193618,0.17523644586475734
0.25182631958020374,0.7149166547941302,0.17522201894216216
0.252032102068114,0.7149166547941302,0.1751762765441434
0.252032102068114,0.7152015956688987,0.17513263248794478
0.2522636073670131,0.7152015956688987,0.17501118590291237
0.2522636073670131,0.7154865365436672,0.1749890991246018
0.2524179442329458,0.7154865365436672,0.1749116926329718
0.2524179442329458,0.71591394785582,0.17487730671915802
0.2526494495318448,0.71591394785582,0.17479076882612954
0.2526494495318448,0.7160564182932042,0.17478659753244766
0.2526751723428336,0.7161988887305885,0.17478379684660994
0.2527266179648112,0.7161988887305885,0.1747655369079256
0.2527266179648112,0.7163413591679726,0.1747644605801283
0.2527780635867888,0.7163413591679726,0.17475461226367758
0.2527780635867888,0.7164838296053568,0.17474324143540126
0.2528809548307439,0.7164838296053568,0.17473216357679633
0.2528809548307439,0.7166263000427411,0.17472763087969215
0.2529324004527215,0.7166263000427411,0.17466813710777798
0.2529324004527215,0.7167687704801253,0.17466641355647963
0.25298384607469904,0.7167687704801253,0.17465937715419322
0.2530095688856878,0.7169112409175096,0.17464718392599712
0.25311246012964295,0.7169112409175096,0.1745879480076475
0.25311246012964295,0.7170537113548938,0.1745836410286051
0.2533696882395308,0.7170537113548938,0.1744977473638338
0.2533696882395308,0.7171961817922781,0.17448848773984185
0.25344685667249717,0.7171961817922781,0.17442105756053994
0.25344685667249717,0.7174811226670466,0.17441418100911063
0.2535497479164523,0.7174811226670466,0.174306145622169
0.2535497479164523,0.717766063541815,0.17428413761178985
0.25360119353842986,0.717766063541815,0.1742726596172248
0.25360119353842986,0.7179085339791993,0.17422909792785138
0.2538841444593065,0.7179085339791993,0.17404943638591305
0.2538841444593065,0.7180510044165835,0.17404329327115312
0.254064204136228,0.7180510044165835,0.17389691559298914
0.254064204136228,0.7181934748539678,0.173891450552588
0.25408992694721677,0.7181934748539678,0.1738859297666889
0.25408992694721677,0.718335945291352,0.17388052987321126
0.25447576911204856,0.718335945291352,0.17367387922340624
0.25447576911204856,0.7184784157287363,0.17366714285422657
0.25463010597798125,0.7184784157287363,0.1736283630273913
0.25463010597798125,0.7186208861661205,0.173621921817403
0.25486161127688034,0.7186208861661205,0.1735075189316789
0.25486161127688034,0.7187633566035048,0.17350142095019128
0.25501594814281303,0.7187633566035048,0.173463160707473
0.25501594814281303,0.718905827040889,0.1734629395505394
0.2550416709538018,0.718905827040889,0.1734611102423058
0.2550416709538018,0.7190482974782733,0.173440093674914
0.2550673937647906,0.7190482974782733,0.1734328796040224
0.2550931165757794,0.7191907679156575,0.17340951249311912
0.25532462187467847,0.7191907679156575,0.1732639132146549
0.25535034468566725,0.7193332383530417,0.1732479766086696
0.2554017903076448,0.7193332383530417,0.1732323142379458
0.2554017903076448,0.719475708790426,0.17322450124854602
0.2554275131186336,0.719475708790426,0.17322223378010992
0.2554275131186336,0.7196181792278102,0.17320331927067822
0.2556847412285215,0.7196181792278102,0.1730497363888094
0.2556847412285215,0.7197606496651945,0.17304837105050763
0.25571046403951025,0.7197606496651945,0.17303874046115578
0.25571046403951025,0.7199031201025787,0.17303800824835255
0.25589052371643173,0.7199031201025787,0.17295621917815557
0.25589052371643173,0.720045590539963,0.17293014279302174
0.2559419693384093,0.720045590539963,0.17292046445114942
0.2559419693384093,0.7201880609773472,0.17291805813839126
0.2559676921493981,0.7201880609773472,0.172907860295634
0.2559676921493981,0.7203305314147315,0.1729013517398437
0.25601913777137564,0.7203305314147315,0.17287103192853512
0.25601913777137564,0.7204730018521157,0.17286351303533726
0.2560448605823644,0.7204730018521157,0.17285816185156935
0.2560448605823644,0.7206154722895,0.17283922541300634
0.2563020886922523,0.7206154722895,0.17271907739990527
0.2563020886922523,0.7210428836016527,0.17264191661897743
0.2564049799362074,0.7210428836016527,0.1726142337452786
0.2564049799362074,0.7213278244764212,0.17260959888693267
0.25650787118016255,0.7213278244764212,0.17254261033353557
0.25650787118016255,0.7214702949138054,0.1725410309354483
0.2569194361559831,0.7214702949138054,0.17232514422200734
0.2569194361559831,0.7217552357885739,0.17231805292526683
0.2569708817779607,0.7217552357885739,0.17230680930901868
0.2569708817779607,0.7218977062259582,0.1722841026869799
0.25699660458894946,0.7218977062259582,0.1722821037454168
0.25699660458894946,0.7220401766633423,0.17227817374783097
0.2573052783208149,0.7220401766633423,0.17203918677502936
0.2573052783208149,0.7221826471007265,0.1720224221324629
0.2574338923757588,0.7221826471007265,0.1719717692124155
0.2574338923757588,0.7223251175381108,0.1719623763384041
0.2574596151867476,0.722467587975495,0.17195542181224735
0.2574853379977364,0.722467587975495,0.1719224326674902
0.25751106080872516,0.7226100584128793,0.17190909574352098
0.2575625064307027,0.7226100584128793,0.17189535825518767
0.2575625064307027,0.7227525288502635,0.17186761584667593
0.25761395205268034,0.7227525288502635,0.1718358087329748
0.25761395205268034,0.7228949992876478,0.1718140407494481
0.25802551702850085,0.7228949992876478,0.17161795312088518
0.25802551702850085,0.723037469725032,0.17161346943992511
0.25807696265047847,0.723037469725032,0.17159326629664454
0.25807696265047847,0.7231799401624163,0.17158647833915422
0.2582055767054224,0.7231799401624163,0.17153588050623855
0.2582055767054224,0.7233224105998005,0.17152630634904553
0.25841135919333263,0.7233224105998005,0.1713801102010049
0.25841135919333263,0.7234648810371848,0.17137701777096745
0.25853997324827654,0.7234648810371848,0.1713159977527141
0.25853997324827654,0.723607351474569,0.1713049020976937
0.2585656960592654,0.723607351474569,0.17129283677950077
0.2585656960592654,0.7238922923493375,0.17127010858053474
0.25859141887025416,0.7238922923493375,0.17124651065481528
0.25859141887025416,0.7240347627867217,0.17123522271419458
0.2586428644922317,0.7240347627867217,0.1712133005518524
0.2586428644922317,0.724177233224106,0.17120030010775808
0.2587200329251981,0.724177233224106,0.1711803972584498
0.2587200329251981,0.7243197036614902,0.1711739322122489
0.25877147854717564,0.7243197036614902,0.17116886525911817
0.25877147854717564,0.7244621740988745,0.17115279967068117
0.2588229241691532,0.7244621740988745,0.1711225381617954
0.2588229241691532,0.7246046445362587,0.17110645841925137
0.258848646980142,0.724747114973643,0.17109107973829124
0.2589515382240971,0.724747114973643,0.17106400767219687
0.2589515382240971,0.7248895854110272,0.17105102260095129
0.2589772610350859,0.7248895854110272,0.17105024240780958
0.2589772610350859,0.7251745262857957,0.17097892227102426
0.2590029838460747,0.7251745262857957,0.17097590247150593
0.2590029838460747,0.72531699672318,0.170974403564403
0.2593373803889289,0.72531699672318,0.17077172694831633
0.2593373803889289,0.7254594671605642,0.17075955808747748
0.25941454882189524,0.7254594671605642,0.17073666074505153
0.25941454882189524,0.7256019375979484,0.17072933375241847
0.2595431628768392,0.7256019375979484,0.17068395353104646
0.2595431628768392,0.7257444080353327,0.17067854370324748
0.25959460849881677,0.7257444080353327,0.17061785510129715
0.25959460849881677,0.7258868784727169,0.1705887761225465
0.2597232225537607,0.7258868784727169,0.17053022495601153
0.2597232225537607,0.7260293489101012,0.17052507989572005
0.2599804506636485,0.7260293489101012,0.17034213345859703
0.2599804506636485,0.7261718193474854,0.170326136271494
0.26016051034057003,0.7261718193474854,0.1701894295372313
0.26016051034057003,0.7263142897848697,0.17018443962304375
0.2601862331515588,0.7263142897848697,0.17017428953293587
0.2601862331515588,0.7264567602222539,0.17015116061496854
0.26052062969441303,0.7264567602222539,0.1700134601296142
0.26052062969441303,0.7267417010970224,0.1700099446241582
0.2606749665603457,0.7267417010970224,0.16994103582554412
0.2606749665603457,0.7270266419717909,0.1699148179356251
0.26075213499331207,0.7270266419717909,0.16987237406433284
0.26075213499331207,0.7271691124091751,0.16986988766082756
0.2608550262372672,0.7271691124091751,0.16984430939980788
0.2608550262372672,0.7273115828465594,0.16983119407580732
0.26090647185924476,0.7273115828465594,0.16982536155860914
0.26090647185924476,0.7274540532839436,0.16975069478094895
0.2610608087251775,0.7274540532839436,0.16970545485668118
0.2610608087251775,0.7275965237213278,0.16968501771048183
0.261472373700998,0.7275965237213278,0.16950191206712817
0.261472373700998,0.727738994158712,0.16948806494754437
0.26167815618890833,0.727738994158712,0.16943216822355334
0.26167815618890833,0.7278814645960963,0.16941420435484658
0.2617038789998971,0.7278814645960963,0.1693925429170274
0.2617038789998971,0.7280239350334805,0.1693809187290343
0.2617296018108859,0.7280239350334805,0.1693783674224639
0.2617296018108859,0.7281664054708648,0.16936436580371145
0.26180677024385224,0.7281664054708648,0.1693317368296587
0.26180677024385224,0.728308875908249,0.16929472253371677
0.261832493054841,0.728308875908249,0.16928606659833295
0.261832493054841,0.7284513463456332,0.16927812414768714
0.2618839386768186,0.7284513463456332,0.1691734234042134
0.2618839386768186,0.7285938167830175,0.16916674593477846
0.2621154439757177,0.7285938167830175,0.169074790708814
0.2621154439757177,0.7287362872204017,0.16907301559191273
0.2622440580306616,0.7287362872204017,0.16901752272276593
0.2622440580306616,0.728878757657786,0.16899975821244478
0.2623469492746167,0.728878757657786,0.16892427268281296
0.2623469492746167,0.7290212280951702,0.16892300847561856
0.262552731762527,0.7290212280951702,0.16880946047623108
0.262552731762527,0.7291636985325545,0.16880410697824605
0.26265562300648215,0.7291636985325545,0.16876996709240422
0.26265562300648215,0.729448639407323,0.16875732615810665
0.2632215248482354,0.729448639407323,0.16852622524906655
0.2632215248482354,0.7295911098447072,0.16846235367308304
0.2632472476592242,0.7295911098447072,0.16846043220621662
0.263272970470213,0.7297335802820915,0.16845962852826288
0.263272970470213,0.7298760507194757,0.16845700981169723
0.26332441609219054,0.7298760507194757,0.16842103880232043
0.26332441609219054,0.73001852115686,0.16841879827317396
0.26355592139108963,0.73001852115686,0.1683206560198269
0.26355592139108963,0.7301609915942442,0.16830815122334913
0.26365881263504476,0.7301609915942442,0.16821095732356645
0.26365881263504476,0.7303034620316284,0.16819249889330184
0.26378742668998867,0.7303034620316284,0.16815446632137265
0.26378742668998867,0.7304459324690127,0.16814909442601456
0.26383887231196623,0.7304459324690127,0.16808262830148088
0.26383887231196623,0.7305884029063969,0.1680796618698927
0.2639417635559214,0.7305884029063969,0.1680417865490801
0.2639417635559214,0.7311582846559339,0.16799353491883467
0.26404465479987654,0.7311582846559339,0.16798551157224267
0.26404465479987654,0.7313007550933182,0.16797828675656096
0.2640703776108653,0.7313007550933182,0.16796810028061787
0.2640703776108653,0.7315856959680866,0.16794566065446612
0.2640961004218541,0.7315856959680866,0.16794289314335883
0.2640961004218541,0.7317281664054709,0.16790621471899475
0.26430188290976436,0.7317281664054709,0.16784132972340926
0.26430188290976436,0.7318706368428551,0.16783623842575976
0.26440477415371955,0.7318706368428551,0.1678132807564052
0.26440477415371955,0.7320131072802394,0.1678016192874462
0.2647391706965737,0.7320131072802394,0.16760835790619913
0.2647391706965737,0.7321555777176236,0.16752108176970967
0.2647648935075625,0.7321555777176236,0.16751485443860092
0.2647648935075625,0.7322980481550079,0.16749206956534454
0.2647906163185513,0.7322980481550079,0.16747842081200978
0.2647906163185513,0.7324405185923921,0.1674782130700648
0.26481633912954006,0.7324405185923921,0.16747801705637097
0.26481633912954006,0.7325829890297764,0.1674717383134349
0.26484206194052884,0.7325829890297764,0.1674619625448453
0.26484206194052884,0.7327254594671606,0.16745637536894586
0.26489350756250646,0.7327254594671606,0.16745381512227636
0.26489350756250646,0.7328679299045449,0.1674496072893655
0.2650992900504167,0.7328679299045449,0.16736056924894965
0.2650992900504167,0.7330104003419291,0.1673461265364216
0.2651507356723943,0.7330104003419291,0.16730487831535124
0.2651507356723943,0.7331528707793132,0.16729862890542632
0.26517645848338306,0.7331528707793132,0.16729613990988057
0.26517645848338306,0.7332953412166975,0.1672876562909192
0.26530507253832697,0.7332953412166975,0.16724517687258408
0.26530507253832697,0.7334378116540817,0.16724311567445113
0.26535651816030453,0.7334378116540817,0.1672245259523494
0.26535651816030453,0.733580282091466,0.16722238680887477
0.2655880234592036,0.733580282091466,0.16711068072737587
0.2656137462701924,0.7337227525288502,0.1671090838476792
0.26569091470315875,0.7337227525288502,0.1670801584391265
0.26569091470315875,0.7338652229662345,0.16706773290028837
0.26589669719106906,0.7338652229662345,0.1670114817698424
0.26589669719106906,0.7340076934036187,0.16700060029920555
0.266256816544912,0.7340076934036187,0.16676354163909216
0.266256816544912,0.7342926342783872,0.1667197420064184
0.2664625990328223,0.7342926342783872,0.16659562008881787
0.2664883218438111,0.7344351047157714,0.16657412225970591
0.266616935898755,0.7344351047157714,0.16651123798682874
0.266616935898755,0.7345775751531557,0.16646951840818683
0.2666683815207326,0.7345775751531557,0.16645606622253456
0.2666683815207326,0.7347200455905399,0.1664547384717377
0.266977055252598,0.7347200455905399,0.16634016261209092
0.266977055252598,0.7348625160279242,0.16633054151684068
0.2675172342833625,0.7348625160279242,0.16606546816008302
0.2675429570943513,0.7350049864653084,0.1660632983706036
0.2676715711492952,0.7350049864653084,0.1660043081979323
0.2676715711492952,0.7351474569026927,0.16599401031218344
0.2677744623932503,0.7351474569026927,0.16595247102990685
0.2677744623932503,0.7352899273400769,0.16593507031140833
0.2678001852042391,0.7352899273400769,0.16593237786328935
0.2678001852042391,0.7354323977774612,0.16589993622655122
0.26782590801522793,0.7355748682148454,0.16588909167416208
0.26782590801522793,0.7357173386522297,0.16588016738217948
0.2678773536372055,0.7357173386522297,0.16583892826489505
0.2678773536372055,0.7358598090896139,0.16582858466117975
0.2679030764481943,0.7358598090896139,0.16581360675513662
0.2679030764481943,0.7360022795269981,0.16580611021855537
0.2683403642350036,0.7360022795269981,0.16557128741713484
0.2683403642350036,0.7361447499643824,0.16556148666764436
0.2683660870459924,0.7361447499643824,0.16555018503077343
0.2683660870459924,0.7362872204017666,0.16554996205566755
0.26844325547895875,0.7362872204017666,0.1655229081155912
0.26844325547895875,0.7364296908391509,0.1655005658293683
0.2686747607778578,0.7364296908391509,0.1653987232519736
0.2687004835888466,0.7365721612765351,0.1653978837000061
0.26872620639983535,0.7365721612765351,0.16537954444692096
0.26872620639983535,0.7368571021513036,0.16536641875861402
0.2688548204547793,0.7368571021513036,0.16532287518142239
0.2688548204547793,0.7369995725886879,0.1653139865736981
0.2689062660767569,0.7369995725886879,0.16528098436771477
0.2689062660767569,0.7371420430260721,0.16526300826922025
0.2690348801317008,0.7371420430260721,0.1652232771752022
0.2690348801317008,0.7372845134634564,0.16520488664226665
0.2691892169976335,0.7372845134634564,0.1651216016676179
0.2691892169976335,0.7374269839008406,0.16509602425231482
0.26926638543059983,0.7374269839008406,0.16504258971496477
0.26926638543059983,0.7375694543382249,0.16503647769637608
0.269369276674555,0.7375694543382249,0.16501363246902676
0.269369276674555,0.7378543952129933,0.16497051280018693
0.2693949994855438,0.7379968656503776,0.1649463097144375
0.26944644510752136,0.7379968656503776,0.16486617357826497
0.26944644510752136,0.7381393360877618,0.16486518278065865
0.2694978907294989,0.7381393360877618,0.1648547588329604
0.2694978907294989,0.7382818065251461,0.16483907439780235
0.2696779504064204,0.7382818065251461,0.16477152172736353
0.2696779504064204,0.7384242769625303,0.16476676823583677
0.26972939602839796,0.7384242769625303,0.1647366384719881
0.26972939602839796,0.7385667473999146,0.1647276823130521
0.2697808416503756,0.7385667473999146,0.16470189241713973
0.2697808416503756,0.7387092178372988,0.16469516300272624
0.2700380697602634,0.7387092178372988,0.1646327897168961
0.2700380697602634,0.7389941587120672,0.1646209468697751
0.2700637925712522,0.7389941587120672,0.1646187734408646
0.2700637925712522,0.7391366291494514,0.16461403974826577
0.2701409610042185,0.7391366291494514,0.16457636625300864
0.2701409610042185,0.7392790995868357,0.16456179225274786
0.2701666838152073,0.7392790995868357,0.16455852106126484
0.2701666838152073,0.7394215700242199,0.1645550775433541
0.2701924066261961,0.7394215700242199,0.16453289292864898
0.2701924066261961,0.7395640404616042,0.1645124784093442
0.27034674349212884,0.7395640404616042,0.16433307757045518
0.27034674349212884,0.7397065108989884,0.16432739003994207
0.27047535754707275,0.7397065108989884,0.1642530716426992
0.27047535754707275,0.7399914517737569,0.16424152684828253
0.2705268031690503,0.7399914517737569,0.1642324768544839
0.2705268031690503,0.7401339222111412,0.16423212858575628
0.27060397160201666,0.7401339222111412,0.1642181855060138
0.27060397160201666,0.7404188630859097,0.16419739160368432
0.27062969441300544,0.7404188630859097,0.16417356299421265
0.27062969441300544,0.7405613335232939,0.16414221016105648
0.2707068628459718,0.7405613335232939,0.16411874708867663
0.2707068628459718,0.7407038039606781,0.16409144655792918
0.271041259388826,0.7407038039606781,0.16395851230177313
0.271041259388826,0.7408462743980624,0.16395836299846384
0.27132421030970266,0.7408462743980624,0.16381987623955674
0.27132421030970266,0.7409887448354466,0.16381628790012065
0.2715557156086017,0.7409887448354466,0.1637178899092268
0.2715557156086017,0.7411312152728309,0.1636960190806023
0.2718129437184896,0.7411312152728309,0.1635947208521577
0.2718129437184896,0.7412736857102151,0.16358940355955437
0.27212161745035496,0.7412736857102151,0.16350463555493064
0.27212161745035496,0.7414161561475994,0.1634927464133497
0.27261035085914187,0.7414161561475994,0.16324665122171456
0.27261035085914187,0.7415586265849836,0.1632385700249434
0.27263607367013065,0.7415586265849836,0.16323033495942083
0.27263607367013065,0.7417010970223679,0.1632296708882568
0.27320197551188397,0.7417010970223679,0.16298572577109996
0.27320197551188397,0.7418435674597521,0.16296995627389985
0.2734077579997942,0.7418435674597521,0.16285021350673376
0.2734077579997942,0.7422709787719048,0.16280945532247657
0.27348492643276057,0.7422709787719048,0.1627456818565126
0.27348492643276057,0.7424134492092891,0.16274028403673282
0.2736135404877045,0.7424134492092891,0.16264525091292958
0.2736135404877045,0.7425559196466733,0.16263865431344
0.2739479370305587,0.7425559196466733,0.16246031030085195
0.2739736598415475,0.7426983900840576,0.16245366466546257
0.27399938265253626,0.7426983900840576,0.16243745744448404
0.27399938265253626,0.7428408605214418,0.16242630171818043
0.27415371951846895,0.7428408605214418,0.1623422680296796
0.27415371951846895,0.7429833309588261,0.16233834033454375
0.27420516514044657,0.7429833309588261,0.16230527284183666
0.27420516514044657,0.7431258013962103,0.16227805234736767
0.27423088795143535,0.7431258013962103,0.16227475658539087
0.27423088795143535,0.7432682718335946,0.1622496607017732
0.27425661076242414,0.7432682718335946,0.16224333295191434
0.27425661076242414,0.7434107422709788,0.16223776688271646
0.2742823335734129,0.743553212708363,0.16223274059861306
0.2745910073052783,0.743553212708363,0.16213877040493496
0.2745910073052783,0.7436956831457473,0.16213206126271573
0.2746167301162671,0.7436956831457473,0.16213027036230965
0.2746167301162671,0.7439806240205158,0.16212109190117668
0.2749511266591213,0.7439806240205158,0.16200045510604105
0.2749511266591213,0.7441230944579,0.1620000862898936
0.2754398600679082,0.7441230944579,0.16176545554981733
0.2754398600679082,0.7442655648952843,0.16174673520375774
0.27551702850087456,0.7442655648952843,0.16171324915435265
0.27551702850087456,0.7444080353326684,0.16168793162043246
0.2756970881777961,0.7444080353326684,0.1616255179284343
0.2756970881777961,0.7445505057700527,0.16162049770161627
0.27572281098878487,0.7446929762074369,0.1616038249709858
0.27590287066570635,0.7446929762074369,0.16149176083427835
0.27590287066570635,0.7449779170822054,0.1614723366421416
0.2759285934766951,0.7449779170822054,0.16146783817835283
0.2759285934766951,0.7451203875195896,0.1614637853210907
0.2759800390986727,0.7451203875195896,0.1614134519366075
0.2759800390986727,0.7452628579569739,0.16139774766195583
0.27603148472065026,0.7452628579569739,0.16139458177943886
0.27603148472065026,0.7454053283943581,0.1613871710295008
0.27613437596460544,0.7454053283943581,0.16134462745562753
0.27613437596460544,0.7455477988317424,0.16131801427780482
0.2761600987755942,0.7455477988317424,0.16131226305407814
0.2761600987755942,0.7456902692691266,0.16129016404796273
0.27623726720856057,0.7456902692691266,0.1611954965962647
0.27623726720856057,0.7461176805812794,0.16112880015952916
0.2763658812635045,0.7461176805812794,0.16105547830395914
0.2763658812635045,0.7462601510186636,0.1610388168192547
0.27652021812943717,0.7462601510186636,0.16095301616330207
0.27652021812943717,0.7464026214560479,0.16095254677352402
0.2766745549953699,0.7464026214560479,0.16084481890963143
0.2766745549953699,0.7465450918934321,0.1608399983767001
0.2767002778063587,0.7466875623308163,0.16083595825562563
0.27675172342833626,0.7466875623308163,0.16081598932677615
0.27675172342833626,0.7468300327682006,0.16081022747579882
0.27713756559316804,0.7468300327682006,0.16063032007405895
0.27713756559316804,0.7469725032055848,0.16062359039510368
0.2773433480810783,0.7469725032055848,0.16055303138068705
0.2773433480810783,0.7471149736429691,0.16054653189327472
0.27742051651404465,0.7471149736429691,0.16052669723071555
0.27742051651404465,0.7472574440803533,0.16051381410555265
0.2776005761909662,0.7472574440803533,0.1604267034492841
0.2776005761909662,0.7475423849551218,0.1604030592919752
0.27775491305689887,0.7475423849551218,0.16035399117528643
0.27775491305689887,0.7476848553925061,0.1603462122348434
0.2778835271118428,0.7476848553925061,0.1603162586543286
0.2778835271118428,0.7478273258298903,0.16030488602951626
0.27793497273382034,0.7478273258298903,0.16029570631115087
0.2779606955448091,0.7479697962672746,0.1602598916128539
0.2779606955448091,0.7481122667046588,0.1602562939928547
0.2780893095997531,0.7481122667046588,0.16021092211780402
0.2780893095997531,0.748254737142043,0.16020729991655824
0.2785008745755736,0.748254737142043,0.16003781558385285
0.2785008745755736,0.7483972075794273,0.16002860779702824
0.2787066570634839,0.7483972075794273,0.1599765942023596
0.2787066570634839,0.7485396780168115,0.15996106910678484
0.27880954830743904,0.7485396780168115,0.15993527274050487
0.27880954830743904,0.7486821484541958,0.1599193320046051
0.2788867167404054,0.7486821484541958,0.1598892320830202
0.2788867167404054,0.74882461889158,0.15988823329434895
0.27891243955139416,0.74882461889158,0.15988652314984378
0.27891243955139416,0.7489670893289643,0.15985665735366675
0.2789896079843605,0.7489670893289643,0.15983366326445472
0.2789896079843605,0.7491095597663485,0.15979732573415692
0.2790667764173269,0.7491095597663485,0.1597494798756909
0.2790667764173269,0.7492520302037328,0.15974460308571775
0.2792211132832596,0.7492520302037328,0.15970496687025534
0.2792211132832596,0.749394500641117,0.15969070194435864
0.27927255890523717,0.749394500641117,0.15964003822351513
0.27927255890523717,0.7495369710785013,0.15961773463769663
0.2795555098261138,0.7495369710785013,0.15953596111471952
0.2795555098261138,0.7496794415158855,0.15952796398562816
0.2797355695030353,0.7496794415158855,0.15943785099227428
0.2797355695030353,0.7498219119532697,0.15943269715219743
0.27981273793600164,0.7498219119532697,0.15937318284569485
0.27981273793600164,0.749964382390654,0.15936958320251388
0.2800956888568783,0.749964382390654,0.15927047844080833
0.2800956888568783,0.7505342641401909,0.15920484180647226
0.2801214116678671,0.7505342641401909,0.15920437239986907
0.2801214116678671,0.7506767345775751,0.15918923430778747
0.28017285728984465,0.7506767345775751,0.15916184340357323
0.28017285728984465,0.7508192050149594,0.15915146629665075
0.2805072538326988,0.7508192050149594,0.15906451685246217
0.2805072538326988,0.7509616754523436,0.1590547276808104
0.28053297664368765,0.7509616754523436,0.159044568209804
0.28053297664368765,0.7511041458897278,0.15903996707417425
0.2806358678876428,0.7511041458897278,0.15900938460211372
0.2806358678876428,0.7512466163271121,0.15898583150603393
0.2807130363206091,0.7512466163271121,0.15894393990406908
0.2807130363206091,0.7513890867644963,0.1589333066926392
0.28081592756456425,0.7513890867644963,0.15887550636668188
0.28081592756456425,0.7515315572018806,0.15886914635113372
0.28102171005247456,0.7515315572018806,0.15880354384784784
0.28102171005247456,0.7516740276392648,0.15879310755772408
0.2812532153513736,0.7516740276392648,0.15870045932225446
0.2812532153513736,0.7518164980766491,0.1586938372166055
0.28133038378433994,0.7518164980766491,0.15865058883974256
0.28133038378433994,0.7519589685140333,0.15863403810299928
0.2813818294063175,0.7519589685140333,0.1586224926636032
0.2813818294063175,0.7521014389514176,0.1586190630868276
0.28143327502829507,0.7521014389514176,0.15859851722481172
0.28143327502829507,0.7522439093888018,0.15858803320557366
0.28148472065027264,0.7522439093888018,0.15857527328114565
0.28148472065027264,0.7523863798261861,0.1585562959908363
0.2817676715711493,0.7523863798261861,0.15841839820871062
0.2817676715711493,0.7525288502635703,0.1583926976628632
0.2817933943821381,0.7525288502635703,0.158359961134994
0.2817933943821381,0.7526713207009545,0.15835885249246154
0.2825136330898241,0.7526713207009545,0.15811533121793583
0.2825136330898241,0.7528137911383388,0.15809530862599236
0.2826165243337792,0.7528137911383388,0.15805144565779256
0.282642247144768,0.752956261575723,0.15804254676993182
0.28284802963267824,0.752956261575723,0.15799343254275588
0.28284802963267824,0.7532412024504915,0.15797713084209733
0.28307953493157734,0.7532412024504915,0.15787874294595738
0.28307953493157734,0.7533836728878758,0.15785508063364764
0.28318242617553246,0.7533836728878758,0.15783316684665674
0.28320814898652125,0.75352614332526,0.15783159939095473
0.28323387179751003,0.75352614332526,0.15782758992618273
0.28323387179751003,0.7536686137626443,0.157813617957442
0.2836197139623418,0.7536686137626443,0.1576634746929728
0.2836197139623418,0.7538110842000285,0.15766282086203787
0.2836454367733306,0.7538110842000285,0.15765910021575724
0.2836711595843194,0.7539535546374128,0.15764112661676435
0.2836711595843194,0.754096025074797,0.15764013790526749
0.28369688239530816,0.754096025074797,0.15762090208611776
0.28369688239530816,0.7542384955121813,0.15761053551277868
0.28387694207222963,0.7542384955121813,0.15753900757603187
0.28387694207222963,0.7545234363869497,0.15753116828317054
0.2845457351579381,0.7545234363869497,0.15727027936045584
0.2845457351579381,0.754665906824334,0.15726021827007858
0.2846486264018932,0.754665906824334,0.15722877257796483
0.2846486264018932,0.7548083772617182,0.15721932602994027
0.28472579483485955,0.7548083772617182,0.1571599609964189
0.28472579483485955,0.755235788573871,0.15714572755636855
0.2847772404568371,0.755235788573871,0.15712434009063161
0.2847772404568371,0.7553782590112552,0.15712332859053885
0.28495730013375864,0.7553782590112552,0.1570561115882148
0.28495730013375864,0.7555207294486395,0.15704173315528863
0.2851630826216689,0.7555207294486395,0.1569628976342142
0.2851630826216689,0.7556631998860236,0.15694635068812912
0.28544603354254555,0.7556631998860236,0.15678542000809895
0.28544603354254555,0.7559481407607921,0.15672841915825908
0.2860633810062764,0.7559481407607921,0.15650600735611023
0.2860633810062764,0.7560906111981763,0.15649060514013136
0.28637205473814176,0.7560906111981763,0.15636250247662267
0.28637205473814176,0.7562330816355606,0.15635543412782527
0.2863977775491306,0.7562330816355606,0.15633434294780738
0.2863977775491306,0.7563755520729448,0.1563139402145584
0.2864235003601194,0.7563755520729448,0.15630507577041933
0.2864235003601194,0.7565180225103291,0.156293801638188
0.28644922317110816,0.7565180225103291,0.15629102509817294
0.28647494598209694,0.7566604929477133,0.15622850479951705
0.28673217409198476,0.7566604929477133,0.15615386366475018
0.28673217409198476,0.7568029633850976,0.15615339486747123
0.2871694618787941,0.7568029633850976,0.15598929157588973
0.2871951846897829,0.7569454338224818,0.15598195274692006
0.28724663031176045,0.7569454338224818,0.1559598312739267
0.28724663031176045,0.757087904259866,0.15595850898442687
0.2875295812326371,0.757087904259866,0.1558681047936623
0.2875295812326371,0.7572303746972503,0.1558543830493838
0.2875553040436259,0.7572303746972503,0.15585399940036873
0.2875553040436259,0.7575153155720188,0.15582536581089643
0.2875810268546147,0.7575153155720188,0.15581190419516847
0.2875810268546147,0.757657786009403,0.1558020650616842
0.28773536372054737,0.757657786009403,0.15576392538093878
0.28773536372054737,0.7578002564467873,0.15575551538999685
0.28776108653153615,0.7579427268841715,0.15573894043755185
0.2878382549645025,0.7579427268841715,0.15572359305060748
0.2878382549645025,0.7580851973215558,0.1557113606740896
0.2878897005864801,0.7580851973215558,0.1556731406902696
0.2878897005864801,0.75822766775894,0.15567159722517251
0.28796686901944646,0.75822766775894,0.15564620400017948
0.28796686901944646,0.7583701381963243,0.15561376615245265
0.28799259183043524,0.7583701381963243,0.1556122456878327
0.28799259183043524,0.7585126086337085,0.15559887633387068
0.28824981994032306,0.7585126086337085,0.1554759991143546
0.28824981994032306,0.7586550790710928,0.15546286996176834
0.2883269883732894,0.7586550790710928,0.15542421643080098
0.2883269883732894,0.758797549508477,0.1554189703563908
0.2885842164831773,0.758797549508477,0.15534673545244765
0.2885842164831773,0.7589400199458612,0.15534478786706882
0.28860993929416606,0.7589400199458612,0.15529931013849185
0.28860993929416606,0.7590824903832455,0.15529403354932275
0.28863566210515484,0.7590824903832455,0.15528834412964568
0.28863566210515484,0.7592249608206297,0.15528631527499664
0.28899578145899785,0.7592249608206297,0.1550957716766073
0.28899578145899785,0.759367431258014,0.1550939999598305
0.289098672702953,0.759367431258014,0.15504765977792062
0.289098672702953,0.7595099016953982,0.1550379142478532
0.28915011832493054,0.7595099016953982,0.1549742787460845
0.28915011832493054,0.7596523721327825,0.15497074002359515
0.28938162362382963,0.7596523721327825,0.15488195386592998
0.28938162362382963,0.7597948425701667,0.1548809949594622
0.2894330692458072,0.7597948425701667,0.1548644281121821
0.2894330692458072,0.759937313007551,0.15483628399036897
0.28961312892272867,0.759937313007551,0.15476746563909832
0.28963885173371745,0.7600797834449352,0.15476003035708258
0.289690297355695,0.7600797834449352,0.1547373670263717
0.289690297355695,0.7602222538823195,0.15473694352242603
0.2897160201666838,0.7602222538823195,0.15473511320924366
0.2897160201666838,0.7603647243197037,0.15472907918094572
0.28979318859965014,0.7603647243197037,0.15469456267450055
0.28979318859965014,0.7606496651944722,0.15465893941812234
0.28984463422162776,0.7606496651944722,0.15463161233118197
0.28984463422162776,0.7607921356318564,0.1546198106439229
0.28997324827657167,0.7607921356318564,0.15459737814167424
0.28997324827657167,0.7609346060692407,0.15455608544040791
0.2902304763864595,0.7609346060692407,0.15442327231055142
0.2902304763864595,0.7612195469440092,0.15439075273754282
0.2904619816853586,0.7612195469440092,0.15431445182241096
0.2904619816853586,0.7615044878187776,0.1542954911508367
0.29077065541722397,0.7615044878187776,0.15423556782060274
0.29077065541722397,0.7616469582561618,0.15423495482552818
0.2912593888260109,0.7616469582561618,0.15403191069562797
0.2912593888260109,0.761789428693546,0.15402861328207956
0.291722399423809,0.761789428693546,0.15384621287537834
0.291722399423809,0.7619318991309303,0.1538388191015782
0.2917995678567754,0.7619318991309303,0.15381796513904153
0.2917995678567754,0.7620743695683145,0.1538002870940477
0.2919281819117193,0.7620743695683145,0.15371481136513018
0.2919281819117193,0.7622168400056988,0.15370508826024887
0.2919539047227081,0.7622168400056988,0.1536802365702491
0.2919539047227081,0.762359310443083,0.1536641245696155
0.29200535034468567,0.762359310443083,0.1536409735433815
0.29200535034468567,0.7625017808804673,0.15362155413414608
0.2922111328325959,0.7625017808804673,0.15357243842896487
0.2922111328325959,0.7626442513178515,0.15356876939507902
0.292442638131495,0.7626442513178515,0.15344882649001787
0.292442638131495,0.7627867217552358,0.15344201360993084
0.2926226978084165,0.7627867217552358,0.15333441563350161
0.2926226978084165,0.76292919219262,0.15333389554136073
0.29269986624138283,0.76292919219262,0.15329210268885538
0.29269986624138283,0.7630716626300043,0.15328443405618664
0.2929570943512707,0.7630716626300043,0.15319309185211832
0.2929570943512707,0.7632141330673885,0.15317389014964347
0.2932143224611586,0.7632141330673885,0.15309165882515965
0.2932143224611586,0.7633566035047727,0.153060928166475
0.29329149089412493,0.7633566035047727,0.15300386920626047
0.29329149089412493,0.763499073942157,0.15299327918938818
0.2933172137051137,0.763499073942157,0.15298834218421556
0.2933172137051137,0.7636415443795412,0.1529812314185358
0.29339438213808006,0.7636415443795412,0.1529284376415595
0.29339438213808006,0.7637840148169255,0.15292019667171983
0.2937030558699455,0.7637840148169255,0.15272063168321692
0.2937030558699455,0.7639264852543097,0.1527112551364558
0.2939860067908221,0.7639264852543097,0.15255739175709807
0.2939860067908221,0.764068955691694,0.1525429283385842
0.29403745241279966,0.764068955691694,0.15252777488585048
0.29403745241279966,0.7642114261290782,0.15251706388396186
0.2944490173886202,0.7642114261290782,0.1522950345751776
0.2944490173886202,0.7643538965664625,0.15228751435450238
0.2945004630105978,0.7643538965664625,0.15227193206117212
0.2945004630105978,0.7644963670038467,0.15226481086553142
0.29457763144356414,0.7644963670038467,0.1522160932649237
0.29457763144356414,0.7650662487533837,0.15218439263056927
0.29478341393147445,0.7650662487533837,0.15209914753529355
0.29478341393147445,0.7652087191907679,0.15208428111446695
0.2949634736083959,0.7652087191907679,0.1520331812050539
0.2949634736083959,0.7653511896281522,0.15202988444338378
0.2949891964193847,0.7653511896281522,0.15200913814434708
0.2949891964193847,0.7654936600655364,0.15200207066725374
0.2950149192303735,0.7654936600655364,0.15199344998084943
0.2950149192303735,0.7656361305029207,0.15196153181745464
0.2951178104743286,0.7656361305029207,0.15193514618516424
0.2951178104743286,0.7657786009403049,0.151926110164514
0.29516925609630623,0.7657786009403049,0.15190624827797924
0.29516925609630623,0.7660635418150734,0.15188006372831286
0.2952207017182838,0.7660635418150734,0.1518705124121391
0.2952207017182838,0.7662060122524577,0.15186023770871615
0.29529787015125014,0.7662060122524577,0.1518297223982101
0.29529787015125014,0.7663484826898419,0.15181576865800314
0.29545220701718283,0.7663484826898419,0.1517380192243973
0.29545220701718283,0.7666334235646104,0.15171221399479784
0.2955036526391604,0.7666334235646104,0.15169756303941004
0.2955036526391604,0.7667758940019946,0.1516929461839502
0.29578660356003705,0.7667758940019946,0.15158441430006422
0.29578660356003705,0.7669183644393788,0.15156197842207017
0.29581232637102584,0.7669183644393788,0.15155906110439907
0.29581232637102584,0.767060834876763,0.15155628323435938
0.2958894948039922,0.767060834876763,0.15152874749991832
0.2958894948039922,0.7672033053141473,0.15152277304808934
0.2960181088589361,0.7672033053141473,0.15148072902860726
0.2960181088589361,0.7673457757515315,0.15147836070597082
0.2963525054017903,0.7673457757515315,0.15133900431531094
0.2963782282127791,0.7674882461889158,0.15133723929168919
0.29645539664574544,0.7674882461889158,0.1512897189957906
0.29645539664574544,0.7676307166263,0.15127653578559921
0.29678979318859966,0.7676307166263,0.1511273736872509
0.29678979318859966,0.7677731870636842,0.15112666933700955
0.2969955756765099,0.7677731870636842,0.1509845449807602
0.2969955756765099,0.7679156575010685,0.1509684044093044
0.2970470212984875,0.7679156575010685,0.1509318651384286
0.2970470212984875,0.768200598375837,0.1509180625679566
0.2971241897314539,0.768200598375837,0.1508883076899049
0.2971241897314539,0.7683430688132212,0.15088303517071192
0.29727852659738657,0.7683430688132212,0.1508498453783391
0.29727852659738657,0.7684855392506055,0.15084720816611874
0.2973556950303529,0.7684855392506055,0.15081760654969611
0.2973556950303529,0.7686280096879897,0.15081653221703362
0.2973814178413417,0.768770480125374,0.1508147876359253
0.2975100318962856,0.768770480125374,0.15077658072099523
0.2975100318962856,0.7689129505627582,0.15077094475109912
0.2979987653050725,0.7689129505627582,0.15052739611412286
0.2979987653050725,0.7690554210001425,0.15052062369485203
0.29815310217100527,0.7690554210001425,0.15044469130525392
0.29815310217100527,0.7691978914375267,0.15043074637113094
0.29817882498199405,0.7691978914375267,0.15042855708023314
0.29817882498199405,0.7696253027496794,0.15040221254854982
0.2983846074699043,0.7696253027496794,0.15034638828640914
0.2983846074699043,0.7697677731870637,0.15033471696558623
0.29869328120176974,0.7697677731870637,0.15021816678164648
0.29869328120176974,0.7700527140618322,0.15020510381924085
0.29882189525671365,0.7700527140618322,0.15015467132153668
0.29882189525671365,0.7701951844992164,0.1501419428461096
0.29889906368968,0.7701951844992164,0.15005446337316333
0.29889906368968,0.7703376549366007,0.1500165576074965
0.299259183043523,0.7703376549366007,0.14977791922186998
0.299259183043523,0.7704801253739849,0.14975655986988365
0.29956785677538844,0.7704801253739849,0.1496230843247552
0.29956785677538844,0.7706225958113692,0.14961178972526465
0.29995369894022017,0.7706225958113692,0.14945719170303523
0.29997942175120895,0.7707650662487534,0.1494449793255368
0.3003138182940632,0.7707650662487534,0.14933931006431658
0.3003138182940632,0.7709075366861377,0.14933454689527073
0.30059676921493983,0.7709075366861377,0.149200431694813
0.30059676921493983,0.7711924775609061,0.14918703415767204
0.3006224920259286,0.7711924775609061,0.14918673111221206
0.3006224920259286,0.7713349479982904,0.14915851951457854
0.3006482148369174,0.7714774184356746,0.14913353112348499
0.3007511060808725,0.7714774184356746,0.14908155038992518
0.3007768288918613,0.7716198888730589,0.14908045011808835
0.3007768288918613,0.7717623593104431,0.14907711827805212
0.3009054429468052,0.7717623593104431,0.14899823138816887
0.3009054429468052,0.7719048297478274,0.14897149484141026
0.30100833419076034,0.7719048297478274,0.14889380667270263
0.30100833419076034,0.7720473001852116,0.14889006455653056
0.30105977981273796,0.7720473001852116,0.14886402058832615
0.30105977981273796,0.7721897706225959,0.14885783582278223
0.30108550262372674,0.7721897706225959,0.14884095521085464
0.30108550262372674,0.7724747114973642,0.14883957121134417
0.30134273073361456,0.7724747114973642,0.14869266348512683
0.30134273073361456,0.7727596523721327,0.14867902599965582
0.3014456219775697,0.7727596523721327,0.14866259376440333
0.3014456219775697,0.772902122809517,0.14864476017248088
0.30154851322152487,0.772902122809517,0.14856273143152318
0.30154851322152487,0.7731870636842855,0.14853376608232627
0.3017800185204239,0.7731870636842855,0.1484788263141337
0.3017800185204239,0.7733295341216697,0.1484694085669622
0.30185718695339026,0.7733295341216697,0.14845208319384967
0.30185718695339026,0.773472004559054,0.14844666316690858
0.3019600781973454,0.773472004559054,0.14839380109428332
0.3019600781973454,0.7736144749964382,0.1483870202822246
0.302011523819323,0.7736144749964382,0.14836797370646068
0.302011523819323,0.7737569454338225,0.14836119650793375
0.3020372466303118,0.7738994158712067,0.14835160179115617
0.3021401378742669,0.7738994158712067,0.14831575555874682
0.3021401378742669,0.7741843567459752,0.14830569148353753
0.30221730630723326,0.7741843567459752,0.14830005804522645
0.30221730630723326,0.7743268271833594,0.1482887900429535
0.3022944747401996,0.7743268271833594,0.14825179632706595
0.3022944747401996,0.7747542384955122,0.1482044207703382
0.3024745344171211,0.7747542384955122,0.14813708719745738
0.3024745344171211,0.7748967089328964,0.14812644059677066
0.3030404362588744,0.7748967089328964,0.14792567085727557
0.3030404362588744,0.7750391793702807,0.14792507270740793
0.3031433275028295,0.7750391793702807,0.14789826508853607
0.3031690503138183,0.7751816498076649,0.14786171374386728
0.30340055561271734,0.7751816498076649,0.14777308494759053
0.30340055561271734,0.7754665906824334,0.1477520242276188
0.3034520012346949,0.7754665906824334,0.1477334140596164
0.3034520012346949,0.7756090611198176,0.14771501327929912
0.30347772404568374,0.7756090611198176,0.14770960221821305
0.30347772404568374,0.7757515315572019,0.14770411204532533
0.3035291696676613,0.7757515315572019,0.14763656993758653
0.3035291696676613,0.7760364724319704,0.14760274377234034
0.3037092293445828,0.7760364724319704,0.14753993138497867
0.3037092293445828,0.7761789428693546,0.1475371723956361
0.3040693486984258,0.7761789428693546,0.14731722781331674
0.3040693486984258,0.7763214133067389,0.14730632928370804
0.30412079432040334,0.7763214133067389,0.14729447109104293
0.30412079432040334,0.7764638837441231,0.14728607741827404
0.3043008539973248,0.7764638837441231,0.1471858820410067
0.3043008539973248,0.7766063541815074,0.1471831306748633
0.30437802243029116,0.7766063541815074,0.1471593026131124
0.30437802243029116,0.7767488246188916,0.1471581909573417
0.3045580821072127,0.7767488246188916,0.14709290631318067
0.3045580821072127,0.7768912950562759,0.14708570215996566
0.3046866961621566,0.7768912950562759,0.14699975220922
0.3046866961621566,0.7770337654936601,0.14699017522541202
0.30478958740611173,0.7770337654936601,0.14693715998218396
0.30478958740611173,0.7771762359310443,0.14690570943822467
0.3049439242720445,0.7771762359310443,0.14685617918154775
0.3049439242720445,0.7776036472431971,0.1468164801957123
0.3050210927050108,0.7776036472431971,0.1467800467434359
0.3050210927050108,0.7777461176805813,0.14674154394546762
0.30525259800390986,0.7777461176805813,0.14668266434601593
0.30525259800390986,0.7780310585553498,0.1466311032392116
0.3053297664368762,0.7780310585553498,0.14661882147650604
0.3053297664368762,0.778173528992734,0.1466121723440004
0.30574133141269677,0.778173528992734,0.14649548887783548
0.30574133141269677,0.7783159994301182,0.14647410318687923
0.30576705422368555,0.7783159994301182,0.1464721900702224
0.30576705422368555,0.7784584698675024,0.14647081434353107
0.30589566827862946,0.7784584698675024,0.1464241231747001
0.30589566827862946,0.7786009403048867,0.14642077521869962
0.3059213910896183,0.7786009403048867,0.14637055418486464
0.3059213910896183,0.7787434107422709,0.14636766064190054
0.30597283671159586,0.7787434107422709,0.14631442527349514
0.30597283671159586,0.7788858811796552,0.14624950480151006
0.306075727955551,0.7788858811796552,0.14623409362190684
0.306075727955551,0.7790283516170394,0.14622690342560854
0.30615289638851734,0.7790283516170394,0.14619212878457682
0.30615289638851734,0.7791708220544237,0.14619190542513222
0.3061786191995061,0.7791708220544237,0.14619058739213725
0.3061786191995061,0.7793132924918079,0.14618424187901183
0.30679596666323694,0.7793132924918079,0.14592602643076133
0.30679596666323694,0.7794557629291922,0.14592542719967003
0.30697602634015847,0.7794557629291922,0.14584791606881375
0.30697602634015847,0.7795982333665764,0.14583881935611867
0.30764481942586686,0.7795982333665764,0.14552587404685682
0.30764481942586686,0.7797407038039607,0.14551491159166544
0.30767054223685564,0.7797407038039607,0.14547911532059127
0.30767054223685564,0.7798831742413449,0.14546035618381734
0.30779915629179955,0.7798831742413449,0.14543051762487852
0.30779915629179955,0.7800256446787291,0.14540769457007158
0.30787632472476595,0.7800256446787291,0.1453684845565856
0.30787632472476595,0.7803105855534976,0.14533839187135839
0.3079534931577323,0.7803105855534976,0.14528096906483268
0.3079534931577323,0.7805955264282661,0.14524208222361643
0.3082364440786089,0.7805955264282661,0.14512624501293275
0.3082364440786089,0.7807379968656504,0.14512590450234844
0.30836505813355286,0.7807379968656504,0.14508989911230524
0.30836505813355286,0.7808804673030346,0.14508664674260852
0.30880234592036215,0.7808804673030346,0.14496294932819553
0.30880234592036215,0.7810229377404189,0.14496208775934707
0.30890523716431734,0.7810229377404189,0.14490423734720972
0.30890523716431734,0.7811654081778031,0.14490346998560907
0.3089566827862949,0.7811654081778031,0.14489978335644396
0.3089566827862949,0.7813078786151874,0.1448908482124566
0.3094454161950818,0.7813078786151874,0.14461305990605516
0.3094454161950818,0.7814503490525716,0.14460620020283985
0.30952258462804816,0.7814503490525716,0.14457424836234406
0.30952258462804816,0.7815928194899558,0.14455097596037575
0.3095740302500257,0.7815928194899558,0.14453855606878346
0.3095740302500257,0.7817352899273401,0.14453374180649683
0.30965119868299207,0.7817352899273401,0.14450337115819337
0.30965119868299207,0.7818777603647243,0.14449150581186565
0.30980553554892476,0.7818777603647243,0.14440766555052575
0.30980553554892476,0.7820202308021086,0.14440425523077915
0.31001131803683507,0.7820202308021086,0.14429050512910907
0.31001131803683507,0.7821627012394928,0.14426024976973997
0.3101142092807902,0.7821627012394928,0.1442316474505458
0.3101142092807902,0.7823051716768771,0.14422110765692198
0.31019137771375654,0.7823051716768771,0.1442023140366099
0.31019137771375654,0.7824476421142613,0.14419450805983658
0.3102171005247453,0.7824476421142613,0.14417525022954353
0.3102171005247453,0.7825901125516456,0.14414014718282864
0.3103714373906781,0.7825901125516456,0.14409485583067488
0.3103714373906781,0.7828750534264141,0.14407698112666867
0.3104486058236444,0.7828750534264141,0.14403125584157336
0.3104486058236444,0.7830175238637983,0.14401734234158056
0.3104743286346332,0.7830175238637983,0.14397409536849998
0.3104743286346332,0.7831599943011825,0.14396506647857377
0.31070583393353224,0.7831599943011825,0.14387556628318138
0.31070583393353224,0.7833024647385668,0.14386770762546777
0.310860170799465,0.7833024647385668,0.1438388584471333
0.310860170799465,0.783444935175951,0.1438388204608111
0.3109887848544089,0.783444935175951,0.1438116965689163
0.3109887848544089,0.7835874056133353,0.14379806620473404
0.31116884453133037,0.7835874056133353,0.14369883017800034
0.31116884453133037,0.7837298760507194,0.14366785447997027
0.3112460129642967,0.7837298760507194,0.14365806262775818
0.3112460129642967,0.7838723464881037,0.14364552495081614
0.3113489042082519,0.7838723464881037,0.14358131450970635
0.3113489042082519,0.7840148169254879,0.14357274660081218
0.3114775182631958,0.7840148169254879,0.14354954835127995
0.3114775182631958,0.7841572873628722,0.1435386367266708
0.31194052886099394,0.7841572873628722,0.14336259471567114
0.3119662516719827,0.7842997578002564,0.1433499424994109
0.312172034159893,0.7842997578002564,0.1433101969400152
0.312172034159893,0.7844422282376406,0.14330911668873714
0.3123263710258257,0.7844422282376406,0.14323467324470876
0.3123263710258257,0.7845846986750249,0.14322436540835715
0.3123520938368145,0.7845846986750249,0.14321960276764711
0.3123520938368145,0.7847271691124091,0.14321807200202127
0.31242926226978085,0.7847271691124091,0.14317703375130558
0.31242926226978085,0.7848696395497934,0.14317340411024895
0.31245498508076963,0.7848696395497934,0.14315014706331702
0.31245498508076963,0.7851545804245619,0.14312435096157156
0.31273793600164623,0.7851545804245619,0.1430238246841311
0.31273793600164623,0.7852970508619461,0.14302293586032327
0.31278938162362385,0.7852970508619461,0.14299513476556172
0.31278938162362385,0.7855819917367146,0.1429685463545593
0.3130208869225229,0.7855819917367146,0.14292790014033827
0.3130208869225229,0.7857244621740989,0.1429148197822963
0.31309805535548924,0.7857244621740989,0.1428885221439752
0.31309805535548924,0.7860094030488673,0.14287901523888863
0.3131752237884556,0.7860094030488673,0.14284827985381535
0.3131752237884556,0.7861518734862516,0.1428228992409386
0.313252392221422,0.7861518734862516,0.14279663728899536
0.313252392221422,0.7862943439236358,0.14277478042263317
0.31345817470933224,0.7862943439236358,0.14270666345897878
0.313483897520321,0.7864368143610201,0.14270622236718378
0.313483897520321,0.7865792847984043,0.14267191234985138
0.3135096203313098,0.7865792847984043,0.14266246151103168
0.3135096203313098,0.7867217552357886,0.14265725249441857
0.3141784134170182,0.7867217552357886,0.1424261742995636
0.3141784134170182,0.7868642256731728,0.14241797134582246
0.31420413622800697,0.7868642256731728,0.14241258646909133
0.31420413622800697,0.7872916369853256,0.14238672842637592
0.31428130466097337,0.7872916369853256,0.14233128911151027
0.31428130466097337,0.7874341074227098,0.1423278582356269
0.31458997839283875,0.7874341074227098,0.14221279534092776
0.31458997839283875,0.787576577860094,0.14221021848091442
0.3147185924477827,0.787576577860094,0.14217366694907113
0.3147185924477827,0.7878615187348625,0.14215656912296645
0.31482148369173785,0.7878615187348625,0.14214166074645773
0.31482148369173785,0.7880039891722468,0.14212202320005382
0.31484720650272663,0.7880039891722468,0.1421054865394426
0.31484720650272663,0.7882889300470153,0.14208819039717066
0.3148986521247042,0.7882889300470153,0.14207348717718074
0.3148986521247042,0.7884314004843995,0.1420327417740172
0.3150529889906369,0.7884314004843995,0.14199398352408937
0.31507871180162567,0.7885738709217838,0.14198708449665043
0.315155880234592,0.7885738709217838,0.14196534268377825
0.315155880234592,0.788716341359168,0.1419643763209541
0.3153873855334911,0.788716341359168,0.1418812430546913
0.3154131083444799,0.7888588117965523,0.1418728378220483
0.31549027677744623,0.7888588117965523,0.1417789183377416
0.31549027677744623,0.7890012822339365,0.1417773438902979
0.3157732276983229,0.7890012822339365,0.14161251441496847
0.3157732276983229,0.789286223108705,0.14158053106562365
0.315876118942278,0.789286223108705,0.14153407514154384
0.315876118942278,0.7894286935460891,0.14152660892205646
0.3162876839180986,0.7894286935460891,0.14136448392632173
0.3162876839180986,0.7895711639834734,0.14136432884693176
0.31649346640600884,0.7895711639834734,0.14128342828833507
0.31649346640600884,0.7898561048582419,0.14126869568311087
0.3165449120279864,0.7898561048582419,0.14124480532440403
0.3165449120279864,0.7899985752956261,0.14123534613330527
0.31659635764996397,0.7899985752956261,0.14119308113980822
0.31659635764996397,0.7901410457330104,0.14118460986112188
0.31672497170490793,0.7901410457330104,0.14113256606584462
0.31672497170490793,0.7902835161703946,0.14113193383950864
0.31711081386973966,0.7902835161703946,0.14100110843912567
0.31711081386973966,0.7904259866077789,0.14099145993888
0.3175738244675378,0.7904259866077789,0.14065724459818787
0.3175738244675378,0.7905684570451631,0.14064678880466583
0.3175995472785266,0.7905684570451631,0.14061989129655014
0.3175995472785266,0.7908533979199316,0.14060781693279312
0.31785677538841445,0.7908533979199316,0.14052539773714587
0.31785677538841445,0.7909958683573158,0.14052337172459625
0.31801111225434714,0.7909958683573158,0.14047677824678187
0.31801111225434714,0.7911383387947001,0.140462861639918
0.31811400349830227,0.7911383387947001,0.14045248484836317
0.31811400349830227,0.7912808092320843,0.1404480405882482
0.3181397263092911,0.7912808092320843,0.1404473547625854
0.3181654491202799,0.7914232796694686,0.14044642161418977
0.31819117193126867,0.7914232796694686,0.14042714690482275
0.31819117193126867,0.7915657501068528,0.14041850375554235
0.31834550879720136,0.7915657501068528,0.14039456788524768
0.31834550879720136,0.7917082205442371,0.14038476821201654
0.3186799053400556,0.7917082205442371,0.14027013647006878
0.3186799053400556,0.7918506909816213,0.14026049576956745
0.3189114106389546,0.7918506909816213,0.14014946074679116
0.3189114106389546,0.7919931614190056,0.1401414297425668
0.3191943615598313,0.7919931614190056,0.14001006172615285
0.3191943615598313,0.7921356318563898,0.1400064657596535
0.3192715299927976,0.7921356318563898,0.1399495038793286
0.3192715299927976,0.792278102293774,0.13994406473346047
0.31950303529169666,0.792278102293774,0.13988869643049637
0.31950303529169666,0.7924205727311583,0.13987792122207293
0.3196830949686182,0.7924205727311583,0.13981185537674204
0.3196830949686182,0.7925630431685425,0.13980773800986668
0.3197859862125733,0.7925630431685425,0.1397408751125156
0.3197859862125733,0.7927055136059268,0.1397283957853133
0.32001749151147235,0.7927055136059268,0.13959369084148693
0.32001749151147235,0.792847984043311,0.1395922187282016
0.3201718283774051,0.792847984043311,0.13953388901457092
0.3201718283774051,0.7929904544806953,0.1395338680128703
0.32022327399938266,0.7929904544806953,0.13952681019827792
0.32022327399938266,0.7931329249180795,0.13952164383360507
0.3204290564872929,0.7931329249180795,0.1394182163471345
0.3204290564872929,0.7932753953554638,0.13941730939499983
0.32053194773124805,0.7932753953554638,0.13939828526731657
0.32053194773124805,0.793417865792848,0.13939133788905503
0.3205576705422369,0.793417865792848,0.1393871679688822
0.3205576705422369,0.7935603362302323,0.1393820563343025
0.3215608601707995,0.7935603362302323,0.1388926613332267
0.3215608601707995,0.7937028066676165,0.13887851597418807
0.32158658298178827,0.7937028066676165,0.13887686557466766
0.32158658298178827,0.7938452771050007,0.13887117800683177
0.32163802860376584,0.7938452771050007,0.13887049039444915
0.32163802860376584,0.793987747542385,0.13886458735945503
0.3216637514147546,0.793987747542385,0.13886423990071461
0.3216637514147546,0.7941302179797692,0.13884232950200626
0.3219467023356312,0.7941302179797692,0.13877353393979625
0.3219467023356312,0.7942726884171535,0.13876969555487753
0.3222039304455191,0.7942726884171535,0.1387027286516654
0.3222296532565079,0.7944151588545377,0.1386514786633549
0.3224868813663957,0.7944151588545377,0.13855648090346853
0.3224868813663957,0.794557629291922,0.13855173702610446
0.322692663854306,0.794557629291922,0.13849452405479512
0.322692663854306,0.7947000997293062,0.13848570705955848
0.3229756147751826,0.7947000997293062,0.1383510657450289
0.3229756147751826,0.7948425701666905,0.13834964779415498
0.32300133758617144,0.7948425701666905,0.1383455284162503
0.32300133758617144,0.7949850406040746,0.13833771624224436
0.3232328428850705,0.7949850406040746,0.13826457235705816
0.3232328428850705,0.7951275110414588,0.13824999035851418
0.3235672394279247,0.7951275110414588,0.13815211852778866
0.3235672394279247,0.7952699814788431,0.1381427356474375
0.32361868504990227,0.7952699814788431,0.1381370886329566
0.32361868504990227,0.7954124519162273,0.13813149633736208
0.3238501903488013,0.7954124519162273,0.13801217944507635
0.3238501903488013,0.7955549223536116,0.13800472577731474
0.32395308159275643,0.7955549223536116,0.13795873506038106
0.32395308159275643,0.7958398632283801,0.1379095744885368
0.32431320094659943,0.7958398632283801,0.13779263004997805
0.32431320094659943,0.7959823336657643,0.13778639228410952
0.32441609219055456,0.7959823336657643,0.13775685155161876
0.32441609219055456,0.7961248041031486,0.13775590327693824
0.32472476592242,0.7961248041031486,0.13758763096576898
0.32472476592242,0.7962672745405328,0.13758412244726023
0.32477621154439756,0.7962672745405328,0.13757308991101128
0.32477621154439756,0.7964097449779171,0.13756429989877167
0.32482765716637513,0.7964097449779171,0.13752698921439815
0.32482765716637513,0.7965522154153013,0.13752281330241306
0.32493054841033026,0.7965522154153013,0.1374843653743673
0.32493054841033026,0.7966946858526855,0.13748276330565404
0.3249819940323079,0.7966946858526855,0.13746376397978566
0.3249819940323079,0.7968371562900698,0.13742012116487945
0.325084885276263,0.7968371562900698,0.13737683574427023
0.325084885276263,0.796979626727454,0.13737421233093156
0.32541928181911717,0.796979626727454,0.13726973216873964
0.32541928181911717,0.7971220971648383,0.1372678814825765
0.32554789587406113,0.7971220971648383,0.13722850722080918
0.32554789587406113,0.7972645676022225,0.13722798478588172
0.3257279555509826,0.7972645676022225,0.13715074494498708
0.3257279555509826,0.7974070380396068,0.13714883469166872
0.32580512398394895,0.7974070380396068,0.13711058469990717
0.32580512398394895,0.797549508476991,0.13710737524787067
0.3259337380388929,0.797549508476991,0.13706674023411777
0.3259337380388929,0.7976919789143753,0.1370334814947609
0.3261137977158144,0.7976919789143753,0.1369311710308082
0.3261137977158144,0.7978344493517595,0.1369227047528014
0.32616524333779195,0.7978344493517595,0.13691387279861483
0.32616524333779195,0.798119390226528,0.13689530384640508
0.32631958020372465,0.798119390226528,0.13685859212489926
0.32631958020372465,0.7982618606639122,0.13684739759247772
0.3264481942586686,0.7982618606639122,0.13676467847583113
0.3264481942586686,0.7984043311012965,0.1367597338317239
0.32655108550262374,0.7984043311012965,0.1367276618758827
0.32655108550262374,0.7985468015386807,0.1367216214565597
0.32670542236855643,0.7985468015386807,0.13664955918655294
0.3267311451795452,0.798689271976065,0.13664165887657567
0.32703981891141065,0.798689271976065,0.1364995730803754
0.32703981891141065,0.7988317424134492,0.13648631032784267
0.32716843296635456,0.7988317424134492,0.13645464688747674
0.32716843296635456,0.7991166832882177,0.13645054317784228
0.32781150324107416,0.7991166832882177,0.1361755324961684
0.32781150324107416,0.799259153725602,0.1361577194616461
0.32788867167404057,0.799259153725602,0.13610689496596573
0.32788867167404057,0.7996865650377547,0.13608227181508672
0.32817162259491717,0.7996865650377547,0.13602295319915475
0.32817162259491717,0.7999715059125232,0.13600742991426
0.3286089103817265,0.7999715059125232,0.13591344789556623
0.3286089103817265,0.8001139763499074,0.13591301198490147
0.32868607881469286,0.8001139763499074,0.13588571990239345
0.32868607881469286,0.8002564467872917,0.13588539070716785
0.32871180162568164,0.8002564467872917,0.13586241211923183
0.32871180162568164,0.8003989172246759,0.13584990001443528
0.32881469286963677,0.8003989172246759,0.13582744115719714
0.32881469286963677,0.8005413876620602,0.13581731818827142
0.3288661384916144,0.8005413876620602,0.1357747883784338
0.3288661384916144,0.8006838580994443,0.13576392269929885
0.32904619816853586,0.8006838580994443,0.1356641343290109
0.32904619816853586,0.8008263285368286,0.1356612281608743
0.3292519806564461,0.8008263285368286,0.13559084005552197
0.3292519806564461,0.8009687989742128,0.13556833607081747
0.3292777034674349,0.8009687989742128,0.1355651383854918
0.3292777034674349,0.8012537398489813,0.1355404466956707
0.3293548719004013,0.8012537398489813,0.13551583949342236
0.3293548719004013,0.8013962102863655,0.13550831935090218
0.3297664368762218,0.8013962102863655,0.13542616231551244
0.3297664368762218,0.8015386807237498,0.1354259939620109
0.3297921596872106,0.8015386807237498,0.13541508888278517
0.3297921596872106,0.801681151161134,0.1354136503277432
0.32992077374215456,0.801681151161134,0.13537024131377062
0.32992077374215456,0.8018236215985183,0.13535121888083404
0.33007511060808725,0.8018236215985183,0.1353184141521117
0.33007511060808725,0.8019660920359025,0.13531151221671714
0.3303066159069863,0.8019660920359025,0.13523727232139973
0.3303323387179751,0.8021085624732868,0.1352171783448099
0.3303580615289639,0.8021085624732868,0.1352106645868661
0.3303580615289639,0.802251032910671,0.13520612983941385
0.3303837843399527,0.8023935033480553,0.13520011246011757
0.33082107212676204,0.8023935033480553,0.1349815420569147
0.33082107212676204,0.8025359737854395,0.13497568951663655
0.3316442020784031,0.8025359737854395,0.13471213824836784
0.3316442020784031,0.8026784442228238,0.13470838335443555
0.3316956477003807,0.8026784442228238,0.13467613877370507
0.3316956477003807,0.802820914660208,0.1346560829966525
0.33174709332235824,0.802820914660208,0.13463635694967083
0.33174709332235824,0.8029633850975922,0.1346256907340115
0.33259594608498816,0.8029633850975922,0.13428796807435117
0.33259594608498816,0.8031058555349765,0.13428794702365612
0.3327760057619097,0.8031058555349765,0.1342338350464412
0.3327760057619097,0.8032483259723607,0.13423274877457983
0.33282745138388725,0.8032483259723607,0.1342154737942803
0.33282745138388725,0.803390796409745,0.13420786835578144
0.3329046198168536,0.803390796409745,0.13417321145376204
0.3329046198168536,0.8036757372845135,0.13415583803779632
0.3330075110608087,0.8036757372845135,0.13413388817742336
0.3330075110608087,0.8038182077218977,0.13412560986810468
0.33349624446959564,0.8038182077218977,0.13388865486410143
0.33349624446959564,0.8041031485966662,0.13387827788401052
0.33359913571355077,0.8041031485966662,0.133864245678109
0.33359913571355077,0.8042456190340505,0.13385537910421907
0.3336763041465171,0.8042456190340505,0.13383122746736584
0.3336763041465171,0.8043880894714347,0.1338232411456181
0.3338049182014611,0.8043880894714347,0.1337430008399131
0.3338049182014611,0.8045305599088189,0.13373699300316355
0.33385636382343864,0.8045305599088189,0.13369527713965787
0.33385636382343864,0.8046730303462032,0.1336785701208667
0.333933532256405,0.8046730303462032,0.13365762858934768
0.333933532256405,0.8048155007835874,0.13364147924869013
0.33395925506739377,0.8049579712209717,0.13363793983005315
0.33398497787838255,0.8049579712209717,0.13363211165121386
0.33398497787838255,0.8051004416583559,0.1336220968718236
0.3340364235003601,0.8051004416583559,0.13361484486549813
0.3340364235003601,0.8052429120957402,0.13361484476798438
0.33411359193332646,0.8052429120957402,0.1336028036262617
0.33411359193332646,0.8053853825331244,0.13360038944518915
0.33413931474431524,0.8053853825331244,0.13358872124881221
0.33413931474431524,0.8056703234078929,0.13356566566844755
0.334165037555304,0.8056703234078929,0.1335624912975578
0.334165037555304,0.8058127938452772,0.13355937635867735
0.3345766025311246,0.8058127938452772,0.13338137220043808
0.3345766025311246,0.8059552642826614,0.133374884933607
0.33498816750694516,0.8059552642826614,0.1331596227786175
0.33498816750694516,0.8060977347200456,0.13313127781322634
0.33521967280584425,0.8060977347200456,0.13306823684659047
0.33521967280584425,0.8062402051574298,0.13306748898479864
0.3352711184278218,0.8062402051574298,0.1330508783855876
0.3352711184278218,0.806382675594814,0.13303088651391015
0.3352968412388106,0.806382675594814,0.1330260608817256
0.3352968412388106,0.8065251460321983,0.1330041767634485
0.3353225640497994,0.8065251460321983,0.1329936532581848
0.3353225640497994,0.8066676164695825,0.13299040633622083
0.33547690091573207,0.8066676164695825,0.13293681132943025
0.33547690091573207,0.8068100869069668,0.13290992348502975
0.3357855746475975,0.8068100869069668,0.13279795003457825
0.3357855746475975,0.806952557344351,0.1327975919584309
0.33611997119045167,0.806952557344351,0.13268108092060918
0.33611997119045167,0.8070950277817353,0.13267503959030943
0.3362743080563844,0.8070950277817353,0.13260468350415427
0.3362743080563844,0.8073799686565037,0.13259357888170814
0.33650581335528346,0.8073799686565037,0.1324877498307645
0.33650581335528346,0.807522439093888,0.13248646682218834
0.3367887642761601,0.807522439093888,0.13240215930333837
0.3367887642761601,0.8076649095312722,0.1323991879750774
0.33689165552011524,0.8076649095312722,0.13235768422200683
0.33689165552011524,0.8078073799686565,0.1323502483739315
0.33699454676407037,0.8078073799686565,0.13232038626865286
0.33699454676407037,0.808092320843425,0.1323170812685444
0.3372003292519807,0.808092320843425,0.13226394189368829
0.3372003292519807,0.8082347912808092,0.13224128020064266
0.337277497684947,0.8082347912808092,0.13222189253971994
0.337277497684947,0.8085197321555777,0.13221277187685843
0.3376633398497788,0.8085197321555777,0.132009943773079
0.3376633398497788,0.8088046730303462,0.13198260705876638
0.33792056795966663,0.8088046730303462,0.13188213850642852
0.33792056795966663,0.8090896139051147,0.13186408663968335
0.3380749048255993,0.8090896139051147,0.13181558939058335
0.3380749048255993,0.8092320843424989,0.1318097296594891
0.3383064101244984,0.8092320843424989,0.1317235130012977
0.3383064101244984,0.8095170252172674,0.1317078316874897
0.3384350241794423,0.8095170252172674,0.1316809234474866
0.3384350241794423,0.8096594956546517,0.13166492132500118
0.338589361045375,0.8096594956546517,0.13158327831420155
0.338589361045375,0.8098019660920359,0.13157928192027557
0.33912954007613955,0.8098019660920359,0.1314012030012878
0.33912954007613955,0.8099444365294202,0.131401041072286
0.3395153822409713,0.8099444365294202,0.1311959615384552
0.3395153822409713,0.8100869069668044,0.13119510936600595
0.33961827348492646,0.8100869069668044,0.13116500601775458
0.33961827348492646,0.8103718478415729,0.13113277613258034
0.3399783928387694,0.8103718478415729,0.13100754711200957
0.3399783928387694,0.8105143182789571,0.13100718522857666
0.34005556127173575,0.8105143182789571,0.13096113542120624
0.34005556127173575,0.8106567887163414,0.130959236079699
0.34010700689371337,0.8106567887163414,0.1309575206240805
0.34010700689371337,0.8107992591537256,0.13094149155068907
0.34015845251569093,0.8107992591537256,0.13093723144580566
0.34015845251569093,0.8109417295911099,0.1309343650779083
0.3401841753266797,0.8109417295911099,0.13091511747479023
0.3401841753266797,0.8110842000284941,0.13091403819605524
0.34067290873546663,0.8110842000284941,0.13079775096299315
0.34067290873546663,0.8112266704658784,0.13079748764905738
0.3406986315464554,0.8112266704658784,0.130762297725167
0.3406986315464554,0.8113691409032626,0.13074379795188174
0.3410073052783208,0.8113691409032626,0.13065695230854757
0.3410073052783208,0.8116540817780311,0.13062239837092793
0.34116164214425354,0.8116540817780311,0.13057585004044667
0.34116164214425354,0.8117965522154154,0.13057454601627344
0.3411873649552423,0.8117965522154154,0.13056942580984335
0.3412130877662311,0.8119390226527995,0.13053840553559196
0.3413674246321638,0.8119390226527995,0.13049812479782807
0.3413674246321638,0.8120814930901837,0.1304849398616292
0.3414960386871077,0.8120814930901837,0.13043931241747322
0.3414960386871077,0.812223963527568,0.13043395666953303
0.3415217614980965,0.812223963527568,0.1304334682821081
0.3415217614980965,0.8123664339649522,0.13042919548908777
0.3415732071200741,0.8123664339649522,0.13039288238613722
0.3415732071200741,0.8125089044023365,0.13038998642742972
0.34165037555304045,0.8125089044023365,0.13034077029573055
0.34165037555304045,0.812793845277105,0.13029722657777773
0.3417532667969956,0.812793845277105,0.1302662280084688
0.3417532667969956,0.8129363157144892,0.13026038002073415
0.3418818808519395,0.8129363157144892,0.1301780261049846
0.3418818808519395,0.8132212565892577,0.13015028980860935
0.34216483177281615,0.8132212565892577,0.1300842656067677
0.34216483177281615,0.813363727026642,0.1300796926867859
0.343013684535446,0.813363727026642,0.12975400136061352
0.343013684535446,0.8135061974640262,0.12975372011370373
0.3433480810783002,0.8135061974640262,0.12967236741562607
0.343373803889289,0.8136486679014104,0.12966654211316192
0.3433995267002778,0.8136486679014104,0.12966347380866025
0.3433995267002778,0.8137911383387947,0.12966252386490876
0.34352814075522176,0.8137911383387947,0.12962340456997112
0.34352814075522176,0.8139336087761789,0.12961769902362688
0.34355386356621054,0.8140760792135632,0.1296038268167804
0.3435795863771993,0.8140760792135632,0.1295874422739282
0.3436053091881881,0.8142185496509474,0.1295844444456869
0.34365675481016567,0.8142185496509474,0.1295515037346109
0.34365675481016567,0.8143610200883317,0.1295471127477394
0.343733923243132,0.8143610200883317,0.12954132814918154
0.343733923243132,0.8145034905257159,0.1295393463571942
0.3438882601090647,0.8145034905257159,0.12949333188234707
0.3438882601090647,0.8146459609631002,0.12949283711663623
0.3441197654079638,0.8146459609631002,0.12942972027502606
0.3441197654079638,0.8147884314004844,0.12942775625862069
0.34417121102994136,0.8147884314004844,0.12942282878491154
0.34417121102994136,0.8149309018378686,0.1294077991801933
0.3442741022738965,0.8149309018378686,0.12937743779121635
0.3442741022738965,0.8150733722752529,0.12936765845596732
0.3444027163288404,0.8150733722752529,0.12933337294378014
0.3444027163288404,0.8152158427126371,0.12933168091685202
0.3444284391398292,0.8152158427126371,0.12933036826363445
0.3444284391398292,0.8153583131500214,0.1293293513204615
0.34471139006070584,0.8153583131500214,0.12926756146129365
0.34471139006070584,0.8155007835874056,0.12926160015720486
0.34507150941454884,0.8155007835874056,0.12917025201748777
0.34507150941454884,0.8156432540247899,0.12917015602986315
0.34553452001234697,0.8156432540247899,0.12897131448975518
0.34553452001234697,0.8157857244621741,0.12896416791393206
0.34556024282333575,0.8157857244621741,0.1289565146743525
0.34558596563432453,0.8159281948995584,0.12895576838412404
0.3456116884453133,0.8159281948995584,0.1289481399226936
0.3456116884453133,0.8160706653369426,0.12893324933909636
0.3456631340672909,0.8160706653369426,0.12890983153653077
0.3456631340672909,0.8162131357743269,0.1289056456292977
0.3457917481222348,0.8162131357743269,0.12884938225879408
0.3457917481222348,0.8164980766490954,0.12884440267291475
0.34581747093322357,0.8164980766490954,0.1288395393430558
0.34581747093322357,0.8166405470864796,0.12882173607604508
0.34604897623212266,0.8166405470864796,0.12875209864895742
0.34604897623212266,0.8167830175238638,0.12873309294728086
0.34620331309805535,0.8167830175238638,0.12863749362155627
0.34620331309805535,0.8169254879612481,0.12863621445714588
0.3468206605617862,0.8169254879612481,0.12847719778551278
0.3468206605617862,0.8170679583986323,0.1284550278476448
0.3468978289947525,0.8170679583986323,0.12843654899510193
0.3468978289947525,0.8172104288360166,0.1284349832222542
0.34705216586068527,0.8172104288360166,0.12838644832835994
0.34705216586068527,0.817495369710785,0.1283630159312306
0.3472579483485955,0.817495369710785,0.12824067723514626
0.3472579483485955,0.8176378401481692,0.1282306071680251
0.34746373083650584,0.8176378401481692,0.12813150872785797
0.34746373083650584,0.8177803105855534,0.12811428692273558
0.34779812737936,0.8177803105855534,0.12804041975599076
0.34779812737936,0.8179227810229377,0.12803820511898817
0.3478238501903488,0.8179227810229377,0.12800897179635604
0.3478238501903488,0.8180652514603219,0.1280087241624275
0.34787529581232635,0.8180652514603219,0.1279970122746708
0.34787529581232635,0.8182077218977062,0.12799581297408683
0.3479010186233152,0.8182077218977062,0.12799341618841686
0.3479010186233152,0.8183501923350904,0.12799092842990306
0.34797818705628153,0.8183501923350904,0.12796990152095067
0.3480039098672703,0.8184926627724747,0.12795762876381508
0.34844119765407966,0.8184926627724747,0.12784364635165063
0.34844119765407966,0.8186351332098589,0.12783346924420255
0.34862125733100113,0.8186351332098589,0.12777320507637294
0.34862125733100113,0.8187776036472432,0.12777269756947285
0.34908426792879926,0.8187776036472432,0.1275071179979503
0.34908426792879926,0.8189200740846274,0.12748791631096262
0.3492128819837432,0.8189200740846274,0.1274531559942394
0.3492128819837432,0.8192050149593959,0.127443690343815
0.3493929416606647,0.8192050149593959,0.1273997156234214
0.3493929416606647,0.8193474853967802,0.12738562505138565
0.3494186644716535,0.8194899558341644,0.12737275134979195
0.34947011009363105,0.8194899558341644,0.12735558868113522
0.34947011009363105,0.8196324262715486,0.12734291413373472
0.34995884350241796,0.8196324262715486,0.1271672799905319
0.34995884350241796,0.8197748967089329,0.1271626810122052
0.3500617347463731,0.8197748967089329,0.12715284632487664
0.3500617347463731,0.8199173671463171,0.12715048340633636
0.35008745755736187,0.8200598375837014,0.12714690004894602
0.35026751723428334,0.8200598375837014,0.12709915361643478
0.35026751723428334,0.8202023080210856,0.12707177691332122
0.3502932400452721,0.8202023080210856,0.1270533294412287
0.3502932400452721,0.8203447784584699,0.1270498964263158
0.35044757691120487,0.8203447784584699,0.12699925465871872
0.35044757691120487,0.8204872488958541,0.1269914047497476
0.35060191377713756,0.8204872488958541,0.12686062738650217
0.35060191377713756,0.8206297193332384,0.12684924203448159
0.35062763658812635,0.8206297193332384,0.12684799556276755
0.35062763658812635,0.8207721897706226,0.12684444160197902
0.35098775594196935,0.8207721897706226,0.1267539953616496
0.35098775594196935,0.8209146602080069,0.12673487050796992
0.3510392015639469,0.8209146602080069,0.1267209262241127
0.3510392015639469,0.8210571306453911,0.1266993166553791
0.35111636999691326,0.8210571306453911,0.12667343459479044
0.35111636999691326,0.8211996010827753,0.12666761418590283
0.3512192612408684,0.8211996010827753,0.12662940476222656
0.3512192612408684,0.8214845419575438,0.12660195273923616
0.35147648935075626,0.8214845419575438,0.126489596401801
0.35147648935075626,0.8216270123949281,0.12648503796691635
0.3515536577837226,0.8216270123949281,0.12644155100198937
0.3515536577837226,0.8217694828323123,0.12643676984962146
0.3517079946496553,0.8217694828323123,0.12636941411770386
0.3517337174606441,0.8219119532696966,0.12635844117070358
0.35217100524745343,0.8219119532696966,0.12623662947387598
0.35217100524745343,0.8220544237070808,0.1262353639687259
0.35263401584525156,0.8220544237070808,0.12603569381795204
0.35263401584525156,0.8221968941444651,0.12602877183768843
0.35265973865624034,0.8221968941444651,0.12602629699846382
0.35265973865624034,0.8223393645818493,0.12600791493549157
0.352942689577117,0.8223393645818493,0.1259385361698261
0.352942689577117,0.8224818350192336,0.12593734747185117
0.3530970264430497,0.8224818350192336,0.1258894115553137
0.3530970264430497,0.8226243054566178,0.12588403704817733
0.35330280893096,0.8226243054566178,0.1257581925540146
0.35330280893096,0.822766775894002,0.12572156162165987
0.3538172651507357,0.822766775894002,0.1256032014316932
0.3538172651507357,0.8229092463313863,0.12557626262349778
0.3538429879617245,0.8229092463313863,0.12556684778572075
0.3538429879617245,0.8230517167687704,0.1255622207182293
0.35453750385842164,0.8230517167687704,0.12527687345517546
0.35453750385842164,0.8231941872061547,0.12526524822739335
0.3548204547792983,0.8231941872061547,0.1251896333139005
0.3548204547792983,0.8233366576435389,0.1251812657255883
0.3551034057001749,0.8233366576435389,0.12508920474478252
0.3551034057001749,0.8234791280809232,0.12507300297709778
0.3554378022430291,0.8234791280809232,0.12500166199857748
0.3554378022430291,0.8237640689556917,0.12497694171888735
0.3554635250540179,0.8237640689556917,0.12497560712332484
0.3554635250540179,0.8239065393930759,0.124962939696455
0.3554892478650067,0.8239065393930759,0.12496124590135574
0.3554892478650067,0.8240490098304601,0.1249453237774939
0.35605514970675994,0.8240490098304601,0.12475176857553993
0.35605514970675994,0.8241914802678444,0.1247333090632783
0.3561323181397263,0.8241914802678444,0.12471569005767369
0.3561323181397263,0.8243339507052286,0.12471156595003854
0.35628665500565904,0.8243339507052286,0.12465521875512052
0.35628665500565904,0.8244764211426129,0.12465495554599959
0.35641526906060295,0.8244764211426129,0.12458755490576995
0.35641526906060295,0.8246188915799971,0.12458245491026765
0.35644099187159173,0.8246188915799971,0.12456892967220677
0.3564667146825805,0.8247613620173814,0.12456844890578446
0.357006893713345,0.8247613620173814,0.1243707555671996
0.357006893713345,0.8249038324547656,0.12436480467119065
0.35739273587817677,0.8249038324547656,0.12420526244277025
0.35739273587817677,0.8250463028921499,0.12420524874280064
0.3580358061528964,0.8250463028921499,0.12399520205999347
0.3580358061528964,0.8251887733295341,0.12399155505832164
0.3581129745858627,0.8251887733295341,0.12394941224520693
0.3581129745858627,0.8253312437669184,0.12394651759692829
0.35831875707377303,0.8253312437669184,0.12390782367699404
0.35831875707377303,0.8254737142043026,0.12389506933007303
0.35842164831772816,0.8254737142043026,0.12387372234197763
0.35842164831772816,0.8256161846416868,0.12386964404701022
0.35878176767157116,0.8256161846416868,0.12365034133421932
0.35878176767157116,0.8257586550790711,0.12364682472115243
0.3588846589155263,0.8257586550790711,0.12361370162394597
0.3588846589155263,0.8259011255164553,0.12359645717120263
0.3592705010803581,0.8259011255164553,0.12341797118428133
0.3592705010803581,0.8261860663912238,0.12340479689810731
0.3595277291902459,0.8261860663912238,0.12326070128923984
0.3595277291902459,0.8263285368286081,0.12326052566642072
0.3598878485440889,0.8263285368286081,0.1231345569617462
0.3598878485440889,0.8264710072659923,0.12313272532115108
0.36006790822101037,0.8264710072659923,0.12308406672316702
0.36006790822101037,0.8266134777033766,0.123074730147727
0.360119353842988,0.8266134777033766,0.1230537003750461
0.36014507665397677,0.8267559481407608,0.12305278263705227
0.36017079946496555,0.8267559481407608,0.12304778051075356
0.36017079946496555,0.8268984185781451,0.12304751218468675
0.3602479678979319,0.8268984185781451,0.12300565749187986
0.3602479678979319,0.8270408890155293,0.12300435558090081
0.3605051960078197,0.8270408890155293,0.1229374665228699
0.3605051960078197,0.8271833594529135,0.12292721388627613
0.3609167609836403,0.8271833594529135,0.12279837176111505
0.3609167609836403,0.8273258298902978,0.12278931241016407
0.36099392941660663,0.8273258298902978,0.12277569839526054
0.36099392941660663,0.827468300327682,0.12275713697219108
0.3610196522275954,0.827468300327682,0.12273920270519427
0.3610196522275954,0.8276107707650663,0.12273105962107775
0.3610453750385842,0.8276107707650663,0.12272523080961854
0.3610453750385842,0.8277532412024505,0.12272120026850969
0.3615598312583599,0.8277532412024505,0.12249115407669553
0.3615598312583599,0.8278957116398348,0.12247041096539507
0.36194567342319167,0.8278957116398348,0.12233238619235304
0.36194567342319167,0.828038182077219,0.12232433349815966
0.36217717872209076,0.828038182077219,0.12221529296924395
0.36217717872209076,0.8283231229519875,0.12219002450138673
0.3622800699660459,0.8283231229519875,0.12216215658622288
0.3622800699660459,0.8284655933893718,0.12214109669401656
0.36235723839901224,0.8284655933893718,0.12213226679525241
0.36235723839901224,0.828608063826756,0.1221234309782312
0.36251157526494493,0.828608063826756,0.12205869652986792
0.36251157526494493,0.8287505342641401,0.12205374856336212
0.3630260314847206,0.8287505342641401,0.12189820774684827
0.3630260314847206,0.8288930047015244,0.12189377778360845
0.3634375964605412,0.8288930047015244,0.12175145241014337
0.3634375964605412,0.8290354751389086,0.12172164752484656
0.3636691017594403,0.8290354751389086,0.12153916683957018
0.3636691017594403,0.8291779455762929,0.12153416519925496
0.36372054738141785,0.8291779455762929,0.12151132708499883
0.36372054738141785,0.8293204160136771,0.12150777819671729
0.36405494392427207,0.8293204160136771,0.12138124872704724
0.36405494392427207,0.8294628864510614,0.12137564390081877
0.36420928079020476,0.8294628864510614,0.12133599431056485
0.36420928079020476,0.8297478273258299,0.12132346040292816
0.3646208457660253,0.8297478273258299,0.12113962889082963
0.3646208457660253,0.8301752386379826,0.1211168680210827
0.3646465685770141,0.8301752386379826,0.12110738241681958
0.3646465685770141,0.8303177090753668,0.12110051844346416
0.36469801419899167,0.8303177090753668,0.12109364344693413
0.36469801419899167,0.8304601795127511,0.12107657805470669
0.36472373700998045,0.8306026499501353,0.12107385550636146
0.36474945982096924,0.8306026499501353,0.12106041785077047
0.36474945982096924,0.8307451203875196,0.12105223267432501
0.3650324107418459,0.8307451203875196,0.12097922163455074
0.3650324107418459,0.8308875908249038,0.12096514820610517
0.3650581335528347,0.8308875908249038,0.12096221438863351
0.3650581335528347,0.8310300612622881,0.12095792814758662
0.36536680728470006,0.8310300612622881,0.12085144456201412
0.36536680728470006,0.8311725316996723,0.12084331567834543
0.3654696985286552,0.8311725316996723,0.12080486706269156
0.3654696985286552,0.8313150021370566,0.12079542521762499
0.36588126350447575,0.8313150021370566,0.12061187230239272
0.36588126350447575,0.8314574725744408,0.12060992883223133
0.3660098775594197,0.8314574725744408,0.12055879490452676
0.3660098775594197,0.831599943011825,0.12054645281122282
0.3660613231813973,0.831599943011825,0.12051438047898776
0.3660613231813973,0.8317424134492093,0.12050834398381617
0.3661642144253524,0.8317424134492093,0.12045637890645079
0.3661642144253524,0.8318848838865935,0.12045468311749459
0.36626710566930754,0.8318848838865935,0.12043694926667226
0.36626710566930754,0.8320273543239778,0.12041968426454254
0.36678156188908323,0.8320273543239778,0.12029842744752603
0.36678156188908323,0.832169824761362,0.12028972366065142
0.3668330075110608,0.832169824761362,0.12026457631422813
0.3668330075110608,0.8323122951987463,0.12024978952614794
0.36698734437699354,0.8323122951987463,0.12021176121645756
0.36698734437699354,0.8324547656361305,0.12020967130646124
0.3670130671879823,0.8324547656361305,0.12016188617307282
0.3670130671879823,0.8325972360735148,0.12015384682658199
0.36737318654182527,0.8325972360735148,0.12006140840422465
0.36737318654182527,0.832739706510899,0.12005580639244705
0.36742463216380283,0.832739706510899,0.1200509350440002
0.36742463216380283,0.8328821769482833,0.12004965797357847
0.3679390883835786,0.8328821769482833,0.11986598425131263
0.3679390883835786,0.8330246473856675,0.11985206565597918
0.36799053400555615,0.8330246473856675,0.119824089510193
0.36801625681654493,0.8331671178230518,0.11981890062014725
0.3680677024385225,0.8331671178230518,0.11980472397879366
0.3680677024385225,0.833309588260436,0.11979914125051325
0.3681705936824776,0.833309588260436,0.11976562016862775
0.3681705936824776,0.8334520586978202,0.11974788030846897
0.36827348492643275,0.8334520586978202,0.11973124480562189
0.36827348492643275,0.8335945291352045,0.11972125562128721
0.36860788146928697,0.8335945291352045,0.11961797314994638
0.36860788146928697,0.8337369995725887,0.11959630915700484
0.3688651095791748,0.8337369995725887,0.1195330213061446
0.3688651095791748,0.833879470009973,0.11952765723464916
0.36896800082312997,0.833879470009973,0.11948266881583668
0.36896800082312997,0.8340219404473572,0.11947234959035406
0.36899372363411875,0.8340219404473572,0.11945472142176387
0.36899372363411875,0.8341644108847415,0.11943377339614329
0.36912233768906266,0.8341644108847415,0.11942040891349687
0.36912233768906266,0.8343068813221256,0.11940614407665365
0.36927667455499535,0.8343068813221256,0.11937477864216867
0.36927667455499535,0.8344493517595098,0.11937476387333298
0.36953390266488323,0.8344493517595098,0.1192609604267046
0.36953390266488323,0.8345918221968941,0.1192498721564103
0.3695853482868608,0.8345918221968941,0.11923528796552489
0.3695853482868608,0.8347342926342783,0.11922205052659805
0.36999691326268136,0.8347342926342783,0.11906061150752552
0.36999691326268136,0.8348767630716626,0.11905431714185802
0.3705885379154234,0.8348767630716626,0.11889829349375533
0.3705885379154234,0.8350192335090468,0.11889468958092557
0.3711029941351991,0.8350192335090468,0.11873331522346917
0.3711287169461879,0.8351617039464311,0.11871557832117074
0.37118016256816544,0.8351617039464311,0.11871017536143397
0.37118016256816544,0.8354466448211996,0.11870471266658673
0.37133449943409813,0.8354466448211996,0.11866359716940633
0.37133449943409813,0.8355891152585838,0.11865612099010628
0.37151455911101966,0.8355891152585838,0.11858949735066152
0.37151455911101966,0.8357315856959681,0.11857702928886946
0.37166889597695235,0.8357315856959681,0.11851467564460967
0.37166889597695235,0.8358740561333523,0.11850130403560068
0.3717203415989299,0.8358740561333523,0.1184734525340103
0.3717460644099187,0.8360165265707366,0.1184600323297556
0.3717460644099187,0.8361589970081208,0.11845682346856828
0.37200329251980657,0.8361589970081208,0.1183792063191173
0.37200329251980657,0.8364439378828893,0.11837041583190508
0.3722090750077168,0.8364439378828893,0.11826791656518242
0.3722090750077168,0.8365864083202735,0.11826262732174743
0.3722347978187056,0.8365864083202735,0.11825817780685907
0.3722605206296944,0.8367288787576578,0.11821384483844063
0.3722862434406832,0.8367288787576578,0.11820377320567584
0.3722862434406832,0.836871349195042,0.11819887028512374
0.3723634118736496,0.836871349195042,0.11815958242594975
0.3723634118736496,0.8370138196324263,0.11815558333094543
0.3726206399835374,0.8370138196324263,0.11807717321965955
0.3726206399835374,0.8371562900698105,0.11807041029072556
0.3728264224714477,0.8371562900698105,0.1179865133678944
0.3728264224714477,0.8372987605071948,0.11798533672859096
0.3728521452824365,0.8372987605071948,0.11798415507933191
0.3728521452824365,0.837441230944579,0.11797905209584528
0.3729550365263916,0.837441230944579,0.1179582541270158
0.3729550365263916,0.8375837013819633,0.11794751187518525
0.3730064821483692,0.8375837013819633,0.1179425004591043
0.3730064821483692,0.8377261718193475,0.11793865888651268
0.3730836505813355,0.8377261718193475,0.11792218103977378
0.3730836505813355,0.8378686422567317,0.11792139975230762
0.37316081901430187,0.8378686422567317,0.11788187112243904
0.37316081901430187,0.8381535831315002,0.11785950146012697
0.37318654182529065,0.8381535831315002,0.1178427295378129
0.37318654182529065,0.8382960535688845,0.11783822423374553
0.3734694927461673,0.8382960535688845,0.11774571732326282
0.3734694927461673,0.8384385240062687,0.11774223930115481
0.37357238399012244,0.8384385240062687,0.11772035488576194
0.37357238399012244,0.8388659353184215,0.11766696080430221
0.3736495524230888,0.8388659353184215,0.11765749191537749
0.3736495524230888,0.8390084057558057,0.1176571255951174
0.37370099804506635,0.8390084057558057,0.11764372308260507
0.37370099804506635,0.83915087619319,0.1176434673518542
0.37390678053297666,0.83915087619319,0.11761599032159015
0.37393250334396544,0.8392933466305742,0.11760212493633351
0.37393250334396544,0.8394358170679584,0.11759261847265644
0.3739582261549542,0.8395782875053427,0.11758068147934715
0.374344068319786,0.8395782875053427,0.11748657459647145
0.374344068319786,0.8397207579427269,0.11748138415115643
0.37470418767362895,0.8397207579427269,0.11732244185091668
0.37470418767362895,0.8398632283801112,0.11730045427090001
0.37472991048461773,0.8398632283801112,0.1172613416913088
0.37472991048461773,0.8400056988174953,0.11725119857531775
0.37480707891758414,0.8400056988174953,0.11722748164747843
0.37480707891758414,0.8402906396922638,0.11721862032490833
0.37490997016153926,0.8402906396922638,0.11719420120803142
0.37490997016153926,0.840433110129648,0.11719259540970192
0.37506430702747195,0.840433110129648,0.11715244770746043
0.37506430702747195,0.8405755805670323,0.11712220377466481
0.3751157526494495,0.8405755805670323,0.11711949016103568
0.3751157526494495,0.8407180510044165,0.11711846318298802
0.3751414754604383,0.8407180510044165,0.11710337396767205
0.3751414754604383,0.8408605214418008,0.11710039547362779
0.3753987035703262,0.8408605214418008,0.11703684546725758
0.3753987035703262,0.841002991879185,0.11701697584123785
0.37555304043625887,0.841002991879185,0.1169684746060294
0.37555304043625887,0.8411454623165693,0.11696838323159325
0.3756816544912028,0.8411454623165693,0.11692714386075176
0.3756816544912028,0.8412879327539535,0.11692699653806046
0.3758617141681243,0.8412879327539535,0.11687503239241756
0.3758874369791131,0.8414304031913378,0.11687106570010942
0.3758874369791131,0.841572873628722,0.11686299452603328
0.37591315979010187,0.841572873628722,0.11685713084845617
0.37591315979010187,0.8418578145034905,0.11684136255681526
0.37593888260109065,0.8418578145034905,0.11683323083308947
0.37593888260109065,0.8420002849408748,0.11682986653288423
0.3762475563329561,0.8420002849408748,0.11677310702959974
0.37627327914394487,0.842142755378259,0.11676914864607016
0.3767105669307542,0.842142755378259,0.11658578492576736
0.3767105669307542,0.8424276962530275,0.11657126125923654
0.3767620125527318,0.8424276962530275,0.11655611577196401
0.3767620125527318,0.8425701666904117,0.11654914061853393
0.37683918098569813,0.8425701666904117,0.11653116314042462
0.37683918098569813,0.842712637127796,0.1165219294933988
0.3769935178516308,0.842712637127796,0.11647823611876501
0.3769935178516308,0.8428551075651802,0.11647140934470206
0.37712213190657473,0.8428551075651802,0.11642689568954429
0.37712213190657473,0.8429975780025645,0.11642253931695186
0.37719930033954113,0.8429975780025645,0.11639432584424218
0.37719930033954113,0.843282518877333,0.11635781618447605
0.3773793600164626,0.843282518877333,0.11624227981179511
0.3773793600164626,0.8434249893147172,0.11622344791517565
0.3774050828274514,0.8434249893147172,0.11621692743940684
0.3774050828274514,0.8435674597521015,0.11621665172919653
0.3775079740714065,0.8435674597521015,0.11619577624146829
0.3775079740714065,0.8437099301894857,0.11618479343098602
0.3776365881263504,0.8437099301894857,0.11616430105318562
0.3776365881263504,0.84385240062687,0.11612395777163913
0.3777394793703056,0.84385240062687,0.11609245321297064
0.3777394793703056,0.8439948710642542,0.11608236490698354
0.3777652021812944,0.8439948710642542,0.11607372459173822
0.3777652021812944,0.8441373415016384,0.11607101561827549
0.3778680934252495,0.8441373415016384,0.11605855274897695
0.3778680934252495,0.8442798119390227,0.1160565085929612
0.37794526185821586,0.8442798119390227,0.11603539104447548
0.37794526185821586,0.8444222823764069,0.11602994083384005
0.37812532153513734,0.8444222823764069,0.11598476848733764
0.37812532153513734,0.8445647528137912,0.11598194052691219
0.3785368865109579,0.8445647528137912,0.11589002836528277
0.3785368865109579,0.8447072232511754,0.11587047194492456
0.37861405494392425,0.8447072232511754,0.11581954541159385
0.37861405494392425,0.8448496936885597,0.11581813925056744
0.37866550056590187,0.8448496936885597,0.1157979076814871
0.37866550056590187,0.8449921641259439,0.11577765971854134
0.3788712830538121,0.8449921641259439,0.11574205141250721
0.3788712830538121,0.8451346345633282,0.1157395918567414
0.37897417429776725,0.8451346345633282,0.11570931071662435
0.37897417429776725,0.8452771050007124,0.11570157784633879
0.3790256199197448,0.8452771050007124,0.11568942492854095
0.3790256199197448,0.8454195754380966,0.11568941484843176
0.3790770655417224,0.8454195754380966,0.11568146722782265
0.3790770655417224,0.8455620458754808,0.11567911064754058
0.3792571252186439,0.8455620458754808,0.11560134788898872
0.3792571252186439,0.845704516312865,0.11559701525616761
0.37984874987138595,0.845704516312865,0.11539955307762413
0.37984874987138595,0.8458469867502493,0.11539412596212517
0.37987447268237473,0.8458469867502493,0.11539296548558699
0.37987447268237473,0.8461319276250178,0.1153757646329388
0.3799516411153411,0.8461319276250178,0.11536063108918006
0.3799516411153411,0.8464168684997863,0.11534764127168179
0.38000308673731864,0.8464168684997863,0.11532706489016774
0.38000308673731864,0.8465593389371705,0.11532340288227937
0.38046609733511677,0.8465593389371705,0.11518588470047714
0.38046609733511677,0.8467018093745547,0.11518158818048273
0.3811348904208252,0.8467018093745547,0.11495490933915493
0.3811348904208252,0.846844279811939,0.11495006643308744
0.38121205885379156,0.846844279811939,0.11492489797100895
0.38121205885379156,0.8469867502493232,0.11492226282177287
0.3812892272867579,0.8469867502493232,0.11490426261137167
0.3812892272867579,0.8471292206867075,0.11489463120095508
0.3813149500977467,0.8471292206867075,0.11488529905730907
0.38134067290873547,0.8472716911240917,0.11488512468217822
0.3818294063175224,0.8472716911240917,0.11469718668303981
0.38185512912851116,0.847414161561476,0.11469500964586354
0.38198374318345507,0.847414161561476,0.1146419611032358
0.38198374318345507,0.8475566319988602,0.11464116854890619
0.3820609116164214,0.8475566319988602,0.11462491951873778
0.3820609116164214,0.8476991024362445,0.11461932772661543
0.38224097129334295,0.8476991024362445,0.11457452794329573
0.38224097129334295,0.8481265137483972,0.11454198618579371
0.3823181397263093,0.8481265137483972,0.11451786284816318
0.3823181397263093,0.8482689841857814,0.11451094602923144
0.38324416092190555,0.8482689841857814,0.11427784955813082
0.38326988373289433,0.8484114546231657,0.11427158715821173
0.383424220598827,0.8484114546231657,0.11423102951473821
0.383424220598827,0.8485539250605499,0.11422794930955435
0.38352711184278215,0.8485539250605499,0.11418795375036798
0.383552834653771,0.8486963954979342,0.11417269673390448
0.3837071715197037,0.8486963954979342,0.11412735811600436
0.3837071715197037,0.8488388659353184,0.1141143187980241
0.38411873649552425,0.8488388659353184,0.11397608105371856
0.38414445930651303,0.8489813363727027,0.11397254285257541
0.3846589155262887,0.8489813363727027,0.11381958607110361
0.3846589155262887,0.8491238068100869,0.11380428699535468
0.38491614363617654,0.8491238068100869,0.1136971989398178
0.38491614363617654,0.8492662772474712,0.11369652408604354
0.3849418664471653,0.8492662772474712,0.11368770082310974
0.3849418664471653,0.8494087476848554,0.11368747448418433
0.38525054017903076,0.8494087476848554,0.11357930444417903
0.38525054017903076,0.8496936885596239,0.11357615320329967
0.385456322666941,0.8496936885596239,0.11352614536266836
0.385456322666941,0.8498361589970082,0.11351176235164674
0.38561065953287377,0.8498361589970082,0.1134332522250359
0.38561065953287377,0.8499786294343924,0.11342823495185875
0.3864595122955036,0.8499786294343924,0.11316132747402233
0.3864595122955036,0.8501210998717766,0.1131602872698512
0.3867424632163803,0.8501210998717766,0.11308549128618689
0.38676818602736907,0.8502635703091609,0.11308249380717966
0.38717975100318963,0.8502635703091609,0.11295224251942655
0.3872054738141784,0.8504060407465451,0.112951808770713
0.3878742668998868,0.8504060407465451,0.11266923665614677
0.3878742668998868,0.8505485111839294,0.11266669704808105
0.38818294063175224,0.8505485111839294,0.1125414089411538
0.388208663442741,0.8506909816213136,0.11253841624863523
0.3882601090647186,0.8506909816213136,0.11252970330331541
0.3882601090647186,0.8509759224960821,0.11251367309446822
0.3889031793394382,0.8509759224960821,0.11230840434074442
0.3889031793394382,0.8511183929334664,0.11230457805815589
0.3891089618273485,0.8511183929334664,0.11221154813060391
0.3891089618273485,0.8512608633708505,0.11220217597937335
0.38931474431525875,0.8512608633708505,0.11214525215981416
0.38931474431525875,0.8514033338082347,0.11212794634510724
0.38957197242514663,0.8514033338082347,0.11207654075301066
0.3895976952361354,0.851545804245619,0.11206523625471573
0.3897520321020681,0.851545804245619,0.1120221402892507
0.3897777549130569,0.8516882746830032,0.11201496487590751
0.3906523304866756,0.8516882746830032,0.11180178468236829
0.3906523304866756,0.8518307451203875,0.11179674311844667
0.3909867270295298,0.8518307451203875,0.11169611461371404
0.3909867270295298,0.852115685995156,0.11167705389479134
0.3910124498405186,0.852115685995156,0.11167693229996285
0.3910124498405186,0.8522581564325402,0.11167285053100767
0.3912439551394176,0.8522581564325402,0.11161232249179406
0.3912439551394176,0.8524006268699245,0.11160829362769085
0.3915269060602943,0.8524006268699245,0.11149595144809765
0.3915269060602943,0.8525430973073087,0.11149184997647728
0.39173268854820453,0.8525430973073087,0.1114502862947576
0.39173268854820453,0.852685567744693,0.1114387648711508
0.39183557979215966,0.852685567744693,0.11142774283454462
0.39183557979215966,0.8528280381820772,0.1114009247364928
0.39191274822512606,0.8528280381820772,0.11137797732850291
0.39191274822512606,0.8529705086194614,0.1113420330481628
0.3920156394690812,0.8529705086194614,0.11130105003245612
0.3920156394690812,0.8532554494942299,0.11128883117813122
0.3921699763350139,0.8532554494942299,0.11126199655896635
0.3921699763350139,0.8533979199316142,0.1112493022027317
0.39245292725589054,0.8533979199316142,0.11119620992942847
0.3924786500668793,0.8535403903689984,0.11119184470578555
0.39273587817676714,0.8535403903689984,0.11115479284517076
0.39273587817676714,0.8538253312437669,0.11112534715077944
0.39291593785368867,0.8538253312437669,0.1110774807481134
0.39291593785368867,0.8539678016811512,0.11106865223293665
0.39294166066467745,0.8539678016811512,0.11106711600857173
0.39294166066467745,0.8541102721185354,0.11106183029635938
0.39322461158555405,0.8541102721185354,0.1109958808928739
0.39322461158555405,0.8542527425559197,0.11098808289674199
0.39343039407346436,0.8542527425559197,0.11092326096265216
0.39343039407346436,0.8543952129933039,0.11091294654587125
0.39397057310422884,0.8543952129933039,0.11078792106517658
0.39397057310422884,0.8545376834306881,0.11077515927378945
0.3941763555921391,0.8545376834306881,0.11074502899145008
0.3942020784031279,0.8546801538680724,0.11074483634143151
0.39425352402510544,0.8546801538680724,0.11072978926420265
0.39425352402510544,0.8548226243054566,0.11072941064218285
0.39461364337894844,0.8548226243054566,0.11058495335328776
0.39461364337894844,0.8549650947428409,0.11054456273120293
0.3948708714888363,0.8549650947428409,0.11049303327242148
0.3948708714888363,0.8551075651802251,0.11049285753800855
0.3955139417635559,0.8551075651802251,0.11025934571570695
0.3955139417635559,0.8552500356176094,0.11025123279240315
0.3957711698734438,0.8552500356176094,0.11018496032692057
0.3957968926844326,0.8553925060549936,0.11018310569060602
0.3958997839283877,0.8553925060549936,0.11016266095038642
0.3958997839283877,0.8555349764923779,0.11016101009936964
0.39597695236135405,0.8555349764923779,0.11015455884156791
0.39597695236135405,0.8556774469297621,0.11013204051147979
0.39636279452618584,0.8556774469297621,0.10995685118202142
0.39636279452618584,0.8558199173671464,0.10994464496085257
0.39646568577014096,0.8558199173671464,0.10993438826287436
0.39646568577014096,0.8559623878045306,0.10992890992802759
0.39649140858112975,0.8559623878045306,0.10992424159794226
0.39649140858112975,0.8562473286792991,0.10992347679852126
0.3965171313921185,0.8562473286792991,0.10991678774021325
0.3965171313921185,0.8563897991166833,0.1099039396320927
0.3967229138800288,0.8563897991166833,0.10980161850950045
0.3967229138800288,0.8565322695540676,0.10980123906897178
0.3972888157217821,0.8565322695540676,0.10956675733949078
0.3972888157217821,0.8566747399914518,0.10955487421851497
0.39752032102068113,0.8566747399914518,0.10949620295313538
0.39752032102068113,0.856817210428836,0.10948848212766431
0.39788044037452414,0.856817210428836,0.10939341950169909
0.39788044037452414,0.8569596808662202,0.1093926504434289
0.3979576088074905,0.8569596808662202,0.10938625835334322
0.3979576088074905,0.8571021513036045,0.10938475526758232
0.3983177281613335,0.8571021513036045,0.10926977390972616
0.3983177281613335,0.8572446217409887,0.10926006050194102
0.39852351064924374,0.8572446217409887,0.10920272164681233
0.39852351064924374,0.857387092178373,0.10920216485797675
0.39862640189319887,0.857387092178373,0.10918759154374061
0.39862640189319887,0.8575295626157572,0.10917854498510922
0.39901224405803065,0.8575295626157572,0.10908057521094011
0.39901224405803065,0.8578145034905257,0.10906825403638805
0.39903796686901943,0.8578145034905257,0.1090677259712365
0.39903796686901943,0.8579569739279099,0.10906012534131244
0.39924374935692974,0.8579569739279099,0.10897629021448665
0.39924374935692974,0.8580994443652942,0.10897372844621678
0.3999382652536269,0.8580994443652942,0.10874019713683265
0.3999382652536269,0.8582419148026784,0.1087300109828669
0.3999639880646157,0.8582419148026784,0.10871326843990921
0.3999639880646157,0.8583843852400627,0.10871221910217624
0.4003241074184587,0.8583843852400627,0.1085613755560215
0.4003241074184587,0.8585268556774469,0.10855278534339327
0.4004784442843914,0.8585268556774469,0.10849062672015079
0.4004784442843914,0.8586693261148312,0.10848375610017778
0.4009414548821895,0.8586693261148312,0.10834281143333488
0.4009414548821895,0.8588117965522154,0.10831718167291775
0.40137874266899887,0.8588117965522154,0.10819570881762938
0.40137874266899887,0.8590967374269839,0.10816834762814351
0.4016616935898755,0.8590967374269839,0.10807635789199392
0.4016616935898755,0.8592392078643681,0.10807386066919572
0.40173886202284187,0.8592392078643681,0.10806794150940469
0.40173886202284187,0.8593816783017524,0.10806181102374128
0.40191892169976334,0.8593816783017524,0.1080361059419723
0.40191892169976334,0.8595241487391366,0.10803321022459314
0.40212470418767365,0.8595241487391366,0.10797386118638674
0.40212470418767365,0.8598090896139051,0.10794820365670535
0.40220187262064,0.8598090896139051,0.10792083811779234
0.40220187262064,0.8599515600512894,0.10791681642924991
0.40240765510855026,0.8599515600512894,0.10786789570165123
0.40240765510855026,0.8600940304886736,0.10786783886043262
0.40261343759646057,0.8600940304886736,0.10777275370796537
0.40263916040744935,0.8602365009260579,0.1077602318416786
0.4027163288404157,0.8602365009260579,0.10774534375704778
0.4027163288404157,0.8603789713634421,0.10773263115772601
0.40315361662722504,0.8603789713634421,0.10756411728150851
0.40315361662722504,0.8605214418008263,0.10755746717405709
0.40330795349315773,0.8605214418008263,0.10749915701312786
0.4033336763041465,0.8606639122382106,0.1074982364441169
0.4034622903590904,0.8606639122382106,0.10744891016443833
0.4034622903590904,0.8609488531129791,0.10743373977107137
0.4035909044140344,0.8609488531129791,0.10738802421163215
0.4035909044140344,0.8610913235503633,0.10738333525774872
0.4036937956579895,0.8610913235503633,0.10730115679848812
0.4036937956579895,0.8612337939877476,0.10729257852967475
0.40382240971293343,0.8612337939877476,0.10724864264319628
0.40382240971293343,0.8613762644251318,0.1072400927697045
0.4045169256096306,0.8613762644251318,0.10698501127781768
0.40454264842061943,0.8615187348625161,0.10698477202381249
0.4045683712316082,0.8615187348625161,0.1069813473121079
0.404594094042597,0.8616612052999003,0.1069801058223166
0.4052628871283054,0.8616612052999003,0.10681650684071366
0.4052628871283054,0.8618036757372846,0.10681612793295961
0.40531433275028295,0.8618036757372846,0.10681104705711347
0.40534005556127173,0.8619461461746688,0.10680923629606123
0.40546866961621564,0.8619461461746688,0.10677484278405358
0.40546866961621564,0.862088616612053,0.10677243906456002
0.4055715608601708,0.862088616612053,0.10674136541755219
0.4055715608601708,0.8622310870494373,0.1067313201900891
0.4055972836711596,0.8622310870494373,0.10673040710228572
0.4055972836711596,0.8623735574868214,0.10672902975323781
0.40593168021401377,0.8623735574868214,0.10660522397464313
0.40593168021401377,0.8625160279242057,0.10659683130641004
0.40598312583599133,0.8625160279242057,0.10656997507094478
0.40598312583599133,0.8626584983615899,0.106569057643528
0.40600884864698017,0.8626584983615899,0.10656526477125221
0.40600884864698017,0.8628009687989742,0.1065591317564253
0.40603457145796895,0.8628009687989742,0.10655834218756276
0.40603457145796895,0.8629434392363584,0.10655807319642997
0.40606029426895773,0.8630859096737427,0.10655605616521824
0.40616318551291286,0.8630859096737427,0.1065332157725547
0.40616318551291286,0.8632283801111269,0.10652803511873732
0.40634324518983433,0.8632283801111269,0.10650000070908511
0.4063689680008231,0.8633708505485111,0.10648405290903158
0.40654902767774465,0.8633708505485111,0.10642988451607717
0.40654902767774465,0.8635133209858954,0.10642536773536529
0.4065747504887334,0.8635133209858954,0.10641121052933296
0.4065747504887334,0.8636557914232796,0.10641083753075839
0.4067805329766437,0.8636557914232796,0.10635049114667103
0.4067805329766437,0.8637982618606639,0.10634389092083292
0.40706348389752034,0.8637982618606639,0.10624128549349365
0.40706348389752034,0.8639407322980481,0.10623848132199118
0.40719209795246425,0.8639407322980481,0.10621431323397504
0.40721782076345303,0.8640832027354324,0.10621122928915637
0.4077837226052063,0.8640832027354324,0.1060420238537548
0.4077837226052063,0.8642256731728166,0.10601204710362322
0.40822101039201564,0.8642256731728166,0.10592909374656129
0.40822101039201564,0.8643681436102009,0.10592899496762369
0.40834962444695955,0.8643681436102009,0.10587476322438555
0.40834962444695955,0.8645106140475851,0.10586093825134471
0.40845251569091473,0.8645106140475851,0.10584782565994116
0.40845251569091473,0.8646530844849694,0.10583331314687129
0.4084782385019035,0.8646530844849694,0.1058299975317926
0.4084782385019035,0.8647955549223536,0.10582553764157712
0.4086068525568474,0.8647955549223536,0.10577658380522827
0.4086068525568474,0.8649380253597378,0.10577460045069441
0.40868402098981377,0.8649380253597378,0.10575788005826993
0.40868402098981377,0.8650804957971221,0.10575561167059194
0.4089926947216792,0.8650804957971221,0.10566572522206391
0.4089926947216792,0.8653654366718906,0.10564669240187095
0.40904414034365677,0.8653654366718906,0.10563322803146111
0.40904414034365677,0.8655079071092748,0.10562884279452533
0.4091727543986007,0.8655079071092748,0.10558350559403851
0.4091727543986007,0.8656503775466591,0.10558259486166283
0.40986727029529785,0.8656503775466591,0.10544224054620585
0.40986727029529785,0.8657928479840433,0.10543807494999793
0.4106389546249614,0.8657928479840433,0.10519134619670384
0.4106389546249614,0.8659353184214276,0.1051790253228733
0.41094762835682686,0.8659353184214276,0.10504593364849928
0.41094762835682686,0.8660777888588118,0.10503649090508678
0.41174503549747915,0.8660777888588118,0.10482628190888423
0.41174503549747915,0.8662202592961961,0.10482326669652153
0.4117964811194567,0.8662202592961961,0.10481282815678934
0.4117964811194567,0.8663627297335803,0.10480110088593564
0.41195081798538946,0.8663627297335803,0.10473276954276534
0.41195081798538946,0.8665052001709646,0.10472532668248269
0.4121823232842885,0.8665052001709646,0.10468735132782471
0.4122080460952773,0.8666476706083488,0.10468637990365631
0.4122080460952773,0.866790141045733,0.104674935590619
0.41236238296121003,0.866790141045733,0.10458574352832012
0.41236238296121003,0.8669326114831173,0.10456638663748079
0.4123881057721988,0.8669326114831173,0.10456486148226879
0.4123881057721988,0.8670750819205015,0.10455714072714668
0.41249099701615394,0.8670750819205015,0.10452490861979664
0.41249099701615394,0.8672175523578858,0.10452041780078314
0.4126967795040642,0.8672175523578858,0.1044431416240201
0.4126967795040642,0.86736002279527,0.1044235551564398
0.41277394793703054,0.86736002279527,0.1044184135857301
0.41277394793703054,0.8675024932326543,0.10441812578922713
0.4128768391809857,0.8675024932326543,0.10437699727326448
0.4128768391809857,0.8676449636700385,0.10433436526025554
0.4138028603765819,0.8676449636700385,0.10415660921987037
0.4138028603765819,0.8677874341074228,0.10415381837713897
0.4139057516205371,0.8677874341074228,0.10413913707668546
0.4139057516205371,0.867929904544807,0.10412873719528176
0.4139571972425147,0.867929904544807,0.10411390165049988
0.4139571972425147,0.8680723749821911,0.1041126136423276
0.41411153410844737,0.8680723749821911,0.10408130419607281
0.41411153410844737,0.8682148454195754,0.10407767187202195
0.41462599032822306,0.8682148454195754,0.10395651638466441
0.41462599032822306,0.8683573158569596,0.10394689253213095
0.41465171313921184,0.8683573158569596,0.10394013290354068
0.41465171313921184,0.8684997862943439,0.10392828458443462
0.41475460438316697,0.8684997862943439,0.10387291094056626
0.41475460438316697,0.8686422567317281,0.10386982833923102
0.4149089412490997,0.8686422567317281,0.10383777798334161
0.4149346640600885,0.8687847271691124,0.10382898332576361
0.41516616935898754,0.8687847271691124,0.10375138722002362
0.41516616935898754,0.8689271976064966,0.10374055422359642
0.4155777343348081,0.8689271976064966,0.10359178373502893
0.4155777343348081,0.8692121384812651,0.10356786886368319
0.4158092396337072,0.8692121384812651,0.10349593048058832
0.4158092396337072,0.8693546089186494,0.10349547494006361
0.4159635764996399,0.8693546089186494,0.10346648691261487
0.4159635764996399,0.8696395497934178,0.1034628474401356
0.4160921905545838,0.8696395497934178,0.10340619946391666
0.4160921905545838,0.8697820202308021,0.103392645219037
0.4161179133655726,0.8697820202308021,0.10338590587703374
0.4161179133655726,0.8699244906681863,0.10338119209345298
0.41652947834139314,0.8699244906681863,0.10329419246709236
0.41652947834139314,0.8700669611055706,0.10327996796541561
0.41665809239633705,0.8700669611055706,0.10325296760777275
0.41665809239633705,0.8702094315429548,0.10325241185345357
0.41717254861611275,0.8702094315429548,0.10307133741725635
0.41717254861611275,0.8704943724177233,0.10306828890726057
0.41768700483588844,0.8704943724177233,0.10294034040126977
0.41768700483588844,0.8706368428551076,0.10292807418259046
0.4178413417018212,0.8706368428551076,0.1028796173007359
0.4178413417018212,0.8707793132924918,0.10287845234947228
0.41789278732379875,0.8707793132924918,0.10284172753204432
0.41789278732379875,0.870921783729876,0.10283984503934869
0.41791851013478754,0.870921783729876,0.10283913593608847
0.41791851013478754,0.8710642541672603,0.1028380404110641
0.4179699557567651,0.8710642541672603,0.10283723580659408
0.4179699557567651,0.8712067246046445,0.1028089685533687
0.418458689165552,0.8712067246046445,0.1026307622328491
0.418458689165552,0.8713491950420288,0.10262765750889459
0.41902459100730527,0.8713491950420288,0.10246631765488765
0.41902459100730527,0.871491665479413,0.10245830079879592
0.4191017594402716,0.871491665479413,0.1024523681418786
0.4191017594402716,0.8716341359167973,0.10245166140525595
0.41917892787323796,0.8716341359167973,0.10239705048881188
0.41917892787323796,0.8717766063541815,0.10238878523493491
0.41925609630620436,0.8717766063541815,0.10236873245955229
0.41928181911719314,0.8719190767915658,0.10236060714419726
0.4196676612820249,0.8719190767915658,0.10222915815254546
0.4196676612820249,0.87206154722895,0.10222751395858734
0.4198477209589464,0.87206154722895,0.10215452412674632
0.4198477209589464,0.8722040176663343,0.10215181853132521
0.41989916658092397,0.8722040176663343,0.10213404542270195
0.41989916658092397,0.8723464881037185,0.10212696106350991
0.4199763350138903,0.8723464881037185,0.10211031775611112
0.4199763350138903,0.8724889585411028,0.10210896605348031
0.42028500874575575,0.8724889585411028,0.10198485347130458
0.42028500874575575,0.8727738994158712,0.10196252906122265
0.4205165140446548,0.8727738994158712,0.1019028120842039
0.4205165140446548,0.8729163698532555,0.10190087451363301
0.4209795246424529,0.8729163698532555,0.10176970176911591
0.4209795246424529,0.8730588402906397,0.10175606592960432
0.4210052474534417,0.8730588402906397,0.10174957576190435
0.4210052474534417,0.873201310728024,0.1017305082750262
0.42108241588640805,0.873201310728024,0.10170387581996983
0.42108241588640805,0.8733437811654082,0.10168363457463679
0.4214939808622286,0.8733437811654082,0.10155519250319292
0.4214939808622286,0.8734862516027925,0.1015300558490203
0.4217254861611277,0.8734862516027925,0.10143933540665627
0.4217254861611277,0.8736287220401766,0.10143670428074375
0.42231711081386974,0.8736287220401766,0.10123903159551034
0.42231711081386974,0.8737711924775609,0.1012345678570741
0.42244572486881365,0.8737711924775609,0.10120121494196156
0.42244572486881365,0.8739136629149451,0.10118877854140346
0.42267723016771275,0.8739136629149451,0.10115366484640304
0.42267723016771275,0.8740561333523293,0.10114364347289946
0.42319168638748844,0.8740561333523293,0.10101621014540603
0.42319168638748844,0.8743410742270978,0.1009823631096294
0.4236289741742978,0.8743410742270978,0.10087908856551245
0.4236289741742978,0.8744835446644821,0.1008746485354953
0.42365469698528657,0.8744835446644821,0.10087442182683543
0.42365469698528657,0.8746260151018663,0.10087096553801206
0.4237318654182529,0.8746260151018663,0.10083751889580929
0.4237318654182529,0.8747684855392506,0.10083652714195492
0.4237575882292417,0.8747684855392506,0.10083429538837065
0.4237575882292417,0.8749109559766348,0.1008210824346229
0.42383475666220805,0.8749109559766348,0.10080449726667147
0.42383475666220805,0.8750534264140191,0.10080376342584395
0.42398909352814074,0.8750534264140191,0.1007570014729701
0.42398909352814074,0.8751958968514033,0.10075040796348934
0.4240919847720959,0.8751958968514033,0.10073869142573204
0.4241177075830847,0.8753383672887876,0.10073677165782129
0.42419487601605105,0.8753383672887876,0.10072919529992683
0.42419487601605105,0.8754808377261718,0.1007211559298704
0.4246321638028604,0.8754808377261718,0.10064362785089864
0.4246321638028604,0.875623308163556,0.10063872604579181
0.4250437287786809,0.875623308163556,0.1005013529528677
0.4250437287786809,0.8757657786009403,0.1004951781828496
0.4250951744006585,0.8757657786009403,0.10047639843975854
0.4250951744006585,0.8759082490383245,0.10047559356580359
0.4258925815413108,0.8759082490383245,0.10020344624761958
0.4258925815413108,0.8760507194757088,0.10017965153853343
0.4266899886819632,0.8760507194757088,0.09993656636266099
0.4266899886819632,0.876193189913093,0.09992727510350236
0.4267928799259183,0.876193189913093,0.09990734603975486
0.4267928799259183,0.8764781307878615,0.0998967051789281
0.42725589052371643,0.8764781307878615,0.0997513311441548
0.4272816133347052,0.8766206012252458,0.09974824389507446
0.4279761292314024,0.8766206012252458,0.09954501957808416
0.4279761292314024,0.87676307166263,0.09953774981782015
0.4281561889083239,0.87676307166263,0.09947442785249118
0.4281561889083239,0.8769055421000143,0.09946981461180225
0.42838769420722295,0.8769055421000143,0.09939370970014498
0.42838769420722295,0.8770480125373985,0.09939191135625437
0.42849058545117813,0.8770480125373985,0.09933544962508327
0.42849058545117813,0.8771904829747827,0.09933345687117591
0.4286963679390884,0.8771904829747827,0.09926518186632544
0.4286963679390884,0.877332953412167,0.09926427743916011
0.4287992591830435,0.877332953412167,0.0992318250932683
0.4287992591830435,0.8774754238495512,0.09920525465735026
0.429339438213808,0.8774754238495512,0.0990739813525977
0.429339438213808,0.8776178942869355,0.09906955946693671
0.42946805226875195,0.8776178942869355,0.09905527531792056
0.42946805226875195,0.877902835161704,0.09905046561159293
0.429699557567651,0.877902835161704,0.09893385114922662
0.429699557567651,0.8780453055990882,0.0989304343899936
0.4298538944335837,0.8780453055990882,0.09889904643149033
0.4298538944335837,0.8781877760364725,0.09889880545517604
0.43000823129951643,0.8781877760364725,0.09885531370184221
0.43000823129951643,0.8783302464738567,0.09884204009429627
0.4300853997324828,0.8783302464738567,0.09880491392320065
0.4300853997324828,0.878472716911241,0.09880327974057318
0.4308313612511575,0.878472716911241,0.09856771994207186
0.4308313612511575,0.8786151873486252,0.09856484224167816
0.4314229859038996,0.8786151873486252,0.09842871386608645
0.4314229859038996,0.8787576577860094,0.09842667254300004
0.431731659635765,0.8787576577860094,0.09834821668265918
0.431731659635765,0.8789001282233937,0.09834327332676263
0.4318602736907089,0.8789001282233937,0.09831497873006294
0.4318602736907089,0.8791850690981622,0.09829369231226029
0.4320403333676304,0.8791850690981622,0.09825830461814239
0.4320403333676304,0.8793275395355463,0.09824563368838823
0.4322203930445519,0.8793275395355463,0.09816244416482463
0.4322461158555407,0.8794700099729306,0.09816181019880957
0.4324776211544398,0.8794700099729306,0.09806699362469982
0.4324776211544398,0.8797549508476991,0.09806212975038844
0.4325805123983949,0.8797549508476991,0.09805236954085622
0.4325805123983949,0.8798974212850833,0.09804026713257741
0.43278629488630516,0.8798974212850833,0.09792739662330449
0.43278629488630516,0.8801823621598518,0.09790275515672806
0.43314641424014816,0.8801823621598518,0.09779727704428709
0.43314641424014816,0.880324832597236,0.09779519361748555
0.43332647391706963,0.880324832597236,0.0976997077327114
0.43332647391706963,0.8804673030346203,0.09768106631506562
0.4335579792159687,0.8804673030346203,0.09759584947645188
0.4335579792159687,0.8806097734720045,0.09759464941601743
0.43366087045992385,0.8806097734720045,0.09756060012474198
0.43366087045992385,0.8807522439093888,0.09756010818101604
0.433763761703879,0.8807522439093888,0.09753793986234532
0.433763761703879,0.880894714346773,0.09753342569707034
0.43389237575882295,0.880894714346773,0.09750639191628832
0.43389237575882295,0.8810371847841573,0.0975035592428202
0.4340724354357444,0.8810371847841573,0.09745007533696338
0.4340724354357444,0.8811796552215415,0.09744262944343243
0.434123881057722,0.8811796552215415,0.0974163671737284
0.434123881057722,0.8813221256589258,0.09740759156910161
0.4343296635456323,0.8813221256589258,0.09735813417511924
0.4343553863566211,0.88146459609631,0.09735692104553649
0.43489556538738555,0.88146459609631,0.09720983017300672
0.43489556538738555,0.8816070665336943,0.09720470346612477
0.43543574441815003,0.8816070665336943,0.09705433160214999
0.43543574441815003,0.8817495369710785,0.09705110092297072
0.43571869533902663,0.8817495369710785,0.09695517760375394
0.43571869533902663,0.8818920074084627,0.09695503240876244
0.43592447782693694,0.8818920074084627,0.09691486929406967
0.43592447782693694,0.882034477845847,0.09691163622655545
0.4359759234489145,0.882034477845847,0.09688615704671338
0.4359759234489145,0.8821769482832312,0.0968753961747167
0.4362588743697911,0.8821769482832312,0.09680407047326785
0.4362588743697911,0.8823194187206155,0.09680298160204234
0.4364646568577014,0.8823194187206155,0.09675595035136869
0.4364646568577014,0.8824618891579997,0.0967553990115666
0.4368247762115444,0.8824618891579997,0.0966375733536839
0.4368247762115444,0.882604359595384,0.09663180476517594
0.436876221833522,0.882604359595384,0.09662242189425786
0.436876221833522,0.8827468300327682,0.09661483203444401
0.437467846486264,0.8827468300327682,0.09648824945037394
0.437467846486264,0.8828893004701525,0.09648741141972468
0.43754501491923037,0.8828893004701525,0.09644064243594488
0.43754501491923037,0.8830317709075367,0.09643830511304323
0.43772507459615184,0.8830317709075367,0.09642850841487041
0.4377507974071407,0.883174241344921,0.09640343097578769
0.43795657989505093,0.883174241344921,0.09630276714572333
0.43795657989505093,0.8833167117823052,0.09629454753694731
0.43831669924889394,0.8833167117823052,0.09617584456506799
0.43831669924889394,0.8834591822196894,0.09616337104328998
0.4383424220598827,0.8834591822196894,0.09616288863984536
0.4383424220598827,0.8836016526570737,0.09615610790482629
0.4383681448708715,0.8836016526570737,0.0961551284274793
0.4383681448708715,0.8837441230944579,0.09615404114154309
0.43841959049284907,0.8837441230944579,0.09613767394838933
0.43844531330383785,0.8838865935318422,0.09613438474094774
0.4386768186027369,0.8838865935318422,0.09607399705497759
0.4386768186027369,0.8841715344066107,0.0960624857076855
0.4388568782796584,0.8841715344066107,0.09602872580512395
0.4388568782796584,0.8843140048439949,0.09602628047267411
0.43893404671262476,0.8843140048439949,0.09599413085657585
0.43893404671262476,0.8844564752813792,0.09597463478325015
0.4390112151455911,0.8844564752813792,0.09595783134050016
0.4390112151455911,0.8845989457187634,0.09595527720315424
0.4392169976335014,0.8845989457187634,0.09592408884893372
0.4392169976335014,0.8847414161561477,0.09592071826526567
0.4393970573104229,0.8847414161561477,0.09584822744524582
0.4393970573104229,0.8848838865935318,0.09584653005316321
0.43947422574338924,0.8848838865935318,0.0958021167734798
0.43947422574338924,0.885026357030916,0.09579913236361867
0.44011729601810884,0.885026357030916,0.09564811644587115
0.44011729601810884,0.8851688274683003,0.09564726753066116
0.4401430188290976,0.8853112979056845,0.09563546369414727
0.4410175944027163,0.8853112979056845,0.09535998896466037
0.4410175944027163,0.8854537683430688,0.09532809945181063
0.44119765407963785,0.8854537683430688,0.09525897673722421
0.44119765407963785,0.885596238780453,0.09525673279625477
0.4412748225126042,0.885596238780453,0.09520698875880527
0.4412748225126042,0.8857387092178373,0.0951946108521728
0.4414034365675481,0.8857387092178373,0.09514242709193345
0.4414034365675481,0.8858811796552215,0.09513867251266529
0.44186644716534623,0.8858811796552215,0.09500999209478915
0.44186644716534623,0.8860236500926058,0.0950092630347766
0.4421493980862229,0.8860236500926058,0.09486977859996501
0.4421493980862229,0.88616612052999,0.09486435522964681
0.44322975614775184,0.88616612052999,0.09454269392677009
0.4432554789587406,0.8863085909673742,0.09452800491463831
0.44351270706862844,0.8863085909673742,0.09442117556195884
0.4435384298796172,0.8864510614047585,0.09441264531992857
0.443564152690606,0.8864510614047585,0.09441225195645678
0.443564152690606,0.8865935318421427,0.09441065901130301
0.443924272044449,0.8865935318421427,0.09428438531164308
0.443924272044449,0.886736002279527,0.09428127274852319
0.4443358370202696,0.886736002279527,0.09418997706255769
0.4443358370202696,0.8868784727169112,0.09418557324533736
0.44572486881366397,0.8868784727169112,0.09369199591804225
0.44572486881366397,0.8870209431542955,0.09368748435196513
0.44603354254552935,0.8870209431542955,0.09361134961143351
0.44603354254552935,0.887305884029064,0.09360411759343525
0.4461878794114621,0.887305884029064,0.09356890652952596
0.4461878794114621,0.8874483544664482,0.09356702348194514
0.44659944438728266,0.8874483544664482,0.09346329194069189
0.44659944438728266,0.8875908249038325,0.09346307036535619
0.44672805844222657,0.8875908249038325,0.09342682387790203
0.44672805844222657,0.8877332953412167,0.0934255850398311
0.44677950406420414,0.8877332953412167,0.09341227116852209
0.44677950406420414,0.887875765778601,0.09340810811171864
0.447036732174092,0.887875765778601,0.0933264754025303
0.447036732174092,0.8880182362159852,0.09332346522443101
0.4471910690400247,0.8880182362159852,0.0932422942707172
0.4471910690400247,0.8881607066533694,0.09324197119767944
0.4474482971499125,0.8881607066533694,0.09317246419489292
0.4474482971499125,0.8883031770907537,0.09316972221860195
0.4475769112048565,0.8883031770907537,0.09313551239862293
0.4475769112048565,0.8884456475281379,0.09312760948509732
0.4480913674246322,0.8884456475281379,0.09300532036793883
0.4480913674246322,0.8885881179655222,0.09298912232169225
0.4484772095894639,0.8885881179655222,0.0928764876988214
0.4484772095894639,0.8887305884029064,0.09287450462063353
0.44865726926638544,0.8887305884029064,0.09284951290351108
0.44865726926638544,0.8888730588402907,0.09284903848895477
0.448708714888363,0.8888730588402907,0.09283338973433489
0.448708714888363,0.8890155292776749,0.09281990776519687
0.44930033954110504,0.8890155292776749,0.09262117594428845
0.44930033954110504,0.8891579997150592,0.09261881201855968
0.4500720238707686,0.8891579997150592,0.0923990115164122
0.4500720238707686,0.8894429405898276,0.09239549189626581
0.4501234694927462,0.8894429405898276,0.0923904750918614
0.4501234694927462,0.8897278814645961,0.09237795543749873
0.4503549747916452,0.8897278814645961,0.09230152176854334
0.4503549747916452,0.8898703519019804,0.09229708093171579
0.4507150941454882,0.8898703519019804,0.09215453582411413
0.4507150941454882,0.8900128223393646,0.09215011332077805
0.4511266591213088,0.8900128223393646,0.09205676180792448
0.4511266591213088,0.8901552927767489,0.09205530611137619
0.45117810474328635,0.8901552927767489,0.09202881275032473
0.45117810474328635,0.8902977632141331,0.09202085663254903
0.4515896697191069,0.8902977632141331,0.09190272923300401
0.4515896697191069,0.8904402336515174,0.09190007929937097
0.45169256096306204,0.8904402336515174,0.09187539037690474
0.45169256096306204,0.8905827040889015,0.09184998679445991
0.4520012346949275,0.8905827040889015,0.09178787937308212
0.4520012346949275,0.8907251745262857,0.09178703558495412
0.4521041259388826,0.8907251745262857,0.09176830206679103
0.4521041259388826,0.89086764496367,0.09176779327747016
0.45215557156086017,0.89086764496367,0.09175743922866869
0.45215557156086017,0.8911525858384385,0.09173234906847455
0.4525156909147032,0.8911525858384385,0.09167581205403459
0.4525156909147032,0.8912950562758227,0.09167509060222735
0.4526443049696471,0.8912950562758227,0.0916528051318933
0.4526443049696471,0.891437526713207,0.09164947256170868
0.4528758102685461,0.891437526713207,0.09158726570541431
0.4528758102685461,0.8915799971505912,0.09158308104481808
0.453133038378434,0.8915799971505912,0.09155057131914693
0.453133038378434,0.8917224675879755,0.09154504762162725
0.45321020681140034,0.8917224675879755,0.09150518816108047
0.45321020681140034,0.8918649380253597,0.09148849553932675
0.4535960489762321,0.8918649380253597,0.09142548056859938
0.4535960489762321,0.892007408462744,0.09141060520865364
0.45385327708611994,0.892007408462744,0.09134119792800914
0.45385327708611994,0.8921498789001282,0.09133802768878736
0.4541619508179854,0.8921498789001282,0.0912387355225899
0.4541619508179854,0.8922923493375124,0.09123603894313305
0.4543677333058957,0.8922923493375124,0.09119634557946857
0.4543677333058957,0.8924348197748967,0.09119613888004478
0.45457351579380595,0.8924348197748967,0.09114059677559506
0.45457351579380595,0.8925772902122809,0.09113816146403368
0.4546506842267723,0.8925772902122809,0.09111316020131545
0.4546506842267723,0.8927197606496652,0.09109010549291227
0.45490791233666017,0.8927197606496652,0.09104147166780917
0.45490791233666017,0.8928622310870494,0.09103652357653551
0.4551136948245704,0.8928622310870494,0.09098418659435423
0.4551136948245704,0.8930047015244337,0.09097180723204534
0.45560242823335734,0.8930047015244337,0.09081308301229149
0.45560242823335734,0.8931471719618179,0.09079158715588564
0.4558082107212676,0.8931471719618179,0.0907458885829165
0.4558082107212676,0.8932896423992022,0.09073983101847835
0.4561940528860994,0.8932896423992022,0.09058595886690286
0.4561940528860994,0.8935745832739707,0.09058431639521408
0.45642555818499847,0.8935745832739707,0.09052638397410524
0.45642555818499847,0.8937170537113549,0.09052568796612125
0.457197242514662,0.8937170537113549,0.09036753081220177
0.457197242514662,0.8938595241487391,0.09036165366134756
0.45722296532565077,0.8938595241487391,0.0903583695345043
0.45722296532565077,0.8940019945861234,0.090350834999798
0.45763453030147133,0.8940019945861234,0.09027347539048791
0.45763453030147133,0.8941444650235076,0.09026556170748509
0.45776314435641524,0.8941444650235076,0.09022446163322165
0.45776314435641524,0.8942869354608919,0.09022427058734847
0.4581747093322358,0.8942869354608919,0.09007835252333422
0.4581747093322358,0.8944294058982761,0.09007777067199493
0.45825187776520215,0.8944294058982761,0.09007025026677505
0.45825187776520215,0.8945718763356604,0.09005815697386711
0.45832904619816855,0.8945718763356604,0.09005342734222858
0.45832904619816855,0.8947143467730446,0.09004199273702143
0.45835476900915734,0.8947143467730446,0.09003443125116628
0.45835476900915734,0.8948568172104289,0.09003331761582518
0.45845766025311246,0.8948568172104289,0.09001069014844237
0.45848338306410125,0.8949992876478131,0.09000014418684738
0.4585348286860788,0.8949992876478131,0.08999047761150876
0.4585348286860788,0.8951417580851974,0.08999026105709365
0.4585605514970676,0.8951417580851974,0.08998503420303681
0.4585605514970676,0.8952842285225816,0.08997899372742994
0.45886922522893303,0.8952842285225816,0.08988045642485877
0.45886922522893303,0.8954266989599658,0.08987474198498228
0.4592036217717872,0.8954266989599658,0.08980257789302701
0.4592036217717872,0.8955691693973501,0.08979866303301895
0.4592807902047536,0.8955691693973501,0.08977804302083632
0.4592807902047536,0.8957116398347343,0.08977065630933075
0.4595380183146414,0.8957116398347343,0.08970436737710752
0.4595380183146414,0.8958541102721186,0.08970269897554535
0.4597952464245293,0.8958541102721186,0.08963174732094313
0.4597952464245293,0.8959965807095028,0.08960807112720352
0.46015536577837224,0.8959965807095028,0.0895006141705484
0.460181088589361,0.896139051146887,0.08948164810777309
0.46036114826628255,0.896139051146887,0.08940359861350888
0.46036114826628255,0.8962815215842712,0.08939485882814925
0.4605926535651816,0.8962815215842712,0.08933314333983729
0.4605926535651816,0.8964239920216555,0.0893310435024242
0.46064409918715915,0.8964239920216555,0.08931822516320398
0.46064409918715915,0.8965664624590397,0.08930988515332652
0.46066982199814793,0.8965664624590397,0.0893094813208068
0.46066982199814793,0.896708932896424,0.08930572954844872
0.46087560448605824,0.896708932896424,0.0892406987674965
0.46087560448605824,0.8968514033338082,0.08924009921342758
0.4614157835168227,0.8968514033338082,0.08906029759501506
0.4614157835168227,0.8969938737711924,0.08905849589483374
0.46149295194978907,0.8969938737711924,0.08904016795168054
0.46149295194978907,0.8971363442085767,0.08903289581439093
0.46154439757176663,0.8971363442085767,0.08902497547192997
0.46154439757176663,0.8972788146459609,0.08901317967620788
0.46164728881572176,0.8972788146459609,0.08896955732858054
0.46164728881572176,0.8974212850833452,0.08896560386689036
0.46200740816956476,0.8974212850833452,0.08887117598744854
0.46200740816956476,0.8975637555207294,0.08886675503272361
0.46213602222450867,0.8975637555207294,0.08884270317731652
0.4621617450354975,0.8977062259581137,0.08883955348875744
0.462341804712419,0.8977062259581137,0.08881041236724145
0.462341804712419,0.8979911668328822,0.08880334958297653
0.4625990328223068,0.8979911668328822,0.08875616311548966
0.4625990328223068,0.8981336372702664,0.08875399258548573
0.4626247556332956,0.8981336372702664,0.08874943495011724
0.4626247556332956,0.8982761077076507,0.08874526642773226
0.46290770655417224,0.8982761077076507,0.08868425987041388
0.46290770655417224,0.8984185781450349,0.0886810934412396
0.4634736083959255,0.8984185781450349,0.08854653168304397
0.4634736083959255,0.8985610485824191,0.08854055255067551
0.46355077682889184,0.8985610485824191,0.08852391208471085
0.46355077682889184,0.8987035190198034,0.08851924413268616
0.4636793908838358,0.8987035190198034,0.08843740320731067
0.4637051136948246,0.8988459894571876,0.08843586558861519
0.4638337277497685,0.8988459894571876,0.08841554435930338
0.4638337277497685,0.8989884598945719,0.08841273445271358
0.4646825805123984,0.8989884598945719,0.08823010568479049
0.4646825805123984,0.8991309303319561,0.08822622141224905
0.465094145488219,0.8991309303319561,0.08816511008214561
0.465094145488219,0.8992734007693404,0.08814687159746346
0.46511986829920776,0.8992734007693404,0.08814363033454209
0.46511986829920776,0.8994158712067246,0.0881435586667524
0.46563432451898346,0.8994158712067246,0.0879804399065227
0.46563432451898346,0.8995583416441089,0.08796685986107926
0.4657114929519498,0.8995583416441089,0.08793955822052299
0.4657114929519498,0.8997008120814931,0.08793711342950454
0.4657372157629386,0.8997008120814931,0.08793203597249329
0.4657372157629386,0.8998432825188774,0.08793059585912007
0.4660716123057928,0.8998432825188774,0.08781938290458428
0.4660716123057928,0.9001282233936458,0.0878153774307377
0.46630311760469184,0.9001282233936458,0.08776563457599035
0.46630311760469184,0.9002706938310301,0.08775412243699213
0.46666323695853484,0.9002706938310301,0.08765409433346212
0.46666323695853484,0.9004131642684143,0.08765062209107455
0.4667146825805124,0.9004131642684143,0.08764391291353435
0.4667146825805124,0.9006981051431828,0.08762731356556813
0.46694618787941145,0.9006981051431828,0.08756531563239005
0.46694618787941145,0.9008405755805671,0.08755239173277544
0.46753781253215354,0.9008405755805671,0.08740929339071662
0.46753781253215354,0.9009830460179513,0.08740502059537919
0.46769214939808623,0.9009830460179513,0.08735927906556475
0.46769214939808623,0.9011255164553356,0.08735679805609003
0.46805226875192923,0.9011255164553356,0.08724527423610991
0.46805226875192923,0.9012679868927198,0.08722255512810001
0.46854100216071615,0.9012679868927198,0.08710535120748797
0.46854100216071615,0.901410457330104,0.08710243396896802
0.46884967589258153,0.901410457330104,0.08701416220663462
0.46884967589258153,0.9015529277674883,0.08701030791797185
0.4689268443255479,0.9015529277674883,0.08699327333514072
0.4689268443255479,0.9016953982048724,0.08698639201689261
0.4692612408684021,0.9016953982048724,0.08688887488988345
0.4692612408684021,0.9018378686422567,0.08688684450942544
0.4694927461673012,0.9018378686422567,0.08680390000418588
0.4694927461673012,0.9019803390796409,0.08679885383123902
0.4696213602222451,0.9019803390796409,0.08675508497898884
0.4696213602222451,0.9021228095170252,0.08675355628006969
0.4699043111431217,0.9021228095170252,0.08668702816229894
0.4699043111431217,0.9022652799544094,0.08667515494013273
0.4700072023870769,0.9022652799544094,0.08666357918156979
0.4700072023870769,0.9024077503917937,0.08666296051761686
0.4703930445519086,0.9024077503917937,0.08656047253852826
0.4703930445519086,0.9025502208291779,0.08655747669130968
0.4706502726617965,0.9025502208291779,0.08648436482717374
0.4706502726617965,0.9026926912665622,0.08648189643686202
0.47085605514970674,0.9026926912665622,0.08642835447414862
0.47085605514970674,0.9028351617039464,0.08642755760064252
0.4710103920156395,0.9028351617039464,0.08640013755498921
0.4710103920156395,0.9029776321413306,0.08638777984343993
0.4711647288815722,0.9029776321413306,0.08630819857984057
0.4711647288815722,0.9031201025787149,0.0862949251387884
0.4713190657475049,0.9031201025787149,0.08625600935197701
0.4713190657475049,0.9032625730160991,0.08625195771142617
0.4716791851013479,0.9032625730160991,0.08616456184103351
0.4716791851013479,0.9034050434534834,0.0861582049269019
0.4717563535343142,0.9034050434534834,0.0861514588778685
0.4717563535343142,0.9035475138908676,0.0861401998496225
0.47209075007716844,0.9035475138908676,0.0860776108369815
0.47209075007716844,0.9036899843282519,0.08607134641276551
0.47224508694310113,0.9036899843282519,0.08604261193043891
0.47224508694310113,0.9038324547656361,0.08603952555030878
0.4726566519189217,0.9038324547656361,0.08592258355244485
0.4726566519189217,0.9039749252030204,0.08591497763209437
0.4726823747299105,0.9041173956404046,0.08590450243827606
0.4728109887848544,0.9041173956404046,0.08589207910769082
0.4728109887848544,0.9042598660777889,0.08588734315616427
0.4728367115958432,0.9042598660777889,0.08588209155493168
0.4728367115958432,0.9044023365151731,0.08588137437445716
0.47311966251671983,0.9044023365151731,0.08583964529992665
0.47311966251671983,0.9045448069525573,0.08582451316762763
0.47376273279143943,0.9045448069525573,0.0856934742914769
0.47376273279143943,0.9048297478273258,0.08568666963266268
0.4738913468463834,0.9048297478273258,0.08562989790468943
0.4738913468463834,0.9051146887020943,0.08562211439083055
0.4740456837123161,0.9051146887020943,0.08559183749107104
0.4740714065233049,0.9052571591394786,0.08559047489528561
0.4740714065233049,0.9053996295768628,0.08558814505021498
0.47425146620022635,0.9053996295768628,0.08554781132856563
0.47425146620022635,0.9055421000142471,0.08554651822750084
0.4748173680419796,0.9055421000142471,0.08535953601940728
0.4748173680419796,0.9056845704516313,0.08535240677799187
0.4750745961518675,0.9056845704516313,0.0852857264823182
0.4750745961518675,0.9058270408890156,0.08528534000897886
0.47525465582878895,0.9058270408890156,0.08522442380044078
0.47525465582878895,0.9059695113263998,0.08522374079999612
0.4760520629694413,0.9059695113263998,0.08505054202896387
0.4760520629694413,0.906111981763784,0.08504586859790235
0.47612923140240765,0.906111981763784,0.0850217551307003
0.47612923140240765,0.9062544522011683,0.08502123666569149
0.4766694104331721,0.9062544522011683,0.08490280057764027
0.4766694104331721,0.9063969226385525,0.084902762380464
0.47674657886613847,0.9063969226385525,0.08488905955971192
0.47674657886613847,0.9065393930759368,0.08487844684631843
0.47684947011009365,0.9065393930759368,0.08485695772757568
0.47684947011009365,0.906681863513321,0.08485267625451745
0.47700380697602635,0.906681863513321,0.08479109772817219
0.47700380697602635,0.9068243339507053,0.08477219249162597
0.4770552525980039,0.9068243339507053,0.08474529975015349
0.4770552525980039,0.9069668043880895,0.08474352742141168
0.4771838666529478,0.9069668043880895,0.08471812628179023
0.4772095894639366,0.9071092748254738,0.08471156989999208
0.47733820351888057,0.9071092748254738,0.08467531807563151
0.47733820351888057,0.907251745262858,0.08465321286454724
0.47736392632986935,0.907251745262858,0.08464791415573517
0.47736392632986935,0.9073942157002421,0.08463736364686392
0.4775954316287684,0.9073942157002421,0.08456409563963721
0.4775954316287684,0.9075366861376264,0.08454256966932631
0.4781098878485441,0.9075366861376264,0.08440590402425618
0.4781098878485441,0.9076791565750106,0.08438883743845954
0.47839283876942074,0.9076791565750106,0.0843339264910899
0.4784185615804095,0.9078216270123949,0.0843300321330086
0.4789844634221628,0.9078216270123949,0.08417494871853741
0.4789844634221628,0.9079640974497791,0.08416139542780914
0.47919024591007303,0.9079640974497791,0.08409572034731065
0.47919024591007303,0.9081065678871634,0.08409477260238937
0.47988476180677025,0.9081065678871634,0.08393219145080952
0.47991048461775904,0.9082490383245476,0.08392838976179974
0.48024488116061326,0.9082490383245476,0.08387851242071369
0.48024488116061326,0.9083915087619319,0.08387741316162109
0.48027060397160204,0.9083915087619319,0.08387378098411691
0.48027060397160204,0.9085339791993161,0.08387270631528478
0.48039921802654595,0.9085339791993161,0.08382331541778017
0.48039921802654595,0.9086764496367004,0.08381811493819624
0.4804506636485235,0.9086764496367004,0.08378513695439735
0.4804506636485235,0.9088189200740846,0.0837780143878253
0.4805792777034674,0.9088189200740846,0.08374217450563172
0.4805792777034674,0.9089613905114688,0.0837377408535741
0.480630723325445,0.9089613905114688,0.0837281820868307
0.480630723325445,0.9091038609488531,0.08372599799146893
0.4808365058133553,0.9091038609488531,0.08363783712539512
0.4808365058133553,0.9092463313862373,0.0836311881101968
0.48155674452104125,0.9092463313862373,0.08350439922096496
0.48155674452104125,0.9093888018236216,0.0835018886806581
0.48168535857598516,0.9093888018236216,0.08346866839323183
0.48168535857598516,0.9095312722610058,0.083465219753336
0.48191686387488425,0.9095312722610058,0.08339941711613119
0.48191686387488425,0.9096737426983901,0.08339855952306308
0.4823798744726824,0.9096737426983901,0.08329063068173645
0.4823798744726824,0.9098162131357743,0.08329015411832037
0.48276571663751416,0.9098162131357743,0.08319735067812423
0.48276571663751416,0.9099586835731586,0.08317221604872113
0.4828686078814693,0.9099586835731586,0.08315456630402829
0.4828686078814693,0.9101011540105428,0.08314810570652376
0.48292005350344686,0.9101011540105428,0.08313487798348654
0.48292005350344686,0.9102436244479271,0.08312258534395137
0.48340878691223377,0.9102436244479271,0.0830093866126685
0.48340878691223377,0.9103860948853113,0.08300711044587188
0.4842319168638749,0.9103860948853113,0.08282699463080917
0.4842319168638749,0.9105285653226955,0.08282459215188291
0.48428336248585246,0.9105285653226955,0.0828183061693044
0.48428336248585246,0.9106710357600798,0.08280425500690658
0.4855437802243029,0.9106710357600798,0.08253979263713936
0.4855437802243029,0.910813506197464,0.08253870184734381
0.4857238399012244,0.910813506197464,0.0825090817367396
0.4857238399012244,0.9109559766348483,0.08250857400423924
0.485775285523202,0.9109559766348483,0.08250178236317807
0.485775285523202,0.9110984470722325,0.08249139371840762
0.4859038995781459,0.9110984470722325,0.08245447713274442
0.4859038995781459,0.9112409175096168,0.08245085070104799
0.486006790822101,0.9112409175096168,0.08242255905025714
0.486006790822101,0.911383387947001,0.08238909496098867
0.48608395925506737,0.911383387947001,0.08235917619308952
0.48608395925506737,0.9115258583843853,0.08235216541333319
0.4862382961210001,0.9115258583843853,0.08231908807929858
0.4862382961210001,0.9116683288217695,0.08231738885719508
0.48646980141989915,0.9116683288217695,0.08226346427337174
0.48646980141989915,0.9118107992591538,0.08226051462156658
0.4871385945056076,0.9118107992591538,0.08209256803560357
0.4871385945056076,0.911953269696538,0.08208043245594104
0.48737009980450663,0.911953269696538,0.08204379225420158
0.48737009980450663,0.9120957401339223,0.08204116272282903
0.4874215454264842,0.9120957401339223,0.08202495267104204
0.4874215454264842,0.9122382105713065,0.08201415652847284
0.48798744726823745,0.9122382105713065,0.08183406591512946
0.48798744726823745,0.9123806810086907,0.08182219938109242
0.48806461570120385,0.9123806810086907,0.08180634952784888
0.48806461570120385,0.912523151446075,0.08179436382806951
0.48809033851219263,0.912523151446075,0.08178295316085886
0.48809033851219263,0.9126656218834592,0.0817768500663
0.4881417841341702,0.9126656218834592,0.08177178187935101
0.4881417841341702,0.9128080923208435,0.08176907485334606
0.48819322975614776,0.9128080923208435,0.08176355680114927
0.48819322975614776,0.9129505627582276,0.08176328610691992
0.4882703981891141,0.9129505627582276,0.08175117937567429
0.4882703981891141,0.9130930331956119,0.0817443143679373
0.4887848544088898,0.9130930331956119,0.08163663880303115
0.4887848544088898,0.9132355036329961,0.08163187479068569
0.4891449737627328,0.9132355036329961,0.08152390396232953
0.4891449737627328,0.9133779740703803,0.08151477602922087
0.4893250334396543,0.9133779740703803,0.08148187020956214
0.4893250334396543,0.9135204445077646,0.08148062354789314
0.49007099495832906,0.9135204445077646,0.08132191278430315
0.49007099495832906,0.9136629149451488,0.0813143068823883
0.49037966869019445,0.9136629149451488,0.08124246344605111
0.49037966869019445,0.9138053853825331,0.08124038716002044
0.4906368968000823,0.9138053853825331,0.08114324564198079
0.4906368968000823,0.9139478558199173,0.08113316543939135
0.49076551085502623,0.9139478558199173,0.08111884419056334
0.49076551085502623,0.9140903262573016,0.08111271200972209
0.49086840209898136,0.9140903262573016,0.08106587214200595
0.49086840209898136,0.9142327966946858,0.08106421219823583
0.4910227389649141,0.9142327966946858,0.08102100027483021
0.4910227389649141,0.9143752671320701,0.08102080440219425
0.49158864080666737,0.9143752671320701,0.0808742088276703
0.49158864080666737,0.9145177375694543,0.08086655452894848
0.4918458689165552,0.9145177375694543,0.08077275896474945
0.4918458689165552,0.9146602080068386,0.0807578050343198
0.49212881983743184,0.9146602080068386,0.08070760697585742
0.49212881983743184,0.9148026784442228,0.08070461189399676
0.4927204444901739,0.9148026784442228,0.08054547935299024
0.4927204444901739,0.914945148881607,0.08054507854808894
0.49313200946599445,0.914945148881607,0.08047555103898393
0.49313200946599445,0.9152300897563755,0.08046626088497628
0.4932091778989608,0.9152300897563755,0.08045151455174844
0.4932091778989608,0.9153725601937598,0.08045066855909638
0.4935950200637926,0.9153725601937598,0.0803895983040648
0.49362074287478136,0.915515030631144,0.08038948755410301
0.49377507974071405,0.915515030631144,0.08036689702616318
0.49377507974071405,0.9156575010685283,0.08036292798284557
0.49452104125938884,0.9156575010685283,0.08021009504013402
0.49452104125938884,0.9157999715059125,0.08020050536345527
0.4948297149912542,0.9157999715059125,0.08008944661309729
0.4948297149912542,0.9159424419432968,0.08007358638677924
0.4949068834242206,0.9159424419432968,0.0800420433180035
0.4949068834242206,0.916084912380681,0.08003286493892692
0.49498405185718697,0.916084912380681,0.08000836390177801
0.49498405185718697,0.9162273828180653,0.08000079721364395
0.4951898343450972,0.9162273828180653,0.07993975403456613
0.4951898343450972,0.9163698532554495,0.07993379649183385
0.4952412799670748,0.9163698532554495,0.07991754463165743
0.4952412799670748,0.9165123236928338,0.07991335191721054
0.49565284494289535,0.9165123236928338,0.07978699607250513
0.49565284494289535,0.9167972645676022,0.0797697277328448
0.4957557361868505,0.9167972645676022,0.07974762440525503
0.4957557361868505,0.9169397350049865,0.07974307614097369
0.49619302397365983,0.9169397350049865,0.07963899614190066
0.49619302397365983,0.917224675879755,0.07963248515826356
0.4964502520835477,0.917224675879755,0.07955975428020093
0.4964502520835477,0.9173671463171392,0.07955599057833633
0.49652742051651405,0.9173671463171392,0.07953577270563729
0.49652742051651405,0.9175096167545235,0.0795345909521867
0.4967332030044243,0.9175096167545235,0.07948680851051218
0.4967332030044243,0.9176520871919077,0.0794856825539422
0.49740199609013275,0.9176520871919077,0.0792854649487344
0.49740199609013275,0.917794557629292,0.07928477094337161
0.49742771890112153,0.917794557629292,0.079273134803281
0.49742771890112153,0.9179370280666762,0.07927299259168552
0.4976335013890318,0.9179370280666762,0.07919504338975296
0.4976335013890318,0.9180794985040605,0.07918894978577554
0.4982251260417738,0.9180794985040605,0.07907326887803336
0.4982251260417738,0.9182219689414447,0.07906806852250864
0.4982508488527626,0.9182219689414447,0.07906045611946431
0.4982508488527626,0.918364439378829,0.07906035008714041
0.4983537400967178,0.918364439378829,0.07904450136153324
0.4983537400967178,0.9187918506909816,0.07902333898500943
0.4986109682066056,0.9187918506909816,0.07892947413148756
0.4986109682066056,0.9189343211283658,0.07892931246554395
0.4991254244263813,0.9189343211283658,0.07879213714346942
0.4991254244263813,0.9190767915657501,0.07879030018251873
0.4994598209692355,0.9190767915657501,0.07870364452851628
0.4994598209692355,0.9192192620031343,0.07867419316052764
0.49971704907912334,0.9192192620031343,0.07862532645619043
0.49971704907912334,0.9193617324405186,0.07862333141683651
0.4997427718901121,0.9193617324405186,0.07862052102745576
0.4997427718901121,0.9195042028779028,0.07861847517396787
0.5000771684329663,0.9195042028779028,0.07852934116071818
0.5000771684329663,0.919646673315287,0.0785279726867668
0.5004115649758205,0.919646673315287,0.07847302851618225
0.5004115649758205,0.9197891437526713,0.07847260588709026
0.5011575264944953,0.9197891437526713,0.07828752669724463
0.5011575264944953,0.9199316141900555,0.07828721464819062
0.501311863360428,0.9199316141900555,0.07827079008307712
0.501311863360428,0.920216555064824,0.07823123951277354
0.5016462599032823,0.920216555064824,0.078135319589984
0.5016462599032823,0.9203590255022083,0.07813034767713434
0.5019292108241589,0.9203590255022083,0.07807560258418951
0.5019292108241589,0.9205014959395925,0.07807147708488346
0.5029066776417327,0.9205014959395925,0.07785934789573895
0.5029066776417327,0.9206439663769768,0.07785821842079092
0.5030610145076654,0.9206439663769768,0.07783477667488735
0.5030610145076654,0.920786436814361,0.07781588613998631
0.5033696882395308,0.920786436814361,0.07777363912978848
0.5033696882395308,0.9209289072517453,0.07776874251087265
0.5035497479164524,0.9209289072517453,0.07772312087290716
0.5035754707274411,0.9210713776891295,0.07771787923930479
0.5036783619713963,0.9210713776891295,0.07765221140744198
0.5036783619713963,0.9212138481265137,0.07764290818374062
0.5037555304043626,0.9212138481265137,0.07762154991463847
0.5037555304043626,0.921356318563898,0.07762143081423784
0.5043986006790823,0.921356318563898,0.07748853699979859
0.5043986006790823,0.9214987890012822,0.077483119804479
0.504424323490071,0.9214987890012822,0.07748066260026548
0.504424323490071,0.9216412594386665,0.07748011869200991
0.5049130568988579,0.9216412594386665,0.07734711742854539
0.5049387797098467,0.9217837298760507,0.07734575959554095
0.5054275131186337,0.9217837298760507,0.07728186349713169
0.5054275131186337,0.921926200313435,0.07727953779680269
0.5054789587406112,0.921926200313435,0.07726996978548083
0.5054789587406112,0.9220686707508192,0.0772624478209777
0.5062249202592859,0.9220686707508192,0.07709886445677243
0.5062249202592859,0.9222111411882035,0.0770969981184231
0.5065078711801626,0.9222111411882035,0.0770461944405303
0.5065078711801626,0.9223536116255877,0.07704092623271033
0.5066622080460953,0.9223536116255877,0.07700216883553608
0.5066622080460953,0.922496082062972,0.0769935189390255
0.5072538326988373,0.922496082062972,0.07682626522982507
0.5072795555098261,0.9226385525003562,0.07682569628885677
0.507768288918613,0.9226385525003562,0.0767225423153337
0.507768288918613,0.9227810229377404,0.0767137414104764
0.5080255170285009,0.9227810229377404,0.07665195020248926
0.5080255170285009,0.9229234933751247,0.07664276789606476
0.508128408272456,0.9229234933751247,0.07661619413885386
0.508128408272456,0.9230659638125089,0.07660547750102527
0.508488527626299,0.9230659638125089,0.0765185098781017
0.508488527626299,0.9232084342498932,0.07651585594304021
0.5095174400658504,0.9232084342498932,0.07626212253189722
0.5095174400658504,0.9233509046872774,0.07625316142837188
0.5095946084988168,0.9233509046872774,0.07623833526462458
0.5095946084988168,0.9234933751246617,0.07623152948104603
0.5096460541207943,0.9234933751246617,0.07621442261049984
0.5096460541207943,0.9236358455620459,0.07621223038339209
0.5097489453647495,0.9236358455620459,0.07618797605581479
0.5097489453647495,0.9237783159994302,0.07618226848031563
0.5098518366087046,0.9237783159994302,0.07612139715857986
0.5098518366087046,0.9239207864368144,0.07611478933539376
0.5103405700174916,0.9239207864368144,0.0760052690628841
0.5103405700174916,0.9240632568741987,0.07600343400555361
0.5104691840724355,0.9240632568741987,0.07597890338112662
0.5104691840724355,0.9242057273115828,0.07597642857510702
0.5110608087251775,0.9242057273115828,0.07585985657586808
0.5110608087251775,0.924348197748967,0.07585654222610407
0.5118582158658298,0.924348197748967,0.0756970900000969
0.5118839386768186,0.9244906681863513,0.07568033243738707
0.512192612408684,0.9244906681863513,0.0756040098187604
0.512192612408684,0.9247756090611198,0.0755887074130966
0.5125270089515382,0.9247756090611198,0.07552512345512842
0.5125270089515382,0.924918079498504,0.07552511129565312
0.51291285111637,0.924918079498504,0.07545483859354177
0.51291285111637,0.9250605499358883,0.0754369200554232
0.5129385739273588,0.9250605499358883,0.07543459846197947
0.5129385739273588,0.9252030203732725,0.07543444866474806
0.5131186336042802,0.9252030203732725,0.07539477031048872
0.513144356415269,0.9253454908106568,0.07539350385584817
0.5137617038789999,0.9253454908106568,0.07524781508536871
0.5137617038789999,0.925487961248041,0.07523839743566894
0.5139417635559214,0.925487961248041,0.07521266065957202
0.5139417635559214,0.9257729021228095,0.07520617996198217
0.5141732688548205,0.9257729021228095,0.07517227585222382
0.5141732688548205,0.9259153725601937,0.07515985015044128
0.5142247144767981,0.9259153725601937,0.07515591988817438
0.5142247144767981,0.926057842997578,0.07515306784670786
0.5150735672394279,0.926057842997578,0.07491769237358402
0.5150735672394279,0.9262003134349622,0.07491411450406266
0.5153307953493158,0.9262003134349622,0.07486602969601956
0.5153307953493158,0.9263427838723465,0.07486004285595733
0.5157166375141475,0.9263427838723465,0.0747753649289996
0.5157166375141475,0.926627724747115,0.07475492246601395
0.5161024796789793,0.926627724747115,0.07466190598967254
0.5161024796789793,0.9267701951844992,0.07465977959936251
0.5164883218438111,0.9267701951844992,0.07455596589293058
0.5164883218438111,0.9269126656218835,0.07455334764259733
0.5166683815207326,0.9269126656218835,0.07447825339578902
0.5166683815207326,0.9270551360592677,0.07447208662646031
0.5167969955756765,0.9270551360592677,0.07445462506954444
0.5167969955756765,0.927197606496652,0.07445449080308
0.516977055252598,0.927197606496652,0.07442135411355917
0.516977055252598,0.9273400769340362,0.07440479251429812
0.5174143430394074,0.9273400769340362,0.07429571767096257
0.5174143430394074,0.9274825473714204,0.07429200918709337
0.5181345817470934,0.9274825473714204,0.07409727149352688
0.5181345817470934,0.9276250178088047,0.07409469942796296
0.5188290976437905,0.9276250178088047,0.07390667375611616
0.5188548204547793,0.9277674882461889,0.07390501003247595
0.5189834345097232,0.9277674882461889,0.07388248053752745
0.5189834345097232,0.9279099586835732,0.07387930584544085
0.5190348801317007,0.9279099586835732,0.07386027350606751
0.5190348801317007,0.9280524291209574,0.07385174949606224
0.5190863257536784,0.9280524291209574,0.07384070471595407
0.5190863257536784,0.9281948995583417,0.07384005652381834
0.5194721679185101,0.9281948995583417,0.07376910639448242
0.5194721679185101,0.9283373699957259,0.07376839114508392
0.5199094557053194,0.9283373699957259,0.07366159846246147
0.5199094557053194,0.9284798404331102,0.07365310405681758
0.519960901327297,0.9284798404331102,0.07364790004471598
0.519960901327297,0.9286223108704944,0.0736449431080503
0.520089515382241,0.9286223108704944,0.07360213239844769
0.520089515382241,0.9287647813078787,0.07359708591917892
0.5205782487910279,0.9287647813078787,0.07347499845488796
0.5205782487910279,0.9289072517452629,0.07347055764863171
0.5206039716020167,0.9289072517452629,0.07343838847351776
0.5206039716020167,0.9290497221826471,0.0734347976817315
0.5206554172239942,0.9290497221826471,0.07342643374947525
0.5206554172239942,0.9291921926200314,0.07342266959539921
0.5207840312789381,0.9291921926200314,0.07339322723837591
0.5207840312789381,0.9293346630574156,0.07339186567042723
0.5210669821998148,0.9293346630574156,0.07334155588327841
0.5210669821998148,0.9294771334947999,0.07333879857735448
0.5210927050108036,0.9294771334947999,0.07333131226116192
0.5210927050108036,0.9296196039321841,0.07332651698048705
0.52116987344377,0.9296196039321841,0.07327852974778601
0.52116987344377,0.9297620743695684,0.07327845798681419
0.5212470418767363,0.9297620743695684,0.07326977622309559
0.5212470418767363,0.9299045448069525,0.0732649740295025
0.5216071612305793,0.9299045448069525,0.07319140292051995
0.5216071612305793,0.9300470152443367,0.07316938988189896
0.5216586068525568,0.9300470152443367,0.07316384706505173
0.5216586068525568,0.930189485681721,0.07315195927380055
0.5217100524745344,0.930189485681721,0.07314973925630042
0.5217100524745344,0.9303319561191052,0.07314769747490754
0.5225589052371643,0.9303319561191052,0.07286636088170066
0.5225589052371643,0.9304744265564895,0.07285666593346198
0.5230219158349625,0.9304744265564895,0.07276490757711732
0.5230219158349625,0.930759367431258,0.0727575509926718
0.523433480810783,0.930759367431258,0.07267738637216543
0.523433480810783,0.9309018378686422,0.07267552709753772
0.5235363720547381,0.9309018378686422,0.0726400829147098
0.5235620948657269,0.9310443083060265,0.07263909187113303
0.5239479370305588,0.9310443083060265,0.07257100619246086
0.5239479370305588,0.9311867787434107,0.0725706934850969
0.524745344171211,0.9311867787434107,0.07235378246642779
0.524745344171211,0.931329249180795,0.07235141992979668
0.5248739582261549,0.931329249180795,0.0723279584906593
0.5248739582261549,0.9314717196181792,0.07232658124829772
0.5264687725074596,0.9314717196181792,0.07204393822568961
0.5264687725074596,0.9316141900555635,0.07204295562472646
0.526777446239325,0.9316141900555635,0.07197975364153697
0.526777446239325,0.9317566604929477,0.07197336190812971
0.5268031690503138,0.9317566604929477,0.07196951194943439
0.5268031690503138,0.9318991309303319,0.0719667415213342
0.5269317831052578,0.9318991309303319,0.07193466445400262
0.5269317831052578,0.9320416013677162,0.07192358223474675
0.5273690708920671,0.9320416013677162,0.07181363939256288
0.5273690708920671,0.9321840718051004,0.07181097204656686
0.5274205165140446,0.9321840718051004,0.07178594192423052
0.5274205165140446,0.9323265422424847,0.07178223072600085
0.5276777446239325,0.9323265422424847,0.07174803548099017
0.5277034674349212,0.9324690126798689,0.07174097594486971
0.5278835271118428,0.9324690126798689,0.07170172192341814
0.5278835271118428,0.9326114831172532,0.07169155886660356
0.5280121411667867,0.9326114831172532,0.07166790017873151
0.5280121411667867,0.9328964239920217,0.0716577822897068
0.5286037658195287,0.9328964239920217,0.07153668873951499
0.5286037658195287,0.9330388944294059,0.07153371944804666
0.5287838254964502,0.9330388944294059,0.07147912959835086
0.5287838254964502,0.9333238353041744,0.071464750403835
0.5290153307953493,0.9333238353041744,0.07138039966131225
0.5290153307953493,0.9334663057415586,0.07137113946465604
0.5294011729601811,0.9334663057415586,0.0712923482818419
0.5294011729601811,0.9336087761789429,0.07128726240481814
0.5295040642041362,0.9336087761789429,0.0712674070942531
0.529529787015125,0.9337512466163271,0.07126622845148624
0.5297355695030352,0.9337512466163271,0.0712127286110405
0.5297355695030352,0.9338937170537114,0.071212129090512
0.5297870151250129,0.9338937170537114,0.07120643361792449
0.5297870151250129,0.9340361874910956,0.07120587362278048
0.530018520423912,0.9340361874910956,0.0711738840275156
0.530018520423912,0.9341786579284799,0.07117257747616756
0.53048153102171,0.9341786579284799,0.07107083922127748
0.53048153102171,0.9343211283658641,0.0710694251969347
0.5305072538326988,0.9343211283658641,0.0710652923147238
0.5305072538326988,0.9344635988032484,0.07104151956404628
0.5309188188085194,0.9344635988032484,0.07095026005583087
0.5309445416195082,0.9346060692406326,0.07094300387634724
0.531561889083239,0.9346060692406326,0.07084516971423732
0.531561889083239,0.9347485396780169,0.07084272019166196
0.5318191171931269,0.9347485396780169,0.07078724652469824
0.5318448400041157,0.9348910101154011,0.07078218511626694
0.5325650787118016,0.9348910101154011,0.07064569026814703
0.5325650787118016,0.9350334805527853,0.07063846342525229
0.5333367630414652,0.9350334805527853,0.07049492965758616
0.5333367630414652,0.9351759509901696,0.07048902638318823
0.5339026648832185,0.9351759509901696,0.07036519558903757
0.5339026648832185,0.9353184214275538,0.07036421688147987
0.534314229859039,0.9353184214275538,0.07025581399263911
0.534314229859039,0.935460891864938,0.07025063006698881
0.5354717563535343,0.935460891864938,0.0699861826998331
0.5354717563535343,0.9356033623023222,0.06998217172992709
0.5357032616524334,0.9356033623023222,0.06995321804458596
0.5357032616524334,0.9357458327397065,0.06994744101585625
0.5359347669513325,0.9357458327397065,0.06991942490989576
0.5359347669513325,0.9358883031770907,0.06991268308765955
0.5361662722502315,0.9358883031770907,0.06985361105642934
0.5361662722502315,0.936030773614475,0.06984608057531978
0.5361919950612203,0.936030773614475,0.06984134980913181
0.5361919950612203,0.9361732440518592,0.06983821308073893
0.5365521144150632,0.9361732440518592,0.06977277816756752
0.536577837226052,0.9363157144892434,0.0697655386386805
0.5373752443667044,0.9363157144892434,0.06960566064585902
0.5373752443667044,0.9364581849266277,0.06958496843963591
0.5378639777754913,0.9364581849266277,0.06949212562023765
0.5378639777754913,0.9366006553640119,0.06948458336114964
0.5385584936721884,0.9366006553640119,0.06933927530393318
0.5385584936721884,0.9367431258013962,0.06933493687339175
0.5385842164831773,0.9367431258013962,0.06933421804244624
0.5385842164831773,0.9368855962387804,0.0693298955879907
0.5390472270809754,0.9368855962387804,0.06921966169690619
0.5390472270809754,0.9370280666761647,0.06921820381487095
0.5390729498919642,0.9370280666761647,0.06921751948657955
0.5390729498919642,0.9371705371135489,0.06921465915941917
0.5391243955139418,0.9371705371135489,0.06921399191433035
0.5391243955139418,0.9373130075509332,0.06920843443888082
0.5393044551908632,0.9373130075509332,0.06917322859523704
0.5393044551908632,0.9374554779883174,0.06916626892681732
0.539330178001852,0.9374554779883174,0.06915871809115386
0.539330178001852,0.9375979484257017,0.0691524146302667
0.5396131289227287,0.9375979484257017,0.06909181717433466
0.5396131289227287,0.9378828893004701,0.06908873669350102
0.5397417429776726,0.9378828893004701,0.06908149312986447
0.5397674657886614,0.9380253597378544,0.06907521074742749
0.5407449326062352,0.9380253597378544,0.06890383877668677
0.5407449326062352,0.9381678301752386,0.06890258480382802
0.5413108344479884,0.9381678301752386,0.06876059340880529
0.5413108344479884,0.9383103006126229,0.06875203337460875
0.541362280069966,0.9383103006126229,0.06874532164884822
0.541362280069966,0.9385952414873914,0.06873240017806016
0.5419539047227081,0.9385952414873914,0.06858930026572621
0.5419539047227081,0.9387377119247756,0.06858741388210907
0.5421854100216071,0.9387377119247756,0.06853625434189262
0.5421854100216071,0.9388801823621599,0.06852422904968589
0.5425969749974278,0.9388801823621599,0.0684255876785186
0.5426226978084165,0.9390226527995441,0.06840283607093482
0.5435744418150016,0.9390226527995441,0.06817194805826511
0.5435744418150016,0.9391651232369284,0.06815806831899617
0.5439345611688445,0.9391651232369284,0.06811002498118769
0.5439345611688445,0.9393075936743126,0.06810949408729357
0.544346126144665,0.9393075936743126,0.0680368799908213
0.544346126144665,0.9394500641116968,0.06803313452616087
0.5446547998765305,0.9394500641116968,0.06793695092289995
0.5446547998765305,0.9395925345490811,0.06793262356781911
0.5457608807490483,0.9395925345490811,0.06770759662743019
0.5457608807490483,0.9397350049864653,0.067705625861398
0.5460181088589361,0.9397350049864653,0.06765408731883743
0.5460181088589361,0.9398774754238496,0.06764654207777464
0.5461210001028912,0.9398774754238496,0.06763890978583044
0.5461210001028912,0.9400199458612338,0.06762747349975919
0.546378228212779,0.9400199458612338,0.06758990372991393
0.5464039510237679,0.9401624162986181,0.06758478988329546
0.5464039510237679,0.9403048867360023,0.06758191251414218
0.5466097335116782,0.9403048867360023,0.06755000023523489
0.5466097335116782,0.9404473571733866,0.06753294753057659
0.5472528037863977,0.9404473571733866,0.06733401358530744
0.5472528037863977,0.9405898276107708,0.06733094404521134
0.5472785265973865,0.9405898276107708,0.06732886708869654
0.5472785265973865,0.9408747684855393,0.0673243976147849
0.5479987653050725,0.9408747684855393,0.06717121593291765
0.5479987653050725,0.9410172389229234,0.06717009513438565
0.5485646671468258,0.9410172389229234,0.06704092510883036
0.5485646671468258,0.9411597093603077,0.06703598147409001
0.549130568988579,0.9411597093603077,0.06694572327231554
0.549130568988579,0.9413021797976919,0.06693880249216694
0.5491820146105566,0.9413021797976919,0.06692776435355648
0.5491820146105566,0.9414446502350762,0.06692382680878964
0.5494135199094557,0.9414446502350762,0.06688709837109194
0.5494135199094557,0.9415871206724604,0.06687877302447755
0.5496964708303324,0.9415871206724604,0.06681557699780155
0.5496964708303324,0.9417295911098447,0.06680373228725017
0.5503909867270296,0.9417295911098447,0.0666843271810311
0.5503909867270296,0.9418720615472289,0.06668012327322682
0.550571046403951,0.9418720615472289,0.06663644077147418
0.550571046403951,0.9421570024219974,0.06663113646746022
0.5506482148369174,0.9421570024219974,0.06662183610412042
0.5506482148369174,0.9422994728593816,0.0666204545775967
0.5507768288918613,0.9422994728593816,0.06661081651937584
0.5507768288918613,0.9424419432967659,0.06660537743763215
0.551162671056693,0.9424419432967659,0.06651415840311638
0.551162671056693,0.9425844137341501,0.06650363317490841
0.5513427307336146,0.9425844137341501,0.06647658686927826
0.5513427307336146,0.9427268841715344,0.06647283576954338
0.552243029118222,0.9427268841715344,0.06627273930529623
0.552243029118222,0.9428693546089186,0.06627210435277212
0.5522687519292109,0.9428693546089186,0.06626279622707454
0.5522687519292109,0.9430118250463029,0.0662581871104292
0.5524488116061324,0.9430118250463029,0.0662291213591875
0.5524488116061324,0.9431542954836871,0.06622750914035044
0.5528346537709641,0.9431542954836871,0.06616108930672698
0.5528346537709641,0.9432967659210714,0.06615674593036974
0.5540436258874369,0.9432967659210714,0.06591595057446006
0.5540436258874369,0.9434392363584556,0.06591168722898035
0.5550468155159995,0.9434392363584556,0.06566442275744155
0.5550468155159995,0.9435817067958399,0.06565338321252766
0.5552525980039099,0.9435817067958399,0.06562279919380169
0.5552525980039099,0.9437241772332241,0.06561645008374356
0.5559985595225846,0.9437241772332241,0.06549845150787639
0.5559985595225846,0.9438666476706083,0.06549555685575109
0.5561271735775285,0.9438666476706083,0.06546772892441526
0.5561271735775285,0.9440091181079926,0.06546729388963764
0.5565644613643379,0.9440091181079926,0.06542433805095908
0.5565644613643379,0.9441515885453768,0.06542088329777009
0.5567959666632369,0.9441515885453768,0.06538570168421101
0.5568216894742257,0.9442940589827611,0.06538006839106182
0.5570531947731248,0.9442940589827611,0.06534951739009003
0.5570531947731248,0.9444365294201453,0.06534321608976416
0.5573104228830127,0.9444365294201453,0.06530691979903933
0.5573104228830127,0.9445789998575296,0.06530233273286674
0.5579020475357547,0.9445789998575296,0.06520539604574127
0.5579020475357547,0.9447214702949138,0.06520339700849132
0.5593168021401379,0.9447214702949138,0.06494598663267408
0.5593168021401379,0.9448639407322981,0.06494501273063372
0.5598569811709023,0.9448639407322981,0.06484709452744063
0.5598569811709023,0.9450064111696823,0.06483660768510184
0.5604228830126556,0.9450064111696823,0.06470856140110799
0.5604228830126556,0.9451488816070666,0.06470284747268311
0.5607572795555098,0.9451488816070666,0.06464530716625665
0.5607572795555098,0.9452913520444508,0.06463867221317396
0.5617861919950612,0.9452913520444508,0.06446578961328449
0.5617861919950612,0.945433822481835,0.0644586099906718
0.5620176972939603,0.945433822481835,0.06440148618304768
0.5620176972939603,0.9455762929192193,0.06439878310998595
0.5621977569708818,0.9455762929192193,0.0643687514318076
0.5621977569708818,0.9457187633566035,0.06436661494780706
0.5624292622697808,0.9457187633566035,0.06431312021383062
0.5624292622697808,0.9458612337939878,0.06431182805726003
0.563844016874164,0.9458612337939878,0.06403884020196444
0.5638697396851527,0.946003704231372,0.06403305174757389
0.5641784134170182,0.946003704231372,0.06397664906066274
0.5641784134170182,0.9461461746687563,0.0639746535547833
0.5642813046609734,0.9461461746687563,0.06395494017447495
0.5642813046609734,0.9462886451061405,0.06394872326676727
0.5647185924477827,0.9462886451061405,0.06386406934632774
0.5647185924477827,0.9464311155435248,0.06384761815804206
0.565747504887334,0.9464311155435248,0.06367606458759532
0.5657732276983228,0.946573585980909,0.06366974114937202
0.565876118942278,0.946573585980909,0.06365505051061064
0.565876118942278,0.9467160564182932,0.06364378333653653
0.5659275645642556,0.9467160564182932,0.06364126058386385
0.5659275645642556,0.9468585268556774,0.06363911898588169
0.5663648523510649,0.9468585268556774,0.06354253767223728
0.5663905751620537,0.9470009972930616,0.06353276456107268
0.5672651507356724,0.9470009972930616,0.06334341971080915
0.5672651507356724,0.9471434677304459,0.06333706292992418
0.5674452104125939,0.9471434677304459,0.06329176963358532
0.5674452104125939,0.9472859381678301,0.06327106138422754
0.5690400246938986,0.9472859381678301,0.06301539203004937
0.5690400246938986,0.9474284086052144,0.06300662816591637
0.5697602634015845,0.9474284086052144,0.06285992852018556
0.5697602634015845,0.9475708790425986,0.06285965080556143
0.5703776108653154,0.9475708790425986,0.06273426716327488
0.5703776108653154,0.9477133494799829,0.0627291844556695
0.570531947731248,0.9477133494799829,0.06269339634785141
0.5705576705422368,0.9478558199173671,0.06268996938773014
0.5706862845971807,0.9478558199173671,0.06265741562580607
0.5706862845971807,0.9479982903547514,0.06265597075221581
0.5711492951949789,0.9479982903547514,0.06253750857541342
0.5711492951949789,0.9481407607921356,0.06252863136193994
0.5713550776828892,0.9481407607921356,0.06248490383214936
0.5713550776828892,0.9482832312295199,0.06248464778027406
0.5714065233048667,0.9482832312295199,0.0624780426254649
0.5714065233048667,0.9484257016669041,0.06247794160703558
0.5717923654696986,0.9484257016669041,0.062385589116907225
0.5717923654696986,0.9485681721042883,0.06238210126245566
0.5724354357444181,0.9485681721042883,0.062278999237866756
0.5724354357444181,0.9487106425416726,0.0622676505851857
0.5725126041773845,0.9487106425416726,0.062247687419034685
0.5725126041773845,0.9488531129790568,0.06224658370986883
0.5726412182323284,0.9488531129790568,0.062228869556238374
0.5726412182323284,0.9491380538538253,0.06222303800273548
0.5736701306718798,0.9491380538538253,0.062057700524206075
0.5736701306718798,0.9492805242912096,0.062056921742261094
0.5740302500257228,0.9492805242912096,0.061993337494574016
0.5740302500257228,0.9494229947285938,0.06198707235603691
0.5744932606235209,0.9494229947285938,0.0619152003270117
0.5745189834345097,0.9495654651659781,0.061903627712372476
0.5754964502520835,0.9495654651659781,0.0616657470418221
0.5754964502520835,0.9497079356033623,0.06166368501225133
0.5766025311246012,0.9497079356033623,0.0614557126729328
0.57662825393559,0.9498504060407466,0.061445525293762154
0.577348492643276,0.9498504060407466,0.0613372291869558
0.577348492643276,0.9499928764781308,0.06132714717557718
0.5777857804300854,0.9499928764781308,0.061267301797268865
0.5777857804300854,0.950135346915515,0.0612503790826924
0.5785574647597489,0.950135346915515,0.061093853820679174
0.5785574647597489,0.9502778173528993,0.06109083318772959
0.5801265562300648,0.9502778173528993,0.060816981680669575
0.5801265562300648,0.9504202877902835,0.06081402105819625
0.580589566827863,0.9504202877902835,0.060710165276123246
0.580589566827863,0.9505627582276678,0.06070988969212292
0.5807953493157733,0.9505627582276678,0.06064387256311902
0.5807953493157733,0.950705228665052,0.06063981419471671
0.5810525774256611,0.950705228665052,0.06056974172894965
0.5810525774256611,0.9509901695398205,0.060568291376849714
0.5816442020784032,0.9509901695398205,0.060453008060311154
0.5816442020784032,0.9511326399772048,0.060449147328500555
0.5820814898652125,0.9511326399772048,0.06035303647057864
0.5820814898652125,0.951275110414589,0.06034926246268606
0.5821843811091676,0.951275110414589,0.06031595589858241
0.5821843811091676,0.9514175808519733,0.06031411700803752
0.5842679287992592,0.9514175808519733,0.05997955827985874
0.5842679287992592,0.9515600512893575,0.0599770665863718
0.5847566622080461,0.9515600512893575,0.05988552212444548
0.5847566622080461,0.9517025217267417,0.05987994442554247
0.5850396131289227,0.9517025217267417,0.05983121199866957
0.5850396131289227,0.951844992164126,0.05983016215220798
0.5857855746475975,0.951844992164126,0.05969682287600873
0.5857855746475975,0.9521299330388945,0.05969260955067929
0.5858627430805639,0.9521299330388945,0.059669075626520816
0.5858884658915526,0.9522724034762786,0.05966633524087823
0.5859913571355078,0.9522724034762786,0.05961319948562182
0.5859913571355078,0.9524148739136629,0.059608989346426666
0.5863000308673731,0.9524148739136629,0.0595545937038152
0.5863000308673731,0.9525573443510471,0.05954926717495015
0.5875861714168125,0.9525573443510471,0.05933717262846022
0.5875861714168125,0.9526998147884314,0.05933498739853206
0.58763761703879,0.9526998147884314,0.059332615604594116
0.5876633398497788,0.9528422852258156,0.0593310578373616
0.5879720135816442,0.9528422852258156,0.05929347620520198
0.5879720135816442,0.9529847556631998,0.05929218629060287
0.5888980347772405,0.9529847556631998,0.05914359211181276
0.5888980347772405,0.9531272261005841,0.05914171611615655
0.5914445930651302,0.9531272261005841,0.058646383163366775
0.5914445930651302,0.9532696965379683,0.05864570290588623
0.5915217614980965,0.9532696965379683,0.05863627076248223
0.5915217614980965,0.9535546374127368,0.05862474508122681
0.5926278423706143,0.9535546374127368,0.05846366689263968
0.5926278423706143,0.9536971078501211,0.05846299974815479
0.5930651301574236,0.9536971078501211,0.058368990788383354
0.5930651301574236,0.9538395782875053,0.05836275650448482
0.5932966354563227,0.9538395782875053,0.05832567852586972
0.5932966354563227,0.9539820487248896,0.05832434080969358
0.5938625372980759,0.9539820487248896,0.058250894778172815
0.5938625372980759,0.9541245191622738,0.0582495987021268
0.5956888568782797,0.9541245191622738,0.057977257173561635
0.5957145796892684,0.954266989599658,0.05795826884426099
0.5957403025002572,0.954266989599658,0.05795774976974386
0.5957403025002572,0.9544094600370423,0.05795667979472496
0.5959718077991563,0.9544094600370423,0.05790094081939535
0.5959718077991563,0.9545519304744265,0.05789227787712707
0.5968206605617862,0.9545519304744265,0.057741935242123
0.5968206605617862,0.9546944009118108,0.05772547496804982
0.5977209589463937,0.9546944009118108,0.05755292217351464
0.5977209589463937,0.954836871349195,0.057540090067053365
0.5980553554892478,0.954836871349195,0.05748747333157654
0.5980553554892478,0.9549793417865793,0.057476973042074796
0.5991614363617657,0.9549793417865793,0.05728602531304758
0.5991614363617657,0.9551218122239635,0.057282324307333876
0.5993157732276984,0.9551218122239635,0.05723634273853977
0.5993157732276984,0.9552642826613478,0.05723611084732104
0.5997273382035189,0.9552642826613478,0.05717725309306808
0.5997273382035189,0.9555492235361163,0.05717222837315542
0.6007048050210927,0.9555492235361163,0.0570046718893543
0.6007048050210927,0.9556916939735005,0.057003990701173485
0.6010906471859245,0.9556916939735005,0.05689974699882977
0.6010906471859245,0.9558341644108848,0.05689911874547301
0.6017594402716329,0.9558341644108848,0.05679231946048419
0.6017594402716329,0.9561191052856532,0.0567866900075766
0.6017851630826216,0.9561191052856532,0.05678290049915368
0.6017851630826216,0.9562615757230375,0.0567774954072337
0.6018366087045992,0.9562615757230375,0.05677387929746625
0.6018366087045992,0.9564040461604217,0.05676721332855314
0.6019909455705319,0.9564040461604217,0.05675023460010561
0.6019909455705319,0.956546516597806,0.05674771767259938
0.6023767877353637,0.956546516597806,0.05668656044203438
0.6024025105463525,0.9566889870351902,0.056685388829713225
0.6024025105463525,0.9568314574725745,0.056685355070491286
0.6024796789793189,0.9568314574725745,0.05667802613895436
0.6024796789793189,0.9569739279099587,0.05667755334516854
0.6030970264430497,0.9569739279099587,0.05659051702278595
0.6030970264430497,0.957116398347343,0.056587909515752655
0.6041259388826011,0.957116398347343,0.05643671656565894
0.6041259388826011,0.9572588687847272,0.056436100169288204
0.6048719004012758,0.9572588687847272,0.05626228508679167
0.6048719004012758,0.9574013392221115,0.05626199523579578
0.6065181603045581,0.9574013392221115,0.0559395820537933
0.6065181603045581,0.9575438096594957,0.05593485252480779
0.607135507768289,0.9575438096594957,0.05583336934516938
0.6071612305792777,0.95768628009688,0.05582531038019384
0.6081901430188291,0.95768628009688,0.05564678712345683
0.6081901430188291,0.9578287505342642,0.055643112669350576
0.6090132729704703,0.9578287505342642,0.05548310147712065
0.6090132729704703,0.9579712209716483,0.05547286342793388
0.6097849573001337,0.9579712209716483,0.05534278388094147
0.6097849573001337,0.9581136914090326,0.05534163841274093
0.6109167609836403,0.9581136914090326,0.05518361697668642
0.6109167609836403,0.9582561618464168,0.05517929233957481
0.6109424837946291,0.9582561618464168,0.055175987479117124
0.6109424837946291,0.9583986322838011,0.05517197058533623
0.6109682066056179,0.9583986322838011,0.05516908415055877
0.6109939294166067,0.9585411027211853,0.055167710852227395
0.611919950612203,0.9585411027211853,0.055005542338530874
0.611919950612203,0.9586835731585696,0.055001045979650685
0.6121000102891244,0.9586835731585696,0.05497649231146532
0.6121000102891244,0.9588260435959538,0.054976489126968765
0.6131546455396646,0.9588260435959538,0.05481549545666337
0.6131546455396646,0.958968514033338,0.054811570500644946
0.61346331927153,0.958968514033338,0.05476664809191485
0.61346331927153,0.9591109844707223,0.05476664274750408
0.6141578351682272,0.9591109844707223,0.054612108458476825
0.6141578351682272,0.9592534549081065,0.05460854848505067
0.6143121720341599,0.9592534549081065,0.054593074242049865
0.6143121720341599,0.9593959253454908,0.054592560265953424
0.6154696985286552,0.9593959253454908,0.05434784774640935
0.6154696985286552,0.959538395782875,0.05434660492909308
0.615495421339644,0.959538395782875,0.0543439984534245
0.615495421339644,0.9596808662202593,0.05434095308555055
0.6156240353945879,0.9596808662202593,0.05432525623542739
0.6156240353945879,0.9598233366576435,0.054324124136636454
0.6167815618890833,0.9598233366576435,0.05411105028729546
0.6168072847000721,0.9599658070950278,0.05410722226957566
0.6168072847000721,0.960108277532412,0.05410232222993507
0.6184020989813767,0.960108277532412,0.053785684791884704
0.6184020989813767,0.9602507479697963,0.05378301593900568
0.6196110710978495,0.9602507479697963,0.05353278397562999
0.6196367939088384,0.9603932184071805,0.05352921967672716
0.6197654079637823,0.9603932184071805,0.053499945842964004
0.6197654079637823,0.9605356888445648,0.0534988363571407
0.6199454676407038,0.9605356888445648,0.05347679085073447
0.6199454676407038,0.960678159281949,0.053472969484307215
0.6207171519703674,0.960678159281949,0.05336654137925026
0.6207171519703674,0.9608206297193332,0.05335694897674574
0.6208714888363001,0.9608206297193332,0.053343273424935514
0.6208714888363001,0.9609631001567175,0.053339536851178176
0.6208972116472888,0.9609631001567175,0.05333913373114468
0.6208972116472888,0.9611055705941017,0.053328995863963224
0.6209486572692664,0.9611055705941017,0.05332589638606349
0.6209743800802552,0.961248041031486,0.053311660766032484
0.621463113489042,0.961248041031486,0.053235704952483705
0.6214888363000308,0.9613905114688702,0.05323570144677774
0.6214888363000308,0.9615329819062545,0.05323180226996158
0.6216946187879412,0.9615329819062545,0.05315377863404759
0.6216946187879412,0.9616754523436387,0.053153325695820194
0.6236495524230888,0.9616754523436387,0.05287513746022427
0.6236495524230888,0.961817922781023,0.05287057644776019
0.6236752752340776,0.961817922781023,0.0528698299934271
0.6236752752340776,0.9619603932184072,0.052864800201130574
0.6242668998868196,0.9619603932184072,0.05277213616160403
0.6242926226978084,0.9621028636557915,0.052762868962920983
0.625784545735158,0.9621028636557915,0.052519171411080506
0.625784545735158,0.9622453340931757,0.052516715905454016
0.6258102685461467,0.9623878045305599,0.052509942079473376
0.6260932194670233,0.9623878045305599,0.05247077510204203
0.6260932194670233,0.9625302749679442,0.05246864887321713
0.6267105669307542,0.9625302749679442,0.052367332256334206
0.6267105669307542,0.9626727454053284,0.052366085997094504
0.6275594196933841,0.9626727454053284,0.052216301707297984
0.6275594196933841,0.9628152158427127,0.052215633502686785
0.6276365881263505,0.9628152158427127,0.05220103567339412
0.6276365881263505,0.9629576862800969,0.05219764863779891
0.6292828480296326,0.9629576862800969,0.051910631153158415
0.6292828480296326,0.9631001567174812,0.05189786869883415
0.6295915217614981,0.9631001567174812,0.05187452189168124
0.6296172445724869,0.9632426271548654,0.051863738921912844
0.6303889289021505,0.9632426271548654,0.05173993846679648
0.6303889289021505,0.9633850975922497,0.05173811560632374
0.6306461570120383,0.9633850975922497,0.05169865595705276
0.6306461570120383,0.9635275680296338,0.05169615109174897
0.632112357238399,0.9635275680296338,0.05146196749011227
0.632112357238399,0.963670038467018,0.05145558971150901
0.6325239222142196,0.963670038467018,0.05139378488647001
0.6325239222142196,0.9638125089044023,0.05139074142636369
0.6328840415680625,0.9638125089044023,0.051303495888694865
0.6328840415680625,0.9639549793417865,0.051294828091691294
0.6329612100010289,0.9639549793417865,0.05128298621243631
0.6329612100010289,0.9640974497791708,0.051277736664746935
0.6331669924889392,0.9640974497791708,0.05123459627590475
0.6331927152999279,0.964239920216555,0.05123337593070324
0.6334499434098159,0.964239920216555,0.05116524381967456
0.6334499434098159,0.9643823906539393,0.051158333291260676
0.63378433995267,0.9643823906539393,0.0511153871545255
0.6338100627636588,0.9645248610913235,0.05110890785265556
0.6339901224405803,0.9645248610913235,0.05108180451014573
0.6339901224405803,0.9646673315287078,0.05107756060995583
0.6364337894845149,0.9646673315287078,0.05074861586894776
0.6364595122955037,0.964809801966092,0.05073999993579921
0.6366395719724252,0.964809801966092,0.05073107055796022
0.6366652947834139,0.9649522724034763,0.05072353265182119
0.6375398703570326,0.9649522724034763,0.050562179699566404
0.6375398703570326,0.9650947428408605,0.050545819278828126
0.6384916143636177,0.9650947428408605,0.050382344229981224
0.6384916143636177,0.9652372132782447,0.05038015792973808
0.6392632986932812,0.9652372132782447,0.050280782063804444
0.6392632986932812,0.965379683715629,0.05027429900420486
0.6399063689680008,0.965379683715629,0.05018113540009945
0.6399320917789896,0.9655221541530132,0.0501671983649061
0.6401635970778887,0.9655221541530132,0.050130160646709256
0.6401635970778887,0.9656646245903975,0.050128739395767265
0.6404208251877765,0.9656646245903975,0.050104279688336785
0.6404208251877765,0.9658070950277817,0.05010371698152164
0.640600884864698,0.9658070950277817,0.05006380468023891
0.640600884864698,0.965949565465166,0.05005407016971966
0.6407552217306307,0.965949565465166,0.050036271157031874
0.6407552217306307,0.9660920359025502,0.05001922089302995
0.6410381726515073,0.9660920359025502,0.04998144669654333
0.6410381726515073,0.9662345063399345,0.049980089976717955
0.6412954007613952,0.9662345063399345,0.04993703935008226
0.6412954007613952,0.9663769767773187,0.049931035693663896
0.6416555201152382,0.9663769767773187,0.04985761782087401
0.6416555201152382,0.966519447214703,0.04985643714991209
0.642401481633913,0.966519447214703,0.04973765131859422
0.6424272044449018,0.9666619176520872,0.049730353331229264
0.6428902150426998,0.9666619176520872,0.049688797545102435
0.6428902150426998,0.9669468585268557,0.049687590053233664
0.6433789484514868,0.9669468585268557,0.04961558469842181
0.6433789484514868,0.9670893289642399,0.04961288710970599
0.6439705731042288,0.9670893289642399,0.049532412293989636
0.6439705731042288,0.9672317994016242,0.04952643663780077
0.6460798436053092,0.9672317994016242,0.049207813103169074
0.6460798436053092,0.9673742698390084,0.04920718998625563
0.6466714682580512,0.9673742698390084,0.049116347287638154
0.6467229138800288,0.9676592107137769,0.0491144390822823
0.6474688753987036,0.9676592107137769,0.04898489252421908
0.6474688753987036,0.9678016811511612,0.048983609769458966
0.6479061631855129,0.9678016811511612,0.04893459786071323
0.6479061631855129,0.9679441515885454,0.04892070454971775
0.6481633912954008,0.9679441515885454,0.04887300329424926
0.6481633912954008,0.9680866220259297,0.048859119261346735
0.6487035703261652,0.9680866220259297,0.04877842369822969
0.6487035703261652,0.9682290924633139,0.048772213769937345
0.6496295915217615,0.9682290924633139,0.04864385014151364
0.6496295915217615,0.9683715629006981,0.048641356431530273
0.649938265253627,0.9683715629006981,0.04861967138575617
0.6499639880646157,0.9685140333380824,0.048619402355337044
0.6502726617964811,0.9685140333380824,0.04857466936608307
0.6502726617964811,0.9686565037754666,0.04856856758304975
0.6532565078711802,0.9686565037754666,0.04819832634612518
0.6532565078711802,0.9687989742128509,0.04819774149386449
0.6535909044140343,0.9687989742128509,0.04811785482332447
0.6535909044140343,0.9689414446502351,0.04811102385580059
0.6536166272250231,0.9689414446502351,0.048107352225352576
0.6536166272250231,0.9690839150876194,0.04808401769232393
0.6547998765305073,0.9690839150876194,0.047892591999615236
0.6548255993414961,0.9692263855250035,0.047886441622778934
0.6575007716843296,0.9692263855250035,0.047414285256884105
0.6575007716843296,0.9693688559623878,0.04741293759722803
0.6594042596974997,0.9693688559623878,0.04709654632061999
0.6594042596974997,0.969511326399772,0.047095945863570784
0.6600473299722194,0.969511326399772,0.04701223812077805
0.6600473299722194,0.9696537968371562,0.04700955847372945
0.6601502212161745,0.9696537968371562,0.04699245267381937
0.6601502212161745,0.9697962672745405,0.046980086801500336
0.6615135301985801,0.9697962672745405,0.04678282587219601
0.6615135301985801,0.9699387377119247,0.04677704792725365
0.6619250951744007,0.9699387377119247,0.04670824060259197
0.6619250951744007,0.970081208149309,0.04670653168574763
0.6620537092293446,0.970081208149309,0.04668388845216735
0.6620537092293446,0.9702236785866932,0.04668278737974061
0.6621308776623109,0.9702236785866932,0.04667152445094545
0.6621308776623109,0.9703661490240775,0.04666737396481587
0.6623881057721988,0.9703661490240775,0.04662740789919972
0.6624138285831875,0.9705086194614617,0.046622088575978105
0.6636485235106493,0.9705086194614617,0.046426756700527934
0.6636485235106493,0.970651089898846,0.046424695031716375
0.6642401481633913,0.970651089898846,0.046342120960745144
0.6642401481633913,0.9707935603362302,0.04634178616788218
0.6647288815721782,0.9707935603362302,0.046288427756865466
0.6647288815721782,0.9709360307736145,0.04628477540062732
0.6654491202798641,0.9709360307736145,0.046160028088074706
0.6654491202798641,0.9710785012109987,0.046158874564729106
0.666555201152382,0.9710785012109987,0.045957344535220816
0.6665809239633708,0.971220971648383,0.045955129490808454
0.6674040539150118,0.971220971648383,0.04581002535191938
0.6674040539150118,0.9715059125231514,0.04579914319690009
0.6675583907809446,0.9715059125231514,0.045758770650625565
0.6675583907809446,0.9716483829605357,0.04575610726715051
0.6686130260314848,0.9716483829605357,0.04556428807939891
0.6686130260314848,0.9717908533979199,0.04555640405284907
0.6686644716534623,0.9717908533979199,0.0455531476501213
0.6686644716534623,0.9719333238353042,0.04554806078631874
0.6696419384710361,0.9719333238353042,0.045412948412091286
0.6696419384710361,0.9720757942726884,0.04540781655309792
0.6699763350138903,0.9720757942726884,0.04536958784356936
0.6700020578248791,0.9722182647100727,0.04536853832701244
0.6708766333984978,0.9722182647100727,0.045209739028721406
0.6708766333984978,0.9723607351474569,0.04520833828386706
0.6713910896182735,0.9723607351474569,0.04513301306482377
0.6713910896182735,0.9725032055848412,0.04513274914267256
0.6715197036732174,0.9725032055848412,0.045122514280821965
0.6715454264842062,0.9726456760222254,0.04511829396436228
0.6727029529787015,0.9726456760222254,0.04494872335671441
0.6727286757896903,0.9727881464596096,0.044946778446938784
0.6738604794731968,0.9727881464596096,0.04478609093099819
0.6738604794731968,0.9729306168969939,0.04478408860562508
0.6762784237061427,0.9729306168969939,0.04438689676372347
0.6762784237061427,0.9730730873343781,0.04437511953755401
0.6763298693281202,0.9730730873343781,0.0443676748026406
0.6763298693281202,0.9732155577717624,0.044365321936004204
0.6769214939808622,0.9732155577717624,0.044276734665903685
0.676947216791851,0.9733580282091466,0.044276545601081393
0.6775645642555819,0.9733580282091466,0.044208183607824754
0.6775645642555819,0.9735004986465309,0.04420672465580511
0.6794166066467744,0.9735004986465309,0.04394967610399038
0.6794166066467744,0.9736429690839151,0.043948324904038605
0.6795452207017183,0.9736429690839151,0.04391820286969674
0.6795452207017183,0.9737854395212994,0.04391597313707903
0.6796738347566622,0.9737854395212994,0.04390458494435829
0.6796738347566622,0.9739279099586836,0.043898691043803166
0.6808570840621463,0.9739279099586836,0.043706219607064827
0.6808828068731351,0.9740703803960679,0.04370619441116287
0.6819374421236752,0.9740703803960679,0.04353096595640495
0.6819374421236752,0.9742128508334521,0.0435285203377741
0.6823232842885071,0.9742128508334521,0.04348059812067947
0.6823232842885071,0.9743553212708363,0.04346835778060069
0.6830949686181705,0.9743553212708363,0.04334234696613926
0.6830949686181705,0.9744977917082206,0.04334229316497482
0.6843553863566211,0.9744977917082206,0.043158965682266334
0.6843811091676099,0.9746402621456048,0.04315003048226781
0.6845097232225538,0.9746402621456048,0.04312874046608154
0.6845097232225538,0.974782732582989,0.04312590337654935
0.6845354460335425,0.974782732582989,0.043123117952187186
0.6845354460335425,0.9749252030203732,0.04311888795065164
0.6856158040950715,0.9749252030203732,0.04299736362930353
0.6856158040950715,0.9750676734577575,0.04299142421198119
0.6857701409610042,0.9750676734577575,0.04296578703431083
0.6857701409610042,0.9752101438951417,0.04296286974347845
0.6866189937236341,0.9752101438951417,0.04286292135944655
0.6866189937236341,0.975352614332526,0.04286130755302793
0.686747607778578,0.975352614332526,0.042838287306510535
0.686747607778578,0.9754950847699102,0.04283466839551025
0.6871848955653874,0.9754950847699102,0.04278789183183489
0.6872106183763762,0.9756375552072944,0.04278759406209973
0.6907089206708509,0.9756375552072944,0.04230803624104762
0.6907346434818397,0.9757800256446787,0.04230705271912181
0.6915577734334808,0.9757800256446787,0.042182750147800464
0.6915577734334808,0.9759224960820629,0.042174927135378515
0.691763555921391,0.9759224960820629,0.04214587790541136
0.6917892787323798,0.9760649665194472,0.04214264974383263
0.6920979524642453,0.9760649665194472,0.04211352353376539
0.6920979524642453,0.9762074369568314,0.042111705963725495
0.6933840930136845,0.9762074369568314,0.04190503661304814
0.6933840930136845,0.9763499073942157,0.041904555164903344
0.6949017388620229,0.9763499073942157,0.04166869622950113
0.6949017388620229,0.9764923778315999,0.04166840873688045
0.6952875810268546,0.9764923778315999,0.041597035180500994
0.6952875810268546,0.9766348482689842,0.04158499276920463
0.6961107109784958,0.9766348482689842,0.04148487235766108
0.6961107109784958,0.9767773187063684,0.041482386730696166
0.6969852865521144,0.9767773187063684,0.04136356162331139
0.6969852865521144,0.9769197891437527,0.041360532423843716
0.6971653462290359,0.9769197891437527,0.04134416936873218
0.6971910690400247,0.9770622595811369,0.041342233578673795
0.6973196830949686,0.9770622595811369,0.041324593188960396
0.6973196830949686,0.9772047300185212,0.04131892603725233
0.6978084165037556,0.9772047300185212,0.0412565500737783
0.6978084165037556,0.9773472004559054,0.04125601968202244
0.698708714888363,0.9773472004559054,0.041162435807912685
0.6987344376993518,0.9774896708932896,0.04115786053189123
0.6993260623520938,0.9774896708932896,0.04107588530886135
0.6993260623520938,0.9776321413306739,0.041073653568225225
0.7002263607367013,0.9776321413306739,0.04094968227894256
0.7002263607367013,0.9777746117680581,0.04094660572744194
0.7005607572795555,0.9777746117680581,0.040923797900484525
0.7005607572795555,0.9779170822054424,0.04091022386728856
0.7016925609630621,0.9779170822054424,0.040756481889686176
0.7016925609630621,0.9780595526428266,0.04075240367290449
0.7030815927564564,0.9780595526428266,0.04057612598999963
0.7030815927564564,0.9782020230802109,0.04057228872976806
0.7047021298487499,0.9782020230802109,0.04034717641286439
0.7047021298487499,0.9783444935175951,0.04034653494445158
0.7055767054223686,0.9783444935175951,0.040223035327746945
0.7055767054223686,0.9784869639549794,0.04022190032679911
0.7081747093322358,0.9784869639549794,0.03985500903026305
0.7081747093322358,0.9786294343923636,0.03985416658357861
0.7095380183146415,0.9786294343923636,0.03966428234764098
0.7095380183146415,0.9787719048297479,0.03965804679634807
0.7100010289124395,0.9787719048297479,0.03957774402241858
0.7100010289124395,0.9789143752671321,0.039570625115275065
0.7101039201563947,0.9789143752671321,0.039550738241089005
0.7101039201563947,0.9790568457045163,0.03955070748209474
0.7125475872003293,0.9790568457045163,0.039228583332449246
0.7125475872003293,0.9791993161419006,0.03921754562511145
0.7134736083959256,0.9791993161419006,0.039055946740770155
0.7134736083959256,0.9793417865792848,0.03905589008594038
0.7136022224508695,0.9793417865792848,0.03904684730423688
0.7136022224508695,0.9794842570166691,0.03904668661870709
0.714734026134376,0.9794842570166691,0.03892406429790785
0.714734026134376,0.9796267274540533,0.03891342070826641
0.7150941454882189,0.9796267274540533,0.038859054208860114
0.7151198682992077,0.9797691978914376,0.03885719395491231
0.7162259491717254,0.9797691978914376,0.03872497670413756
0.7162259491717254,0.9799116683288218,0.038721862248686185
0.7170748019343554,0.9799116683288218,0.0386017044928398
0.7170748019343554,0.9800541387662061,0.03860133834143391
0.7179236546969853,0.9800541387662061,0.03848020468722106
0.7179236546969853,0.9801966092035903,0.03847896554772125
0.7185667249717049,0.9801966092035903,0.038418599060586894
0.7185667249717049,0.9803390796409744,0.03841820419716646
0.7190811811914806,0.9803390796409744,0.03831212177562917
0.7190811811914806,0.9804815500783587,0.038310923360573686
0.720238707685976,0.9804815500783587,0.03818061882729914
0.7202644304969648,0.9806240205157429,0.0381786622554906
0.7216277394793703,0.9806240205157429,0.037986175527253786
0.7216277394793703,0.9807664909531272,0.0379860023004468
0.7222193641321124,0.9807664909531272,0.03791177633819694
0.7222193641321124,0.9809089613905114,0.03790660716789748
0.7242000205782488,0.9809089613905114,0.03766240343541349
0.7242000205782488,0.9811939022652799,0.03765084128470679
0.7253832698837329,0.9811939022652799,0.037479290576957494
0.7253832698837329,0.9813363727026642,0.037479190443837296
0.7256662208046095,0.9813363727026642,0.03743680524170395
0.7256662208046095,0.9814788431400484,0.037431020741867535
0.7261292314024077,0.9814788431400484,0.03738485472762049
0.7261292314024077,0.9816213135774327,0.03738432410155672
0.7266694104331721,0.9816213135774327,0.03731667244697729
0.7266694104331721,0.9817637840148169,0.03731360434800639
0.7274668175738245,0.9817637840148169,0.03722445420408311
0.7274668175738245,0.9819062544522011,0.03722425061313141
0.7278012141166786,0.9819062544522011,0.03716930240000949
0.7278012141166786,0.9820487248895854,0.037166547963121466
0.7280069966045889,0.9820487248895854,0.037126332766394966
0.7280069966045889,0.9821911953269696,0.037124820451771005
0.728598621257331,0.9821911953269696,0.03704068802912003
0.728598621257331,0.9823336657643539,0.037035771418665916
0.730039098672703,0.9823336657643539,0.03685701639663751
0.7300648214836918,0.9824761362017381,0.036855343267848166
0.7307336145694001,0.9824761362017381,0.03675965526962705
0.7307336145694001,0.9826186066391224,0.036759401699434535
0.7319683094968619,0.9826186066391224,0.03661268221430798
0.7319683094968619,0.9827610770765066,0.03661197479215713
0.732302706039716,0.9827610770765066,0.03658085923348333
0.732302706039716,0.9829035475138909,0.03657959017858137
0.737678773536372,0.9829035475138909,0.03582110049475027
0.737678773536372,0.9830460179512751,0.035816651192306495
0.7390935281407552,0.9830460179512751,0.03559939225554235
0.739119250951744,0.9831884883886594,0.0355930624840803
0.7395050931165758,0.9831884883886594,0.03551737000824677
0.7395050931165758,0.9833309588260436,0.0355173039266468
0.7405597283671159,0.9833309588260436,0.03539679890476664
0.7405854511781047,0.9834734292634278,0.035396036298601954
0.7416143636176561,0.9834734292634278,0.035288754522136465
0.7416143636176561,0.9836158997008121,0.03528834337125201
0.7420259285934767,0.9836158997008121,0.03523664300393454
0.7420516514044655,0.9837583701381963,0.035231488205276114
0.743543574441815,0.9837583701381963,0.03502542398266988
0.743543574441815,0.9839008405755806,0.03502422054771046
0.7436464656857701,0.9839008405755806,0.03501646258468965
0.7436464656857701,0.9840433110129648,0.03501349860155422
0.7447525465582879,0.9840433110129648,0.03487898237340443
0.7447525465582879,0.9841857814503491,0.03487418558979507
0.7458586274308057,0.9841857814503491,0.03474289487489789
0.7458586274308057,0.9843282518877333,0.03473880300320408
0.7492540384813252,0.9843282518877333,0.03432191727470266
0.7492540384813252,0.9844707223251176,0.03431888248969687
0.7493312069142916,0.9844707223251176,0.03431510863859866
0.7493312069142916,0.9846131927625018,0.03431184624953842
0.7500257228109888,0.9846131927625018,0.03423111274864649
0.7500514456219776,0.984755663199886,0.03422997954877977
0.7501286140549439,0.984755663199886,0.03421965188204397
0.7501286140549439,0.9848981336372703,0.03421461443004429
0.7532667969955756,0.9848981336372703,0.033796868114327985
0.7532925198065644,0.9850406040746545,0.0337956525798274
0.7554017903076449,0.9850406040746545,0.03351335924204969
0.7554017903076449,0.9851830745120388,0.033501881852675684
0.7559676921493981,0.9851830745120388,0.03343203580807828
0.7559676921493981,0.985325544949423,0.03343053319495543
0.7581541310834448,0.985325544949423,0.033161868285937285
0.7581798538944335,0.9854680153868073,0.033155932525632266
0.7584113591933327,0.9854680153868073,0.03310294316339083
0.7584113591933327,0.9856104858241915,0.03309951062943282
0.7600318962856261,0.9856104858241915,0.03289341594964626
0.7600318962856261,0.9857529562615758,0.03288998911474023
0.7600833419076036,0.9857529562615758,0.032871127361033814
0.7600833419076036,0.98589542669896,0.03286103625766342
0.7606235209383682,0.98589542669896,0.03277681360237144
0.7606235209383682,0.9860378971363442,0.03277201381632278
0.7610865315361662,0.9860378971363442,0.0327182718330748
0.7610865315361662,0.9861803675737284,0.03271462937203256
0.761600987755942,0.9861803675737284,0.032653463825545216
0.7616267105669308,0.9863228380111126,0.032647973645737904
0.7635044757691121,0.9863228380111126,0.03243434563610519
0.7635044757691121,0.9864653084484969,0.03242716720280081
0.763633089824056,0.9864653084484969,0.03241941733822261
0.763633089824056,0.9866077788858811,0.03241643444335882
0.7640189319888877,0.9866077788858811,0.03237737642329761
0.7640189319888877,0.9867502493232654,0.03237200948480609
0.7693435538635662,0.9867502493232654,0.031631876344325245
0.7693435538635662,0.9868927197606496,0.031631743273913576
0.7701924066261961,0.9868927197606496,0.03153432952721137
0.7701924066261961,0.9870351901980339,0.03153376389686566
0.771632884041568,0.9870351901980339,0.03136103740715682
0.771632884041568,0.9871776606354181,0.03136029789392722
0.7727904105360633,0.9871776606354181,0.031206031891146034
0.7727904105360633,0.9873201310728024,0.03120558274315693
0.773201975511884,0.9873201310728024,0.031143745040915206
0.773201975511884,0.9874626015101866,0.03114314803738737
0.7737678773536372,0.9874626015101866,0.031046444252529504
0.7737678773536372,0.9876050719475709,0.031045032983610183
0.7742308879514354,0.9876050719475709,0.030966022783582823
0.7742308879514354,0.9877475423849551,0.030963247585567594
0.774385224817368,0.9877475423849551,0.030952375841406962
0.774385224817368,0.9878900128223393,0.030950625960898256
0.7763144356415269,0.9878900128223393,0.030740818200725016
0.7763144356415269,0.9880324832597236,0.03074073549574841
0.7767260006173474,0.9880324832597236,0.030686189222746556
0.7767260006173474,0.9881749536971078,0.030684073203768234
0.778449428953596,0.9881749536971078,0.030483645260601447
0.778449428953596,0.9883174241344921,0.03048346173424535
0.7833882086634427,0.9883174241344921,0.029908363578844032
0.7833882086634427,0.9884598945718763,0.029899928277982615
0.7835682683403642,0.9884598945718763,0.029872645214038773
0.7835682683403642,0.9886023650092606,0.029872237707589278
0.7836197139623418,0.9886023650092606,0.029853520172797694
0.7836454367733305,0.9887448354466448,0.029852471832376132
0.7838512192612409,0.9887448354466448,0.02981869865877438
0.7838512192612409,0.9888873058840291,0.02981558830356363
0.7843399526700278,0.9888873058840291,0.029766381413484252
0.7843399526700278,0.9890297763214133,0.029766197258291043
0.7856518160304559,0.9890297763214133,0.029621707743373218
0.7856775388414446,0.9891722467587976,0.02962017543583075
0.7870151250128614,0.9891722467587976,0.029466670340916202
0.7870151250128614,0.989457187633566,0.02946570794450353
0.7871180162568165,0.989457187633566,0.029458949525885667
0.7871180162568165,0.9895996580709503,0.029452896618146995
0.787298075933738,0.9895996580709503,0.02943579755364863
0.787298075933738,0.9897421285083345,0.029432751900990067
0.7885070480502109,0.9897421285083345,0.0292818696597154
0.7885070480502109,0.9898845989457188,0.029278728584924734
0.7907192097952465,0.9898845989457188,0.028970480822752616
0.7907192097952465,0.990027069383103,0.028961286400864924
0.7924169153205062,0.990027069383103,0.02878682512893918
0.7924169153205062,0.9901695398204873,0.028783286643453764
0.7934458277600576,0.9901695398204873,0.028699271948920652
0.7934458277600576,0.9903120102578715,0.02868860537328385
0.7939345611688445,0.9903120102578715,0.028626423293786573
0.7939345611688445,0.9904544806952558,0.028626173313314778
0.7971499125424426,0.9904544806952558,0.028209884741004658
0.7971499125424426,0.99059695113264,0.02820640066015556
0.7972013581644202,0.99059695113264,0.028201400362515245
0.7972013581644202,0.9907394215700243,0.028200506786868917
0.7974585862743081,0.9907394215700243,0.028165227176480966
0.7974843090852969,0.9908818920074085,0.028158817684893565
0.7976643687622184,0.9908818920074085,0.028134969744364156
0.7976900915732071,0.9910243624447928,0.028134880554366453
0.79889906368968,0.9910243624447928,0.028008070784627647
0.7989247865006688,0.991166832882177,0.02800671497545645
0.8033748328017286,0.991166832882177,0.02751267474826863
0.8033748328017286,0.9913093033195612,0.02751085630213098
0.804635250540179,0.9913093033195612,0.027357644579989886
0.804635250540179,0.9914517737569455,0.027356413920115025
0.8050468155159995,0.9914517737569455,0.027314151800651654
0.8050468155159995,0.9915942441943296,0.02731378095191126
0.8053297664368763,0.9915942441943296,0.027290797849212487
0.8053297664368763,0.9917367146317139,0.02728859787147855
0.8068731350962033,0.9917367146317139,0.027122293834604082
0.8068731350962033,0.9918791850690981,0.02712166090953043
0.8096254758720033,0.9918791850690981,0.02685164722673566
0.8096254758720033,0.9920216555064824,0.026850956705618677
0.810011318036835,0.9920216555064824,0.026793043993498744
0.810011318036835,0.9921641259438666,0.026791014389778305
0.8122234797818706,0.9921641259438666,0.026553355585172887
0.8122234797818706,0.9923065963812508,0.026550044107735093
0.8126093219467023,0.9923065963812508,0.026482264002337334
0.8126093219467023,0.9924490668186351,0.026480040593842274
0.8133038378433995,0.9924490668186351,0.02640694773117597
0.8133038378433995,0.9925915372560193,0.02640605400462296
0.8195544809136742,0.9925915372560193,0.025817860057231714
0.819580203724663,0.9927340076934036,0.025813620997779244
0.8230270603971602,0.9927340076934036,0.025457668560842164
0.8230270603971602,0.9928764781307878,0.025454345871106704
0.8246475974894536,0.9928764781307878,0.025286883621055346
0.8246475974894536,0.9930189485681721,0.025282261252934545
0.8298178824981994,0.9930189485681721,0.024648123804313506
0.8298178824981994,0.9931614190055563,0.024644351045401428
0.8298436053091882,0.9931614190055563,0.02464202849000009
0.8298436053091882,0.9933038894429406,0.02464154813295632
0.8307953493157733,0.9933038894429406,0.024548537030908348
0.8307953493157733,0.9934463598803248,0.02454835556335071
0.8317470933223583,0.9934463598803248,0.024454091028682977
0.8317470933223583,0.9935888303177091,0.02445339530889312
0.8356569605926536,0.9935888303177091,0.023968599394866508
0.8356569605926536,0.9937313007550933,0.023967771185440155
0.838949480399218,0.9937313007550933,0.023612460275329192
0.838949480399218,0.9938737711924776,0.023603824476434762
0.8396182734849265,0.9938737711924776,0.023528392027520346
0.8396182734849265,0.9940162416298618,0.02352610681137841
0.8396439962959152,0.9940162416298618,0.023524199104777075
0.8396439962959152,0.994158712067246,0.023524083079526442
0.8428079020475358,0.994158712067246,0.023159201372472606
0.8428336248585245,0.9943011825046303,0.023156522596455384
0.8469492746167301,0.9943011825046303,0.022710185506938842
0.8469492746167301,0.9944436529420145,0.022708260495472057
0.8521967280584423,0.9944436529420145,0.02214541786479134
0.8521967280584423,0.9945861233793988,0.022144706266653647
0.8528912439551394,0.9945861233793988,0.02206287630528651
0.8528912439551394,0.994728593816783,0.022058524197438627
0.8552062969441301,0.994728593816783,0.02181007584055572
0.8552062969441301,0.9948710642541673,0.021807719670456395
0.863823438625373,0.9948710642541673,0.020848196463258986
0.863823438625373,0.9950135346915515,0.020847649466146662
0.8668587303220496,0.9950135346915515,0.0204842291852981
0.8668844531330384,0.9951560051289358,0.020483392102497586
0.8681191480605001,0.9951560051289358,0.020334210637540134
0.8681448708714888,0.99529847556632,0.020333311667358384
0.8691737833110402,0.99529847556632,0.02021785562043239
0.8691737833110402,0.9954409460037043,0.02021097066758857
0.8703570326165243,0.9954409460037043,0.020099889353054613
0.8703827554275131,0.9955834164410885,0.020098831639401286
0.8714888363000308,0.9955834164410885,0.019990004400074868
0.8714888363000308,0.9957258868784727,0.019984009290219776
0.8720804609527729,0.9957258868784727,0.019912967551698097
0.8720804609527729,0.995868357315857,0.019909055148429104
0.8737009980450664,0.995868357315857,0.019748864175404293
0.8737009980450664,0.9960108277532412,0.019748193616802665
0.8754244263813149,0.9960108277532412,0.019591904742962067
0.8754244263813149,0.9961532981906255,0.019589238010226145
0.8758874369791131,0.9961532981906255,0.019544989074859607
0.8758874369791131,0.9962957686280097,0.019540339003485563
0.8778423706142607,0.9962957686280097,0.01933978142528993
0.8778423706142607,0.996438239065394,0.01933342847086944
0.8873855334910999,0.996438239065394,0.01819993683314761
0.8873855334910999,0.9965807095027782,0.01818991591623884
0.8935075625064307,0.9965807095027782,0.017523571486349688
0.8935075625064307,0.9967231799401625,0.017521633190995037
0.894896594299825,0.9967231799401625,0.017321013958563836
0.894896594299825,0.9968656503775467,0.017316991269167827
0.8973659841547484,0.9968656503775467,0.01703362318626142
0.8973917069657372,0.997008120814931,0.017033118163129447
0.8982662825393559,0.997008120814931,0.016957960532411883
0.8982920053503447,0.9971505912523152,0.016951201433082156
0.9019960901327297,0.9971505912523152,0.016598120026454433
0.9019960901327297,0.9972930616896993,0.016594742460489486
0.9034622903590904,0.9972930616896993,0.01645378756502517
0.9034622903590904,0.9974355321270836,0.01645204754476477
0.9041825290667764,0.9974355321270836,0.01639222269336182
0.9041825290667764,0.9975780025644678,0.016391860957840034
0.9064461364337895,0.9975780025644678,0.016178635201683108
0.9064461364337895,0.9977204730018521,0.016174475854690545
0.9066519189216997,0.9977204730018521,0.016140504537539548
0.9066519189216997,0.9978629434392363,0.01613194057162792
0.908529684123881,0.9978629434392363,0.015931186863688763
0.9085554069348698,0.9980054138766206,0.015931001678491385
0.9089669719106904,0.9980054138766206,0.01590372305484089
0.9089669719106904,0.9981478843140048,0.015902713379592422
0.9197191069040025,0.9981478843140048,0.014737737805288226
0.9197191069040025,0.998290354751389,0.014731697422085894
0.9210052474534417,0.998290354751389,0.014595436890542086
0.9210052474534417,0.9984328251887733,0.014594047669104673
0.935795863771993,0.9984328251887733,0.012963581717380596
0.935795863771993,0.9985752956261575,0.012958139773299881
0.9406060294268958,0.9985752956261575,0.012443328232825764
0.9406060294268958,0.9987177660635418,0.012441050788746681
0.9423809033851219,0.9987177660635418,0.012255752942227569
0.9424066261961107,0.998860236500926,0.01225306183210944
0.9441043317213705,0.998860236500926,0.012057891307988695
0.9441043317213705,0.9990027069383103,0.012049539215821399
0.9558082107212676,0.9990027069383103,0.0107823767902921
0.9558339335322564,0.9991451773756945,0.010780953710830017
0.9590235620948657,0.9991451773756945,0.010323699835798504
0.9590235620948657,0.9992876478130788,0.010323011188814155
0.9605926535651816,0.9992876478130788,0.01012942948585489
0.9605926535651816,0.999430118250463,0.010127511971624889
0.9731711081386974,0.999430118250463,0.008465570650072408
0.9731711081386974,0.9995725886878473,0.008460804969931016
0.9762578454573516,0.9995725886878473,0.008027236132798054
0.9762578454573516,0.9997150591252315,0.008022230484059615
0.9882446753781253,0.9997150591252315,0.005707560082653807
0.9882446753781253,0.9998575295626158,0.005702671522045351
0.995575676509929,0.9998575295626158,0.0036412595591055414
0.9956013993209177,1.0,0.003637444174252495
1.0,1.0,0.0011412980706243898
