false_positive_rate,true_positive_rate,threshold
0.0,0.0,
0.0,0.00014247043738424277,0.800706132486813
2.5722810988784854e-05,0.00014247043738424277,0.7834129488513601
2.5722810988784854e-05,0.0011397634990739421,0.7556007381160668
5.144562197756971e-05,0.0011397634990739421,0.7521806545050165
5.144562197756971e-05,0.0017096452486109132,0.7472432657944669
7.716843296635456e-05,0.001852115685995156,0.7467347834589156
0.00010289124395513942,0.001852115685995156,0.7449441193118538
0.00010289124395513942,0.00256446787291637,0.7395883610200058
0.00012861405494392426,0.00256446787291637,0.7385329639247693
0.00012861405494392426,0.0028494087476848553,0.7360919250376059
0.00015433686593270912,0.0028494087476848553,0.7354841001410454
0.00015433686593270912,0.003276820059837584,0.734945727518769
0.00018005967692149397,0.003276820059837584,0.7318281033231245
0.00018005967692149397,0.003846701809374555,0.7279371455097433
0.0002315052988990637,0.003846701809374555,0.7273943901268494
0.0002315052988990637,0.0039891722467587975,0.7273046539320863
0.0002572281098878485,0.0039891722467587975,0.7272052902739544
0.0002572281098878485,0.0054138766206012255,0.7204846207606134
0.0002829509208766334,0.0054138766206012255,0.7202938923949291
0.0002829509208766334,0.007265992306596381,0.71592278759641
0.00030867373186541823,0.007265992306596381,0.7154547509183345
0.00030867373186541823,0.007408462743980624,0.7152848194061946
0.0003343965428542031,0.007408462743980624,0.7152353551216484
0.0003343965428542031,0.007550933181364867,0.7149786445320729
0.0003858421648317728,0.007550933181364867,0.7148458745383053
0.0003858421648317728,0.008120814930901837,0.7143748798276548
0.00041156497582055766,0.008120814930901837,0.7137032298457472
0.00041156497582055766,0.008405755805670323,0.7115100220790092
0.0004372877868093425,0.008405755805670323,0.7114871599472068
0.0004372877868093425,0.009118107992591537,0.7091034485682028
0.0004887334087869122,0.009118107992591537,0.708521028932759
0.0004887334087869122,0.009545519304744265,0.70707577621695
0.0005659018417532668,0.009545519304744265,0.7062575802985969
0.0005659018417532668,0.01125516455335518,0.702590585967048
0.0006173474637308365,0.01125516455335518,0.7021905029605273
0.0006173474637308365,0.011397634990739421,0.7020445143755848
0.0006430702747196213,0.011397634990739421,0.7016494267504695
0.0006430702747196213,0.011682575865507907,0.7013439650940332
0.000694515896697191,0.011682575865507907,0.7010584405818501
0.000694515896697191,0.012109987177660635,0.7003789638054533
0.0007716843296635456,0.012109987177660635,0.699934293120032
0.0007716843296635456,0.012537398489813363,0.6997704231710038
0.0007974071406523305,0.012537398489813363,0.6995717385467429
0.0007974071406523305,0.013107280239350335,0.6991904979564286
0.0008231299516411153,0.013107280239350335,0.6985760415020719
0.0008231299516411153,0.013249750676734577,0.6982868836830602
0.000874575573618685,0.013249750676734577,0.6978633598050321
0.000874575573618685,0.014104573301040034,0.6962030563308256
0.0009002983846074699,0.014104573301040034,0.6957437919804288
0.0009002983846074699,0.014674455050577006,0.6942673078183136
0.0009260211955962548,0.014674455050577006,0.6939610526775194
0.0009260211955962548,0.014816925487961248,0.6938466184251392
0.0009774668175738244,0.014816925487961248,0.6931423782499506
0.0009774668175738244,0.014959395925345492,0.6931064159693429
0.0010031896285626093,0.014959395925345492,0.6929891533331495
0.0010031896285626093,0.015244336800113976,0.6924276352318339
0.001028912439551394,0.015244336800113976,0.6923561846847677
0.001028912439551394,0.015529277674882462,0.6917295944041738
0.0010803580615289638,0.015529277674882462,0.6911330687062613
0.0010803580615289638,0.015814218549650948,0.6900822305220822
0.0011060808725177488,0.015814218549650948,0.6896620246059917
0.0011060808725177488,0.016099159424419432,0.6892388150663957
0.0011318036835065335,0.016099159424419432,0.6892052583765554
0.0011318036835065335,0.01638410029918792,0.6889956597326409
0.0011575264944953185,0.01638410029918792,0.6887388672794815
0.0011575264944953185,0.016526570736572162,0.688343718297162
0.0012089721164728882,0.016526570736572162,0.6882024677405658
0.0012089721164728882,0.017381393360877618,0.6868266623052802
0.001234694927461673,0.017381393360877618,0.6862659797340817
0.001234694927461673,0.017666334235646102,0.6859172643690402
0.001260417738450458,0.017666334235646102,0.6859043562740993
0.001260417738450458,0.01795127511041459,0.6857981008391604
0.0012861405494392427,0.01795127511041459,0.6854144909432428
0.0012861405494392427,0.01909103860948853,0.6848716989179389
0.0013118633604280276,0.01909103860948853,0.6847254251334082
0.0013118633604280276,0.019375979484257018,0.6844780139342561
0.0013375861714168124,0.019375979484257018,0.6841816847978689
0.0013375861714168124,0.020088331671178232,0.6823474244785809
0.0013633089824055973,0.020088331671178232,0.6822806657399996
0.0013633089824055973,0.020230802108562474,0.6815856599531723
0.001414754604383167,0.020230802108562474,0.6815108458271175
0.001414754604383167,0.02051574298333096,0.6812345195372751
0.0014404774153719518,0.02051574298333096,0.6809104149021175
0.0014404774153719518,0.020943154295483688,0.6804125783678769
0.0014662002263607368,0.020943154295483688,0.6803286685127928
0.0015176458483383065,0.020943154295483688,0.680183806035981
0.0015176458483383065,0.02108562473286793,0.6801665313688029
0.0015433686593270912,0.02108562473286793,0.6800207813482355
0.0015433686593270912,0.021370565607636414,0.6796701602441078
0.0015690914703158762,0.021370565607636414,0.6795641963156266
0.0015690914703158762,0.021513036045020657,0.6795111518263766
0.001620537092293446,0.021513036045020657,0.6790772764056102
0.001620537092293446,0.021940447357173386,0.6787117547910628
0.0016462599032822307,0.021940447357173386,0.6786093845825781
0.0016462599032822307,0.02208291779455763,0.6785727010459773
0.0016977055252598004,0.02208291779455763,0.6781853750713815
0.0016977055252598004,0.023222681293631572,0.6767158073541224
0.00174915114723737,0.023222681293631572,0.6766070616815636
0.00174915114723737,0.0236500926057843,0.6756535430959638
0.0018005967692149398,0.0236500926057843,0.675482466054387
0.0018005967692149398,0.02379256304316854,0.6752990475213388
0.0018520423911925095,0.02379256304316854,0.6750579378033562
0.0018520423911925095,0.02407750391793703,0.6744826460221033
0.0018777652021812943,0.02407750391793703,0.6744692407433344
0.0018777652021812943,0.024504915230089755,0.6737681299209787
0.0019034880131700792,0.024504915230089755,0.6736459514010908
0.0019034880131700792,0.025502208291779457,0.6722305342474926
0.001929210824158864,0.025502208291779457,0.6718925854240094
0.001929210824158864,0.02578714916654794,0.6716544256082659
0.0019806564461364337,0.02578714916654794,0.6711905128309998
0.0019806564461364337,0.026357030916084913,0.6702452380034555
0.0020321020681140036,0.026357030916084913,0.6695490510956432
0.0020321020681140036,0.026499501353469155,0.6695131581808266
0.002083547690091573,0.026499501353469155,0.6694395924166886
0.002083547690091573,0.02678444222823764,0.669371855172745
0.002109270501080358,0.02678444222823764,0.6692132091566353
0.002109270501080358,0.026926912665621885,0.6691425280860074
0.0021607161230579276,0.026926912665621885,0.6687999369911143
0.0021607161230579276,0.02721185354039037,0.6686771884742216
0.0021864389340467126,0.02721185354039037,0.6684724286462232
0.0021864389340467126,0.02735432397777461,0.6684078678387354
0.0022121617450354975,0.02735432397777461,0.668299865796733
0.0022121617450354975,0.027496794415158853,0.6682841573426521
0.002289330178001852,0.027496794415158853,0.6675571994495854
0.002289330178001852,0.0276392648525431,0.6674845983710892
0.002315052988990637,0.0276392648525431,0.6672508099792746
0.002315052988990637,0.02877902835161704,0.6664862322137309
0.0023664986109682064,0.02877902835161704,0.6660662919203414
0.0023664986109682064,0.02920643966376977,0.6657978513511549
0.0023922214219569914,0.02920643966376977,0.6657137438049948
0.0023922214219569914,0.02934891010115401,0.6656856032675609
0.002469389854923346,0.02934891010115401,0.6654089481484871
0.002469389854923346,0.030203732725459467,0.6645049044161196
0.002495112665912131,0.030203732725459467,0.664261867386122
0.002495112665912131,0.03034620316284371,0.6642471975874258
0.0025465582878897008,0.03034620316284371,0.6634445954057733
0.0025465582878897008,0.03134349622453341,0.6622933452168407
0.0025980039098672703,0.03134349622453341,0.6620470023328748
0.0025980039098672703,0.03148596666191765,0.6620241370728137
0.0026237267208560552,0.03148596666191765,0.6618606924105893
0.0026237267208560552,0.031628437099301895,0.6616145127259289
0.00264944953184484,0.031628437099301895,0.6612742094368387
0.00264944953184484,0.03191337797407038,0.6610933954671866
0.0027008951538224097,0.03191337797407038,0.6605661964864228
0.0027008951538224097,0.03248325972360735,0.6598053015812898
0.0027266179648111947,0.03248325972360735,0.6597267928800439
0.0027266179648111947,0.03276820059837584,0.658786898516505
0.0027523407757999796,0.03276820059837584,0.6587595311497674
0.0027523407757999796,0.03376549366006554,0.6575303980658282
0.002778063586788764,0.03376549366006554,0.6575042349230955
0.002778063586788764,0.03447784584698675,0.6567294739001287
0.002829509208766334,0.03447784584698675,0.6563163338784155
0.002829509208766334,0.03462031628437099,0.6563024925253721
0.0028552320197551186,0.03462031628437099,0.6555298061845596
0.0028552320197551186,0.03504772759652372,0.6551394954214698
0.0028809548307439036,0.03504772759652372,0.6551238169333075
0.0028809548307439036,0.035190198033907966,0.6542146530012943
0.0028809548307439036,0.03547513890867645,0.6540773903589285
0.0029066776417326886,0.03547513890867645,0.6540390755189426
0.0029066776417326886,0.03632996153298191,0.6530508579095334
0.002983846074699043,0.03632996153298191,0.6528000239963717
0.002983846074699043,0.037042313719903124,0.6521980834053587
0.003035291696676613,0.037042313719903124,0.6520038639340567
0.003035291696676613,0.03718478415728736,0.6517510945103934
0.0030610145076653975,0.03718478415728736,0.6516463349317247
0.0030610145076653975,0.03761219546944009,0.6513214614840538
0.0030867373186541825,0.03761219546944009,0.6511777508789078
0.0030867373186541825,0.03818207721897706,0.6504699200943326
0.0031124601296429674,0.03818207721897706,0.650428692261987
0.0031124601296429674,0.038324547656361306,0.650208307015993
0.0031381829406317524,0.038324547656361306,0.650207185775468
0.0031381829406317524,0.03903689984328252,0.6494019316279678
0.003163905751620537,0.03903689984328252,0.6492127075870012
0.003163905751620537,0.03917937028066676,0.6490235784058985
0.003189628562609322,0.03917937028066676,0.6488857297265447
0.003189628562609322,0.03946431115543525,0.6488244707341853
0.0032667969955756763,0.03946431115543525,0.6485447187275111
0.0032667969955756763,0.039749252030203734,0.6485016760092188
0.0032925198065644613,0.039749252030203734,0.6484157512831225
0.0033182426175532463,0.03989172246758797,0.6475346196870336
0.0033182426175532463,0.0403191337797407,0.6472562228630835
0.0033439654285420312,0.0403191337797407,0.6470461417515881
0.0033439654285420312,0.04060407465450919,0.6469224719123198
0.0033696882395308158,0.04060407465450919,0.646771841809837
0.0033696882395308158,0.04117395640404616,0.6464050583805292
0.0034211338615083857,0.04117395640404616,0.6460898095753118
0.0034211338615083857,0.0413164268414304,0.6460340418308379
0.0034468566724971707,0.0413164268414304,0.6459998982723252
0.0034468566724971707,0.04160136771619889,0.6456543393689167
0.003524025105463525,0.04160136771619889,0.6450774726728071
0.003524025105463525,0.041886308590967376,0.6450167064648559
0.00354974791645231,0.041886308590967376,0.6445402849975738
0.00354974791645231,0.042028779028351615,0.644525027453779
0.0035754707274410946,0.042028779028351615,0.6445022410567484
0.0035754707274410946,0.0423137199031201,0.6433064893378171
0.0036269163494186646,0.0423137199031201,0.6430992702856241
0.0036269163494186646,0.04259866077788859,0.6424759241512619
0.003704084782385019,0.04259866077788859,0.6419866209077358
0.003704084782385019,0.043311012964809804,0.6414108820540039
0.003729807593373804,0.043311012964809804,0.6413127354822195
0.003729807593373804,0.04373842427696253,0.6410474555091689
0.0037555304043625885,0.04373842427696253,0.6409033398823911
0.0037555304043625885,0.04388089471434677,0.6408670807085668
0.0037812532153513735,0.04388089471434677,0.6405823712804203
0.0037812532153513735,0.04402336515173102,0.6403980584367291
0.0038069760263401585,0.04402336515173102,0.6402754419406932
0.0038069760263401585,0.04445077646388374,0.6399715156794169
0.0038326988373289434,0.04445077646388374,0.6399410447336139
0.0038326988373289434,0.04502065821342072,0.6395647578725213
0.003858421648317728,0.04502065821342072,0.6391208001009787
0.003858421648317728,0.0453055990881892,0.6387801225300714
0.003884144459306513,0.0453055990881892,0.638703330118466
0.003884144459306513,0.04544806952557345,0.6385440564379111
0.0039098672702952975,0.04544806952557345,0.6382225952815215
0.0039098672702952975,0.04573301040034193,0.6380196783063817
0.0039098672702952975,0.046017951275110415,0.6377663371393271
0.0039098672702952975,0.04673030346203163,0.6373647759880338
0.003935590081284083,0.04673030346203163,0.6369425082638941
0.003935590081284083,0.04701524433680011,0.6365975656592416
0.003961312892272867,0.04701524433680011,0.6363741666068838
0.003961312892272867,0.04715771477418436,0.6363327235177626
0.003987035703261653,0.04715771477418436,0.6359977342394579
0.003987035703261653,0.0473001852115686,0.6359321191281968
0.004012758514250437,0.0473001852115686,0.6358519439235019
0.004012758514250437,0.04758512608633708,0.6357194099758047
0.004141372569194362,0.04758512608633708,0.6352056974771522
0.004141372569194362,0.04772759652372133,0.6351215073223063
0.004218541002160716,0.04772759652372133,0.6348532927778097
0.004218541002160716,0.04801253739848981,0.6345576919951447
0.004269986624138286,0.04801253739848981,0.6343143286616779
0.004269986624138286,0.04843994871064254,0.6336663211262743
0.004295709435127071,0.04843994871064254,0.6336300255641028
0.004295709435127071,0.04886736002279527,0.633434639850328
0.004347155057104641,0.04886736002279527,0.6327696852945746
0.004372877868093425,0.04900983046017951,0.6327163063569149
0.0043986006790822105,0.04900983046017951,0.6324576057134653
0.0043986006790822105,0.049294771334948,0.6323619045495145
0.004424323490070995,0.049294771334948,0.6323511658863518
0.004424323490070995,0.049722182647100724,0.6320226576624587
0.00445004630105978,0.049722182647100724,0.6319682155883982
0.00445004630105978,0.04986465308448497,0.6317703113429076
0.0045014919230373495,0.04986465308448497,0.6316272801792114
0.0045014919230373495,0.05071947570879043,0.6301999311403136
0.004527214734026134,0.05071947570879043,0.6300889264148886
0.004527214734026134,0.0512893574583274,0.629570027379838
0.0045529375450149194,0.0512893574583274,0.6289968686356943
0.0045529375450149194,0.05242912095740134,0.6282083082620947
0.004578660356003704,0.05242912095740134,0.6281519643356241
0.004578660356003704,0.05257159139478558,0.6281127670852673
0.004630105977981274,0.05257159139478558,0.6278728358737142
0.004630105977981274,0.05299900270693831,0.6275469956496305
0.004681551599958844,0.05299900270693831,0.6270066707501444
0.004681551599958844,0.05342641401909104,0.6267913113950401
0.004732997221936413,0.05342641401909104,0.6267522574233815
0.004732997221936413,0.05356888445647528,0.6264411110923724
0.004758720032925198,0.05356888445647528,0.626048595669424
0.004758720032925198,0.05385382533124377,0.6256256924170853
0.004784442843913983,0.05385382533124377,0.6255171178946586
0.004784442843913983,0.05399629576862801,0.6254325663726882
0.004810165654902767,0.05399629576862801,0.6251730087580473
0.004810165654902767,0.05442370708078074,0.6250712799391546
0.004861611276880337,0.05442370708078074,0.6247472158768181
0.004861611276880337,0.054566177518164984,0.6246152616191568
0.004887334087869123,0.054566177518164984,0.624586887364204
0.004887334087869123,0.05485111839293347,0.6240597730630006
0.004913056898857907,0.05485111839293347,0.6239383711843409
0.004913056898857907,0.05570594101723892,0.6235368144686154
0.004938779709846692,0.05570594101723892,0.6233707814577581
0.004938779709846692,0.055848411454623166,0.6227791821360873
0.004964502520835477,0.055848411454623166,0.6226457760556291
0.004964502520835477,0.05599088189200741,0.6225326590657645
0.004990225331824262,0.05599088189200741,0.6224217024695972
0.004990225331824262,0.056418293204160135,0.6223411708299251
0.005015948142813046,0.056418293204160135,0.6222444431900651
0.005015948142813046,0.056703234078928626,0.6220376682709445
0.005041670953801832,0.056703234078928626,0.6220082244972825
0.005041670953801832,0.05713064539108135,0.6218146949091595
0.0050931165757794016,0.05713064539108135,0.6216460201035409
0.0050931165757794016,0.05784299757800256,0.6214159201540227
0.005118839386768186,0.05784299757800256,0.6212714101830046
0.005118839386768186,0.05812793845277105,0.6209392482343328
0.005170285008745756,0.05812793845277105,0.6209123217014582
0.005170285008745756,0.05884029063969226,0.6200038785176227
0.0051960078197345405,0.05884029063969226,0.619898831806205
0.0051960078197345405,0.05926770195184499,0.619646493688306
0.005221730630723325,0.05926770195184499,0.6195700374252048
0.005221730630723325,0.059410172389229236,0.6194265910815614
0.0052474534417121105,0.059410172389229236,0.619372417262183
0.0052474534417121105,0.059552642826613475,0.6191750689304566
0.00529889906368968,0.059552642826613475,0.6191295081689223
0.00529889906368968,0.059980054138766205,0.6183993219487411
0.005324621874678465,0.059980054138766205,0.6182694477783808
0.005324621874678465,0.06069240632568742,0.6177874008896981
0.0053503446856672495,0.06069240632568742,0.6177222536079144
0.0053503446856672495,0.0609773472004559,0.6175907011955536
0.005401790307644819,0.0609773472004559,0.6171650673269525
0.005401790307644819,0.06154722894999288,0.6164903829208812
0.005427513118633604,0.06154722894999288,0.6163903224374998
0.005427513118633604,0.0619746402621456,0.6160972471123723
0.005453235929622389,0.0619746402621456,0.6160926472120581
0.005453235929622389,0.06282946288645107,0.6154170797577699
0.005504681551599959,0.06282946288645107,0.6151598657425782
0.005504681551599959,0.0629719333238353,0.615093826034541
0.005530404362588744,0.0629719333238353,0.61498301531637
0.005530404362588744,0.06325687419860379,0.614561786245341
0.005581849984566314,0.06325687419860379,0.6140675420132051
0.005581849984566314,0.06354181507337228,0.6139353922480589
0.005607572795555098,0.06354181507337228,0.6136055716051265
0.005607572795555098,0.06368428551075651,0.6135873337593433
0.005633295606543883,0.06368428551075651,0.6132984548993311
0.005633295606543883,0.06382675594814076,0.6131608024721642
0.005659018417532668,0.06382675594814076,0.613044439260177
0.005659018417532668,0.063969226385525,0.6129546623306716
0.005684741228521453,0.063969226385525,0.612810427372347
0.005684741228521453,0.0642541672602935,0.6125620285179519
0.005710464039510237,0.0642541672602935,0.61253358098814
0.005710464039510237,0.06468157857244622,0.6123898001158884
0.005787632472476593,0.06468157857244622,0.6117966829599348
0.005787632472476593,0.06510898988459894,0.6113453296481122
0.005813355283465377,0.06510898988459894,0.6111254172886575
0.005813355283465377,0.06567887163413591,0.6108644758886341
0.005864800905442947,0.06567887163413591,0.6105786862063924
0.005864800905442947,0.06653369425844137,0.6096794065697954
0.005890523716431732,0.06653369425844137,0.6094640635993223
0.005890523716431732,0.06667616469582562,0.6093275056909453
0.005916246527420516,0.06667616469582562,0.6093047613815775
0.005916246527420516,0.06681863513320986,0.6092194246909862
0.005967692149398086,0.06681863513320986,0.6090650304435903
0.005967692149398086,0.0669611055705941,0.6089098538792543
0.0059934149603868715,0.0669611055705941,0.608908190532411
0.0059934149603868715,0.06738851688274683,0.6086885867089997
0.006019137771375656,0.06738851688274683,0.6084208807575445
0.006019137771375656,0.06753098732013108,0.6082833518029163
0.0060963062043420104,0.06753098732013108,0.6081998693525679
0.0060963062043420104,0.06767345775751532,0.6081597829866577
0.006173474637308365,0.06767345775751532,0.6077979064127522
0.006173474637308365,0.0679583986322838,0.6077276725561462
0.00619919744829715,0.0679583986322838,0.6076939209288104
0.00619919744829715,0.06810086906966804,0.6076292980104582
0.006224920259285935,0.06810086906966804,0.6075906998067204
0.006224920259285935,0.06824333950705229,0.6075458612944902
0.006250643070274719,0.06824333950705229,0.6074197090996792
0.006250643070274719,0.06881322125658926,0.6069223688138324
0.006276365881263505,0.06881322125658926,0.6066639830618059
0.006276365881263505,0.0689556916939735,0.6066044022316637
0.006353534314229859,0.0689556916939735,0.6062655606923311
0.006353534314229859,0.06909816213135775,0.6061093206421494
0.006379257125218644,0.06909816213135775,0.6060563457975359
0.006379257125218644,0.06924063256874198,0.6060206491756165
0.006430702747196214,0.06924063256874198,0.605757944605406
0.006430702747196214,0.0699529847556632,0.605263190513183
0.006533593991151353,0.0699529847556632,0.6040013201860911
0.006533593991151353,0.07123521869212139,0.6032859108025851
0.006585039613128923,0.07123521869212139,0.603222509142733
0.006585039613128923,0.07166263000427411,0.6030996981225101
0.006610762424117707,0.07166263000427411,0.6030614818038014
0.006610762424117707,0.0719475708790426,0.6029089042743638
0.006662208046095277,0.0719475708790426,0.6027920581133558
0.006662208046095277,0.07237498219119533,0.6025756767632552
0.006713653668072847,0.07237498219119533,0.6025188570314232
0.0067393764790616316,0.07251745262857957,0.6023113927098744
0.006765099290050417,0.07251745262857957,0.6022466655569031
0.006765099290050417,0.07322980481550079,0.6016555086293703
0.0067908221010392015,0.07322980481550079,0.6013704861591128
0.0067908221010392015,0.07337227525288503,0.6013662410356864
0.006816544912027986,0.07337227525288503,0.6012266442437523
0.006816544912027986,0.07351474569026926,0.6010231554432934
0.006893713344994341,0.07351474569026926,0.6006016905329815
0.006893713344994341,0.07408462743980625,0.6002404388835212
0.006919436155983126,0.07408462743980625,0.6001680801415197
0.006919436155983126,0.07493945006411169,0.5998485117763916
0.006970881777960696,0.07493945006411169,0.5995443880766864
0.006970881777960696,0.07536686137626443,0.5992811928482281
0.00699660458894948,0.07536686137626443,0.5991821257711647
0.00699660458894948,0.07550933181364866,0.5991761908331235
0.007022327399938265,0.07550933181364866,0.5989869684495837
0.007022327399938265,0.07579427268841715,0.598963295402913
0.007073773021915835,0.07579427268841715,0.5988917344892793
0.007073773021915835,0.07664909531272261,0.5980937207118806
0.007150941454882189,0.07664909531272261,0.5979891188548627
0.007150941454882189,0.07679156575010686,0.5979102941306303
0.007279555509826114,0.07679156575010686,0.5970012991315999
0.007279555509826114,0.07778885881179655,0.5958941309227282
0.007305278320814899,0.07778885881179655,0.5957336136917522
0.007305278320814899,0.07864368143610201,0.5953925284890518
0.007356723942792468,0.07864368143610201,0.5950182797394526
0.007356723942792468,0.0789286223108705,0.5949867228834269
0.007408169564770038,0.0789286223108705,0.5945853944900211
0.007408169564770038,0.07978344493517595,0.5938309378003737
0.007433892375758823,0.07978344493517595,0.5938276823541696
0.007433892375758823,0.07992591537256019,0.5938216601001635
0.007459615186747608,0.07992591537256019,0.5937751791333596
0.007459615186747608,0.08006838580994444,0.5937193118366819
0.0074853379977363925,0.08006838580994444,0.5935611755305477
0.0074853379977363925,0.08035332668471293,0.5931880339151346
0.0074853379977363925,0.0806382675594814,0.59301323094246
0.007511060808725177,0.0806382675594814,0.592795583123354
0.007511060808725177,0.08078073799686565,0.5926515859637027
0.0075367836197139625,0.08078073799686565,0.5926123278842367
0.0075367836197139625,0.0809232084342499,0.5925909226189174
0.007562506430702747,0.0809232084342499,0.5925308906475133
0.007562506430702747,0.08163556062117111,0.591816262874795
0.007588229241691532,0.08163556062117111,0.5917043368389365
0.007588229241691532,0.08192050149593959,0.5916342439572821
0.007613952052680317,0.08192050149593959,0.5915796545795494
0.007613952052680317,0.08220544237070808,0.591075301589758
0.007691120485646671,0.08220544237070808,0.5907122837942429
0.007691120485646671,0.0826328536828608,0.5906026856950055
0.007716843296635456,0.0826328536828608,0.5905182596211316
0.007716843296635456,0.08306026499501354,0.5902594571509974
0.007768288918613026,0.08306026499501354,0.5899429433028199
0.007768288918613026,0.08320273543239778,0.5899193141673278
0.007794011729601811,0.08320273543239778,0.5899135560056216
0.007794011729601811,0.08377261718193475,0.589677179538008
0.007819734540590595,0.08377261718193475,0.5895796938155189
0.007819734540590595,0.083915087619319,0.5894530249747211
0.00784545735157938,0.083915087619319,0.589402935720992
0.00784545735157938,0.08434249893147172,0.5886909494882708
0.007871180162568166,0.08434249893147172,0.5884529434207169
0.007871180162568166,0.08448496936885597,0.5883818463985747
0.007896902973556951,0.08448496936885597,0.5880695369946173
0.007896902973556951,0.0846274398062402,0.5880385181057086
0.007922625784545735,0.0846274398062402,0.587978287162816
0.007922625784545735,0.08548226243054566,0.5874045280803645
0.00794834859553452,0.08548226243054566,0.5872847206352524
0.00794834859553452,0.0856247328679299,0.5871638216464784
0.007974071406523306,0.0856247328679299,0.5871497343659289
0.007974071406523306,0.08605214418008263,0.5864878997138212
0.00799979421751209,0.08605214418008263,0.5864740997782502
0.00799979421751209,0.08619461461746687,0.5863123611816226
0.008076962650478444,0.08619461461746687,0.5861969342216841
0.008076962650478444,0.08690696680438809,0.5859552636425187
0.008102685461467229,0.08690696680438809,0.5857762090677684
0.008102685461467229,0.08704943724177233,0.5856091423751963
0.008128408272456015,0.08704943724177233,0.5855370231993123
0.008128408272456015,0.08847414161561476,0.5843740981206966
0.008179853894433584,0.08847414161561476,0.5842034801914092
0.008179853894433584,0.08890155292776748,0.5840474639540851
0.008282745138388723,0.08890155292776748,0.5829461526523396
0.008282745138388723,0.08904402336515173,0.582791981049765
0.008334190760366292,0.08904402336515173,0.5827140496236703
0.008334190760366292,0.08932896423992022,0.5827069981784647
0.008411359193332647,0.08932896423992022,0.582570547146855
0.008411359193332647,0.0896139051146887,0.5823889043162837
0.008437082004321432,0.0896139051146887,0.5823730265139699
0.008437082004321432,0.09004131642684143,0.58195269941745
0.008514250437287787,0.09004131642684143,0.5813050936582737
0.008514250437287787,0.09046872773899416,0.5806958501286342
0.008539973248276572,0.09046872773899416,0.5806138469360675
0.008539973248276572,0.0906111981763784,0.5806084029529727
0.008565696059265356,0.0906111981763784,0.5805873012997945
0.008565696059265356,0.09075366861376265,0.5804947492045334
0.008591418870254141,0.09075366861376265,0.5804676154010199
0.008591418870254141,0.0908961390511469,0.5803888626962272
0.008617141681242927,0.0908961390511469,0.5803673533770946
0.008617141681242927,0.09103860948853112,0.5803134637622631
0.00864286449223171,0.09118107992591537,0.5802633937551164
0.008668587303220496,0.09118107992591537,0.5802494188885491
0.008668587303220496,0.09132355036329962,0.5802465879880494
0.008694310114209281,0.09132355036329962,0.580110511518699
0.008694310114209281,0.09175096167545234,0.5799455199616634
0.008720032925198065,0.09175096167545234,0.5799044751854249
0.008720032925198065,0.09189343211283658,0.5798659361515943
0.008822924169153205,0.09189343211283658,0.5796091859758271
0.008822924169153205,0.09203590255022083,0.5795494386688574
0.00884864698014199,0.09203590255022083,0.5793676502399333
0.00884864698014199,0.09217837298760508,0.5793658571934144
0.008925815413108345,0.09217837298760508,0.5786782241420476
0.008925815413108345,0.09232084342498932,0.5785652456264953
0.009002983846074699,0.09232084342498932,0.5781087885595004
0.009002983846074699,0.09289072517452629,0.5778864419890999
0.009054429468052268,0.09289072517452629,0.5776559419653623
0.009054429468052268,0.09303319561191054,0.5776131892713597
0.009105875090029839,0.09303319561191054,0.5772720458382908
0.009105875090029839,0.09317566604929477,0.5772445566296233
0.009183043522996193,0.09317566604929477,0.5769269685288315
0.009183043522996193,0.09403048867360023,0.5765146928841157
0.009234489144973762,0.09403048867360023,0.5764390601993433
0.009234489144973762,0.09417295911098447,0.5763611639537458
0.009285934766951333,0.09417295911098447,0.5761660023963223
0.009285934766951333,0.09445789998575295,0.5760565228971666
0.009311657577940117,0.09445789998575295,0.5760072329752616
0.009311657577940117,0.0946003704231372,0.5758472236550914
0.009337380388928902,0.0946003704231372,0.5757439767010675
0.009337380388928902,0.09474284086052144,0.5755888062058745
0.009363103199917688,0.09474284086052144,0.5755128036429643
0.009363103199917688,0.09488531129790569,0.5755052125537606
0.009440271632884042,0.09488531129790569,0.575419115091113
0.009440271632884042,0.09531272261005841,0.5750629326892113
0.009465994443872826,0.09531272261005841,0.5750158661009548
0.009465994443872826,0.09545519304744265,0.5746115519246204
0.009517440065850397,0.09545519304744265,0.5742751010827419
0.009517440065850397,0.09616754523436387,0.5736769168414101
0.00954316287683918,0.09616754523436387,0.5736532379456105
0.00954316287683918,0.09645248610913236,0.5733696517404486
0.009620331309805535,0.09645248610913236,0.5730903785371604
0.009620331309805535,0.09673742698390084,0.5728692999344693
0.00964605412079432,0.09673742698390084,0.5728395769279887
0.00964605412079432,0.09687989742128508,0.5727716091706161
0.009671776931783106,0.09687989742128508,0.5725701085863238
0.009671776931783106,0.09716483829605357,0.5724534851274763
0.009697499742771891,0.09716483829605357,0.572397801164065
0.009697499742771891,0.09744977917082205,0.5721162850378326
0.00974894536474946,0.09744977917082205,0.5720435343356242
0.00974894536474946,0.09773472004559054,0.5719266127467124
0.009774668175738245,0.09773472004559054,0.5718812991722889
0.009774668175738245,0.09787719048297479,0.5718150654545726
0.009954727852659738,0.09787719048297479,0.5713259784849757
0.009954727852659738,0.09816213135774327,0.571234734405897
0.009980450663648523,0.09816213135774327,0.5711244938363301
0.009980450663648523,0.09830460179512751,0.5711141301410281
0.010006173474637309,0.09830460179512751,0.5710974715182084
0.010006173474637309,0.09844707223251176,0.5710262302313739
0.010031896285626092,0.09844707223251176,0.57095481450259
0.010031896285626092,0.098589542669896,0.570814222025351
0.010109064718592449,0.098589542669896,0.5704242173091096
0.010109064718592449,0.0995868357315857,0.5697896465383311
0.010237678773536372,0.0995868357315857,0.5695520692689089
0.010237678773536372,0.10001424704373843,0.5692690330169362
0.010263401584525158,0.10001424704373843,0.5690148347256596
0.010263401584525158,0.1005841287932754,0.5683705405857242
0.010314847206502727,0.1005841287932754,0.5681359529297954
0.010314847206502727,0.10129648098019661,0.5678430965938789
0.010340570017491512,0.10129648098019661,0.567495320113305
0.010340570017491512,0.10158142185496509,0.5672773505484257
0.010366292828480296,0.10158142185496509,0.5671288780522615
0.010366292828480296,0.1022937740418863,0.5667156756246798
0.010392015639469081,0.1022937740418863,0.5666018741121108
0.010392015639469081,0.10243624447927055,0.5665717803640092
0.010417738450457866,0.10243624447927055,0.5662809907753356
0.010417738450457866,0.1025787149166548,0.5660808468785781
0.010469184072435436,0.1025787149166548,0.5659966126654278
0.010494906883424221,0.10272118535403904,0.5659114255941823
0.010572075316390575,0.10272118535403904,0.5650969485327114
0.010572075316390575,0.10300612622880752,0.56496875760701
0.01059779812737936,0.10300612622880752,0.5648084280396207
0.01059779812737936,0.10329106710357601,0.5644246099470415
0.010623520938368144,0.10329106710357601,0.5643700759644186
0.010623520938368144,0.10371847841572873,0.5643317198144223
0.01064924374935693,0.10371847841572873,0.5641400023001629
0.01064924374935693,0.10386094885311298,0.5640060356084147
0.010726412182323284,0.10386094885311298,0.5634770612567569
0.010726412182323284,0.10414588972788147,0.5631964898377863
0.01075213499331207,0.10414588972788147,0.5631272176206973
0.01075213499331207,0.1042883601652657,0.5631190757732485
0.010777857804300853,0.1042883601652657,0.5630655649776101
0.010777857804300853,0.10471577147741844,0.5628779616584773
0.010803580615289639,0.10471577147741844,0.5627694861410236
0.010803580615289639,0.10485824191480268,0.5626974054047442
0.010829303426278424,0.10485824191480268,0.5626768810090945
0.010829303426278424,0.10514318278957116,0.5626667594620923
0.010880749048255993,0.10514318278957116,0.5622375084921527
0.010880749048255993,0.10542812366433965,0.5620512256525186
0.010906471859244779,0.10542812366433965,0.5620487904928849
0.010906471859244779,0.1055705941017239,0.562048463376327
0.010957917481222348,0.1055705941017239,0.5618221365414664
0.010957917481222348,0.10571306453910813,0.5616279337573862
0.010983640292211133,0.10571306453910813,0.5616221070044645
0.010983640292211133,0.10585553497649237,0.5615455695389174
0.011009363103199919,0.10585553497649237,0.5614307573184804
0.011009363103199919,0.10599800541387662,0.5613780278144721
0.011060808725177488,0.10599800541387662,0.5610114887770884
0.011060808725177488,0.10713776891295056,0.560565937730803
0.011163699969132627,0.10713776891295056,0.5602191381768344
0.011215145591110197,0.10713776891295056,0.5602080950262918
0.011292314024076551,0.10713776891295056,0.5599692503865857
0.011292314024076551,0.10742270978771905,0.5597004122122253
0.01139520526803169,0.10742270978771905,0.5594241561797058
0.01139520526803169,0.10770765066248754,0.5591730372411575
0.01149809651198683,0.10770765066248754,0.5588608087669364
0.01149809651198683,0.10842000284940875,0.5577890276558356
0.0115495421339644,0.10842000284940875,0.5575046724984493
0.0115495421339644,0.10870494372417723,0.5572453102219923
0.011575264944953185,0.10870494372417723,0.5572086067672304
0.011575264944953185,0.1092748254737142,0.5570224051225342
0.011678156188908323,0.1092748254737142,0.5566619341631357
0.011678156188908323,0.10941729591109844,0.5566287926504876
0.011703878999897109,0.10941729591109844,0.5565470917616808
0.011703878999897109,0.10955976634848269,0.5564950574435538
0.011806770243852249,0.10955976634848269,0.5564428108787981
0.011806770243852249,0.10970223678586694,0.5564359521817709
0.011832493054841032,0.10970223678586694,0.5564292681311098
0.011832493054841032,0.11098447072232512,0.5551394801819356
0.011858215865829818,0.11098447072232512,0.5549629957802128
0.011858215865829818,0.11141188203447784,0.5546339891768665
0.011909661487807388,0.11141188203447784,0.5545830083639497
0.011909661487807388,0.11269411597093604,0.5538943770557456
0.011935384298796172,0.11269411597093604,0.5537955779416524
0.011935384298796172,0.11312152728308876,0.5534805597963501
0.012063998353740097,0.11312152728308876,0.5527387683937902
0.012063998353740097,0.113263997720473,0.5527307264632022
0.012089721164728881,0.113263997720473,0.5526758701697206
0.012089721164728881,0.11340646815785725,0.5526545498923986
0.012115443975717666,0.11340646815785725,0.5526487592037084
0.012115443975717666,0.11369140903262573,0.5524210861984384
0.012166889597695235,0.11369140903262573,0.5523716762606545
0.012166889597695235,0.1142612907821627,0.552084161401135
0.012218335219672806,0.1142612907821627,0.5520684451228355
0.012218335219672806,0.11440376121954694,0.5520635808206475
0.01229550365263916,0.11440376121954694,0.5518020706627267
0.01229550365263916,0.11468870209431543,0.5517716152280514
0.012321226463627944,0.11468870209431543,0.5516681268085709
0.012321226463627944,0.11497364296908391,0.5515620091423274
0.012501286140549439,0.11497364296908391,0.5506164463499327
0.012501286140549439,0.11540105428123665,0.5504114923931588
0.012527008951538224,0.11540105428123665,0.550308867645134
0.012527008951538224,0.11568599515600513,0.5500802929726715
0.012604177384504579,0.11568599515600513,0.549528573464387
0.012604177384504579,0.11611340646815786,0.5494619440506444
0.012629900195493364,0.11611340646815786,0.5494256107617418
0.012629900195493364,0.11696822909246331,0.5490910010946398
0.012655623006482148,0.11696822909246331,0.5490044801268095
0.012655623006482148,0.1172531699672318,0.5488054259938522
0.012681345817470933,0.1172531699672318,0.5487921259255756
0.012681345817470933,0.11782305171676877,0.5483119170532669
0.012732791439448502,0.11782305171676877,0.5481586688349666
0.012732791439448502,0.11810799259153726,0.5479280633334032
0.012758514250437288,0.11810799259153726,0.547908751519476
0.012758514250437288,0.11867787434107423,0.5476986860729672
0.012809959872414858,0.11867787434107423,0.5475010721560162
0.012809959872414858,0.11882034477845847,0.5474700569832925
0.012861405494392427,0.11882034477845847,0.5474324577847729
0.012861405494392427,0.11910528565322695,0.5472774269690324
0.012887128305381213,0.11910528565322695,0.5472673135705499
0.012887128305381213,0.1192477560906112,0.5472421412373828
0.012912851116369996,0.1192477560906112,0.5471546762968127
0.012912851116369996,0.11953269696537969,0.5470327523371354
0.012990019549336351,0.11953269696537969,0.5465089512093484
0.012990019549336351,0.11981763784014816,0.5464035565668339
0.013041465171313922,0.11981763784014816,0.5463102223553961
0.013041465171313922,0.12010257871491666,0.546164748406259
0.013067187982302705,0.12010257871491666,0.5458651060679828
0.013067187982302705,0.12052999002706938,0.5455447804791398
0.01309291079329149,0.12052999002706938,0.5452994998177845
0.01309291079329149,0.12067246046445362,0.545119293015837
0.013118633604280276,0.12067246046445362,0.5450178361726379
0.013118633604280276,0.12109987177660636,0.544834507416425
0.01314435641526906,0.12124234221399059,0.5447892955034169
0.013170079226257845,0.12124234221399059,0.5446403968536973
0.01319580203724663,0.12138481265137484,0.5446023351668381
0.01319580203724663,0.12152728308875908,0.5443163870525146
0.013221524848235414,0.12152728308875908,0.5441449518983614
0.013221524848235414,0.12166975352614333,0.5440440873548257
0.0132472476592242,0.12166975352614333,0.5438751148423274
0.0132472476592242,0.1219546944009118,0.5438003199958186
0.013272970470212985,0.1219546944009118,0.5437383920687621
0.013272970470212985,0.12209716483829605,0.5436320830242143
0.013324416092190554,0.12209716483829605,0.5434755432411333
0.013324416092190554,0.1222396352756803,0.5434297303770921
0.013401584525156909,0.1222396352756803,0.5430072327019425
0.013401584525156909,0.12295198746260151,0.5423740510672106
0.013427307336145694,0.12295198746260151,0.5423700544589961
0.013427307336145694,0.12309445789998576,0.5421864071849141
0.013478752958123263,0.12309445789998576,0.5421611386280851
0.013530198580100834,0.12323692833737,0.542063586355109
0.013555921391089618,0.12337939877475423,0.5419924374093729
0.013555921391089618,0.12366433964952273,0.5419656200523139
0.013607367013067188,0.12366433964952273,0.5417289857085278
0.013607367013067188,0.1239492805242912,0.5416585911137065
0.013633089824055972,0.1239492805242912,0.5416153510032105
0.013633089824055972,0.1242342213990597,0.5412202386868459
0.013658812635044757,0.1242342213990597,0.541106242467046
0.013658812635044757,0.12451916227382819,0.540788794404324
0.013735981068011112,0.12451916227382819,0.5402622683727419
0.013735981068011112,0.12480410314859666,0.5402416984603292
0.013761703878999897,0.12480410314859666,0.5401608409239431
0.013761703878999897,0.12508904402336515,0.5399403674644404
0.013787426689988683,0.12508904402336515,0.5399364296048091
0.013787426689988683,0.1252315144607494,0.5398242448200088
0.013838872311966252,0.1252315144607494,0.5398101310912523
0.013838872311966252,0.12580139621028635,0.5396066894675969
0.01389031793394382,0.12580139621028635,0.5394946164395624
0.01389031793394382,0.1259438666476706,0.539484027506176
0.013941763555921392,0.1259438666476706,0.5394605418403838
0.013941763555921392,0.1262288075224391,0.5393631735759874
0.013967486366910175,0.1262288075224391,0.5391026388550602
0.013967486366910175,0.12637127795982334,0.539057059355924
0.014018931988887746,0.12637127795982334,0.5388608186596474
0.014018931988887746,0.12651374839720758,0.538849380223009
0.014070377610865315,0.12651374839720758,0.5387824892330179
0.014070377610865315,0.12694115970936032,0.5387118010805433
0.01414754604383167,0.12694115970936032,0.5384755929989915
0.01414754604383167,0.12708363014674456,0.538463700484481
0.01419899166580924,0.12708363014674456,0.5381169985400501
0.01419899166580924,0.12722610058412878,0.5381045351363529
0.014224714476798024,0.12722610058412878,0.5380931911142826
0.01425043728778681,0.12736857102151303,0.537990783516756
0.01425043728778681,0.12751104145889727,0.5378862638265115
0.014301882909764379,0.12751104145889727,0.5378641064574213
0.014327605720753164,0.12751104145889727,0.5378546755516663
0.014327605720753164,0.12793845277105,0.537647365914199
0.01435332853174195,0.12793845277105,0.5375762294300807
0.01435332853174195,0.12808092320843426,0.5375173927388827
0.014430496964708304,0.12808092320843426,0.5373965713736861
0.014430496964708304,0.12836586408320275,0.5372868957834095
0.014456219775697087,0.12836586408320275,0.5371539587263544
0.014456219775697087,0.128508334520587,0.5369726747228181
0.014481942586685873,0.128508334520587,0.5369024867807369
0.014481942586685873,0.1286508049579712,0.5368695501174765
0.014533388208663442,0.1286508049579712,0.53628526421907
0.014533388208663442,0.12879327539535546,0.5362688248339336
0.014584833830641013,0.12879327539535546,0.5360660669146914
0.014584833830641013,0.1289357458327397,0.5355968305495717
0.014610556641629798,0.1289357458327397,0.5353559947666978
0.014610556641629798,0.1299330388944294,0.5341587189630875
0.014662002263607367,0.1299330388944294,0.5340818568100736
0.014687725074596153,0.1299330388944294,0.5340734166211984
0.014687725074596153,0.13036045020658213,0.5335916148093985
0.014713447885584936,0.13036045020658213,0.5334631653956059
0.014713447885584936,0.13064539108135062,0.533367317035987
0.014739170696573722,0.13064539108135062,0.5332958548971348
0.014739170696573722,0.13107280239350336,0.5329888303430672
0.01479061631855129,0.13107280239350336,0.5328050656670932
0.014816339129540076,0.1312152728308876,0.5327952302302887
0.014867784751517645,0.1312152728308876,0.532627993249826
0.014867784751517645,0.13135774326827182,0.5325927393087115
0.01489350756250643,0.13135774326827182,0.532485843452968
0.01489350756250643,0.13150021370565607,0.5323156857849436
0.014944953184484,0.13150021370565607,0.5322668100308035
0.014944953184484,0.13178515458042456,0.532099595948278
0.014970675995472785,0.13178515458042456,0.5318765208678499
0.014970675995472785,0.1319276250178088,0.5318700163298117
0.01499639880646157,0.1319276250178088,0.5318110865395217
0.01499639880646157,0.13207009545519305,0.5318002225900642
0.01499639880646157,0.13235503632996154,0.531708090904093
0.01499639880646157,0.13249750676734579,0.5316156831385407
0.01504784442843914,0.13249750676734579,0.5314622969189937
0.01504784442843914,0.13263997720473003,0.5314457702809325
0.015073567239427925,0.13263997720473003,0.5313065309493925
0.015073567239427925,0.13278244764211425,0.5312424545179002
0.01509929005041671,0.13278244764211425,0.5312161197671433
0.01509929005041671,0.13306738851688274,0.5311021698172979
0.015125012861405494,0.13320985895426699,0.531069959417432
0.015125012861405494,0.13335232939165123,0.5310634503089241
0.01515073567239428,0.13335232939165123,0.531026158623038
0.01515073567239428,0.13349479982903548,0.5309848688735439
0.015176458483383065,0.13349479982903548,0.5309461033568293
0.015176458483383065,0.13363727026641972,0.5309425664445665
0.015202181294371848,0.13363727026641972,0.530920005685259
0.015202181294371848,0.13377974070380397,0.5308911139823344
0.015227904105360634,0.13377974070380397,0.5308297008000826
0.015227904105360634,0.1339222111411882,0.5307847512554352
0.01525362691634942,0.1339222111411882,0.5307037897019048
0.01525362691634942,0.13420715201595668,0.5304459905166954
0.015279349727338203,0.13420715201595668,0.5303550900233686
0.015279349727338203,0.13434962245334092,0.5302492764579251
0.015330795349315774,0.13434962245334092,0.5300728816873334
0.015330795349315774,0.13449209289072517,0.5300276653474572
0.015356518160304557,0.13449209289072517,0.5300224610632779
0.015356518160304557,0.1346345633281094,0.5299238677407021
0.015407963782282128,0.1346345633281094,0.5296078892391858
0.015407963782282128,0.1349195042028779,0.5294306026885182
0.015485132215248483,0.1349195042028779,0.5289679156211303
0.015485132215248483,0.13506197464026215,0.5289111284881515
0.015510855026237268,0.13506197464026215,0.528771890309022
0.015510855026237268,0.13534691551503064,0.5287339398004857
0.015536577837226052,0.13534691551503064,0.5287086930680044
0.015536577837226052,0.1354893859524149,0.5285799112186929
0.015562300648214837,0.1354893859524149,0.5285312548717243
0.015562300648214837,0.13577432682718335,0.528230350086375
0.015588023459203623,0.13577432682718335,0.5280669617459622
0.015588023459203623,0.1359167972645676,0.5280464034721741
0.01563946908118119,0.1359167972645676,0.528037048609254
0.01563946908118119,0.13634420857672033,0.5279804265762419
0.015665191892169975,0.13634420857672033,0.527821507721002
0.015665191892169975,0.13648667901410458,0.5276569063019383
0.015716637514147546,0.13648667901410458,0.5275475080492616
0.015716637514147546,0.13705656076364153,0.5273909249911094
0.01574236032513633,0.13705656076364153,0.5273512733478448
0.01574236032513633,0.13734150163841002,0.5273302908009333
0.015768083136125117,0.13734150163841002,0.5271517763445039
0.015768083136125117,0.13762644251317852,0.5269269088992322
0.015870974380080255,0.13762644251317852,0.5265250696101974
0.015870974380080255,0.137911383387947,0.5260837585505166
0.01594814281304661,0.137911383387947,0.5260371272827633
0.01594814281304661,0.13848126513748396,0.5256044166119651
0.01605103405700175,0.13848126513748396,0.52535914348454
0.01605103405700175,0.13876620601225245,0.5252357071211048
0.016076756867990535,0.13876620601225245,0.5252307269409705
0.016076756867990535,0.13905114688702094,0.5250197284542971
0.016153925300956887,0.13905114688702094,0.5242550368451944
0.016153925300956887,0.13962102863655793,0.5240336533547384
0.016231093733923244,0.13962102863655793,0.5237288026185479
0.016231093733923244,0.1399059695113264,0.523716043933283
0.01625681654491203,0.1399059695113264,0.5236702320151562
0.01625681654491203,0.14004843994871063,0.5235695813379062
0.016282539355900814,0.14004843994871063,0.5235672359934346
0.016282539355900814,0.14019091038609488,0.5234951715099553
0.016308262166889596,0.14019091038609488,0.5234868193406494
0.016308262166889596,0.14033338082347913,0.5233482988704508
0.016359707788867167,0.14033338082347913,0.5231984965334491
0.016359707788867167,0.14047585126086337,0.5231011706320132
0.016436876221833523,0.14047585126086337,0.5228361307166853
0.016436876221833523,0.14061832169824762,0.5224889450248212
0.016462599032822305,0.14061832169824762,0.522310466322308
0.016462599032822305,0.1409032625730161,0.5222445206246425
0.01648832184381109,0.1409032625730161,0.5220070819972246
0.01648832184381109,0.14104573301040035,0.5218645491715711
0.016565490276777447,0.14104573301040035,0.521575346266408
0.016565490276777447,0.14118820344778457,0.5215741446044369
0.0166426587097438,0.14118820344778457,0.5215128455301848
0.0166426587097438,0.14147314432255306,0.5214429984979472
0.01669410433172137,0.14147314432255306,0.5211207387322762
0.01669410433172137,0.1416156147599373,0.5209943891808884
0.016771272764687727,0.1416156147599373,0.5208688962931927
0.016771272764687727,0.1419005556347058,0.5205250821255921
0.01684844119765408,0.1419005556347058,0.5203197147758973
0.01684844119765408,0.14232796694685854,0.5200961338572623
0.01689988681963165,0.14232796694685854,0.5197365910185745
0.01689988681963165,0.14304031913377974,0.5191140564872411
0.016925609630620436,0.14304031913377974,0.5190855000274522
0.016925609630620436,0.14346773044593247,0.5188992759554595
0.016951332441609217,0.14346773044593247,0.518773136312725
0.016951332441609217,0.14361020088331672,0.5186817834010513
0.016977055252598003,0.14361020088331672,0.5184658843075566
0.016977055252598003,0.14375267132070096,0.5184190361365
0.01705422368556436,0.14375267132070096,0.517994034330945
0.01705422368556436,0.14432255307023792,0.5177659719063955
0.01705422368556436,0.1446074939450064,0.5177467665114303
0.01705422368556436,0.14474996438239066,0.5176870669233745
0.01710566930754193,0.14474996438239066,0.5176133391412514
0.01710566930754193,0.1448924348197749,0.5174666562552924
0.017131392118530712,0.14503490525715915,0.5173309512378204
0.017157114929519497,0.14503490525715915,0.5173298807404882
0.017182837740508283,0.1451773756945434,0.5171917564885894
0.017208560551497068,0.1451773756945434,0.5170728450619961
0.017208560551497068,0.14531984613192764,0.5170083856178579
0.01726000617347464,0.14531984613192764,0.5168900011529692
0.01726000617347464,0.14546231656931186,0.5168086553593602
0.01728572898446342,0.14546231656931186,0.5166685192472786
0.01728572898446342,0.14603219831884884,0.5163112767826701
0.017311451795452206,0.14603219831884884,0.5162774383658371
0.017311451795452206,0.14617466875623308,0.5162073533082547
0.017362897417429777,0.14617466875623308,0.5160582238309754
0.017362897417429777,0.14645960963100157,0.5159636883012355
0.017388620228418562,0.14645960963100157,0.5157549305443699
0.017388620228418562,0.14688702094315428,0.5156269378494175
0.017517234283362486,0.14688702094315428,0.5153390076171109
0.017517234283362486,0.14702949138053853,0.5153339930514222
0.01754295709435127,0.14702949138053853,0.5152251238849092
0.01754295709435127,0.14731443225530702,0.515107362241931
0.017594402716328842,0.14731443225530702,0.515067858363205
0.017594402716328842,0.1475993731300755,0.5149870269444505
0.01764584833830641,0.1475993731300755,0.5147541980271861
0.01764584833830641,0.147884314004844,0.5146375105910423
0.017671571149295195,0.147884314004844,0.5145509852109308
0.017671571149295195,0.14802678444222825,0.5144447436011427
0.01780018520423912,0.14802678444222825,0.5139368513340581
0.01780018520423912,0.1481692548796125,0.5139121575702936
0.017825908015227904,0.1481692548796125,0.513901712319919
0.017825908015227904,0.14873913662914945,0.5135618715611098
0.01785163082621669,0.14873913662914945,0.5134124852724685
0.01785163082621669,0.1488816070665337,0.5133890386727905
0.017980244881160613,0.1488816070665337,0.5131415218913811
0.017980244881160613,0.14902407750391794,0.5130515696357134
0.018005967692149398,0.14902407750391794,0.5129051663473185
0.018005967692149398,0.14930901837868643,0.5125918627782775
0.018031690503138183,0.14930901837868643,0.5125413369859777
0.018031690503138183,0.14945148881607068,0.5124831982643059
0.018083136125115754,0.14945148881607068,0.5122663832805093
0.018083136125115754,0.14973642969083914,0.5122270262122744
0.018108858936104536,0.14973642969083914,0.5121382745039179
0.018108858936104536,0.14987890012822339,0.5120781317618189
0.01813458174709332,0.14987890012822339,0.5120609286260596
0.01813458174709332,0.1508761931899131,0.5114982015052577
0.018186027369070892,0.1508761931899131,0.5112303352394268
0.018186027369070892,0.15116113406468157,0.5110759627503468
0.018211750180059678,0.15116113406468157,0.5110177291763394
0.018211750180059678,0.1513036045020658,0.510968802441021
0.01828891861302603,0.1513036045020658,0.5108919847885335
0.01828891861302603,0.1515885453768343,0.5104667717335387
0.018366087045992387,0.1515885453768343,0.5103845961413204
0.018366087045992387,0.15201595668898704,0.5102535173561255
0.018391809856981172,0.15201595668898704,0.510252438736662
0.018391809856981172,0.1521584271263713,0.5101915852722325
0.01864903796686902,0.1521584271263713,0.5095903127781112
0.01864903796686902,0.15244336800113975,0.5095190350440304
0.018751929210824157,0.15244336800113975,0.5094129952958814
0.018751929210824157,0.152585838438524,0.5093795053920818
0.018829097643790513,0.152585838438524,0.5092449042578803
0.018829097643790513,0.15272830887590824,0.5092069498525839
0.018880543265768084,0.15272830887590824,0.5091443750696271
0.018880543265768084,0.1528707793132925,0.5091105402043339
0.01890626607675687,0.1528707793132925,0.5091006628098862
0.01890626607675687,0.15301324975067673,0.5090432262150723
0.018957711698734437,0.15301324975067673,0.5089784230768375
0.018957711698734437,0.15344066106282947,0.5087501375475928
0.018983434509723222,0.15344066106282947,0.5087209087686128
0.018983434509723222,0.15386807237498218,0.5085334355290496
0.01906060294268958,0.15386807237498218,0.5082630693450495
0.01906060294268958,0.15443795412451916,0.507842195717041
0.019189216997633502,0.15443795412451916,0.5075493660274332
0.019189216997633502,0.1545804245619034,0.5074926104149635
0.019214939808622288,0.1545804245619034,0.5074595885427429
0.019214939808622288,0.1548653654366719,0.507272168281707
0.01924066261961107,0.1548653654366719,0.5071943920827765
0.01924066261961107,0.15500783587405614,0.5071935086192758
0.01934355386356621,0.15500783587405614,0.5069613081475138
0.01934355386356621,0.15572018806097734,0.5066636179196347
0.019394999485543782,0.15572018806097734,0.5066429594291473
0.019394999485543782,0.1558626584983616,0.5066325101204922
0.019420722296532564,0.15600512893574583,0.5065843917760647
0.01944644510752135,0.15600512893574583,0.5065209214680632
0.01944644510752135,0.15657501068528282,0.5064375801658207
0.019472167918510135,0.15657501068528282,0.5064126600778551
0.019472167918510135,0.15700242199743553,0.5060943275387669
0.019523613540487705,0.15700242199743553,0.5060742668711655
0.019523613540487705,0.15728736287220402,0.5060468229080307
0.01954933635147649,0.15728736287220402,0.5058993336043852
0.01954933635147649,0.1575723037469725,0.5056473910674831
0.019575059162465273,0.1575723037469725,0.5055270886741329
0.019575059162465273,0.157857244621741,0.5054217902664715
0.019832287272353123,0.157857244621741,0.5047021389069637
0.019832287272353123,0.1582846559338937,0.5046407326937372
0.01985801008334191,0.1582846559338937,0.50461689449994
0.01985801008334191,0.15899700812081494,0.5038223550164042
0.01993517851630826,0.15899700812081494,0.5036581892491243
0.01993517851630826,0.15928194899558343,0.503562031263363
0.019986624138285832,0.15928194899558343,0.5034700860104995
0.019986624138285832,0.15942441943296765,0.5034443331886388
0.020012346949274618,0.15942441943296765,0.5033456491918298
0.020012346949274618,0.1595668898703519,0.5031723996701382
0.02008951538224097,0.1595668898703519,0.5029856330818496
0.02008951538224097,0.15985183074512038,0.5028214712350288
0.020115238193229756,0.15985183074512038,0.5028145401429857
0.020115238193229756,0.16013677161988887,0.5027350074109412
0.02014096100421854,0.16013677161988887,0.5027236380359444
0.02014096100421854,0.16042171249465736,0.5026998222379142
0.020166683815207326,0.16042171249465736,0.5026934641315013
0.020166683815207326,0.16070665336942586,0.5025849534900756
0.020218129437184897,0.16070665336942586,0.502526846915459
0.020218129437184897,0.16084912380681007,0.5023199035127813
0.02024385224817368,0.16084912380681007,0.5022598622679386
0.02024385224817368,0.16099159424419432,0.5021170501372445
0.020269575059162465,0.16099159424419432,0.5019190035288348
0.020269575059162465,0.16113406468157856,0.501870292250534
0.020321020681140035,0.16113406468157856,0.5017408959892662
0.020321020681140035,0.1612765351189628,0.5017228029458404
0.020372466303117606,0.1612765351189628,0.5016739542651594
0.020372466303117606,0.16141900555634706,0.5016663178896597
0.02044963473608396,0.16141900555634706,0.5015017156146179
0.02044963473608396,0.1618464168684998,0.5013584135130056
0.02050108035806153,0.1618464168684998,0.5011287452081254
0.02050108035806153,0.16284370993018948,0.5006438775793037
0.020526803169050315,0.16284370993018948,0.5006396958861208
0.020526803169050315,0.16312865080495798,0.5005672111640603
0.020603971602016668,0.16312865080495798,0.5004855139611281
0.020603971602016668,0.16327112124234222,0.500468393848005
0.02065541722399424,0.16341359167972647,0.5004488056493045
0.020681140034983024,0.16341359167972647,0.5004231087173868
0.020681140034983024,0.1635560621171107,0.5003251930088549
0.020784031278938162,0.1635560621171107,0.49972149059535426
0.020784031278938162,0.16369853255449493,0.4997151119470259
0.0208869225228933,0.16369853255449493,0.4992602980150858
0.0208869225228933,0.16384100299187918,0.49923608027739813
0.02093836814487087,0.16384100299187918,0.49915668125109836
0.02093836814487087,0.16412594386664767,0.49897826770130344
0.021015536577837227,0.16412594386664767,0.4988697786532643
0.021015536577837227,0.16469582561618465,0.4987282534796239
0.02104125938882601,0.16469582561618465,0.4986456255785607
0.02104125938882601,0.1648382960535689,0.49850071301823295
0.021066982199814795,0.1648382960535689,0.4983727592684406
0.021066982199814795,0.16498076649095314,0.4982784387695005
0.021118427821792365,0.16498076649095314,0.49811643720779203
0.021118427821792365,0.16512323692833736,0.4980386351529804
0.021221319065747504,0.16512323692833736,0.49761296981422526
0.021221319065747504,0.1652657073657216,0.4975136680888812
0.02129848749871386,0.1652657073657216,0.49749659258750445
0.02129848749871386,0.1655506482404901,0.4974484600904572
0.021324210309702645,0.1655506482404901,0.4973960100687164
0.021324210309702645,0.16569311867787434,0.49736088143560714
0.021401378742668998,0.16569311867787434,0.49709943187460687
0.021401378742668998,0.16583558911525859,0.4970823505414647
0.021427101553657783,0.16597805955264283,0.4970314206809992
0.021427101553657783,0.16612052999002708,0.49702461041260987
0.02145282436464657,0.16612052999002708,0.4969430052854031
0.02145282436464657,0.16626300042741132,0.4968663862563319
0.021478547175635354,0.16626300042741132,0.4968033650674708
0.021478547175635354,0.16640547086479557,0.496795194033464
0.02150426998662414,0.16640547086479557,0.49679435161063806
0.02150426998662414,0.16669041173956403,0.49656155193108276
0.02152999279761292,0.16669041173956403,0.4965159001641377
0.02152999279761292,0.16697535261433252,0.4964396178659378
0.021555715608601707,0.16697535261433252,0.49643706990935577
0.021555715608601707,0.16711782305171677,0.4964310839811405
0.021581438419590492,0.16711782305171677,0.4963705598424313
0.021581438419590492,0.16726029348910101,0.49632011865792275
0.02165860685255685,0.16726029348910101,0.4960805012078115
0.02165860685255685,0.16740276392648526,0.49605377312401655
0.021684329663545634,0.16740276392648526,0.49604310251733147
0.021684329663545634,0.16768770480125375,0.49596076063164996
0.021710052474534416,0.16768770480125375,0.4959499812129205
0.021710052474534416,0.167830175238638,0.49591990612524356
0.021761498096511987,0.167830175238638,0.49582908516826807
0.021761498096511987,0.16811511611340646,0.4954688030931605
0.021838666529478343,0.16811511611340646,0.49513994039690473
0.021838666529478343,0.1688274683003277,0.4949581573464076
0.021864389340467125,0.1688274683003277,0.49494921692144445
0.021864389340467125,0.16896993873771193,0.4949169071564395
0.02189011215145591,0.16896993873771193,0.49485221044811517
0.02189011215145591,0.16911240917509618,0.4948478983237061
0.021915834962444695,0.16911240917509618,0.49476903729788935
0.021915834962444695,0.16939735004986464,0.49474886528061807
0.02194155777343348,0.16939735004986464,0.4947416849585465
0.02194155777343348,0.17010970223678587,0.49460554780278065
0.021967280584422266,0.17010970223678587,0.4945535160092393
0.021967280584422266,0.1705371135489386,0.4945143751633299
0.02204444901738862,0.1705371135489386,0.49444930429194134
0.02204444901738862,0.17067958398632282,0.4944453014303824
0.022275954316287684,0.17067958398632282,0.4939869619490701
0.022275954316287684,0.17082205442370707,0.49397769197904373
0.022327399938265255,0.17082205442370707,0.49384864178685606
0.022327399938265255,0.17096452486109132,0.4938247455013467
0.022353122749254037,0.17096452486109132,0.49381150125774204
0.022353122749254037,0.1715344066106283,0.493544429143014
0.022404568371231608,0.1715344066106283,0.4935198048835891
0.022404568371231608,0.17167687704801254,0.4934808055766729
0.022430291182220393,0.17167687704801254,0.4934195493676772
0.022430291182220393,0.17196181792278104,0.4933724868899558
0.02245601399320918,0.17196181792278104,0.49335840180204754
0.02245601399320918,0.17210428836016525,0.49326575171523696
0.022481736804197964,0.17210428836016525,0.49319817904603236
0.022481736804197964,0.1722467587975495,0.49314449417468953
0.02250745961518675,0.1722467587975495,0.4930695343733365
0.02250745961518675,0.17281664054708648,0.49283683817065815
0.022558905237164317,0.17281664054708648,0.492665350867256
0.022558905237164317,0.17324405185923922,0.4925711683442245
0.022584628048153102,0.17324405185923922,0.4925589905272374
0.022584628048153102,0.17352899273400768,0.49246301422625666
0.022610350859141887,0.17352899273400768,0.49241305493708426
0.022610350859141887,0.1742413449209289,0.4918106704732976
0.022661796481119458,0.1742413449209289,0.49168949042127313
0.022661796481119458,0.1745262857956974,0.4915692095364104
0.02268751929210824,0.1745262857956974,0.4914136325974412
0.02268751929210824,0.1748112266704659,0.49139265053539455
0.02273896491408581,0.1748112266704659,0.49101850786800255
0.02273896491408581,0.17509616754523435,0.4907315582784415
0.02289330178001852,0.17509616754523435,0.49035750044107496
0.02289330178001852,0.1752386379826186,0.4903534137342171
0.022919024591007305,0.1752386379826186,0.4901968566996406
0.022919024591007305,0.17538110842000285,0.4901625593500021
0.02294474740199609,0.17538110842000285,0.49015845973628125
0.02294474740199609,0.17566604929477134,0.4900335285731475
0.022970470212984876,0.17566604929477134,0.48998720825436326
0.022970470212984876,0.17652087191907678,0.4896396460542916
0.02299619302397366,0.17652087191907678,0.4895134743895578
0.02299619302397366,0.17666334235646103,0.48944665198469944
0.02304763864595123,0.17666334235646103,0.4891687952580555
0.02304763864595123,0.17709075366861377,0.4889066836575543
0.0230990842679288,0.17709075366861377,0.48886922848187697
0.0230990842679288,0.17737569454338226,0.48863499240174973
0.02315052988990637,0.17737569454338226,0.48857544442158457
0.02315052988990637,0.17766063541815075,0.488519792327352
0.023176252700895152,0.17766063541815075,0.4884745850973588
0.023176252700895152,0.17780310585553497,0.4884224329253792
0.023227698322872723,0.17780310585553497,0.4882821902322884
0.023227698322872723,0.1779455762929192,0.48825182222977326
0.023279143944850294,0.1779455762929192,0.48818065529966326
0.023279143944850294,0.17808804673030346,0.48816499744652103
0.02330486675583908,0.17808804673030346,0.4880787276431523
0.02330486675583908,0.1782305171676877,0.4880318859399067
0.023356312377816647,0.1782305171676877,0.48799263392639886
0.023356312377816647,0.17837298760507195,0.48789937063792616
0.023382035188805432,0.17837298760507195,0.48788835158663374
0.023382035188805432,0.1785154580424562,0.4877032532586311
0.023459203621771788,0.1785154580424562,0.4876280632774224
0.023459203621771788,0.17865792847984044,0.4876061965720537
0.023510649243749356,0.17865792847984044,0.48756605819673177
0.023510649243749356,0.17880039891722468,0.4875628229652117
0.023562094865726926,0.17880039891722468,0.48732918748083487
0.023562094865726926,0.17894286935460893,0.48729173407461907
0.023613540487704497,0.17894286935460893,0.48724427355204725
0.023613540487704497,0.17908533979199315,0.48721687769895855
0.023639263298693283,0.1792278102293774,0.4871616780089934
0.023664986109682064,0.1792278102293774,0.4869602251318261
0.023664986109682064,0.17965522154153013,0.486860804961843
0.02369070892067085,0.17965522154153013,0.48676235911166976
0.02369070892067085,0.1802251032910671,0.4866240990257695
0.023716431731659635,0.1802251032910671,0.48654885011502436
0.023716431731659635,0.18036757372845136,0.4865056433082202
0.02384504578660356,0.18036757372845136,0.48624376748967396
0.02384504578660356,0.18051004416583558,0.4862089236987179
0.023870768597592344,0.18051004416583558,0.48616896111022334
0.023870768597592344,0.1809374554779883,0.4860147182492892
0.0239479370305587,0.1809374554779883,0.4856811665772316
0.0239479370305587,0.18107992591537256,0.48565556817157357
0.023973659841547486,0.18107992591537256,0.4856132469047718
0.023973659841547486,0.1812223963527568,0.4855907774052662
0.024076551085502624,0.1812223963527568,0.48539861819315955
0.024076551085502624,0.18136486679014105,0.48538970253019204
0.024127996707480195,0.18136486679014105,0.48526797493899526
0.024127996707480195,0.1817922781022938,0.4850295566232032
0.024153719518468977,0.1817922781022938,0.48499816142554364
0.024153719518468977,0.181934748539678,0.484992407440747
0.024205165140446547,0.181934748539678,0.4849198085352517
0.024205165140446547,0.1822196894144465,0.4846334141245705
0.024230887951435333,0.18236215985183074,0.48457159049696424
0.024256610762424118,0.18236215985183074,0.48452418463278224
0.024256610762424118,0.18264710072659923,0.4845009546737635
0.02433377919539047,0.18264710072659923,0.48439473777799685
0.024385224817368042,0.18264710072659923,0.4839592912110968
0.024385224817368042,0.18293204160136772,0.4838550586629594
0.024513838872311965,0.18293204160136772,0.4835880167601878
0.024513838872311965,0.18321698247613621,0.4834757020026531
0.02453956168330075,0.18321698247613621,0.48329789509376575
0.02453956168330075,0.18335945291352043,0.48326876779319955
0.024565284494289536,0.18335945291352043,0.4832202074420578
0.024565284494289536,0.18350192335090468,0.4832179493274561
0.02459100730527832,0.18350192335090468,0.4832177447183383
0.02459100730527832,0.18364439378828892,0.48301116285139284
0.024668175738244674,0.18364439378828892,0.48296661558550397
0.024668175738244674,0.18378686422567317,0.4828085902325011
0.024719621360222245,0.18378686422567317,0.48280628319279606
0.0247967897931886,0.18378686422567317,0.48248006703007057
0.0247967897931886,0.18392933466305741,0.48230312907709816
0.02495112665912131,0.18392933466305741,0.4820984019508612
0.02495112665912131,0.18435674597521015,0.4820235977682183
0.024976849470110092,0.18435674597521015,0.4819342430445053
0.024976849470110092,0.1844992164125944,0.4818864116260556
0.02505401790307645,0.1844992164125944,0.4817666932719496
0.02505401790307645,0.18464168684997864,0.4817132255073968
0.025079740714065234,0.18464168684997864,0.48157732529674696
0.025079740714065234,0.1849266277247471,0.48152636418615063
0.025079740714065234,0.1852115685995156,0.48148534630037765
0.025079740714065234,0.1854965094742841,0.4813600440396909
0.02510546352505402,0.1854965094742841,0.4811955114259347
0.02510546352505402,0.18563897991166833,0.48112590933581495
0.0251311863360428,0.18563897991166833,0.4811037021877615
0.0251311863360428,0.18592392078643682,0.481009477607819
0.025182631958020372,0.18592392078643682,0.4808230978727428
0.025182631958020372,0.18606639122382107,0.48081531785172954
0.02538841444593065,0.18606639122382107,0.4803717382977637
0.02538841444593065,0.18635133209858953,0.4802379612913627
0.025414137256919437,0.18635133209858953,0.48021025551488694
0.025414137256919437,0.18692121384812652,0.4800374807328171
0.025465582878897004,0.18692121384812652,0.4799752575938091
0.025465582878897004,0.1874910955976635,0.47985303333288376
0.025517028500874575,0.1874910955976635,0.4796979252387141
0.025517028500874575,0.18763356603504772,0.4796782484533808
0.02554275131186336,0.18777603647243196,0.4796628378598663
0.025671365366807284,0.18777603647243196,0.4795828451177448
0.025671365366807284,0.1879185069098162,0.47956297084668864
0.025722810988784855,0.1879185069098162,0.47950500878506525
0.025825702232739993,0.1879185069098162,0.47940262370200254
0.025825702232739993,0.1884883886593532,0.4793462586693113
0.02585142504372878,0.1884883886593532,0.4793149412523058
0.02585142504372878,0.18863085909673744,0.47928832437613744
0.02590287066570635,0.18863085909673744,0.47899361892563985
0.02590287066570635,0.1889157999715059,0.478762053093552
0.025954316287683916,0.1889157999715059,0.47851179030420066
0.025954316287683916,0.18905827040889014,0.47848364866836685
0.026031484720650273,0.18905827040889014,0.4783794382116736
0.026031484720650273,0.1892007408462744,0.47836347482637237
0.026057207531639058,0.1892007408462744,0.4783171030677457
0.026057207531639058,0.18948568172104288,0.4782956624620121
0.02613437596460541,0.18948568172104288,0.4781562599595619
0.02613437596460541,0.18977062259581137,0.47812490910576577
0.02618582158658298,0.18977062259581137,0.47786225811151245
0.02618582158658298,0.1901980339079641,0.4777412554639991
0.026237267208560552,0.1901980339079641,0.47769257575671376
0.026237267208560552,0.19048297478273257,0.4776601543459445
0.026262990019549338,0.19048297478273257,0.47761119530665747
0.026262990019549338,0.19062544522011682,0.4775450230214977
0.026314435641526905,0.19062544522011682,0.477342021041292
0.026314435641526905,0.19076791565750106,0.47731547783964795
0.02634015845251569,0.19076791565750106,0.47725447782935876
0.02634015845251569,0.19105285653226955,0.4771718121841563
0.026365881263504476,0.19105285653226955,0.47716753585183636
0.026365881263504476,0.19176520871919076,0.4769115525547546
0.026417326885482047,0.19176520871919076,0.4767579708457572
0.026417326885482047,0.191907679156575,0.4767339936249762
0.02644304969647083,0.191907679156575,0.4766940705555556
0.02644304969647083,0.1921926200313435,0.47661480169284204
0.0264944953184484,0.1921926200313435,0.4765547535739965
0.0264944953184484,0.19233509046872774,0.4765157244864364
0.02654594094042597,0.19233509046872774,0.47638009879955606
0.02654594094042597,0.19262003134349623,0.47634857152655036
0.026623109373392323,0.19262003134349623,0.47612322807301394
0.026623109373392323,0.19304744265564897,0.47607060146951485
0.02664883218438111,0.19304744265564897,0.4760680844361052
0.02664883218438111,0.19333238353041743,0.4759864495690696
0.026674554995369894,0.19333238353041743,0.47597452451901284
0.026777446239325032,0.19333238353041743,0.47594540537791974
0.026803169050313817,0.19333238353041743,0.4758408675848545
0.026803169050313817,0.19347485396780167,0.47583594491329534
0.026828891861302603,0.19347485396780167,0.47583476314223316
0.026828891861302603,0.19361732440518592,0.47567448822769964
0.026854614672291388,0.19361732440518592,0.4756702939931563
0.026854614672291388,0.19375979484257017,0.475569765564145
0.02690606029426896,0.19375979484257017,0.47545010352841255
0.02690606029426896,0.1948995583416441,0.47510025995862165
0.02690606029426896,0.1951844992164126,0.4750886229003151
0.02690606029426896,0.19532696965379684,0.4750791354497878
0.027008951538224097,0.19532696965379684,0.4750169825661127
0.027008951538224097,0.19575438096594958,0.4748934028611497
0.027060397160201668,0.19575438096594958,0.47486843755470776
0.027060397160201668,0.19589685140333382,0.47484996235233146
0.027111842782179235,0.19589685140333382,0.47479574253363893
0.027111842782179235,0.19603932184071804,0.47479421851974696
0.027111842782179235,0.19632426271548653,0.4747794316963279
0.02713756559316802,0.19632426271548653,0.47477860438464586
0.02713756559316802,0.19646673315287078,0.4747503123694453
0.02718901121514559,0.19646673315287078,0.47471271602625065
0.02718901121514559,0.19660920359025502,0.47463235179939145
0.027266179648111944,0.19660920359025502,0.47452823366407665
0.027266179648111944,0.19675167402763927,0.47443800162448846
0.02729190245910073,0.19675167402763927,0.4744028709355686
0.02729190245910073,0.197179085339792,0.4741832777731258
0.027369070892067086,0.197179085339792,0.4741486076041873
0.027369070892067086,0.19732155577717625,0.4740902991307531
0.027369070892067086,0.1976064966519447,0.4740423403949468
0.027369070892067086,0.1981763784014817,0.47382147331082064
0.027420516514044656,0.1981763784014817,0.47372803956348525
0.027420516514044656,0.1984613192762502,0.47367938934816006
0.02744623932503344,0.1984613192762502,0.4736777829576432
0.02744623932503344,0.19874626015101865,0.4735866837083059
0.027471962136022224,0.19874626015101865,0.4734510550312628
0.027471962136022224,0.19903120102578714,0.47327513785995157
0.02754913056898858,0.19903120102578714,0.4731918830871327
0.02754913056898858,0.19974355321270837,0.47281606623447536
0.027574853379977365,0.19974355321270837,0.4726849012498552
0.027574853379977365,0.20002849408747686,0.4726186123053486
0.027600576190966147,0.20002849408747686,0.47252684043389737
0.027600576190966147,0.20031343496224532,0.4723029040839192
0.027626299001954933,0.20059837583701381,0.47228565886357315
0.027652021812943718,0.20059837583701381,0.4722835822809041
0.02770346743492129,0.20059837583701381,0.47228310814887897
0.02770346743492129,0.20074084627439806,0.47219493055584716
0.027729190245910074,0.20074084627439806,0.47217357881527816
0.027729190245910074,0.2011682575865508,0.4719465280653772
0.027857804300853998,0.2011682575865508,0.4717899524911734
0.027857804300853998,0.2014531984613193,0.4716892155086055
0.027883527111842783,0.2014531984613193,0.47168503315328786
0.02793497273382035,0.2014531984613193,0.4716394480255537
0.028012141166786707,0.2014531984613193,0.471511390495686
0.028012141166786707,0.2015956688987035,0.4714975500142041
0.028037863977775492,0.2015956688987035,0.4714207637644129
0.028037863977775492,0.20173813933608775,0.4713508762508602
0.028063586788764278,0.20173813933608775,0.47125300328734243
0.028063586788764278,0.201880609773472,0.4712462608869186
0.02808930959975306,0.201880609773472,0.47109136988700223
0.02808930959975306,0.20273543239777747,0.4707076999375841
0.0281922008437082,0.20273543239777747,0.4704422917363298
0.0281922008437082,0.20316284370993018,0.47033719899028337
0.028217923654696987,0.20316284370993018,0.4703229559724981
0.02824364646568577,0.20330531414731443,0.4703002159999822
0.028269369276674554,0.20330531414731443,0.47029774936574703
0.028269369276674554,0.20344778458469867,0.4702758209986821
0.02829509208766334,0.20344778458469867,0.47026470160855044
0.02829509208766334,0.20359025502208292,0.4702328114937342
0.02834653770964091,0.20359025502208292,0.4701152967123538
0.02834653770964091,0.20373272545946716,0.47011193004335405
0.028372260520629695,0.20373272545946716,0.47002141548366566
0.028372260520629695,0.2038751958968514,0.4699855118342421
0.028449428953596048,0.2038751958968514,0.46984328112295753
0.028526597386562404,0.2041601367716199,0.469829074959249
0.02855232019755119,0.2041601367716199,0.4697255991754927
0.02855232019755119,0.20430260720900414,0.469659886079656
0.028603765819528757,0.20430260720900414,0.4694924575843475
0.028603765819528757,0.2048724889585411,0.46921745998385334
0.0287066570634839,0.2048724889585411,0.4690282479858101
0.0287066570634839,0.20529990027069384,0.4689628230186881
0.0287066570634839,0.20558484114546233,0.4687759281589922
0.0287066570634839,0.20615472289499928,0.468602127365771
0.028732379874472684,0.20615472289499928,0.4685711870219647
0.028758102685461466,0.20629719333238353,0.4685475623142239
0.028758102685461466,0.20658213420715202,0.468493848350346
0.028835271118427822,0.20658213420715202,0.4683384040166137
0.028835271118427822,0.2068670750819205,0.4683039958090996
0.02893816236238296,0.2068670750819205,0.4682589262335666
0.02893816236238296,0.2075794272688417,0.46800049936591004
0.028963885173371746,0.2075794272688417,0.467993487341675
0.028963885173371746,0.20772189770622596,0.4679740563253892
0.02898960798436053,0.20772189770622596,0.46786787442672395
0.02898960798436053,0.20800683858099445,0.46784770935541026
0.029015330795349317,0.20800683858099445,0.4677817876493271
0.029015330795349317,0.2088616612052999,0.46723465768446376
0.029041053606338102,0.2088616612052999,0.46711988977822555
0.029041053606338102,0.20943154295483687,0.46697015953346505
0.029118222039304455,0.20943154295483687,0.46685111555276476
0.029118222039304455,0.20957401339222112,0.46684252438302604
0.02914394485029324,0.20957401339222112,0.46676594630158724
0.02914394485029324,0.20971648382960537,0.4666695255952367
0.029169667661282025,0.20971648382960537,0.46665544437947504
0.029169667661282025,0.2098589542669896,0.46656119706235044
0.02919539047227081,0.2098589542669896,0.4665434136442659
0.02919539047227081,0.21000142470437383,0.4664551331498766
0.029272558905237164,0.21000142470437383,0.46621619601761544
0.029272558905237164,0.21028636557914232,0.46613727560611934
0.029375450149192305,0.21028636557914232,0.46588983098611103
0.029375450149192305,0.21042883601652657,0.46586644468011795
0.029401172960181087,0.21042883601652657,0.46585022581583835
0.029426895771169873,0.2105713064539108,0.4658055735009951
0.029452618582158658,0.2105713064539108,0.4657990733706217
0.029452618582158658,0.2108562473286793,0.46574542371224414
0.029529787015125014,0.2108562473286793,0.46555477390089484
0.029529787015125014,0.21142612907821626,0.4654442335055029
0.02958123263710258,0.21142612907821626,0.46531917793332084
0.02958123263710258,0.211853540390369,0.4652767668679315
0.029606955448091367,0.211853540390369,0.4652065074617535
0.029606955448091367,0.21199601082775324,0.4651612693738202
0.029632678259080152,0.21228095170252173,0.4650882905435934
0.029632678259080152,0.21242342213990598,0.46506852036897883
0.02973556950303529,0.21242342213990598,0.46501196777156495
0.029761292314024076,0.21256589257729022,0.4649884681861871
0.029838460746990432,0.21256589257729022,0.4648906222318612
0.029838460746990432,0.21342071520159567,0.4645039957770522
0.029864183557979217,0.21342071520159567,0.464500077930792
0.029864183557979217,0.2138481265137484,0.46440832599408266
0.029889906368968,0.2138481265137484,0.4643757582227331
0.029889906368968,0.2142755378259011,0.4641025024720857
0.029915629179956785,0.2142755378259011,0.46407645531928277
0.029915629179956785,0.21441800826328536,0.4640681559016197
0.02994135199094557,0.21441800826328536,0.46393272985575046
0.02994135199094557,0.2145604787006696,0.4637614835654478
0.029967074801934356,0.2145604787006696,0.46364191201069377
0.029967074801934356,0.21470294913805385,0.46360870777555224
0.02999279761292314,0.21470294913805385,0.4635888662849602
0.02999279761292314,0.2151303604502066,0.4634751173316392
0.030069966045889494,0.2151303604502066,0.46338609502797057
0.030069966045889494,0.21541530132497508,0.4631935784887886
0.030172857289844635,0.21541530132497508,0.4629271942134594
0.030172857289844635,0.21641259438666477,0.46265533567268075
0.03019858010083342,0.21641259438666477,0.4626368495810393
0.03019858010083342,0.21669753526143326,0.46258137323241333
0.030250025722810988,0.21669753526143326,0.46249945354219035
0.030250025722810988,0.21698247613620175,0.46229796827369934
0.03030147134478856,0.21698247613620175,0.4622644019931295
0.03030147134478856,0.21740988744835446,0.4621887178336892
0.03035291696676613,0.21740988744835446,0.4621435312705284
0.03035291696676613,0.2175523578857387,0.46210067177858044
0.030404362588743697,0.2175523578857387,0.4620634546863486
0.030404362588743697,0.2178372987605072,0.4619583743808572
0.030430085399732482,0.2178372987605072,0.4618912440939798
0.030430085399732482,0.21826471007265993,0.46186648610604425
0.030455808210721268,0.21840718051004415,0.4618422940754422
0.030455808210721268,0.2185496509474284,0.46181637268196196
0.030532976643687624,0.2185496509474284,0.4616851825993357
0.030532976643687624,0.2188345918221969,0.4616352553901616
0.03058442226566519,0.2188345918221969,0.4616079491386629
0.03058442226566519,0.21897706225958113,0.46158526233157904
0.030610145076653977,0.21897706225958113,0.46158375651229383
0.030610145076653977,0.21926200313434963,0.4614808865717613
0.030635867887642762,0.21926200313434963,0.4613974399242816
0.030635867887642762,0.22011682575865507,0.4612818451650447
0.030764481942586686,0.22011682575865507,0.4610676005287608
0.030764481942586686,0.22025929619603932,0.4610566362803548
0.03079020475357547,0.22025929619603932,0.4610257674756241
0.03079020475357547,0.22040176663342356,0.4609853159579251
0.030841650375553042,0.2205442370708078,0.4609484840799819
0.030841650375553042,0.2208291779455763,0.4607876818254976
0.030867373186541824,0.2208291779455763,0.460775690408365
0.030867373186541824,0.2215415301324975,0.46036178143834516
0.03089309599753061,0.2215415301324975,0.4603238747057576
0.03089309599753061,0.221826471007266,0.46023736596488274
0.030918818808519394,0.221826471007266,0.4602190447231762
0.03099598724148575,0.221826471007266,0.46017649067111077
0.03109887848544089,0.221826471007266,0.46002045892259297
0.03109887848544089,0.22196894144465024,0.4599678282007685
0.031227492540384812,0.22196894144465024,0.45983006771293
0.031227492540384812,0.22211141188203448,0.45981301060233976
0.03127893816236238,0.22211141188203448,0.45972908704994425
0.03127893816236238,0.22239635275680297,0.4597128588796327
0.03130466097335117,0.22239635275680297,0.4596762475093119
0.03130466097335117,0.22268129363157144,0.45964887210339106
0.03135610659532874,0.22268129363157144,0.45964438389300305
0.03140755221730631,0.22268129363157144,0.45960479163467366
0.03143327502829509,0.22282376406895568,0.4595344697257361
0.03148472065027266,0.22282376406895568,0.45950222268826685
0.03148472065027266,0.22296623450633993,0.45933784095819324
0.031587611894227804,0.22296623450633993,0.45928563496210695
0.031587611894227804,0.22310870494372417,0.4592764415752921
0.03171622594917173,0.22310870494372417,0.4591348091879647
0.03171622594917173,0.22325117538110842,0.4590169186354143
0.03176767157114929,0.22325117538110842,0.4590125719002279
0.03176767157114929,0.22367858669326116,0.45872298566293557
0.03179339438213808,0.2238210571306454,0.4587019998279334
0.03179339438213808,0.22396352756802965,0.4586538355543147
0.031922008437082004,0.22396352756802965,0.4584033848855249
0.031922008437082004,0.2242484684427981,0.4583334362801776
0.031947731248070786,0.2242484684427981,0.4582476822120057
0.031947731248070786,0.2245334093175666,0.45823020949522075
0.03199917687004836,0.2245334093175666,0.4581176789332947
0.03199917687004836,0.22496082062971934,0.4579954290644651
0.032024899681037146,0.22496082062971934,0.4579404407548502
0.032024899681037146,0.22510329106710358,0.45789718114973255
0.0321020681140035,0.22510329106710358,0.4576714371336963
0.0321020681140035,0.2255307023792563,0.457525838167961
0.03215351373598107,0.2255307023792563,0.45739729470371904
0.03215351373598107,0.22567317281664054,0.457384656885296
0.03217923654696985,0.22567317281664054,0.45730515515026227
0.03217923654696985,0.22595811369140903,0.45719480281049757
0.03220495935795864,0.22595811369140903,0.4571665035265032
0.03220495935795864,0.22610058412879327,0.45713610301997637
0.03223068216894742,0.22610058412879327,0.4571082315537676
0.03223068216894742,0.22624305456617752,0.4570673838647042
0.032385019034880135,0.22624305456617752,0.45672244222309993
0.032385019034880135,0.22638552500356177,0.4566845914242658
0.032410741845868916,0.22638552500356177,0.4566670737679605
0.032410741845868916,0.2268129363157145,0.45660568836660537
0.03246218746784649,0.2268129363157145,0.45652133861923583
0.03246218746784649,0.22695540675309872,0.45651287436600896
0.03248791027883527,0.22695540675309872,0.4564996767203206
0.03248791027883527,0.2272403476278672,0.4561751253152848
0.03251363308982406,0.22738281806525146,0.45612655884663555
0.03253935590081284,0.22738281806525146,0.4560886286378145
0.03253935590081284,0.22766775894001995,0.45591368185341496
0.03256507871180163,0.22766775894001995,0.4558704309177889
0.03256507871180163,0.2278102293774042,0.4557745325875185
0.03259080152279041,0.2278102293774042,0.45575398037278947
0.03264224714476798,0.2278102293774042,0.4556968265602442
0.03287375244366705,0.2278102293774042,0.4553670110420352
0.03287375244366705,0.2282376406895569,0.45520100103759753
0.03300236649861097,0.2282376406895569,0.4549111927269427
0.03300236649861097,0.2285225815643254,0.4547818513825577
0.03302808930959975,0.2285225815643254,0.45477963635067165
0.03302808930959975,0.22866505200170964,0.4547649948308215
0.03305381212058854,0.22866505200170964,0.4547254402356408
0.033105257742566105,0.22866505200170964,0.4547000411633391
0.033105257742566105,0.22880752243909389,0.45459405165371414
0.033156703364543676,0.22880752243909389,0.4545917193704713
0.033156703364543676,0.22923493375124662,0.4544591775711088
0.033208148986521246,0.22923493375124662,0.45426154858636114
0.033208148986521246,0.22937740418863087,0.4540786455296831
0.033233871797510035,0.22937740418863087,0.4540090662011496
0.033233871797510035,0.22966234506339933,0.4538639218480164
0.03336248585245396,0.22966234506339933,0.4537124434979489
0.03336248585245396,0.22980481550078358,0.4536057395861164
0.03343965428542031,0.22980481550078358,0.4533637320837305
0.03343965428542031,0.22994728593816782,0.45334454364336724
0.03349109990739788,0.22994728593816782,0.4533348909561176
0.03349109990739788,0.23008975637555207,0.45331385573132904
0.033516822718386664,0.23008975637555207,0.45330336316593645
0.03354254552937545,0.2302322268129363,0.4532709391257443
0.03354254552937545,0.23037469725032056,0.4532665580126208
0.033568268340364235,0.23037469725032056,0.45319497868419545
0.033568268340364235,0.231229519874626,0.45289573807422406
0.03369688239530816,0.231229519874626,0.4526716978786088
0.03369688239530816,0.23165693118677874,0.45241048636240677
0.03372260520629695,0.23165693118677874,0.4523891927378615
0.03372260520629695,0.2325117538110842,0.45221433701721875
0.03377405082827451,0.2325117538110842,0.45208684802539595
0.03377405082827451,0.23265422424846843,0.4520679956091396
0.033902664883218435,0.23265422424846843,0.45183915003173825
0.033902664883218435,0.23279669468585268,0.45182851152387726
0.033979833316184795,0.23279669468585268,0.45177406273857695
0.033979833316184795,0.23308163556062117,0.45170271743374973
0.034005556127173577,0.23308163556062117,0.45168924390401727
0.034005556127173577,0.23336657643538966,0.45166369378791515
0.03405700174915115,0.23336657643538966,0.4514469114003428
0.03405700174915115,0.23365151731015815,0.4513125841287921
0.03408272456013993,0.23365151731015815,0.4512860419030316
0.03408272456013993,0.2337939877475424,0.45126856163510587
0.03415989299310629,0.2337939877475424,0.4512334698863432
0.03415989299310629,0.23393645818492662,0.4512120197008054
0.03418561580409507,0.23393645818492662,0.4512029773954333
0.03423706142607264,0.23407892862231086,0.45110940562445956
0.03423706142607264,0.23436386949707935,0.4510534424269496
0.03428850704805021,0.23436386949707935,0.4509445663688446
0.03428850704805021,0.23464881037184784,0.45088966050298845
0.034314229859038994,0.23464881037184784,0.45088436028907697
0.034314229859038994,0.23507622168400058,0.4507741243436368
0.034365675481016565,0.23507622168400058,0.45067958375072154
0.034365675481016565,0.23521869212138483,0.45058373112991046
0.03444284391398292,0.23521869212138483,0.45051738396240953
0.03444284391398292,0.23536116255876904,0.45041332852637356
0.03452001234694928,0.23536116255876904,0.4502734439902008
0.03452001234694928,0.23564610343353753,0.4501828428437016
0.0346486264018932,0.23564610343353753,0.44983211139253865
0.0346486264018932,0.23578857387092178,0.44980154101428016
0.03467434921288198,0.23578857387092178,0.4496162395601509
0.03467434921288198,0.23593104430830603,0.44961163284830696
0.03470007202387077,0.23593104430830603,0.44957880538316247
0.03470007202387077,0.23607351474569027,0.4494925686572164
0.03480296326782591,0.23607351474569027,0.44931399884702516
0.03480296326782591,0.23664339649522725,0.449051540906686
0.03493157732276983,0.23664339649522725,0.4487930474969966
0.03493157732276983,0.23678586693261147,0.4487471436217966
0.03513735981068011,0.23678586693261147,0.44850753578859875
0.03513735981068011,0.23692833736999572,0.4483638433112076
0.03526597386562404,0.23692833736999572,0.44826221105255354
0.03526597386562404,0.2372132782447642,0.448258731906823
0.03536886510957917,0.2372132782447642,0.44817728956002406
0.03536886510957917,0.23735574868214845,0.4481757263577895
0.03542031073155674,0.23735574868214845,0.4479606618827874
0.03542031073155674,0.2374982191195327,0.4479505333599482
0.03547175635353431,0.23764068955691695,0.44791277935703877
0.03547175635353431,0.23792563043168544,0.44783933425512384
0.035548924786500666,0.23792563043168544,0.4476453567767747
0.035548924786500666,0.23806810086906965,0.4476204245305123
0.035626093219467025,0.23806810086906965,0.44745895475760045
0.035626093219467025,0.23835304174383815,0.44742257507666316
0.03565181603045581,0.23835304174383815,0.4474026534577262
0.03565181603045581,0.2384955121812224,0.4473395756773553
0.035677538841444596,0.2384955121812224,0.44730478653404565
0.035677538841444596,0.23863798261860664,0.44730319378524835
0.03572898446342216,0.23863798261860664,0.4472655529031967
0.03572898446342216,0.23892292349337513,0.4472202626496862
0.03578043008539973,0.23892292349337513,0.44714680832033094
0.03578043008539973,0.23906539393075937,0.4471316912884757
0.035960489762321225,0.23906539393075937,0.44685360483833525
0.035986212573310014,0.23920786436814362,0.4467766343829161
0.03606338100627637,0.23920786436814362,0.4465915076922926
0.03606338100627637,0.23963527568029633,0.44651927530200436
0.03624344068319786,0.23963527568029633,0.4462573965721268
0.03629488630517543,0.23977774611768057,0.4462398673029298
0.03629488630517543,0.24034762786721756,0.4461734400385465
0.036320609116164214,0.24034762786721756,0.4461719982133173
0.036320609116164214,0.2404900983046018,0.4461034147645151
0.03644922317110814,0.2404900983046018,0.44579095160882926
0.03644922317110814,0.24063256874198605,0.44562855280344443
0.03650066879308571,0.24063256874198605,0.44561389691776476
0.03650066879308571,0.2407750391793703,0.4456017972014677
0.03655211441506328,0.2407750391793703,0.4454710280007455
0.03655211441506328,0.2409175096167545,0.445456835080096
0.03660356003704085,0.2409175096167545,0.4453439294990434
0.03660356003704085,0.24105998005413876,0.44521812624197993
0.03662928284802963,0.2414873913662915,0.445214804794713
0.03665500565901842,0.2414873913662915,0.4451849763282542
0.03665500565901842,0.24162986180367574,0.44514282649416487
0.03665500565901842,0.24191480267844423,0.44513886445100204
0.0366807284700072,0.24191480267844423,0.4451157101915762
0.03673217409198477,0.24205727311582848,0.4450992132085786
0.03673217409198477,0.24219974355321272,0.4449708489341452
0.036757896902973555,0.24219974355321272,0.44495265520456745
0.036757896902973555,0.24234221399059694,0.4449435032786069
0.036783619713962344,0.24234221399059694,0.4448496660860076
0.036783619713962344,0.24248468442798118,0.444667522722499
0.0368607881469287,0.24248468442798118,0.4443449608498264
0.0368607881469287,0.24291209574013392,0.44426293619385754
0.03693795657989505,0.24291209574013392,0.44404682262944073
0.03693795657989505,0.24305456617751817,0.44401766824233596
0.03698940220187262,0.24305456617751817,0.44398904084813196
0.03698940220187262,0.24333950705228666,0.4439631887949886
0.03704084782385019,0.24333950705228666,0.4439326858720303
0.03704084782385019,0.24362444792705515,0.44370836890992654
0.03714373906780533,0.24362444792705515,0.4435684808969954
0.03714373906780533,0.24376691836443937,0.4434639631920153
0.037169461878794115,0.24376691836443937,0.4434377288257011
0.037169461878794115,0.2439093888018236,0.4434299364035281
0.037220907500771686,0.2439093888018236,0.4432115432072475
0.037220907500771686,0.24405185923920786,0.4431533396002194
0.03724663031176047,0.24405185923920786,0.44308179234034417
0.03724663031176047,0.2441943296765921,0.4430814490508877
0.037272353122749256,0.2441943296765921,0.4430243996168693
0.037272353122749256,0.24462174098874484,0.44299061711313165
0.03745241279967075,0.24462174098874484,0.44250266260366966
0.03745241279967075,0.24490668186351333,0.4424268634284828
0.037581026854614674,0.24490668186351333,0.4421374933644239
0.037581026854614674,0.24504915230089758,0.4421055566481369
0.03778680934252495,0.24504915230089758,0.441514412691169
0.03778680934252495,0.2451916227382818,0.4414752784870291
0.03781253215351374,0.2451916227382818,0.44142580127377795
0.03781253215351374,0.24561903405043453,0.4413778599323596
0.03783825496450252,0.24561903405043453,0.441304820495628
0.03783825496450252,0.24576150448781878,0.4413006844821078
0.037966869019446445,0.24604644536258727,0.4412881889246147
0.037966869019446445,0.2461889157999715,0.4412101074315251
0.038018314641424016,0.2461889157999715,0.4411631367543878
0.038018314641424016,0.24633138623735576,0.4411562294146198
0.0380440374524128,0.24633138623735576,0.44109656054378354
0.0380440374524128,0.24647385667474,0.44108164404275896
0.03812120588537916,0.24647385667474,0.44090992568886034
0.03812120588537916,0.24690126798689271,0.44078816804798715
0.03819837431834551,0.24690126798689271,0.4407411317482247
0.03819837431834551,0.2471862088616612,0.4406117122876827
0.03827554275131186,0.2471862088616612,0.44057826926848176
0.03827554275131186,0.24732867929904545,0.44057509458083094
0.03830126556230065,0.24732867929904545,0.44051625046053067
0.03830126556230065,0.2474711497364297,0.44051172434356767
0.0385584936721885,0.2474711497364297,0.43995647876236155
0.0385584936721885,0.2477560906111982,0.4398097215235678
0.03866138491614363,0.2478985610485824,0.43980208036519913
0.03873855334910999,0.2478985610485824,0.43968756911081275
0.038764276160098775,0.2481835019233509,0.4396867803317341
0.038764276160098775,0.2484684427981194,0.4396192061545034
0.03884144459306513,0.2484684427981194,0.43954854868335247
0.03884144459306513,0.24875338367288788,0.4393496727754425
0.03894433583702027,0.24875338367288788,0.43919256375431787
0.03894433583702027,0.24889585411027212,0.4391814027279262
0.03897005864800905,0.24889585411027212,0.4391619515751305
0.03897005864800905,0.24903832454765637,0.4391577480314263
0.03899578145899784,0.24903832454765637,0.4390553986741925
0.03902150426998662,0.24918079498504062,0.4390506843243004
0.03902150426998662,0.24946573585980908,0.43903021001251724
0.03902150426998662,0.24960820629719332,0.439030126923614
0.03907294989196419,0.24960820629719332,0.4389380717820529
0.03907294989196419,0.24975067673457757,0.4389256373779769
0.039175841135919334,0.24975067673457757,0.4387974385043604
0.039175841135919334,0.2501780880467303,0.4385402260235438
0.039201563946908116,0.2501780880467303,0.4384461565954125
0.039201563946908116,0.25032055848411455,0.438399694836308
0.039227286757896905,0.25032055848411455,0.4383573407501858
0.039227286757896905,0.2507479697962673,0.43817474840114834
0.03925300956888569,0.2507479697962673,0.43813515571948414
0.03925300956888569,0.25089044023365153,0.43810030091276797
0.039278732379874476,0.25089044023365153,0.4380579966863147
0.039278732379874476,0.2510329106710358,0.437964069358024
0.03930445519086326,0.2510329106710358,0.437893411920134
0.03930445519086326,0.25131785154580427,0.4378535439026148
0.03935590081284083,0.25131785154580427,0.43783860365683913
0.03935590081284083,0.25146032198318846,0.437766131017897
0.03938162362382961,0.25146032198318846,0.4377572649811609
0.03938162362382961,0.2516027924205727,0.43770192852891754
0.03943306924580718,0.2516027924205727,0.43765132063500634
0.03943306924580718,0.25174526285795695,0.43764324569367874
0.03945879205679596,0.25174526285795695,0.43759689822099457
0.03945879205679596,0.2521726741701097,0.4375038551770731
0.03948451486778475,0.2521726741701097,0.43742837350550945
0.03948451486778475,0.25231514460749394,0.43740625541778005
0.039561683300751105,0.25231514460749394,0.43737780469330856
0.039561683300751105,0.25274255591964667,0.43721032038064617
0.03963885173371746,0.25274255591964667,0.4368273050159479
0.03963885173371746,0.2531699672317994,0.43661458230440214
0.039664574544706246,0.2531699672317994,0.4365806617105998
0.039664574544706246,0.25359737854395215,0.43651588931370405
0.03971602016668382,0.25359737854395215,0.4364605449520664
0.03971602016668382,0.25388231941872064,0.43641446240969284
0.03979318859965017,0.25388231941872064,0.43624839068173776
0.03979318859965017,0.25416726029348913,0.4361113493245293
0.03981891141063895,0.25416726029348913,0.436055265833368
0.03981891141063895,0.2543097307308733,0.4359814640430772
0.03984463422162774,0.2543097307308733,0.43595392860462917
0.03984463422162774,0.25445220116825756,0.4358899952710166
0.039921802654594093,0.2548796124804103,0.4358856955378887
0.03994752546558288,0.2548796124804103,0.43583868136207476
0.039973248276571664,0.25502208291779455,0.43582469868636065
0.040024693898549235,0.25502208291779455,0.4357955447914228
0.040024693898549235,0.2551645533551788,0.4357849450870546
0.040076139520526806,0.2551645533551788,0.4357300361713641
0.040076139520526806,0.2561618464168685,0.4354936207560358
0.04010186233151559,0.2561618464168685,0.4354776689611669
0.04010186233151559,0.25630431685425276,0.4354579791282831
0.04012758514250437,0.25630431685425276,0.4351655878148153
0.04012758514250437,0.256446787291637,0.4351451339328685
0.04015330795349316,0.256446787291637,0.43514098402511187
0.04015330795349316,0.25687419860378974,0.43479652727619844
0.04017903076448194,0.25687419860378974,0.4346941136122655
0.04017903076448194,0.257016669041174,0.43468281873706754
0.04020475357547073,0.257016669041174,0.43455461369697485
0.04020475357547073,0.2571591394785582,0.43445549587035626
0.04023047638645951,0.2571591394785582,0.434393714754958
0.04023047638645951,0.25744408035332667,0.43425391270177066
0.0402561991974483,0.25744408035332667,0.43419231556477095
0.0402561991974483,0.2575865507907109,0.43416824210858695
0.04033336763041465,0.2575865507907109,0.43399502255617783
0.04033336763041465,0.25772902122809516,0.43393761896067584
0.040436258874369795,0.25772902122809516,0.43387224316717354
0.040436258874369795,0.2578714916654794,0.4338497283697643
0.04048770449634736,0.2578714916654794,0.4337711018922753
0.04048770449634736,0.25829890297763214,0.43360414966365673
0.0405905957403025,0.25829890297763214,0.4334455182853758
0.0405905957403025,0.2584413734150164,0.43339322016929904
0.04064204136228007,0.2584413734150164,0.4332703591976235
0.04069348698425764,0.25858384385240063,0.43324009835422306
0.04074493260623521,0.25858384385240063,0.4331388536811381
0.040770655417223994,0.2587263142897849,0.4331345742371333
0.040770655417223994,0.2588687847271691,0.4331143541050188
0.040822101039201565,0.2588687847271691,0.4330000056467038
0.040822101039201565,0.2594386664767061,0.43278968401209633
0.04097643790513427,0.2594386664767061,0.43266461285566443
0.04097643790513427,0.25958113691409035,0.4326632801441404
0.04105360633810063,0.25958113691409035,0.43242905092657696
0.04105360633810063,0.2597236073514746,0.4324222367955631
0.041182220393044554,0.2597236073514746,0.43225842001534065
0.041182220393044554,0.26000854822624303,0.4321039655925078
0.041207943204033336,0.26000854822624303,0.4319863919435585
0.041207943204033336,0.2601510186636273,0.43197791323167306
0.04128511163699969,0.2601510186636273,0.4317518148273672
0.04128511163699969,0.26043595953839577,0.4316613899799299
0.04131083444798848,0.26043595953839577,0.4316492695401707
0.04131083444798848,0.2608633708505485,0.4313803482831886
0.0414394485029324,0.2608633708505485,0.4312525075938933
0.04149089412490997,0.2608633708505485,0.43123520854271796
0.041516616935898754,0.2608633708505485,0.43121849263527473
0.041516616935898754,0.26100584128793275,0.43119569771247357
0.04154233974688754,0.26100584128793275,0.43117374663896
0.04154233974688754,0.261148311725317,0.4310906702943943
0.041619508179853895,0.261148311725317,0.430970364522868
0.041619508179853895,0.26129078216270124,0.4309529622356455
0.04169667661282025,0.26129078216270124,0.430676508690025
0.04169667661282025,0.261718193474854,0.4306325762496921
0.04174812223479782,0.261718193474854,0.43054381317213164
0.04174812223479782,0.2618606639122382,0.43052902859437536
0.0417738450457866,0.2618606639122382,0.4305208578273099
0.0417738450457866,0.26228807522439096,0.4304772610088623
0.04179956785677539,0.26228807522439096,0.43045863994430367
0.04179956785677539,0.2624305456617752,0.43034119209175903
0.04192818191171931,0.2624305456617752,0.4302643256484921
0.04192818191171931,0.26271548653654364,0.4301751855548669
0.041953904722708095,0.26271548653654364,0.4300954417459485
0.041953904722708095,0.2628579569739279,0.4300694516266674
0.042031073155674455,0.2628579569739279,0.4298068114144704
0.042031073155674455,0.26300042741131213,0.4297857229287091
0.04208251877765202,0.26300042741131213,0.4295976949062975
0.04208251877765202,0.2635703091608491,0.4294205634941073
0.04213396439962959,0.2635703091608491,0.42927365940945683
0.04213396439962959,0.26371277959823336,0.42920088145161717
0.04218541002160716,0.26371277959823336,0.4291956193470863
0.04218541002160716,0.2638552500356176,0.4291422532541883
0.04221113283259595,0.2638552500356176,0.42910501492106085
0.04223685564358473,0.26399772047300185,0.4290455744052576
0.04223685564358473,0.26428266134777034,0.42894069584866973
0.0422883012655623,0.26428266134777034,0.4288509525939494
0.0422883012655623,0.2647100726599231,0.42868492705147787
0.04239119250951744,0.2647100726599231,0.4284659984488461
0.04239119250951744,0.2648525430973073,0.42842801819303294
0.042416915320506225,0.2648525430973073,0.42840221358011
0.042416915320506225,0.2651374839720758,0.428211249083974
0.04249408375347258,0.2651374839720758,0.42807970138087137
0.04249408375347258,0.26527995440946006,0.42807370914347953
0.0426226978084165,0.26527995440946006,0.42782882099551206
0.0426226978084165,0.2654224248468443,0.42779544680832704
0.04264842061940529,0.2654224248468443,0.42777403534655845
0.04264842061940529,0.26570736572161274,0.4276936584388118
0.04272558905237164,0.26570736572161274,0.4275931621093339
0.04272558905237164,0.2661347770337655,0.4275808544132634
0.042802757485337996,0.2661347770337655,0.42735339543439393
0.042802757485337996,0.2671320700954552,0.4271154679363623
0.04293137154028192,0.2671320700954552,0.42698194863932265
0.04295709435127071,0.26727454053283944,0.4269775410563953
0.04300853997324828,0.26727454053283944,0.4268858931760454
0.04300853997324828,0.26798689271976067,0.42649425726999535
0.04308570840621463,0.26798689271976067,0.4264719511374529
0.04308570840621463,0.2681293631571449,0.42646496367719317
0.0431371540281922,0.2681293631571449,0.42644706909443414
0.0431371540281922,0.2682718335945291,0.4264443244562211
0.04324004527214734,0.2682718335945291,0.42622516871780214
0.04324004527214734,0.26841430403191335,0.4261879790201197
0.0434715505710464,0.26841430403191335,0.4258602827420379
0.0434715505710464,0.2685567744692976,0.4258308065125022
0.04352299619302397,0.2685567744692976,0.4257522273053501
0.04352299619302397,0.26869924490668184,0.4257325249953458
0.04354871900401276,0.26869924490668184,0.42572531486505444
0.04354871900401276,0.2688417153440661,0.4257231114992144
0.043600164625990326,0.2688417153440661,0.4255640235420032
0.043600164625990326,0.26898418578145034,0.4254921486819433
0.0436516102479679,0.26898418578145034,0.42543713637836306
0.0436516102479679,0.2691266562188346,0.4253716501218502
0.043677333058956685,0.2691266562188346,0.42532109322959405
0.043677333058956685,0.2692691266562188,0.42530927968010784
0.04370305586994547,0.2692691266562188,0.42525708559884445
0.04370305586994547,0.2694115970936031,0.42524125789567185
0.04375450149192304,0.2694115970936031,0.4250933799602559
0.04375450149192304,0.26969653796837156,0.4250360332409485
0.04380594711390061,0.26969653796837156,0.4249949667170553
0.04380594711390061,0.26998147884314005,0.42489757384037996
0.04383166992488939,0.26998147884314005,0.4248839962784223
0.04383166992488939,0.2701239492805243,0.4248135530983194
0.04385739273587818,0.2701239492805243,0.42477245951553955
0.04385739273587818,0.2706938310300613,0.4246027698476099
0.043908838357855744,0.2706938310300613,0.4244162931266958
0.043908838357855744,0.27083630146744553,0.4243877062366286
0.043960283979833314,0.27083630146744553,0.424317308118202
0.043960283979833314,0.27140618321698246,0.4240680199462283
0.0439860067908221,0.27140618321698246,0.4240250572928715
0.0439860067908221,0.2715486536543667,0.4239985921741379
0.044011729601810885,0.2715486536543667,0.423907853157447
0.044011729601810885,0.27169112409175095,0.42385045540860833
0.044063175223788456,0.27169112409175095,0.4237315982801084
0.044063175223788456,0.27197606496651944,0.423524712816473
0.04408889803477724,0.27197606496651944,0.42351850117931905
0.04414034365675481,0.27197606496651944,0.423402600465552
0.04419178927873238,0.27197606496651944,0.423353302673097
0.04419178927873238,0.2721185354039037,0.4232966399457969
0.04421751208972116,0.27226100584128793,0.4232520201849173
0.04421751208972116,0.2724034762786722,0.4232411118015644
0.04426895771169873,0.2724034762786722,0.4232013538119991
0.04426895771169873,0.27268841715344067,0.42317094841149383
0.04429468052268752,0.27268841715344067,0.4231101397393611
0.04429468052268752,0.2728308875908249,0.4231006695597832
0.0443204033336763,0.2728308875908249,0.4230591215436549
0.0443204033336763,0.27297335802820916,0.4229110967472227
0.04434612614466509,0.27297335802820916,0.42290867464248577
0.04434612614466509,0.2731158284655934,0.4228698325503336
0.04444901738862023,0.2731158284655934,0.4227355615521873
0.04444901738862023,0.27325829890297765,0.42272025743563146
0.04462907706554172,0.27325829890297765,0.4222951309819731
0.04468052268751929,0.2734007693403619,0.42227580697086053
0.044757691120485645,0.2734007693403619,0.42211208711252324
0.044757691120485645,0.2736857102151304,0.4219153154138987
0.044834859553452004,0.2736857102151304,0.42186872483106874
0.044834859553452004,0.27382818065251463,0.4218148871703576
0.044860582364440786,0.27382818065251463,0.4217721837382194
0.044860582364440786,0.2739706510898988,0.4217292828566301
0.04493775079740714,0.2739706510898988,0.421701866729668
0.04493775079740714,0.27411312152728307,0.4216691899399261
0.04496347360839593,0.27411312152728307,0.4216640180578626
0.04496347360839593,0.27468300327682005,0.4215051203894443
0.04498919641938471,0.27468300327682005,0.4214908087232085
0.04498919641938471,0.27525288502635703,0.42124822494451836
0.04504064204136228,0.27525288502635703,0.4212315221157458
0.04504064204136228,0.2755378259011255,0.4211645851104379
0.04514353328531742,0.2755378259011255,0.4209789057227952
0.04514353328531742,0.275822766775894,0.42093865494695487
0.045169256096306204,0.275822766775894,0.42092938628209275
0.045169256096306204,0.27596523721327826,0.42091358172333176
0.045194978907294986,0.27596523721327826,0.4208924239742734
0.045194978907294986,0.2761077076506625,0.42088776506007136
0.04529787015125013,0.2761077076506625,0.42076616151803287
0.0453493157732277,0.27625017808804675,0.42070739448282035
0.0453493157732277,0.276392648525431,0.4206607880829088
0.04545220701718284,0.276392648525431,0.4205106226074052
0.04545220701718284,0.27653511896281524,0.4204995695297051
0.04547792982817162,0.27653511896281524,0.4204710852596214
0.04558082107212676,0.27653511896281524,0.42045569858751886
0.0456837123160819,0.27653511896281524,0.42024539077674206
0.0456837123160819,0.2768200598375837,0.4201755992758381
0.04576088074904826,0.27710500071235217,0.42014412552515557
0.04576088074904826,0.2772474711497364,0.4201374697162394
0.04578660356003704,0.2772474711497364,0.4200981051461214
0.04578660356003704,0.2775324120245049,0.42002128350318
0.04586377199300339,0.2775324120245049,0.4199823886916766
0.04586377199300339,0.27767488246188915,0.4199670408929675
0.045966663236958534,0.27767488246188915,0.4197219229466324
0.045966663236958534,0.2778173528992734,0.4197022712440678
0.046018108858936105,0.2778173528992734,0.4196031159181548
0.046018108858936105,0.2781022937740419,0.41958073553803793
0.04604383166992489,0.2781022937740419,0.41944094491154343
0.04604383166992489,0.27824476421142613,0.41936405131413396
0.04609527729190246,0.27824476421142613,0.4192987754157297
0.04609527729190246,0.2785297050861946,0.4192070110631977
0.0461981685358576,0.2785297050861946,0.419057576831953
0.04624961415783517,0.2785297050861946,0.41905568296255036
0.04624961415783517,0.27895711639834736,0.4189589984894561
0.04630105977981274,0.27895711639834736,0.41891400500156356
0.04630105977981274,0.2790995868357316,0.41889826091824517
0.04632678259080152,0.27924205727311585,0.41886559336303547
0.04637822821277909,0.27924205727311585,0.4188396652637086
0.04637822821277909,0.2795269981478843,0.4187365696870427
0.046403951023767875,0.2795269981478843,0.41873209267201555
0.046403951023767875,0.2798119390226528,0.41872858623439546
0.046481119456734235,0.2798119390226528,0.4186044385082417
0.046481119456734235,0.280524291209574,0.41846220811538526
0.04650684226772302,0.280524291209574,0.4184614300351641
0.04650684226772302,0.2813791138338795,0.41814728498018994
0.04655828788970059,0.2813791138338795,0.4181002992887995
0.04655828788970059,0.2815215842712637,0.41809396929647324
0.04660973351167816,0.2815215842712637,0.41797861322451096
0.04660973351167816,0.28166405470864797,0.4179092521662822
0.04663545632266694,0.28166405470864797,0.417881858134572
0.04663545632266694,0.2818065251460322,0.41786150656555515
0.04668690194464451,0.2818065251460322,0.41782933919290943
0.04668690194464451,0.28194899558341646,0.4178291065311003
0.04673834756662208,0.28194899558341646,0.4177480173314837
0.04673834756662208,0.28237640689556914,0.41770225718605886
0.046815515999588435,0.28237640689556914,0.4175286083364611
0.046815515999588435,0.28266134777033763,0.4173733438111894
0.04684123881057722,0.28266134777033763,0.417352075705373
0.04684123881057722,0.2828038182077219,0.4173271177187073
0.046866961621566006,0.2828038182077219,0.4173116237409038
0.04689268443255479,0.2829462886451061,0.4172778776270183
0.046918407243543576,0.2829462886451061,0.4172463512307552
0.046918407243543576,0.28308875908249037,0.41720503073743476
0.04702129848749871,0.28308875908249037,0.4170748442589137
0.04702129848749871,0.2832312295198746,0.41706682262214234
0.04707274410947628,0.2832312295198746,0.4169962379770942
0.04707274410947628,0.28337369995725886,0.4169708391960198
0.04709846692046507,0.28337369995725886,0.41696993510000757
0.04709846692046507,0.2835161703946431,0.4169672771474036
0.047175635353431424,0.2835161703946431,0.41675271203129893
0.047175635353431424,0.2838011112694116,0.41672424663795055
0.047201358164420205,0.2838011112694116,0.41668008580936977
0.047252803786397776,0.2838011112694116,0.41664493235134753
0.047278526597386565,0.2838011112694116,0.41658152218914835
0.047278526597386565,0.2840860521441801,0.41656667771528627
0.04732997221936413,0.2840860521441801,0.416424891625813
0.04732997221936413,0.28422852258156434,0.41641009183482236
0.04735569503035292,0.28422852258156434,0.4164012166936974
0.0473814178413417,0.2843709930189486,0.416386437606283
0.04740714065233049,0.2843709930189486,0.41632405317127874
0.04740714065233049,0.2846559338937171,0.41628994801901653
0.04740714065233049,0.2847984043311013,0.4162482641143168
0.04745858627430806,0.2847984043311013,0.41615492146584837
0.04745858627430806,0.28494087476848556,0.4161347208888511
0.04748430908529684,0.28494087476848556,0.41612579790291443
0.04748430908529684,0.285225815643254,0.4160390424555496
0.04751003189628562,0.285225815643254,0.4160010593202231
0.04751003189628562,0.285795697392791,0.41589607373699944
0.047612923140240765,0.285795697392791,0.4158321868983548
0.047612923140240765,0.2859381678301752,0.4158095359171257
0.047638645951229554,0.2859381678301752,0.41579492544533936
0.047638645951229554,0.2860806382675595,0.4157767979945269
0.04774153719518469,0.2860806382675595,0.4154589171428499
0.04774153719518469,0.2862231087049437,0.41542056642445774
0.04776726000617348,0.28636557914232796,0.41540593955542404
0.04781870562815104,0.28636557914232796,0.41531248484027483
0.04781870562815104,0.2865080495797122,0.4153112498682527
0.04784442843913983,0.2865080495797122,0.41530632122256605
0.04784442843913983,0.2867929904544807,0.41523576505484366
0.04792159687210618,0.2867929904544807,0.4151219578754976
0.04792159687210618,0.28693546089186495,0.41505754706336434
0.047973042494083754,0.28693546089186495,0.4149616401426708
0.047973042494083754,0.2870779313292492,0.4149581346658076
0.048024488116061324,0.2870779313292492,0.4148987935486985
0.048024488116061324,0.28722040176663344,0.4148606352458166
0.048127379360016466,0.28722040176663344,0.41469027124690383
0.048127379360016466,0.2873628722040177,0.41465941730594214
0.04815310217100525,0.2873628722040177,0.41455426025848613
0.04815310217100525,0.28750534264140193,0.41454183626203744
0.04817882498199403,0.28750534264140193,0.41453711331744597
0.04817882498199403,0.2877902835161704,0.41436762293417373
0.0482302706039716,0.2877902835161704,0.41428403979799044
0.0482302706039716,0.2882176948283231,0.4141024573601518
0.04825599341496039,0.2882176948283231,0.4140244505615956
0.04825599341496039,0.28836016526570735,0.4139939747098373
0.04828171622594917,0.28836016526570735,0.4139688081782019
0.04828171622594917,0.2885026357030916,0.4139631128039841
0.048358884658915524,0.2885026357030916,0.413783671013872
0.048358884658915524,0.28864510614047584,0.4137102238139793
0.048436053091881884,0.28864510614047584,0.41336311983781426
0.048436053091881884,0.28893004701524433,0.4131459062251575
0.04848749871385945,0.28893004701524433,0.4130490939869788
0.048513221524848237,0.2890725174526286,0.41296349286450057
0.04853894433583702,0.2890725174526286,0.41289532435128096
0.04853894433583702,0.28935745832739707,0.4128045463134392
0.04859038995781459,0.28935745832739707,0.4127274609182826
0.04859038995781459,0.28964239920216556,0.4126507211030587
0.04861611276880338,0.28964239920216556,0.4126349877260013
0.04861611276880338,0.2897848696395498,0.4125792727917529
0.04864183557979216,0.2897848696395498,0.41253313463408703
0.04864183557979216,0.2900698105143183,0.4125156392286058
0.048770449634736084,0.2900698105143183,0.4124461806588862
0.048770449634736084,0.29021228095170254,0.4124402656301602
0.048796172445724866,0.29021228095170254,0.41242792612226326
0.048796172445724866,0.2903547513890868,0.41237489214552464
0.048873340878691225,0.2903547513890868,0.41226965236371044
0.048873340878691225,0.2906396922638553,0.41224745319422973
0.04900195493363515,0.2906396922638553,0.4120738190584301
0.04900195493363515,0.2909246331386237,0.4120580167246196
0.04902767774462393,0.2909246331386237,0.4120334298358875
0.04902767774462393,0.2912095740133922,0.4118535577425807
0.04910484617759029,0.2912095740133922,0.4116919951695099
0.04910484617759029,0.29135204445077645,0.41169085281142376
0.049156291799567854,0.29135204445077645,0.4116745220790596
0.049156291799567854,0.2914945148881607,0.41155180219337106
0.049259183043522996,0.2914945148881607,0.41146261059909933
0.049259183043522996,0.29163698532554494,0.4114278761628161
0.04933635147648935,0.29163698532554494,0.4114071150700769
0.04933635147648935,0.29192192620031343,0.4112647141504725
0.04936207428747814,0.29192192620031343,0.4112442022381357
0.04936207428747814,0.2922068670750819,0.4111482151548112
0.04946496553143327,0.2922068670750819,0.41109850921489954
0.04949068834242206,0.29234933751246617,0.4110751014765978
0.04954213396439963,0.29234933751246617,0.41100528038676915
0.049567856775388414,0.2924918079498504,0.41098289662113824
0.049645025208354766,0.2924918079498504,0.410858624034149
0.049645025208354766,0.29263427838723466,0.4108370232696777
0.049722193641321126,0.2927767488246189,0.4108345633197003
0.049722193641321126,0.29320416013677164,0.4106033261627385
0.04974791645230991,0.29320416013677164,0.4105515030155997
0.04974791645230991,0.2933466305741559,0.41049732587509263
0.04979936207428748,0.2933466305741559,0.4104754340001192
0.04979936207428748,0.29348910101154013,0.4104419985359752
0.04985080769626505,0.29348910101154013,0.4103588631677204
0.04985080769626505,0.29462886451061404,0.41011187351959383
0.04987653050725383,0.29462886451061404,0.41007683949870205
0.04987653050725383,0.2950562758227668,0.41000132607428197
0.04997942175120897,0.2950562758227668,0.4099412824155477
0.04997942175120897,0.295198746260151,0.40990076239644124
0.050005144562197755,0.295198746260151,0.4098963954257285
0.050005144562197755,0.29534121669753527,0.40986566070002173
0.050030867373186544,0.29534121669753527,0.4098529587157933
0.050030867373186544,0.2954836871349195,0.4098267163406032
0.050056590184175326,0.2954836871349195,0.4098097976385968
0.050056590184175326,0.29562615757230376,0.4097915847293404
0.050082312995164115,0.29562615757230376,0.40977177464438735
0.050082312995164115,0.295768628009688,0.4097402210979561
0.0501080358061529,0.295768628009688,0.4097359954751826
0.0501080358061529,0.29619603932184074,0.40960511268951666
0.05018520423911925,0.29619603932184074,0.4094754953665737
0.05018520423911925,0.296338509759225,0.4094584314297543
0.05021092705010804,0.296338509759225,0.40937528445450316
0.05021092705010804,0.2964809801966092,0.40936319025900614
0.05023664986109682,0.2964809801966092,0.40932808509482105
0.05023664986109682,0.29676592107137767,0.4093244472376345
0.0502623726720856,0.29676592107137767,0.4092953616057181
0.0502623726720856,0.29705086194614616,0.40925623931262417
0.05031381829406317,0.29705086194614616,0.40914303568131544
0.05031381829406317,0.2971933323835304,0.4090546547787069
0.05039098672702953,0.2971933323835304,0.40899966885787203
0.05039098672702953,0.2974782732582989,0.4089955895305862
0.05049387797098467,0.2974782732582989,0.40892111161783806
0.05049387797098467,0.29762074369568314,0.4089161352602947
0.05059676921493981,0.29762074369568314,0.4086840828459061
0.05059676921493981,0.2980481550078359,0.40858159898992913
0.05064821483691738,0.2980481550078359,0.40848420454868595
0.05067393764790616,0.2981906254452201,0.40843261769709965
0.05067393764790616,0.2984755663199886,0.4083891601079585
0.05069966045889495,0.2984755663199886,0.4083706356294764
0.05072538326988373,0.29861803675737286,0.40835664220119805
0.05072538326988373,0.29890297763214135,0.40825182161824636
0.0507768288918613,0.29890297763214135,0.4082459614740303
0.0507768288918613,0.2990454480695256,0.408159756070146
0.050802551702850085,0.2990454480695256,0.4081111459465042
0.050802551702850085,0.29933038894429403,0.40802031593432597
0.050828274513838874,0.29933038894429403,0.408015028702609
0.050828274513838874,0.2996153298190625,0.4079184768394523
0.050879720135816445,0.2996153298190625,0.4078515092622309
0.050879720135816445,0.299900270693831,0.4078293396789086
0.05090544294680523,0.299900270693831,0.40781131440103674
0.05090544294680523,0.300470152443368,0.4075563876852678
0.0509568885687828,0.300470152443368,0.4075194120598729
0.0509568885687828,0.3007550933181365,0.40744213191271783
0.05100833419076037,0.3007550933181365,0.4073207964848534
0.05100833419076037,0.30160991594244196,0.4069695825301824
0.05105977981273794,0.30160991594244196,0.4068320816682499
0.05108550262372672,0.3017523863798262,0.40682610256191026
0.05113694824570429,0.3017523863798262,0.4067598585333225
0.051162671056693074,0.30189485681721046,0.40671475705666016
0.05118839386768186,0.30189485681721046,0.40661605675517853
0.05118839386768186,0.3021797976919789,0.4063949270077902
0.05123983948965943,0.3021797976919789,0.4062819969721076
0.05123983948965943,0.3024647385667474,0.4061795917887757
0.051265562300648215,0.3024647385667474,0.40615282536351205
0.051265562300648215,0.3027496794415159,0.40604308021102553
0.051291285111637,0.3027496794415159,0.40598161154401946
0.051291285111637,0.3028921498789001,0.4058269688865648
0.051291285111637,0.3031770907536686,0.40579593045604334
0.051291285111637,0.30331956119105286,0.4057510258915195
0.05134273073361457,0.30331956119105286,0.4056755696227263
0.05134273073361457,0.3034620316284371,0.4056213533525457
0.05136845354460336,0.3034620316284371,0.4056029209297585
0.05136845354460336,0.3040319133779741,0.40539915817304795
0.05139417635559214,0.3040319133779741,0.40538147570562455
0.05139417635559214,0.30417438381535833,0.40535894095218594
0.05141989916658092,0.30417438381535833,0.4053104752836331
0.05141989916658092,0.30460179512751107,0.4051752285092393
0.05144562197756971,0.30460179512751107,0.40507205027030146
0.05144562197756971,0.3047442655648953,0.40505773207157675
0.05147134478855849,0.3047442655648953,0.40504145860048607
0.05147134478855849,0.3048867360022795,0.40501242007348204
0.05154851322152485,0.3048867360022795,0.4049116236943919
0.05154851322152485,0.30502920643966375,0.4048715670665213
0.05157423603251363,0.30502920643966375,0.40485448339418445
0.05157423603251363,0.305171676877048,0.40482829186827457
0.051599958843502415,0.305171676877048,0.40481365228064203
0.051599958843502415,0.30531414731443224,0.4048068368731094
0.051651404465479986,0.30531414731443224,0.404572869432574
0.05170285008745756,0.30531414731443224,0.4045692996298065
0.05178001852042391,0.30531414731443224,0.4044558183368028
0.05178001852042391,0.3054566177518165,0.40442714695977205
0.05193435538635662,0.3054566177518165,0.404185468651324
0.05193435538635662,0.3058840290639692,0.4040740933948154
0.051960078197345404,0.3058840290639692,0.40396069695581177
0.051960078197345404,0.30602649950135347,0.40395652083031597
0.05198580100833419,0.3061689699387377,0.4039490952866879
0.05198580100833419,0.30659638125089045,0.4039173302157121
0.052011523819322975,0.3067388516882747,0.40377919207496055
0.05203724663031176,0.3067388516882747,0.4037342218193771
0.05203724663031176,0.30688132212565894,0.40370532739049314
0.052062969441300545,0.30688132212565894,0.4037037551417496
0.052062969441300545,0.30716626300042743,0.40363214581625556
0.05208869225228933,0.30716626300042743,0.4036121937673121
0.05208869225228933,0.3073087334378117,0.4035936706567883
0.052114415063278116,0.3073087334378117,0.4035896804200916
0.052114415063278116,0.3075936743125801,0.40343983784372056
0.05221730630723326,0.3075936743125801,0.4032594428934133
0.05221730630723326,0.3078786151873486,0.40318268452652467
0.05229447474019961,0.3078786151873486,0.40291556317866273
0.05229447474019961,0.30802108562473285,0.4028052807169885
0.05237164317316596,0.30802108562473285,0.4027536045186688
0.05237164317316596,0.30830602649950134,0.4025744743196855
0.052397365984154745,0.30830602649950134,0.4025533132161198
0.052397365984154745,0.3084484969368856,0.4025329491313444
0.05250025722810989,0.3084484969368856,0.40232652374960415
0.05250025722810989,0.30859096737426983,0.40232612824080405
0.052525980039098676,0.30859096737426983,0.40226823344440915
0.052525980039098676,0.3087334378116541,0.40224858648554124
0.05257742566107624,0.3087334378116541,0.4021055584582625
0.05257742566107624,0.3088759082490383,0.4020334146533462
0.05262887128305381,0.3088759082490383,0.40197537330958255
0.05262887128305381,0.3091608491238068,0.4018541493860527
0.0526545940940426,0.3091608491238068,0.4018474691669043
0.0526545940940426,0.30930331956119106,0.4018105067659591
0.05268031690503138,0.30930331956119106,0.4017683129156564
0.05268031690503138,0.3094457899985753,0.4017657186466335
0.05273176252700895,0.3094457899985753,0.4017580225310787
0.05273176252700895,0.30958826043595955,0.401661873227573
0.05283465377096409,0.30958826043595955,0.401534691416914
0.05283465377096409,0.3097307308733438,0.4014502289022628
0.0529889906368968,0.3097307308733438,0.40127232966959175
0.0529889906368968,0.3103006126228808,0.401002937006613
0.05301471344788559,0.3103006126228808,0.4009681948563798
0.05301471344788559,0.3105855534976492,0.4009116570373866
0.05309188188085194,0.3105855534976492,0.4006937023122553
0.05309188188085194,0.31072802393503346,0.40057155996986415
0.05311760469184072,0.31072802393503346,0.400561727146111
0.05311760469184072,0.31101296480980195,0.40043122790578456
0.053220495935795864,0.31101296480980195,0.40008125016549717
0.053220495935795864,0.3111554352471862,0.40000584498900527
0.053246218746784646,0.3111554352471862,0.3999823626281208
0.053246218746784646,0.31129790568457044,0.3999711060078177
0.053271941557773435,0.31129790568457044,0.39995645388211504
0.053271941557773435,0.3118677874341074,0.3998992416418441
0.05329766436876222,0.3118677874341074,0.39986102017623476
0.05329766436876222,0.31201025787149167,0.3998508075746144
0.05340055561271736,0.31201025787149167,0.39964558929277794
0.05340055561271736,0.31258013962102865,0.39946835683412474
0.0535034468566725,0.31258013962102865,0.3993998681302415
0.0535034468566725,0.3127226100584129,0.3993711934176386
0.05352916966766128,0.3127226100584129,0.3993148384102362
0.05352916966766128,0.3130075509331814,0.3992225883384811
0.05373495215557156,0.3130075509331814,0.39902689774192485
0.05376067496656035,0.31315002137056563,0.398985729764528
0.05376067496656035,0.3132924918079498,0.3987937627824938
0.0538378433995267,0.3132924918079498,0.39868371806335234
0.0538378433995267,0.31343496224533407,0.39863257257456486
0.05391501183249305,0.31343496224533407,0.3985702049122576
0.05394073464348184,0.3135774326827183,0.39850837006521955
0.05399218026545941,0.3135774326827183,0.398479766892554
0.05399218026545941,0.31400484399487105,0.39828542806723377
0.054069348698425765,0.31400484399487105,0.3981323109547902
0.054069348698425765,0.3144322553070238,0.3980038553071839
0.05424940837534726,0.3144322553070238,0.39785870688396946
0.05424940837534726,0.3148596666191765,0.3977514129953426
0.05432657680831361,0.3148596666191765,0.39772737861605745
0.0543522996193024,0.31500213705656077,0.3977178655132886
0.0543522996193024,0.315144607493945,0.39764542254358626
0.05437802243029118,0.31528707793132926,0.3976128556430252
0.054429468052268754,0.31528707793132926,0.39753372818424354
0.054429468052268754,0.3154295483687135,0.3975320569684346
0.054455190863257535,0.3154295483687135,0.39753035819101734
0.054455190863257535,0.31557201880609775,0.3974162026723437
0.054506636485235106,0.31557201880609775,0.39738444632809183
0.054506636485235106,0.31585695968086624,0.3973621691080246
0.05458380491820146,0.31585695968086624,0.3972106956154675
0.05458380491820146,0.3161419005556347,0.39711148252987094
0.05466097335116782,0.3161419005556347,0.3970777323112999
0.05466097335116782,0.3162843709930189,0.39697478364082617
0.05473814178413417,0.3162843709930189,0.39677061951799764
0.05473814178413417,0.31642684143040317,0.3966788559907112
0.054918201461055666,0.31642684143040317,0.3963380146029697
0.054918201461055666,0.3165693118677874,0.39629102066975236
0.05494392427204445,0.3165693118677874,0.39628350414523733
0.05494392427204445,0.3168542527425559,0.39620017022070164
0.054969647083033236,0.3168542527425559,0.3961875552953892
0.054969647083033236,0.3171391936173244,0.3961582673767124
0.054969647083033236,0.31728166405470865,0.39613773477103387
0.0550210927050108,0.3174241344920929,0.39610500178370267
0.05504681551599959,0.3174241344920929,0.3961035648941776
0.05509826113797716,0.3174241344920929,0.3960888335362421
0.055201152381932295,0.3174241344920929,0.3959313455430675
0.055201152381932295,0.31756660492947714,0.39590560839969513
0.055226875192921084,0.31756660492947714,0.39588582629157854
0.055226875192921084,0.3177090753668614,0.3958835355749637
0.055278320814898654,0.3177090753668614,0.39549281558776794
0.055278320814898654,0.3179940162416299,0.3954306696943888
0.055304043625887436,0.3179940162416299,0.39539619929797876
0.055304043625887436,0.3181364866790141,0.3953944610342022
0.05540693486984258,0.3181364866790141,0.3952576835934795
0.05540693486984258,0.31827895711639836,0.3952096955268447
0.05543265768083136,0.31827895711639836,0.3951622204862919
0.05543265768083136,0.3184214275537826,0.39514494366345915
0.05545838049182015,0.3184214275537826,0.3951268435539618
0.05545838049182015,0.3187063684285511,0.3950274789850441
0.05548410330280893,0.3187063684285511,0.3949902541735832
0.05548410330280893,0.3188488388659353,0.3949850841825185
0.05558699454676407,0.3188488388659353,0.3949089524036508
0.05558699454676407,0.31899130930331954,0.39479797560333035
0.055664162979730425,0.31899130930331954,0.394650383880797
0.055664162979730425,0.3191337797407038,0.39460755461035485
0.055715608601707996,0.3191337797407038,0.3945193973909179
0.055715608601707996,0.31927625017808803,0.39450144499377676
0.05574133141269678,0.3194187206154723,0.3944389305649501
0.05574133141269678,0.31970366149024076,0.39434649993428267
0.05589566827862949,0.31970366149024076,0.39407952495705506
0.05589566827862949,0.319846131927625,0.3938753895063794
0.05597283671159584,0.319846131927625,0.3937924305660698
0.056075727955550984,0.3201310728023935,0.3937704704694091
0.056127173577528555,0.3201310728023935,0.39372867279913837
0.056127173577528555,0.32027354323977775,0.39366106496231323
0.05617861919950612,0.32027354323977775,0.39357562599030677
0.05617861919950612,0.320416013677162,0.39354946404117574
0.05623006482148369,0.320416013677162,0.39349366140051717
0.05623006482148369,0.32055848411454624,0.39348256319154296
0.05630723325445005,0.32055848411454624,0.39313954434820236
0.05630723325445005,0.32084342498931473,0.3929863064514994
0.05633295606543883,0.32084342498931473,0.3929777979928233
0.05633295606543883,0.3214133067388517,0.3927906331682029
0.056410124498405184,0.3214133067388517,0.39264355440765253
0.056410124498405184,0.32155577717623596,0.3926037329911774
0.05666735260829303,0.32155577717623596,0.3922721931284176
0.05666735260829303,0.32169824761362015,0.3922547134139542
0.05669307541928182,0.32169824761362015,0.3922391416676111
0.05669307541928182,0.3218407180510044,0.39223515813340015
0.05677024385224817,0.3218407180510044,0.3920405800542038
0.05677024385224817,0.32198318848838864,0.39203246561273186
0.056821689474225744,0.32198318848838864,0.39191211728566117
0.056821689474225744,0.32226812936315713,0.39181740942222437
0.056847412285214526,0.32226812936315713,0.39181058918047584
0.056847412285214526,0.3224105998005414,0.3917528634715064
0.056873135096203314,0.3224105998005414,0.39162828339312183
0.056873135096203314,0.3225530702379256,0.3916113162105374
0.056924580718180885,0.3225530702379256,0.3915800871410403
0.056924580718180885,0.32269554067530987,0.3915584522507828
0.05695030352916967,0.32269554067530987,0.3915381466283019
0.05697602634015845,0.3228380111126941,0.39147646915673284
0.05705319477312481,0.3228380111126941,0.3913217339536567
0.05705319477312481,0.32298048155007836,0.3913138841246904
0.05707891758411359,0.32298048155007836,0.39124997975344056
0.05707891758411359,0.3231229519874626,0.39118896588368995
0.05713036320609116,0.3231229519874626,0.3910925400087239
0.05713036320609116,0.3234078928622311,0.39100672239338763
0.05715608601707994,0.3234078928622311,0.3910032523913949
0.05715608601707994,0.32355036329961534,0.390986517444233
0.0572332544500463,0.32355036329961534,0.3909276813245263
0.0572332544500463,0.3236928337369996,0.39092170021298644
0.057258977261035085,0.3236928337369996,0.39091663676285604
0.057258977261035085,0.32383530417438383,0.3908820146946106
0.057284700072023874,0.32383530417438383,0.3908226939707624
0.057284700072023874,0.3239777746117681,0.39078267216171897
0.05733614569400144,0.3241202450491523,0.39072417826320927
0.05743903693795658,0.3241202450491523,0.3905089696403756
0.05746475974894537,0.32426271548653657,0.3904757794948952
0.05754192818191172,0.32426271548653657,0.3903142704300106
0.05754192818191172,0.3244051859239208,0.39029828827900515
0.0575676509929005,0.3244051859239208,0.3902885571608392
0.0575676509929005,0.32469012679868925,0.39023686304303545
0.057619096614878074,0.32469012679868925,0.39022357948736425
0.057644819425866856,0.3248325972360735,0.3902146948884127
0.057644819425866856,0.325117538110842,0.3901169199140348
0.057721987858833215,0.325117538110842,0.3900334836941677
0.057747710669822,0.32526000854822623,0.3899652341762493
0.05779915629179957,0.32526000854822623,0.38993236426156663
0.05779915629179957,0.3254024789856105,0.38990087270644747
0.05785060191377714,0.3254024789856105,0.3898358934048431
0.05785060191377714,0.3255449494229947,0.3895876999589163
0.05785060191377714,0.3258298902977632,0.38931427287740655
0.05785060191377714,0.32597236073514746,0.3893044302267218
0.05790204753575471,0.32597236073514746,0.3891835094675246
0.05790204753575471,0.3261148311725317,0.38913747403264465
0.05795349315773228,0.3261148311725317,0.3890966831807154
0.05795349315773228,0.32625730160991595,0.3890765282660252
0.05797921596872106,0.32625730160991595,0.3890387056597985
0.05797921596872106,0.3263997720473002,0.38902213764254157
0.058004938779709844,0.3263997720473002,0.38902111229812597
0.058004938779709844,0.3266847129220687,0.3890118544822439
0.058056384401687415,0.3266847129220687,0.38890851218780126
0.058056384401687415,0.3271121242342214,0.3887474863284616
0.058082107212676204,0.3271121242342214,0.38862621142602877
0.058082107212676204,0.3272545946716056,0.3886211895462565
0.05813355283465377,0.3272545946716056,0.3885332479541316
0.05813355283465377,0.32739706510898986,0.38852191062353864
0.05815927564564256,0.32739706510898986,0.3885215616203906
0.05815927564564256,0.3278244764211426,0.3883786319490825
0.05823644407860891,0.3278244764211426,0.3882000276063734
0.05823644407860891,0.32796694685852684,0.38815651484514335
0.05828788970058648,0.32796694685852684,0.3881065446232463
0.05828788970058648,0.3283943581706796,0.38802961503707006
0.05831361251157526,0.3283943581706796,0.38799717101935377
0.05831361251157526,0.3285368286080638,0.38795760007714786
0.05839078094454162,0.3285368286080638,0.38793018978090704
0.05839078094454162,0.32867929904544807,0.3879248124515723
0.058467949377507974,0.32867929904544807,0.3878728571728319
0.058467949377507974,0.3288217694828323,0.3878389754878777
0.05864800905442947,0.3288217694828323,0.38767274378675454
0.05864800905442947,0.32896423992021656,0.38756560401726187
0.05867373186541825,0.32896423992021656,0.3874943939827276
0.05867373186541825,0.3291067103576008,0.3874634491332619
0.05872517748739582,0.3291067103576008,0.387298556696732
0.05872517748739582,0.32924918079498505,0.387258633376152
0.05877662310937339,0.32924918079498505,0.3871928351189126
0.058802345920362174,0.3293916512323693,0.38702915894018364
0.058802345920362174,0.32953412166975354,0.38695299104804015
0.05882806873135096,0.32953412166975354,0.38694936524194734
0.05882806873135096,0.3296765921071378,0.3869405864693407
0.058930959975306105,0.3296765921071378,0.3868531773466959
0.058930959975306105,0.33010400341929047,0.38675982319474694
0.05916246527420516,0.33010400341929047,0.3863351429293909
0.05916246527420516,0.3305314147314432,0.38626000408050376
0.059368247762115446,0.3305314147314432,0.3860908722410822
0.059368247762115446,0.33095882604359594,0.38595950320553024
0.05941969338409302,0.33095882604359594,0.38589061343574893
0.05941969338409302,0.3311012964809802,0.3858842723065441
0.0594454161950818,0.3311012964809802,0.38583035964845935
0.0594454161950818,0.33124376691836444,0.3857357328856257
0.05949686181705937,0.33124376691836444,0.38567315381629136
0.05949686181705937,0.33167117823051717,0.38563838883069923
0.05952258462804815,0.33167117823051717,0.38563798807646466
0.05952258462804815,0.3318136486679014,0.3855825410649196
0.05957403025002572,0.3318136486679014,0.3855135822579145
0.05957403025002572,0.3323835304174384,0.385241878377654
0.059651198682992075,0.3323835304174384,0.3851296256798707
0.059676921493980864,0.33252600085482265,0.3850989189234752
0.059702644304969646,0.33252600085482265,0.38509258233118915
0.059702644304969646,0.33281094172959114,0.3850658966197376
0.05983125835991357,0.33281094172959114,0.38496256469599754
0.05983125835991357,0.3329534121669753,0.3849487708778312
0.05988270398189114,0.3329534121669753,0.38493243595811605
0.05988270398189114,0.33309588260435957,0.3849017903001861
0.05990842679287993,0.33309588260435957,0.3848956366162574
0.05990842679287993,0.3332383530417438,0.3848636143975421
0.05993414960386871,0.3332383530417438,0.38483620427339194
0.05993414960386871,0.33366576435389655,0.38468859387410975
0.06013993209177899,0.33366576435389655,0.38433476146722084
0.06019137771375656,0.33366576435389655,0.3842656144512714
0.06019137771375656,0.3340931756660493,0.3842335938083238
0.06021710052474535,0.3340931756660493,0.3842241638584678
0.06021710052474535,0.33423564610343354,0.3842238621182382
0.06026854614672291,0.33423564610343354,0.38421779444268306
0.06026854614672291,0.3343781165408178,0.38418590424664356
0.06039716020166684,0.3343781165408178,0.3840479163618228
0.06039716020166684,0.33452058697820203,0.38402917420877497
0.060474328634633194,0.33452058697820203,0.3839736805731392
0.060474328634633194,0.3348055278529705,0.3839165487261601
0.060525774256610765,0.3348055278529705,0.3838601171617023
0.060525774256610765,0.335090468727739,0.3838182425014364
0.0606286655005659,0.335090468727739,0.383736319338884
0.0606286655005659,0.33523293916512326,0.38371314183309857
0.06068011112254347,0.33523293916512326,0.3836910822676629
0.06068011112254347,0.33551788003989175,0.3836503984041177
0.06070583393353226,0.33551788003989175,0.3836192926288571
0.06070583393353226,0.335660350477276,0.3835875484044259
0.06073155674452104,0.335660350477276,0.38348641752248125
0.06073155674452104,0.3358028209146602,0.3834387654614374
0.06075727955550982,0.3358028209146602,0.38342866994165126
0.06075727955550982,0.33665764353896566,0.3828930004540641
0.06078300236649861,0.33665764353896566,0.3828651414817863
0.06078300236649861,0.3373699957258869,0.3826805350428515
0.06083444798847618,0.3373699957258869,0.38262881054757486
0.06083444798847618,0.3376549366006554,0.3824469634589952
0.060911616421442535,0.3376549366006554,0.3823373158849659
0.060911616421442535,0.3377974070380396,0.38233473333687246
0.06098878485440889,0.3377974070380396,0.38222244465616645
0.06098878485440889,0.33793987747542387,0.38219083007865
0.06104023047638646,0.33793987747542387,0.3821254009228586
0.06104023047638646,0.33822481835019236,0.3818457138449224
0.06106595328737525,0.33822481835019236,0.38183591389583826
0.06106595328737525,0.3383672887875766,0.38176707525770104
0.0611431217203416,0.3383672887875766,0.38149434625853224
0.0611431217203416,0.33865222966234504,0.3814355142613831
0.06116884453133038,0.33865222966234504,0.3813655540125713
0.06116884453133038,0.33893717053711353,0.3812582702211476
0.06119456734231917,0.33893717053711353,0.38122528277132106
0.06122029015330795,0.339222111411882,0.3811728820706908
0.061323181397263095,0.339222111411882,0.3809443740486652
0.061323181397263095,0.33936458184926627,0.38084888203784895
0.06150324107418459,0.33936458184926627,0.3805706647747205
0.06150324107418459,0.339791993161419,0.38054767099514414
0.06163185512912851,0.339791993161419,0.380408296936278
0.06163185512912851,0.3400769340361875,0.3803453042023221
0.061657577940117295,0.3400769340361875,0.3803406466160737
0.061683300751106084,0.34021940447357174,0.3803152786327291
0.061709023562094865,0.34021940447357174,0.38027200324965554
0.061709023562094865,0.340361874910956,0.3802460489160983
0.061760469184072436,0.340361874910956,0.38022029622388365
0.061760469184072436,0.3407892862231087,0.38014460158886676
0.06178619199506122,0.3407892862231087,0.3801100306821682
0.06181191480605001,0.3410742270978772,0.38009217005909723
0.06186336042802758,0.3410742270978772,0.3797926003303321
0.06188908323901636,0.34121669753526146,0.37973304607866354
0.06194052886099393,0.34121669753526146,0.3795765870233022
0.06194052886099393,0.3415016384100299,0.3795108675637704
0.06196625167198271,0.3415016384100299,0.3794900773720911
0.06196625167198271,0.3417865792847984,0.3794168756400636
0.0619919744829715,0.3417865792847984,0.3793939122269502
0.0619919744829715,0.34192904972218263,0.37935832341763365
0.06201769729396028,0.34192904972218263,0.3793389028880277
0.06201769729396028,0.3420715201595669,0.37932036020461785
0.062120588537915425,0.3420715201595669,0.3792195170402905
0.062120588537915425,0.3422139905969511,0.3791679114981217
0.06219775697088178,0.3422139905969511,0.3790831449725787
0.06219775697088178,0.34235646103433537,0.3790694848231871
0.06224920259285935,0.34235646103433537,0.37900162920099645
0.06224920259285935,0.3424989314717196,0.3789734929209596
0.06230064821483692,0.3424989314717196,0.3789524684816489
0.06230064821483692,0.34264140190910386,0.37893163744863056
0.0625064307027472,0.34264140190910386,0.37866136255401367
0.0625064307027472,0.34292634278387235,0.37859380072554005
0.06253215351373598,0.34292634278387235,0.37858003541797425
0.06253215351373598,0.34321128365864084,0.3785357887413277
0.06258359913571356,0.34321128365864084,0.3784751886360764
0.06258359913571356,0.34349622453340933,0.37844631750266616
0.06263504475769112,0.34349622453340933,0.37839756635077587
0.06263504475769112,0.3437811654081778,0.37838741536945036
0.0626607675686799,0.3437811654081778,0.37837918908038026
0.0626607675686799,0.34392363584556207,0.37833297505129243
0.06271221319065748,0.34392363584556207,0.3783236526789064
0.06271221319065748,0.3440661062829463,0.3782762920229077
0.06273793600164626,0.3440661062829463,0.37826888114349605
0.06273793600164626,0.3442085767203305,0.37817931678325356
0.06276365881263504,0.34435104715771475,0.3781587492586725
0.06278938162362382,0.34435104715771475,0.378127326630145
0.06278938162362382,0.34463598803248324,0.37804522861016304
0.0628408272456014,0.34463598803248324,0.3779283146074046
0.06286655005659018,0.3447784584698675,0.37771467726399444
0.06286655005659018,0.34492092890725173,0.37770854400447385
0.06289227286757897,0.34492092890725173,0.377672134760336
0.06289227286757897,0.345063399344636,0.3776353697436137
0.06294371848955654,0.345063399344636,0.3775818052482861
0.06294371848955654,0.3452058697820202,0.37753272545899
0.06296944130054533,0.3452058697820202,0.3774905492467398
0.06296944130054533,0.34534834021940447,0.37748541761798154
0.06304660973351167,0.34534834021940447,0.37743592789894137
0.06304660973351167,0.3454908106567887,0.37737350014058996
0.06309805535548925,0.3454908106567887,0.3773254762575285
0.06309805535548925,0.34563328109417296,0.37722342904387746
0.06330383784339953,0.34563328109417296,0.3769654700496586
0.06330383784339953,0.3457757515315572,0.37695163506002866
0.06332956065438831,0.3457757515315572,0.37693861263869577
0.06332956065438831,0.34591822196894145,0.37691967821518485
0.06332956065438831,0.34620316284370994,0.3768561619588933
0.06332956065438831,0.3463456332810942,0.3768561282474058
0.06338100627636588,0.3463456332810942,0.37673979010318737
0.06338100627636588,0.34648810371847844,0.3766692357681524
0.06348389752032102,0.34648810371847844,0.37651233975406856
0.06348389752032102,0.3466305741558627,0.37650461925300494
0.06356106595328738,0.3466305741558627,0.3764985607241659
0.06356106595328738,0.3467730445932469,0.3764946079956393
0.06358678876427616,0.3469155150306311,0.3764757238839184
0.06366395719724252,0.3469155150306311,0.37624335126865566
0.06371540281922008,0.3469155150306311,0.37618617742671584
0.06371540281922008,0.34705798546801536,0.37615748359581413
0.06374112563020887,0.34705798546801536,0.3760540181706176
0.06374112563020887,0.3472004559053996,0.37603016779411164
0.06384401687416401,0.3472004559053996,0.3759141832114249
0.06384401687416401,0.3477703376549366,0.3758134658823298
0.06389546249614157,0.3477703376549366,0.37578392718954595
0.06394690811811915,0.3480552785297051,0.37577251263417405
0.06394690811811915,0.34834021940447357,0.3756639014397296
0.06404979936207429,0.34834021940447357,0.37554616176525074
0.06404979936207429,0.3484826898418578,0.37549438520263867
0.06410124498405186,0.3484826898418578,0.3754730766557329
0.06410124498405186,0.34862516027924206,0.3754256445213441
0.06417841341701822,0.34862516027924206,0.3752340345376514
0.06417841341701822,0.34891010115401055,0.37516747016058616
0.06428130466097336,0.34891010115401055,0.37505767836080617
0.06428130466097336,0.3490525715913948,0.3750543805037859
0.06430702747196214,0.3490525715913948,0.37501726418933606
0.06430702747196214,0.34947998290354754,0.37491284729711477
0.0643584730939397,0.34947998290354754,0.3748187709808175
0.06438419590492848,0.3496224533409318,0.374785952689787
0.06438419590492848,0.3499073942157002,0.37472177628697695
0.06440991871591728,0.3499073942157002,0.3746679870532075
0.06440991871591728,0.35004986465308446,0.3745540766406591
0.06446136433789484,0.35004986465308446,0.374521272095565
0.06448708714888363,0.3501923350904687,0.3744076451693676
0.0645385327708612,0.3501923350904687,0.3742672521482797
0.0645385327708612,0.3504772759652372,0.37420433072411635
0.06456425558184999,0.3504772759652372,0.37412408873158864
0.06456425558184999,0.35061974640262145,0.3740763237141441
0.06464142401481635,0.35061974640262145,0.3739281059910491
0.06464142401481635,0.3507622168400057,0.37392728129534025
0.06471859244778269,0.3507622168400057,0.37364699839415666
0.06471859244778269,0.35118962815215843,0.37350314509173355
0.06477003806976027,0.35118962815215843,0.37345916716851874
0.06477003806976027,0.3513320985895427,0.3734282587416497
0.06489865212470419,0.3513320985895427,0.3731410575000946
0.06489865212470419,0.3514745690269269,0.37311364457124213
0.06497582055767054,0.3514745690269269,0.37302226203818367
0.06497582055767054,0.35161703946431117,0.37298837345627756
0.06500154336865932,0.35161703946431117,0.3729194583457514
0.06500154336865932,0.35190198033907966,0.37284583543346084
0.06513015742360326,0.35190198033907966,0.37261791970912567
0.06513015742360326,0.3523293916512324,0.3725595920656997
0.06523304866755839,0.3523293916512324,0.3725232356459416
0.06523304866755839,0.35247186208861664,0.37250555055961293
0.06528449428953596,0.35247186208861664,0.37246501174048874
0.06528449428953596,0.35261433252600083,0.37245163265326775
0.06561889083239017,0.35261433252600083,0.372143964166712
0.06561889083239017,0.3527568029633851,0.3721103601417704
0.06567033645436773,0.3527568029633851,0.3720931107432037
0.06567033645436773,0.3528992734007693,0.37208492017603456
0.06577322769832288,0.3528992734007693,0.3720145149878036
0.06577322769832288,0.35304174383815357,0.37199624636868933
0.06582467332030044,0.35304174383815357,0.37195934296503824
0.06595328737524436,0.35304174383815357,0.3718863941793383
0.06595328737524436,0.3531842142755378,0.3718850503182895
0.06600473299722194,0.3531842142755378,0.3718336587545479
0.06600473299722194,0.35332668471292206,0.3717924496281533
0.06603045580821072,0.35332668471292206,0.37178067383949187
0.06603045580821072,0.3534691551503063,0.371769679655035
0.066236238296121,0.3534691551503063,0.37158805445190357
0.066236238296121,0.3540390368998433,0.371385317045521
0.06641629797304249,0.3540390368998433,0.37122468985937146
0.06641629797304249,0.354466448211996,0.3711736563864719
0.06649346640600885,0.354466448211996,0.3710240837193479
0.06649346640600885,0.35460891864938027,0.3709242103648685
0.06651918921699763,0.35460891864938027,0.3708865603081252
0.0665706348389752,0.35460891864938027,0.37084338834431996
0.0665706348389752,0.3547513890867645,0.3707783275271564
0.06667352608293034,0.3547513890867645,0.3706752723145417
0.06667352608293034,0.35517880039891725,0.3705016333199193
0.06669924889391912,0.35517880039891725,0.37044860653774103
0.06669924889391912,0.3553212708363015,0.3703665516607658
0.06672497170490792,0.3553212708363015,0.37023824717644876
0.06672497170490792,0.3554637412736857,0.370235690049522
0.06680214013787426,0.3554637412736857,0.3701523260542367
0.06680214013787426,0.3558911525858384,0.37007507223101044
0.06682786294886305,0.3558911525858384,0.3700170815963989
0.06682786294886305,0.35603362302322267,0.3700090831695493
0.06685358575985184,0.35603362302322267,0.36997796177519243
0.06685358575985184,0.3561760934606069,0.3699573211934791
0.06695647700380698,0.3561760934606069,0.36984369950377394
0.06695647700380698,0.3564610343353754,0.36977160310418045
0.06698219981479576,0.3564610343353754,0.36975456103480947
0.06698219981479576,0.35660350477275965,0.3697340616096004
0.06713653668072847,0.35660350477275965,0.3692971392823002
0.06713653668072847,0.3567459752101439,0.369235009614952
0.06721370511369483,0.3567459752101439,0.3691538034584136
0.06721370511369483,0.35688844564752814,0.3690959069969516
0.06729087354666118,0.35688844564752814,0.3688705785243221
0.06729087354666118,0.3570309160849124,0.3688483921546039
0.06736804197962754,0.3570309160849124,0.3688175659359462
0.06736804197962754,0.3573158569596809,0.36879067078893096
0.06739376479061632,0.3573158569596809,0.3687713884620008
0.06739376479061632,0.3574583273970651,0.36875178173678447
0.0674194876016051,0.3574583273970651,0.368728497608155
0.0674194876016051,0.35760079783444937,0.3686882047967855
0.06747093322358268,0.35760079783444937,0.3685485172728077
0.06747093322358268,0.3577432682718336,0.36853526437294576
0.06770243852248174,0.3577432682718336,0.3680699173752134
0.06770243852248174,0.35788573870921786,0.3680487160454117
0.06777960695544809,0.35788573870921786,0.3679846547000442
0.06777960695544809,0.3581706795839863,0.36793424136546593
0.06785677538841445,0.3581706795839863,0.36778614929052533
0.06785677538841445,0.3584556204587548,0.36772226235480215
0.06788249819940323,0.3584556204587548,0.36767674413672924
0.06788249819940323,0.35859809089613903,0.3676702692744489
0.06790822101039201,0.35859809089613903,0.36758311728514526
0.06790822101039201,0.3587405613335233,0.36756670197240693
0.06793394382138081,0.3587405613335233,0.36751243813191475
0.06793394382138081,0.35902550220829177,0.36747543018996054
0.06795966663236959,0.35902550220829177,0.3674750011829209
0.06795966663236959,0.35931044308306026,0.36744050163633724
0.06806255787632473,0.35931044308306026,0.3672811438962331
0.0681140034983023,0.35931044308306026,0.36724696893327513
0.06816544912027986,0.35931044308306026,0.3671074318662017
0.06816544912027986,0.35959538395782875,0.36709823562260063
0.06819117193126865,0.35959538395782875,0.36707831816494224
0.06819117193126865,0.35988032483259724,0.3670225219983053
0.068268340364235,0.35988032483259724,0.36698444332600133
0.068268340364235,0.36016526570736573,0.36690978244629346
0.068268340364235,0.3604502065821342,0.3668941766320064
0.068268340364235,0.36059267701951847,0.3668760550420322
0.06831978598621258,0.36059267701951847,0.36673415664342
0.06831978598621258,0.3607351474569027,0.3666894667112727
0.06839695441917892,0.3607351474569027,0.36658794010992696
0.06839695441917892,0.36087761789428696,0.3665765000691607
0.06842267723016772,0.36087761789428696,0.3665628292996399
0.06842267723016772,0.36102008833167115,0.3665489666052786
0.0684484000411565,0.36102008833167115,0.3665361039671922
0.0684484000411565,0.3611625587690554,0.36651886041805337
0.0686027369070892,0.3611625587690554,0.3663200933911834
0.0686027369070892,0.36130502920643964,0.36626583774669436
0.06865418252906677,0.36130502920643964,0.36622166215882773
0.06865418252906677,0.3614474996438239,0.36620774159277447
0.06865418252906677,0.3617324405185924,0.36619112319972025
0.06885996501697705,0.3617324405185924,0.36582342840011156
0.06885996501697705,0.3618749109559766,0.3657907323874293
0.06904002469389856,0.3618749109559766,0.3654411266445214
0.06904002469389856,0.36201738139336087,0.3654259372311709
0.0691171931268649,0.36201738139336087,0.3652348244765418
0.0691171931268649,0.3621598518307451,0.3652117546231037
0.06916863874884248,0.3621598518307451,0.3651184177724518
0.06916863874884248,0.3624447927055136,0.364982828777303
0.06932297561477518,0.3624447927055136,0.36483991249609804
0.06934869842576397,0.36258726314289785,0.3648344646041096
0.06934869842576397,0.3627297335802821,0.36480608967647793
0.06952875810268547,0.3627297335802821,0.36443380822631566
0.06952875810268547,0.36287220401766634,0.36438899201311425
0.06960592653565181,0.36287220401766634,0.3642753080079228
0.06965737215762939,0.36287220401766634,0.36424831343368225
0.06965737215762939,0.3630146744550506,0.3642217505331183
0.06968309496861817,0.3630146744550506,0.36421947859782766
0.06968309496861817,0.36315714489243484,0.3641996095928031
0.06978598621257331,0.36315714489243484,0.3640609830336505
0.06978598621257331,0.3632996153298191,0.36399927612875915
0.0698117090235621,0.3632996153298191,0.36395567393390715
0.0698117090235621,0.3635845562045876,0.363896144535807
0.06983743183455088,0.3635845562045876,0.36386073210545694
0.06986315464553966,0.3637270266419718,0.3638111010155028
0.06988887745652846,0.3637270266419718,0.3638089803709619
0.06988887745652846,0.36401196751674025,0.3637305564316556
0.06991460026751724,0.36401196751674025,0.36372561337806775
0.06994032307850602,0.3641544379541245,0.3636497822095515
0.0699660458894948,0.3641544379541245,0.36362215446361834
0.0699660458894948,0.36429690839150874,0.3636184955776446
0.06999176870048358,0.36429690839150874,0.3635962069618349
0.07001749151147238,0.364439378828893,0.3635839304755914
0.07004321432246116,0.364439378828893,0.36353623912182553
0.07004321432246116,0.3647243197036615,0.3634825936791864
0.07006893713344994,0.3648667901410457,0.36344660352588865
0.07006893713344994,0.3651517310158142,0.36339748557440466
0.07017182837740508,0.3651517310158142,0.36325292525393105
0.07017182837740508,0.3654366718905827,0.36317978854239913
0.07022327399938265,0.3654366718905827,0.36305260581539983
0.07022327399938265,0.36557914232796695,0.36302069440344537
0.07024899681037143,0.36557914232796695,0.36300846812378385
0.07024899681037143,0.3657216127653512,0.36291579211039543
0.07027471962136023,0.3657216127653512,0.36284489968054745
0.07027471962136023,0.3662914945148882,0.3625710585449408
0.07030044243234901,0.3662914945148882,0.362509726233536
0.07030044243234901,0.36643396495227243,0.3624872941726562
0.07040333367630415,0.36643396495227243,0.3623922219677048
0.07040333367630415,0.3665764353896566,0.3623885757672744
0.07045477929828171,0.3665764353896566,0.36236202211692736
0.07050622492025929,0.3665764353896566,0.36233333152614305
0.07050622492025929,0.36671890582704086,0.36233044470224923
0.07058339335322564,0.36671890582704086,0.3622579797980152
0.07058339335322564,0.3668613762644251,0.3622537415969993
0.07063483897520322,0.3668613762644251,0.3621392256609132
0.07063483897520322,0.36728878757657785,0.36211871282607244
0.07073773021915834,0.36728878757657785,0.3619562247588703
0.07073773021915834,0.3674312580139621,0.3618678584961519
0.07076345303014714,0.3674312580139621,0.36174071922065776
0.07078917584113592,0.36757372845134634,0.3617379334256621
0.07084062146311348,0.36757372845134634,0.3616517540741313
0.07084062146311348,0.3677161988887306,0.3615477001289171
0.07089206708509106,0.3677161988887306,0.36151303450485167
0.07089206708509106,0.36785866932611483,0.3614773546431342
0.07091778989607984,0.36785866932611483,0.3614725930922102
0.07091778989607984,0.3680011397634991,0.3614692266844888
0.0709949583290462,0.3680011397634991,0.3613364213583554
0.0709949583290462,0.36857102151303606,0.3612429395150727
0.07107212676201255,0.36857102151303606,0.3612084562223927
0.07107212676201255,0.3687134919504203,0.36119177596939
0.07114929519497891,0.3687134919504203,0.3611137842311232
0.07114929519497891,0.36885596238780455,0.36110325432286766
0.07120074081695647,0.36885596238780455,0.3610584861662725
0.07120074081695647,0.3692833736999573,0.36100344261161343
0.07130363206091161,0.3692833736999573,0.3608996520931107
0.07130363206091161,0.36971078501210997,0.36085808034770983
0.0713293548719004,0.36971078501210997,0.36083682956542473
0.0713293548719004,0.3698532554494942,0.36083078665381296
0.07135507768288919,0.3698532554494942,0.3608184449186952
0.07135507768288919,0.36999572588687846,0.3608161625968029
0.07140652330486676,0.36999572588687846,0.36067871869954415
0.07140652330486676,0.3701381963242627,0.36066748444244257
0.07143224611585554,0.3701381963242627,0.3606375180817287
0.07143224611585554,0.37028066676164695,0.360612221782596
0.07156086017079946,0.37028066676164695,0.36051090860445356
0.07156086017079946,0.37056560763641544,0.36046465550712997
0.07174091984772096,0.37056560763641544,0.3602498113129684
0.07181808828068731,0.37085054851118393,0.3602442317300364
0.07189525671365367,0.37085054851118393,0.3601631680091204
0.07194670233563123,0.37085054851118393,0.36012692307778915
0.07194670233563123,0.3709930189485682,0.36009114742748943
0.07207531639057516,0.3709930189485682,0.3600398556551589
0.07207531639057516,0.3711354893859524,0.35997978593433866
0.07228109887848544,0.3711354893859524,0.3597300066283522
0.07228109887848544,0.3714204302607209,0.359646543197799
0.07240971293342936,0.3714204302607209,0.35944667745085507
0.07240971293342936,0.37156290069810516,0.35943628717467047
0.0725126041773845,0.37156290069810516,0.3591910239990005
0.0725126041773845,0.37184784157287365,0.35916391907124473
0.07258977261035086,0.37184784157287365,0.3590832131206738
0.07258977261035086,0.3724177233224106,0.3588080275466918
0.07269266385430599,0.3724177233224106,0.35866526642606217
0.07269266385430599,0.3725601937597948,0.3586181492944381
0.07276983228727235,0.3725601937597948,0.3585818167764065
0.07276983228727235,0.3728451346345633,0.35856877897499145
0.07279555509826113,0.3728451346345633,0.35845383327578645
0.07282127790924993,0.37298760507194756,0.35841515153939857
0.07282127790924993,0.37327254594671605,0.3583717253973197
0.07284700072023871,0.37327254594671605,0.35837144593188813
0.07284700072023871,0.37355748682148454,0.35836675834495213
0.07289844634221627,0.37355748682148454,0.35833054665270514
0.07310422883012656,0.37355748682148454,0.35814329607762674
0.07310422883012656,0.37384242769625303,0.3580953198393892
0.07318139726309292,0.37384242769625303,0.3580027512615049
0.07318139726309292,0.3739848981336373,0.3579813482417325
0.0732071200740817,0.3739848981336373,0.3579749076056336
0.0732071200740817,0.3741273685710215,0.35797348507405624
0.07323284288507048,0.3741273685710215,0.35797012967712744
0.07323284288507048,0.37426983900840577,0.35795601884837297
0.07328428850704805,0.37426983900840577,0.3579264440703954
0.07328428850704805,0.37441230944579,0.3579182423489335
0.07333573412902562,0.37441230944579,0.3579073759583239
0.0733614569400144,0.37441230944579,0.35785540685909095
0.0733614569400144,0.37455477988317426,0.3578378336242641
0.07343862537298076,0.37455477988317426,0.35778881236919563
0.07343862537298076,0.3746972503205585,0.3577180626307572
0.07349007099495833,0.3746972503205585,0.3577007727086862
0.07349007099495833,0.374982191195327,0.3576267329369938
0.07356723942792469,0.374982191195327,0.3573933435693878
0.07356723942792469,0.3751246616327112,0.357337348053504
0.07361868504990225,0.3751246616327112,0.35731452961840077
0.07361868504990225,0.3754096025074797,0.35730019602550417
0.07364440786089103,0.3754096025074797,0.3572696259808847
0.07374729910484618,0.3755520729448639,0.3572546578280635
0.07374729910484618,0.37569454338224817,0.35724267229040324
0.07382446753781254,0.37569454338224817,0.35717798360498004
0.07382446753781254,0.3758370138196324,0.3571670065325115
0.07390163597077888,0.3758370138196324,0.3570826212872054
0.07390163597077888,0.37597948425701666,0.3570427051999398
0.07392735878176768,0.37597948425701666,0.3570315031500342
0.07392735878176768,0.3761219546944009,0.3570308210526199
0.07395308159275646,0.3761219546944009,0.35701092084975117
0.07400452721473402,0.3761219546944009,0.35699604756851877
0.07400452721473402,0.3766918364439379,0.35686273213010655
0.0740302500257228,0.3766918364439379,0.35681495009443387
0.0740302500257228,0.37683430688132213,0.35677639598579697
0.07426175532462187,0.37683430688132213,0.35632286559805226
0.07428747813561067,0.3771192477560906,0.3563123925036982
0.07428747813561067,0.37726171819347487,0.3562943403978046
0.07433892375758823,0.37726171819347487,0.3561783474637938
0.07433892375758823,0.3774041886308591,0.3561755254788806
0.07441609219055459,0.3774041886308591,0.356123160006388
0.07441609219055459,0.37754665906824336,0.3561198468656207
0.07446753781253215,0.37754665906824336,0.3561143097008654
0.07446753781253215,0.3781165408177803,0.35601519277407506
0.07449326062352093,0.3781165408177803,0.3560134701302226
0.07449326062352093,0.37825901125516453,0.3560120753520073
0.07459615186747608,0.37825901125516453,0.35592310332497157
0.07459615186747608,0.3784014816925488,0.35589972495088346
0.07467332030044244,0.3784014816925488,0.35582731676580237
0.07467332030044244,0.378543952129933,0.35580984642524144
0.07472476592242,0.378543952129933,0.35576800676625725
0.07472476592242,0.3788288930047015,0.35573762360434336
0.07475048873340878,0.3788288930047015,0.35573283073200274
0.07475048873340878,0.37911383387947,0.3556706506267212
0.07480193435538636,0.37911383387947,0.3556225245169093
0.07480193435538636,0.37925630431685425,0.35561521930004886
0.0749048255993415,0.37925630431685425,0.3554783018641904
0.0749048255993415,0.37954124519162274,0.35541596547932347
0.07493054841033028,0.37954124519162274,0.3552985356162263
0.07493054841033028,0.379683715629007,0.3552956003443078
0.07495627122131907,0.379683715629007,0.3552918869735673
0.07495627122131907,0.37982618606639124,0.35523489108201983
0.07500771684329663,0.37982618606639124,0.35523172636012024
0.07518777652021813,0.37982618606639124,0.35499814982014916
0.0752392221421957,0.37982618606639124,0.35496337685163076
0.07529066776417327,0.37982618606639124,0.3549030439200212
0.07529066776417327,0.3799686565037755,0.35487560582212624
0.07531639057516205,0.3799686565037755,0.35486563854084396
0.07536783619713962,0.3799686565037755,0.3548596653783453
0.07539355900812841,0.3799686565037755,0.35485174350018467
0.0754192818191172,0.380253597378544,0.35481981965944265
0.07547072744109476,0.380253597378544,0.3547697098353516
0.07547072744109476,0.3803960678159282,0.35476786487883516
0.07552217306307234,0.3803960678159282,0.3547532416739595
0.0755736186850499,0.3803960678159282,0.3547431577341885
0.07562506430702748,0.38053853825331246,0.3547187401214762
0.07562506430702748,0.3808234791280809,0.35463974637153806
0.07570223273999382,0.3808234791280809,0.3545213333813465
0.0757536783619714,0.3808234791280809,0.3544983556694346
0.0757536783619714,0.38096594956546515,0.3544844273053797
0.07580512398394897,0.38096594956546515,0.35443246136760986
0.07580512398394897,0.3811084200028494,0.3544264079979119
0.07588229241691533,0.3811084200028494,0.35436059368650036
0.07588229241691533,0.38125089044023364,0.35434824575738777
0.07590801522790411,0.38125089044023364,0.35432936777152235
0.07590801522790411,0.3815358313150021,0.3542536564716676
0.07598518366087045,0.3815358313150021,0.3541904490457176
0.07598518366087045,0.3818207721897706,0.3541600689034093
0.07601090647185925,0.3818207721897706,0.3541239852086641
0.07601090647185925,0.3821057130645391,0.3540906199419875
0.07603662928284803,0.3821057130645391,0.35407443334017624
0.07603662928284803,0.38224818350192336,0.3540644559292792
0.07606235209383681,0.38224818350192336,0.3540633019081046
0.07606235209383681,0.38253312437669185,0.3540273176348288
0.07613952052680317,0.38253312437669185,0.35396307080245476
0.07613952052680317,0.3826755948140761,0.3539571955116488
0.07616524333779195,0.3826755948140761,0.35391338810442
0.07616524333779195,0.38281806525146034,0.35389525924144916
0.0762681345817471,0.38281806525146034,0.35380519485387013
0.07631958020372466,0.38281806525146034,0.35380335488771436
0.07631958020372466,0.3829605356888446,0.3537964626101704
0.07634530301471344,0.3829605356888446,0.35376836587262456
0.07634530301471344,0.3833879470009973,0.3536758522851501
0.07639674863669102,0.38367288787576576,0.35366261915953107
0.07647391706965737,0.38367288787576576,0.3535779892473225
0.07647391706965737,0.3841002991879185,0.3535532037446866
0.07655108550262373,0.3841002991879185,0.3534588051099646
0.07655108550262373,0.38424276962530274,0.35342835753824786
0.07665397674657887,0.38424276962530274,0.35334208476055456
0.07665397674657887,0.384385240062687,0.35333601592383995
0.07667969955756765,0.384385240062687,0.35332907292658167
0.07673114517954523,0.384385240062687,0.35330346276660496
0.07673114517954523,0.3846701809374555,0.35325887736577494
0.07678259080152279,0.3846701809374555,0.35311946704108776
0.07683403642350035,0.38495512181222397,0.3530825070862474
0.07688548204547793,0.38495512181222397,0.35307683594945216
0.0769369276674555,0.38495512181222397,0.35307182214544397
0.07701409610042186,0.38495512181222397,0.3529681485527914
0.07701409610042186,0.3850975922496082,0.3529678599873593
0.07703981891141064,0.3850975922496082,0.3529639576185038
0.07703981891141064,0.3853825331243767,0.3529068133988095
0.07709126453338822,0.3853825331243767,0.3528253506389873
0.07709126453338822,0.38552500356176095,0.35275539839719894
0.077116987344377,0.38552500356176095,0.3527453549291922
0.077116987344377,0.3856674739991452,0.35274144384991607
0.07714271015536578,0.3856674739991452,0.3526506340161592
0.07714271015536578,0.3859524148739137,0.35253179153181524
0.07716843296635456,0.3859524148739137,0.3524784374030167
0.07716843296635456,0.3862373557486821,0.3524628878345129
0.0772713242103097,0.3862373557486821,0.3523604619912239
0.0772713242103097,0.38637982618606637,0.35233416123436684
0.07732276983228727,0.3868072374982191,0.3523327309103322
0.07739993826525363,0.3868072374982191,0.35227076447300987
0.07739993826525363,0.3870921783729876,0.35224217273839803
0.07747710669821999,0.3870921783729876,0.3521182842230587
0.07747710669821999,0.3876620601225246,0.3518928394641813
0.07760572075316391,0.3876620601225246,0.3516584983078172
0.07760572075316391,0.3878045305599088,0.35160053085595827
0.07763144356415269,0.3878045305599088,0.35158974963552475
0.07765716637514147,0.38794700099729307,0.3515891163574788
0.07765716637514147,0.3880894714346773,0.3515758809181103
0.07770861199711905,0.3880894714346773,0.3515245833363511
0.07770861199711905,0.3886593531842143,0.3513642626145541
0.07773433480810783,0.3886593531842143,0.3512812750131686
0.0777857804300854,0.3886593531842143,0.3512798466451293
0.07788867167404054,0.3886593531842143,0.3510591903485198
0.07788867167404054,0.3889442940589828,0.3509384602166484
0.07791439448502932,0.3889442940589828,0.35091702012817866
0.07791439448502932,0.389086764496367,0.35085338708480585
0.07809445416195082,0.389086764496367,0.3506511396816972
0.07809445416195082,0.3892292349337512,0.35059831725265045
0.07819734540590596,0.3892292349337512,0.35056409825792884
0.07819734540590596,0.3895141758085197,0.35050964468794343
0.07822306821689474,0.3895141758085197,0.3505076976700455
0.07822306821689474,0.3897991166832882,0.3503744694244569
0.07827451383887231,0.3897991166832882,0.3502561952324447
0.07827451383887231,0.3900840575580567,0.3501508245268748
0.07830023664986109,0.3900840575580567,0.3501109783029978
0.07830023664986109,0.3903689984328252,0.3500268217738761
0.07837740508282745,0.3903689984328252,0.34995446223079335
0.07837740508282745,0.3906539393075937,0.3498982424357525
0.07840312789381623,0.3906539393075937,0.3498248909484968
0.07840312789381623,0.3907964097449779,0.34981433301229914
0.07845457351579381,0.3907964097449779,0.34979807233844523
0.07850601913777137,0.3907964097449779,0.3497628997175345
0.07850601913777137,0.39093888018236217,0.34973275754991345
0.07853174194876016,0.39093888018236217,0.3497140542007883
0.07853174194876016,0.3910813506197464,0.3496600837134135
0.0786346331927153,0.3910813506197464,0.3495630274350349
0.07868607881469288,0.3910813506197464,0.34954536585921175
0.07873752443667044,0.3910813506197464,0.34953795830535744
0.078788970058648,0.39122382105713066,0.34949374230240243
0.07899475254655829,0.39122382105713066,0.34917546891124046
0.07899475254655829,0.3913662914945149,0.3491236851670824
0.07917481222347979,0.3913662914945149,0.3489490702635338
0.07922625784545735,0.3913662914945149,0.3489293133836314
0.07935487190040127,0.3913662914945149,0.34875902138677883
0.07935487190040127,0.39150876193189915,0.34872489123059847
0.07938059471139006,0.3916512323692834,0.3487108454616143
0.07940631752237884,0.3916512323692834,0.34868429099697035
0.0794834859553452,0.39193617324405183,0.3486634313970538
0.0794834859553452,0.3920786436814361,0.34863908522165954
0.07961210001028912,0.3920786436814361,0.3484542784914726
0.07961210001028912,0.3922211141188203,0.3484267332587445
0.0796378228212779,0.3922211141188203,0.3482949984027285
0.0796635456322667,0.39236358455620457,0.34827230556590705
0.07968926844325548,0.39236358455620457,0.3482649968561895
0.07968926844325548,0.3925060549935888,0.34824426146886706
0.07979215968721062,0.3925060549935888,0.3481378998231718
0.07979215968721062,0.3927909958683573,0.3480257355419275
0.07979215968721062,0.39293346630574155,0.34801575612410984
0.07999794217512089,0.39293346630574155,0.34771683696933064
0.07999794217512089,0.3930759367431258,0.3476856692757317
0.08002366498610969,0.39321840718051004,0.34767700075329594
0.08007511060808725,0.39321840718051004,0.34764856383188636
0.08007511060808725,0.39350334805527853,0.34756440493318674
0.08020372466303118,0.39350334805527853,0.34708395520453234
0.08020372466303118,0.39393075936743127,0.34701979110516157
0.08035806152896388,0.39393075936743127,0.34690693163207653
0.08035806152896388,0.3940732298048155,0.34686727659506883
0.08043522996193024,0.3940732298048155,0.3467698998125503
0.08043522996193024,0.39421570024219976,0.346716644437764
0.08046095277291902,0.39421570024219976,0.34670110958632366
0.08046095277291902,0.394358170679584,0.3466949809161304
0.0804866755839078,0.394358170679584,0.3466876514640418
0.0804866755839078,0.39450064111696825,0.3465479080649341
0.0805123983948966,0.39450064111696825,0.34654783044371057
0.0805123983948966,0.3946431115543525,0.3465425284208046
0.08053812120588538,0.3946431115543525,0.3465074204929617
0.08053812120588538,0.3947855819917367,0.34650396856266635
0.08056384401687416,0.3947855819917367,0.34650251417617983
0.08056384401687416,0.3950705228665052,0.3463754197567495
0.08061528963885173,0.3950705228665052,0.3463236888959975
0.08061528963885173,0.3952129933038894,0.34628803473612674
0.0806667352608293,0.3952129933038894,0.34620065505390657
0.0806667352608293,0.39535546374127367,0.3461707157181593
0.08076962650478445,0.39535546374127367,0.34610077997558053
0.08076962650478445,0.3954979341786579,0.3460591330245079
0.08079534931577323,0.3954979341786579,0.34599155507674184
0.08079534931577323,0.39564040461604216,0.34597860582813805
0.08082107212676201,0.39564040461604216,0.345864044597072
0.08082107212676201,0.39592534549081065,0.34581876818382146
0.08092396337071715,0.39592534549081065,0.34572820663307036
0.08097540899269472,0.39592534549081065,0.3456727408293151
0.08100113180368351,0.39592534549081065,0.34566221933740876
0.08100113180368351,0.3960678159281949,0.34565587653537255
0.08107830023664986,0.3960678159281949,0.34561752576620364
0.08110402304763864,0.39621028636557915,0.34560463111851336
0.08110402304763864,0.3963527568029634,0.3455920627099688
0.08120691429159378,0.3963527568029634,0.3455620942816848
0.08120691429159378,0.39649522724034764,0.3455246707460541
0.08125835991357136,0.39649522724034764,0.3454944671595201
0.08128408272456014,0.3966376976777319,0.3454799109259863
0.0813355283465377,0.3966376976777319,0.34544396988972975
0.0813355283465377,0.3967801681151161,0.3454178965799311
0.0813612511575265,0.3967801681151161,0.3454153807860415
0.0813612511575265,0.3969226385525004,0.34539324686403194
0.08141269677950407,0.3969226385525004,0.34537746989315343
0.08141269677950407,0.39720757942726886,0.3452722777476789
0.08143841959049285,0.39720757942726886,0.3452637144552088
0.08143841959049285,0.3974925203020373,0.3451394140038392
0.08146414240148163,0.3974925203020373,0.3451087392567411
0.08146414240148163,0.39791993161419004,0.3450466745293424
0.08148986521247042,0.39791993161419004,0.3450204450902906
0.08148986521247042,0.3980624020515743,0.3450184001956823
0.08164420207840313,0.3980624020515743,0.34484027233003123
0.08164420207840313,0.39820487248895853,0.34482851513152457
0.08166992488939191,0.39820487248895853,0.34474706526915416
0.08166992488939191,0.3983473429263428,0.3447252345450076
0.0816956477003807,0.3983473429263428,0.34469350766446344
0.08179853894433584,0.398489813363727,0.34468391646758423
0.08182426175532462,0.398489813363727,0.3446415192953476
0.08182426175532462,0.39891722467587976,0.3445875595397527
0.08184998456631341,0.39891722467587976,0.34457917304051516
0.08190143018829098,0.399059695113264,0.3445567704764386
0.08208148986521246,0.399059695113264,0.34441432742735445
0.08208148986521246,0.39920216555064825,0.34441038139245356
0.08213293548719004,0.39920216555064825,0.34440473554335044
0.08213293548719004,0.3993446359880325,0.344389434078156
0.08226154954213397,0.3993446359880325,0.3442730508022707
0.08226154954213397,0.4000569881749537,0.3441030158263651
0.08231299516411153,0.4000569881749537,0.3441001332221319
0.08233871797510033,0.4000569881749537,0.34409220851092587
0.08233871797510033,0.40019945861233797,0.344020338287628
0.08244160921905545,0.40019945861233797,0.3439710095465485
0.08244160921905545,0.40034192904972216,0.3439701595803583
0.08246733203004425,0.40034192904972216,0.3439640645640792
0.08246733203004425,0.4004843994871064,0.34395277636444876
0.0825445004630106,0.4004843994871064,0.3438333336220497
0.0825445004630106,0.40062686992449065,0.3438214836613506
0.08275028295092088,0.40062686992449065,0.34348265569436
0.08275028295092088,0.40091181079925914,0.34337244841899006
0.08282745138388724,0.40091181079925914,0.34334775649435006
0.08282745138388724,0.4010542812366434,0.34333527467363606
0.0828788970058648,0.4010542812366434,0.34327027594698245
0.0828788970058648,0.40119675167402763,0.34324399057706456
0.08295606543883116,0.40119675167402763,0.3432067816256883
0.08295606543883116,0.4013392221114119,0.34316046999347116
0.08298178824981994,0.4013392221114119,0.3431438762397509
0.08298178824981994,0.4014816925487961,0.3431433781307084
0.08300751106080873,0.4014816925487961,0.3431347939681032
0.08300751106080873,0.40162416298618037,0.34312418637053366
0.08303323387179751,0.40162416298618037,0.3429723391856851
0.08303323387179751,0.4017666334235646,0.34293080393572745
0.08308467949377508,0.4017666334235646,0.3428773790669419
0.08316184792674143,0.4017666334235646,0.3428727752089361
0.08316184792674143,0.40219404473571735,0.3428156415682628
0.08321329354871901,0.40219404473571735,0.34276590531442236
0.08321329354871901,0.4023365151731016,0.3427026951215013
0.08323901635970779,0.4023365151731016,0.3426924067877153
0.08323901635970779,0.4026214560478701,0.3425843082526547
0.08334190760366293,0.4026214560478701,0.34248779404891017
0.08334190760366293,0.40276392648525433,0.3423423123320795
0.08336763041465171,0.40276392648525433,0.3422294638247272
0.08336763041465171,0.4030488673600228,0.3422039159985074
0.0833933532256405,0.4030488673600228,0.34220135286443
0.08341907603662928,0.403191337797407,0.3421135548968252
0.08341907603662928,0.40333380823479126,0.34204967323559665
0.08344479884761807,0.40333380823479126,0.34203081234036964
0.08344479884761807,0.4034762786721755,0.3420263629422527
0.08359913571355078,0.4034762786721755,0.34195593011533226
0.08359913571355078,0.4040461604217125,0.34171610370955324
0.08365058133552834,0.4040461604217125,0.3417087893185768
0.08365058133552834,0.40418863085909673,0.34163803569249646
0.08370202695750592,0.40418863085909673,0.34159340398406957
0.08370202695750592,0.404331101296481,0.3415364853505913
0.0837277497684947,0.404331101296481,0.3415301606161258
0.0837277497684947,0.4044735717338652,0.34150884124587016
0.08408786912233769,0.4044735717338652,0.3411086899577221
0.08408786912233769,0.40461604217124947,0.34108467283266175
0.08413931474431526,0.40461604217124947,0.3410373514160971
0.08413931474431526,0.4047585126086337,0.34103591253512655
0.08416503755530404,0.4047585126086337,0.34102508467808323
0.08416503755530404,0.4050434534834022,0.34097735669969886
0.08429365161024797,0.4050434534834022,0.34090880524838824
0.08429365161024797,0.40547086479555494,0.34080283547087326
0.08431937442123676,0.40547086479555494,0.34079739425664324
0.08431937442123676,0.4058982761077077,0.3406589686546032
0.0843965428542031,0.4058982761077077,0.3406204899892285
0.0843965428542031,0.40604074654509187,0.34059484479359814
0.0844222656651919,0.40604074654509187,0.3405499780120278
0.0844222656651919,0.40632568741986036,0.34049197298891026
0.08444798847618068,0.40632568741986036,0.34045321037625736
0.08444798847618068,0.4064681578572446,0.34044427896161344
0.08447371128716946,0.4064681578572446,0.34039352623799984
0.08447371128716946,0.40661062829462885,0.3403222981293406
0.08452515690914703,0.40661062829462885,0.3402643069694029
0.08452515690914703,0.4067530987320131,0.340247846539823
0.08455087972013582,0.4067530987320131,0.34018095670827025
0.08455087972013582,0.4070380396067816,0.34011714871117693
0.0845766025311246,0.4070380396067816,0.34009223668259425
0.0845766025311246,0.40718051004416583,0.3400729600584383
0.08460232534211339,0.40718051004416583,0.3400378131426948
0.08460232534211339,0.4073229804815501,0.3400358136031388
0.08470521658606853,0.4073229804815501,0.33999728606282403
0.08470521658606853,0.4074654509189343,0.3399661672025289
0.08480810783002367,0.4074654509189343,0.339851515267521
0.08480810783002367,0.40760792135631857,0.339848397379554
0.08485955345200123,0.40760792135631857,0.33976012645057746
0.08485955345200123,0.4077503917937028,0.33975998769707444
0.08488527626299001,0.4077503917937028,0.33974848453842327
0.08493672188496759,0.4077503917937028,0.33974824013319455
0.08498816750694516,0.4077503917937028,0.3396878005667398
0.08498816750694516,0.40789286223108706,0.33968227341175783
0.08503961312892273,0.40789286223108706,0.33966514233888573
0.08503961312892273,0.4080353326684713,0.33958462120059896
0.08506533593991152,0.4080353326684713,0.3395502226655817
0.08506533593991152,0.40817780310585555,0.33954948586088685
0.08519394999485544,0.40817780310585555,0.33931903040971767
0.08519394999485544,0.40846274398062404,0.33929393394398033
0.085245395616833,0.40846274398062404,0.33926336874954227
0.08529684123881058,0.40846274398062404,0.3391762778779329
0.08529684123881058,0.4086052144180083,0.3391684897773441
0.08532256404979936,0.4087476848553925,0.33913998955830227
0.08532256404979936,0.4088901552927767,0.33913661432269526
0.08539973248276572,0.4088901552927767,0.3390483348599821
0.08545117810474329,0.40903262573016097,0.3390437064001184
0.08547690091573207,0.40903262573016097,0.3389601283510619
0.08547690091573207,0.4094600370423137,0.3388214115006484
0.08550262372672085,0.40960250747969795,0.33881135928645073
0.08550262372672085,0.4097449779170822,0.3387101048445983
0.08552834653770965,0.4097449779170822,0.3386933928458471
0.08557979215968721,0.40988744835446644,0.3386634214747816
0.08560551497067599,0.40988744835446644,0.33866186698002626
0.08560551497067599,0.4100299187918507,0.33864894950721364
0.08563123778166477,0.4100299187918507,0.3385601721339973
0.08565696059265357,0.41017238922923493,0.33851483591176507
0.08568268340364235,0.41017238922923493,0.3384854593561148
0.08570840621463113,0.4103148596666192,0.338453802733088
0.08583702026957506,0.4103148596666192,0.3382910618740976
0.08583702026957506,0.4104573301040034,0.3382731092977146
0.08588846589155263,0.4104573301040034,0.3382158052276374
0.08588846589155263,0.41059980054138767,0.3382032559633185
0.08596563432451898,0.41059980054138767,0.3381125120441369
0.08599135713550776,0.4107422709787719,0.3380353671987105
0.08604280275748534,0.4107422709787719,0.33799989107682354
0.08604280275748534,0.41088474141615616,0.33798943301962003
0.0860942483794629,0.41088474141615616,0.33797802475891975
0.0860942483794629,0.4110272118535404,0.3379511855188925
0.08614569400144048,0.4110272118535404,0.3379176040519654
0.08614569400144048,0.4113121527283089,0.3379042199609843
0.0862743080563844,0.4113121527283089,0.3378607071569927
0.0862743080563844,0.41145462316569315,0.3378525380275978
0.08642864492231711,0.41145462316569315,0.3376450147540371
0.08650581335528347,0.4117395640404616,0.33763009122914683
0.0866087045992386,0.4117395640404616,0.3374821761892696
0.0866087045992386,0.41202450491523007,0.3374526166270301
0.0866344274102274,0.41202450491523007,0.3374506324627822
0.0866344274102274,0.4121669753526143,0.33742857255133335
0.08673731865418254,0.4121669753526143,0.337283105378108
0.0867887642761601,0.4121669753526143,0.33727250779817075
0.08699454676407038,0.4121669753526143,0.33716020204288627
0.08699454676407038,0.4124519162273828,0.33705880656252113
0.08707171519703673,0.4124519162273828,0.3369470403516604
0.08707171519703673,0.41259438666476705,0.3368778053487886
0.08714888363000309,0.41259438666476705,0.336801558033117
0.08714888363000309,0.4127368571021513,0.33673309838386795
0.0873032204959358,0.4127368571021513,0.3365918068315503
0.0873032204959358,0.41287932753953555,0.33657343418702257
0.08732894330692458,0.41287932753953555,0.3364163823383956
0.08732894330692458,0.4130217979769198,0.33635601891616235
0.08740611173989093,0.4130217979769198,0.3362976415384515
0.08740611173989093,0.41316426841430404,0.33627122403722565
0.08756044860582364,0.41316426841430404,0.3361360840562892
0.08756044860582364,0.41344920928907253,0.3361048224331886
0.08763761703879,0.41344920928907253,0.3360125020438946
0.08763761703879,0.413734150163841,0.3359443994270833
0.08768906266076756,0.413734150163841,0.3358960043662849
0.08768906266076756,0.41387662060122526,0.3358759734472184
0.08774050828274514,0.41387662060122526,0.33585777557274554
0.08774050828274514,0.4140190910386095,0.33583515448849516
0.08792056795966663,0.4140190910386095,0.33566954880750716
0.08792056795966663,0.41416156147599376,0.3356260840646028
0.08802345920362177,0.41416156147599376,0.33545324583157615
0.08802345920362177,0.41458897278814644,0.33538786575854024
0.0881520732585657,0.41458897278814644,0.3352610585392822
0.0881520732585657,0.4147314432255307,0.33522491051826686
0.08817779606955448,0.4147314432255307,0.3351869714497938
0.08817779606955448,0.4151588545376834,0.33509101424626725
0.08820351888054327,0.4151588545376834,0.3350828330579945
0.08820351888054327,0.41530132497506766,0.3349776556800037
0.08822924169153205,0.41530132497506766,0.3349112942548262
0.08822924169153205,0.4160136771619889,0.33475301439198313
0.08825496450252084,0.4162986180367574,0.3346791235402323
0.0883064101244984,0.4162986180367574,0.334600202015316
0.0883064101244984,0.41644108847414163,0.33449255107620984
0.0883321329354872,0.4165835589115259,0.3344464607666645
0.08838357855746476,0.4165835589115259,0.3344084813854405
0.08838357855746476,0.41686849978629437,0.3344053735156654
0.08840930136845354,0.4170109702236786,0.33435581343539295
0.0884864698014199,0.4170109702236786,0.33422848755683054
0.0884864698014199,0.4171534406610628,0.33421795663550957
0.08851219261240868,0.41729591109844705,0.33410364607122967
0.08858936104537504,0.41729591109844705,0.3339499784198934
0.08858936104537504,0.4174383815358313,0.33393153169598544
0.0886408066673526,0.4174383815358313,0.3339204407343696
0.0886408066673526,0.4177233224105998,0.3338933097834975
0.08887231196625167,0.4177233224105998,0.3335349464312157
0.08887231196625167,0.41786579284798403,0.33351581670351327
0.08889803477724045,0.41786579284798403,0.33339128433382936
0.08889803477724045,0.4180082632853683,0.3333900767874827
0.08892375758822924,0.4180082632853683,0.33338450484432075
0.08892375758822924,0.4181507337227525,0.3333804305523007
0.08894948039921803,0.4181507337227525,0.3333663089634336
0.08894948039921803,0.418435674597521,0.33333001468915213
0.08902664883218438,0.418435674597521,0.3332656530565701
0.08902664883218438,0.41857814503490526,0.33326384244660673
0.0891809856981171,0.41857814503490526,0.3332133861975241
0.0891809856981171,0.41886308590967375,0.333184755904992
0.08923243132009466,0.41886308590967375,0.3331669371053421
0.08923243132009466,0.419005556347058,0.3330840903053914
0.0893353225640498,0.419005556347058,0.33299044550189877
0.0893353225640498,0.41914802678444224,0.33292708431788637
0.08948965942998251,0.41914802678444224,0.33268436658600564
0.08948965942998251,0.4192904972218265,0.33268216175709875
0.08961827348492643,0.4192904972218265,0.33249479778896923
0.08961827348492643,0.41943296765921073,0.33241277946582315
0.08969544191789279,0.41943296765921073,0.3323894470678062
0.08969544191789279,0.419575438096595,0.33237769991487665
0.08974688753987035,0.419575438096595,0.33232046275399535
0.08974688753987035,0.4197179085339792,0.3322902200989263
0.08990122440580306,0.4197179085339792,0.33211902458036474
0.08990122440580306,0.41986037897136347,0.332105287864317
0.08992694721679186,0.41986037897136347,0.33206115924326424
0.08992694721679186,0.42000284940874766,0.33202663143981775
0.08997839283876942,0.42000284940874766,0.33193223628650076
0.08997839283876942,0.42028779028351615,0.3318503496090914
0.09010700689371334,0.42028779028351615,0.3318038081352514
0.09010700689371334,0.42057273115828464,0.33179619949940203
0.09015845251569092,0.42057273115828464,0.33174427611257407
0.09015845251569092,0.42085767203305313,0.3316844411164888
0.0901841753266797,0.42085767203305313,0.3316808958829501
0.0901841753266797,0.4211426129078216,0.33164135443742476
0.09023562094865727,0.4211426129078216,0.3316298436963592
0.09028706657063484,0.4211426129078216,0.3316107747021818
0.09028706657063484,0.42128508334520587,0.3315703313888132
0.09036423500360119,0.42128508334520587,0.33155158267807244
0.09036423500360119,0.4214275537825901,0.3314993808331988
0.09038995781458997,0.42157002421997436,0.33149705762730075
0.09041568062557877,0.42157002421997436,0.3314970210212408
0.09041568062557877,0.4217124946573586,0.331490249636251
0.09046712624755633,0.4217124946573586,0.33143409361211146
0.09051857186953391,0.4217124946573586,0.33143382441769914
0.09051857186953391,0.42185496509474285,0.33142335033274367
0.09051857186953391,0.42213990596951134,0.3314091264617695
0.09054429468052269,0.42213990596951134,0.3313973771936449
0.09054429468052269,0.4222823764068956,0.33138532080209193
0.09057001749151147,0.4222823764068956,0.3313798382521583
0.09057001749151147,0.42242484684427983,0.3313793404811346
0.09059574030250026,0.4225673172816641,0.33137456236267526
0.09059574030250026,0.4227097877190483,0.33136629030299086
0.09080152279041054,0.4227097877190483,0.3310955836478607
0.09080152279041054,0.423137199031201,0.33107696640057227
0.09082724560139932,0.423137199031201,0.3310471119455667
0.09082724560139932,0.42327966946858525,0.330965297193194
0.09093013684535446,0.42327966946858525,0.33082277254968534
0.09095585965634324,0.4234221399059695,0.3308018785126879
0.09116164214425353,0.4234221399059695,0.33062389676659293
0.09116164214425353,0.423707080780738,0.33055214858565135
0.09131597901018623,0.423707080780738,0.3303968753124144
0.09131597901018623,0.4241344920928907,0.33030699891346904
0.09139314744315259,0.4241344920928907,0.3303031051351517
0.09141887025414137,0.4241344920928907,0.3303001560244484
0.09141887025414137,0.42427696253027497,0.3302921464707094
0.09147031587611894,0.42427696253027497,0.33024099408726876
0.09147031587611894,0.4244194329676592,0.33021085215084384
0.09162465274205166,0.4244194329676592,0.3299846794341212
0.09162465274205166,0.42456190340504346,0.3299574798090889
0.09165037555304044,0.42456190340504346,0.3299242515732889
0.09165037555304044,0.4247043738424277,0.32988449213081306
0.091701821175018,0.4247043738424277,0.32981666249438024
0.09190760366292829,0.4247043738424277,0.32965353500006994
0.09190760366292829,0.42484684427981195,0.3296034805959569
0.09193332647391707,0.42484684427981195,0.3295582323085474
0.09193332647391707,0.4249893147171962,0.3295483542331722
0.09195904928490585,0.4249893147171962,0.329520365618688
0.09195904928490585,0.42513178515458044,0.3294807418573252
0.09211338615083857,0.42513178515458044,0.3292224658142203
0.09211338615083857,0.4252742555919647,0.32918951726366574
0.09213910896182735,0.4252742555919647,0.32917546577789175
0.09219055458380492,0.4252742555919647,0.3291663089605221
0.09219055458380492,0.42570166690411737,0.32907351643482646
0.09234489144973762,0.42570166690411737,0.32890735607843513
0.09234489144973762,0.42598660777888586,0.32885483504587965
0.0923963370717152,0.42598660777888586,0.3288290791668928
0.0923963370717152,0.4261290782162701,0.32882085956521406
0.09242205988270398,0.4261290782162701,0.32879579276287013
0.09242205988270398,0.42627154865365435,0.32875624750025884
0.09247350550468156,0.42627154865365435,0.32873807085691414
0.09247350550468156,0.4264140190910386,0.32869970233247603
0.09260211955962548,0.4264140190910386,0.32862282837233725
0.09260211955962548,0.42655648952842284,0.328617928220964
0.09278217923654697,0.42655648952842284,0.32842715833452335
0.09278217923654697,0.42684143040319134,0.32834316575766553
0.09293651610247967,0.42684143040319134,0.32814315190465576
0.09293651610247967,0.4271263712779598,0.3280816484203134
0.09298796172445725,0.4271263712779598,0.3280225374955796
0.09298796172445725,0.42726884171534407,0.32799198131315205
0.0930908529684124,0.42726884171534407,0.32795934511198166
0.0930908529684124,0.42755378259011256,0.3279397109638923
0.09311657577940118,0.42755378259011256,0.3279185339818327
0.09311657577940118,0.42812366433964955,0.3278098945079404
0.09319374421236752,0.42812366433964955,0.32774960278701293
0.09319374421236752,0.4282661347770338,0.3277246500487489
0.0932451898343451,0.4282661347770338,0.32770541582314444
0.0932451898343451,0.428408605214418,0.3276818193472557
0.09327091264533388,0.428408605214418,0.32764612323712883
0.09327091264533388,0.4285510756518022,0.32760401933752065
0.09329663545632266,0.4285510756518022,0.3275895095407048
0.09329663545632266,0.4286935460891865,0.32758429567253816
0.09332235826731144,0.4286935460891865,0.3274492460822985
0.09332235826731144,0.4288360165265707,0.3274374335076137
0.09337380388928902,0.4288360165265707,0.3274321028484174
0.09345097232225538,0.4288360165265707,0.32724973154861664
0.09345097232225538,0.42897848696395496,0.32723887241372157
0.09373392324313201,0.42897848696395496,0.3269449868814032
0.09373392324313201,0.4294058982761077,0.32680545019778834
0.0937596460541208,0.4294058982761077,0.326794254220314
0.0937596460541208,0.42954836871349195,0.3267493613065396
0.09378536886510958,0.42954836871349195,0.32673312081723455
0.09378536886510958,0.42983330958826044,0.3266902570191777
0.09383681448708715,0.42983330958826044,0.3266757729345138
0.09383681448708715,0.4299757800256447,0.3266686130682749
0.0939139829200535,0.4299757800256447,0.32659580937829485
0.0939139829200535,0.43011825046302893,0.3265685800161981
0.09396542854203108,0.43011825046302893,0.326444897956232
0.09396542854203108,0.4302607209004132,0.3264180520619493
0.09414548821895256,0.4302607209004132,0.32627741010728784
0.09414548821895256,0.4304031913377974,0.32622475053296773
0.09417121102994135,0.43054566177518167,0.32619383611519526
0.09419693384093014,0.43054566177518167,0.3261746996296586
0.09419693384093014,0.4306881322125659,0.3261412053489561
0.09429982508488528,0.4306881322125659,0.32602184801368217
0.09429982508488528,0.43083060264995016,0.3260014560287596
0.09432554789587407,0.43083060264995016,0.3259753156527843
0.09437699351785163,0.43083060264995016,0.32596286742435043
0.09437699351785163,0.43111554352471865,0.3259297904746861
0.09440271632884041,0.43111554352471865,0.32592831644296427
0.09440271632884041,0.43125801396210284,0.3259264003302083
0.09445416195081799,0.43125801396210284,0.3258477937181545
0.09445416195081799,0.4314004843994871,0.3257605072075489
0.0946084988167507,0.4314004843994871,0.3256215177055266
0.0946084988167507,0.43154295483687133,0.3255273545480782
0.09468566724971705,0.43154295483687133,0.32545816774667274
0.09471139006070584,0.4316854252742556,0.32542809275498447
0.09471139006070584,0.4318278957116398,0.32540247517322823
0.09473711287169462,0.4318278957116398,0.32530066994281454
0.09473711287169462,0.43197036614902407,0.3252688329464672
0.0947628356826834,0.43197036614902407,0.32525417785018745
0.0947628356826834,0.4321128365864083,0.32523343267754373
0.0947885584936722,0.43225530702379256,0.32523252063425884
0.0947885584936722,0.43254024789856105,0.32514394933188095
0.09489144973762732,0.43254024789856105,0.3249146517583168
0.0949428953596049,0.43282518877332954,0.3249004055298157
0.0949428953596049,0.43311012964809803,0.32485812963563726
0.09502006379257125,0.43311012964809803,0.3246872211817557
0.09502006379257125,0.4332526000854823,0.32456876038469384
0.09504578660356004,0.4332526000854823,0.3245571751413541
0.09504578660356004,0.4333950705228665,0.3245302494789022
0.0950972322255376,0.4333950705228665,0.32449752065857507
0.0950972322255376,0.433680011397635,0.3244483821402743
0.09512295503652639,0.433680011397635,0.3244101501105648
0.09512295503652639,0.43382248183501926,0.32437095279010564
0.09514867784751517,0.43382248183501926,0.3243464996771531
0.09514867784751517,0.4339649522724035,0.32424170234255256
0.09517440065850397,0.4341074227097877,0.32422008014886894
0.09517440065850397,0.43424989314717194,0.32421646630272644
0.09522584628048153,0.43424989314717194,0.3241741053637048
0.09522584628048153,0.4343923635845562,0.32414736363510344
0.09525156909147031,0.4343923635845562,0.3241132411647875
0.09525156909147031,0.4346773044593247,0.32409091222196745
0.09530301471344789,0.4346773044593247,0.3240632922778843
0.09530301471344789,0.43524718620886166,0.32400423232418124
0.09532873752443667,0.43524718620886166,0.3239947924557029
0.09532873752443667,0.43553212708363015,0.3239777741003633
0.09535446033542545,0.43553212708363015,0.32395772499994707
0.09535446033542545,0.43581706795839864,0.3239175989765022
0.09543162876839181,0.43581706795839864,0.32388025872874826
0.09543162876839181,0.4362444792705514,0.32377319953270306
0.0954573515793806,0.4363869497079356,0.3237498849852591
0.09548307439036938,0.4363869497079356,0.32372398419938403
0.09548307439036938,0.43652942014531987,0.32370946572599996
0.09550879720135816,0.43652942014531987,0.3236899681434029
0.09556024282333574,0.4366718905827041,0.32367523732482284
0.09556024282333574,0.4368143610200883,0.32363692767305596
0.09558596563432452,0.4368143610200883,0.3236243863303263
0.09558596563432452,0.43695683145747255,0.3236237995469193
0.09563741125630208,0.43695683145747255,0.323543509981011
0.09563741125630208,0.4370993018948568,0.32354266754663535
0.09568885687827966,0.4370993018948568,0.32353163632525095
0.09568885687827966,0.43724177233224104,0.3235180671098424
0.09602325342113387,0.43724177233224104,0.3232043412278263
0.09602325342113387,0.4373842427696253,0.32316576821479326
0.096126144665089,0.4373842427696253,0.32297788495982743
0.096126144665089,0.4376691836443938,0.3229513503788462
0.09622903590904414,0.4376691836443938,0.3228666589441691
0.09622903590904414,0.43823906539393076,0.322695898624795
0.09625475872003293,0.43823906539393076,0.32269194292030046
0.0963062043420105,0.438381535831315,0.32266532647351753
0.09633192715299928,0.438381535831315,0.32263638397385225
0.09633192715299928,0.43852400626869925,0.32258388942874294
0.0964605412079432,0.43852400626869925,0.3222978155600752
0.0964605412079432,0.43880894714346774,0.3222718622085625
0.09651198682992078,0.43880894714346774,0.3221860284908333
0.09651198682992078,0.43909388801823623,0.32210412641545083
0.09656343245189834,0.43909388801823623,0.3220159424250646
0.09656343245189834,0.4392363584556205,0.32197568737508836
0.0966148780738759,0.4392363584556205,0.32190338500941273
0.0966148780738759,0.4393788288930047,0.3218887720328886
0.0966406008848647,0.4393788288930047,0.32187884325326493
0.0966406008848647,0.43952129933038897,0.3218297781049089
0.09679493775079741,0.43952129933038897,0.321656117298846
0.09679493775079741,0.43966376976777316,0.32164930151255494
0.09684638337277497,0.43966376976777316,0.3215582117600666
0.09684638337277497,0.43994871064254165,0.3214741007557502
0.09689782899475255,0.43994871064254165,0.32142552762024357
0.09689782899475255,0.4400911810799259,0.321413537159117
0.09694927461673011,0.4400911810799259,0.3213139973400053
0.09694927461673011,0.4403761219546944,0.3212512443355372
0.0969749974277189,0.4403761219546944,0.32123248709408364
0.0969749974277189,0.4406610628294629,0.3212232221079324
0.09705216586068525,0.4406610628294629,0.3210607720597729
0.09705216586068525,0.44094600370423137,0.32090117721724415
0.0971550571046404,0.44094600370423137,0.32086194929297784
0.0971550571046404,0.4413734150163841,0.32074870910967174
0.09718077991562918,0.4413734150163841,0.3207334907693864
0.09718077991562918,0.4416583558911526,0.3206995258672398
0.09736083959255068,0.4416583558911526,0.32045929469488627
0.09736083959255068,0.44180082632853684,0.3204579876417331
0.09738656240353946,0.4419432967659211,0.3204558470600299
0.09759234489144973,0.4419432967659211,0.32017471957935145
0.09759234489144973,0.44208576720330534,0.32013585770210656
0.09761806770243853,0.44208576720330534,0.3201096697543892
0.09761806770243853,0.4422282376406896,0.32010241627578984
0.09784957300133759,0.4422282376406896,0.319782765555825
0.09797818705628152,0.4423707080780738,0.3197820082904303
0.0980039098672703,0.4423707080780738,0.3197705824624429
0.0980039098672703,0.442513178515458,0.3197534249204516
0.09805535548924786,0.442513178515458,0.3196258996597412
0.09805535548924786,0.4427981193902265,0.31951018479217325
0.09813252392221422,0.4427981193902265,0.3194264443701797
0.09813252392221422,0.44294058982761075,0.3193981199080793
0.09826113797715814,0.44294058982761075,0.31929722285370105
0.09826113797715814,0.44322553070237924,0.31927853359565267
0.09828686078814693,0.4433680011397635,0.31921985601750635
0.09838975203210207,0.4433680011397635,0.31913125327813224
0.09838975203210207,0.44351047157714774,0.3191279191425234
0.09844119765407963,0.44351047157714774,0.31912491253880065
0.09844119765407963,0.4437954124519162,0.3190884523137562
0.09846692046506843,0.4437954124519162,0.319081796587345
0.09851836608704599,0.4439378828893005,0.3190765314517843
0.09854408889803477,0.4439378828893005,0.3190469829927706
0.09854408889803477,0.4440803533266847,0.31904572020268696
0.09856981170902356,0.4440803533266847,0.31904432063518245
0.09856981170902356,0.44479270551360595,0.31896438195384336
0.09859553452001235,0.44479270551360595,0.3189580776963172
0.09859553452001235,0.4449351759509902,0.31893984408033293
0.09864698014198992,0.4449351759509902,0.3188766422355447
0.09864698014198992,0.4452201168257587,0.3188632222790147
0.0986727029529787,0.4452201168257587,0.31884060175833234
0.0986727029529787,0.4453625872631429,0.3188396217318111
0.09869842576396749,0.4455050577005271,0.31882821501821695
0.09877559419693384,0.4455050577005271,0.3187279211714439
0.09877559419693384,0.44564752813791136,0.318715826999237
0.09882703981891142,0.44564752813791136,0.31867528500748854
0.09882703981891142,0.4457899985752956,0.3186591116591059
0.0988527626299002,0.4457899985752956,0.3186172263698845
0.0988527626299002,0.44621740988744835,0.3185278530637542
0.09895565387385534,0.44621740988744835,0.31847789553413824
0.09895565387385534,0.4466448211996011,0.3183569524574098
0.09898137668484412,0.44678729163698533,0.318350242379731
0.09898137668484412,0.4469297620743696,0.31834452275198627
0.09913571355077683,0.4469297620743696,0.318206092666387
0.09913571355077683,0.4470722325117538,0.3181969260554358
0.09921288198374319,0.4470722325117538,0.31808294319621017
0.09921288198374319,0.44721470294913807,0.3180742210759884
0.09939294166066467,0.44721470294913807,0.31782500204477926
0.09939294166066467,0.44749964382390656,0.31779466374408477
0.09941866447165346,0.44749964382390656,0.3177515420117865
0.09947011009363103,0.44749964382390656,0.3177188546495438
0.09954727852659738,0.44749964382390656,0.31760211861217513
0.09954727852659738,0.4476421142612908,0.31751455903872816
0.09959872414857496,0.4476421142612908,0.3175136696076481
0.09972733820351888,0.4476421142612908,0.31740717948897335
0.09975306101450766,0.44778458469867505,0.31735832566263583
0.09977878382549644,0.44778458469867505,0.31735822708451467
0.09977878382549644,0.4479270551360593,0.3173578186827976
0.09983022944747402,0.4479270551360593,0.3173155166231167
0.09983022944747402,0.4480695255734435,0.317284674544888
0.10001028912439551,0.4480695255734435,0.3171792876590031
0.10003601193538429,0.44821199601082773,0.31717367523591283
0.10003601193538429,0.448354466448212,0.317158276324127
0.10008745755736187,0.448354466448212,0.3171230868973661
0.10008745755736187,0.4484969368855962,0.3171129182216429
0.10013890317933943,0.4484969368855962,0.317050325507654
0.10013890317933943,0.44863940732298047,0.31699276308989577
0.10026751723428336,0.44863940732298047,0.31683556068387764
0.10026751723428336,0.44892434819774896,0.3168003802678567
0.10031896285626093,0.44892434819774896,0.3167212485854446
0.10031896285626093,0.44920928907251745,0.31659727853917086
0.1005247453441712,0.44920928907251745,0.31639418967672245
0.1005247453441712,0.4493517595099017,0.31628482640071237
0.10057619096614878,0.4493517595099017,0.3161709125174868
0.10057619096614878,0.44949422994728594,0.31617054504003445
0.10062763658812635,0.44949422994728594,0.3161497438744825
0.10062763658812635,0.44977917082205443,0.3161382750385471
0.10065335939911514,0.44977917082205443,0.31609085654538155
0.10065335939911514,0.4500641116968229,0.31604388469257494
0.1007048050210927,0.4500641116968229,0.3159842901330769
0.10073052783208149,0.45020658213420717,0.31595731873216587
0.10073052783208149,0.4503490525715914,0.31594112117452944
0.10091058750900299,0.4503490525715914,0.31564665647859524
0.10091058750900299,0.45049152300897566,0.31560677127245457
0.10093631031999177,0.45049152300897566,0.3155540085191444
0.10093631031999177,0.4510614047585126,0.3155024628371259
0.10103920156394691,0.4510614047585126,0.3153947591388417
0.10103920156394691,0.45120387519589683,0.3153308108756103
0.10109064718592448,0.45120387519589683,0.3152840161455008
0.10109064718592448,0.4513463456332811,0.3152365184344193
0.10111636999691326,0.45163128650804957,0.31521283644354103
0.10116781561889084,0.45163128650804957,0.3151641168464016
0.10116781561889084,0.4517737569454338,0.31516306236040886
0.1012192612408684,0.4517737569454338,0.31515271728301797
0.10142504372877868,0.4517737569454338,0.3149391560213031
0.10142504372877868,0.4520586978202023,0.3148100867123759
0.10150221216174504,0.4520586978202023,0.31477409098577375
0.10150221216174504,0.45220116825758655,0.3147727225323571
0.1015536577837226,0.45220116825758655,0.31469266379097605
0.1015536577837226,0.45248610913235504,0.314663656973646
0.10157938059471139,0.4526285795697393,0.3146550008674092
0.10157938059471139,0.45277105000712353,0.31465448261919376
0.1017337174606441,0.45277105000712353,0.3145381327607794
0.10178516308262167,0.45277105000712353,0.3145293468283192
0.10188805432657681,0.45277105000712353,0.3144706708635185
0.10188805432657681,0.4529135204445078,0.31440962430292574
0.10193949994855438,0.4529135204445078,0.3143913354895826
0.10193949994855438,0.453055990881892,0.31427151226422584
0.10201666838152074,0.453055990881892,0.31416340194830966
0.10201666838152074,0.45319846131927627,0.314156885504517
0.1020681140034983,0.45319846131927627,0.3140739964516496
0.1020681140034983,0.4533409317566605,0.31405006334353663
0.10211955962547588,0.4533409317566605,0.31403552495808346
0.10211955962547588,0.45348340219404476,0.31399431253171944
0.10217100524745344,0.453625872631429,0.3139832194033722
0.10219672805844222,0.453625872631429,0.31397161098766224
0.10219672805844222,0.4537683430688132,0.31396188225066146
0.10240251054635251,0.4537683430688132,0.31360657304257145
0.10240251054635251,0.4540532839435817,0.31356520066626936
0.10245395616833007,0.4540532839435817,0.3134926577417367
0.10245395616833007,0.4543382248183502,0.3134600790281748
0.10253112460129643,0.4543382248183502,0.3133655423255991
0.10253112460129643,0.45490810656788716,0.3131694269395294
0.10260829303426279,0.45490810656788716,0.31311391779430714
0.10260829303426279,0.4550505770052714,0.31307855775113164
0.10268546146722914,0.4550505770052714,0.3129872704534111
0.10268546146722914,0.4553355178800399,0.3128776083931379
0.10273690708920671,0.4553355178800399,0.31286455909821614
0.10273690708920671,0.45547798831742414,0.3128518865728762
0.10278835271118428,0.45547798831742414,0.31282143275512525
0.10281407552217306,0.4556204587548084,0.3127616191303607
0.10286552114415064,0.4556204587548084,0.31273585555037264
0.10286552114415064,0.45576292919219263,0.3126931113559823
0.10289124395513942,0.45576292919219263,0.3126332123694376
0.10289124395513942,0.4560478700669611,0.31258612908395744
0.1030713036320609,0.4560478700669611,0.31236063052127216
0.1030713036320609,0.45619034050434537,0.31235967184097646
0.10314847206502727,0.45619034050434537,0.3123058827423356
0.10314847206502727,0.4563328109417296,0.3122846181076126
0.10322564049799363,0.4563328109417296,0.312203410740593
0.10322564049799363,0.4564752813791138,0.3121956131407873
0.10327708611997119,0.4564752813791138,0.3121918002992473
0.10327708611997119,0.45661775181649805,0.3121593539501198
0.10330280893095997,0.45661775181649805,0.31213512449865055
0.10330280893095997,0.45690269269126654,0.3120986991576077
0.10332853174194875,0.45690269269126654,0.3120668494799158
0.10332853174194875,0.4570451631286508,0.3120585141681177
0.10337997736392633,0.4570451631286508,0.31192450547041306
0.10337997736392633,0.45718763356603503,0.311900826380744
0.10345714579689269,0.45718763356603503,0.3118715459554594
0.10345714579689269,0.4573301040034193,0.3118539099563098
0.10350859141887025,0.4573301040034193,0.3118366974128103
0.10350859141887025,0.4574725744408035,0.31178755440249073
0.10358575985183661,0.4574725744408035,0.3117486895715416
0.10358575985183661,0.457757515315572,0.31169598530514336
0.10371437390678054,0.457757515315572,0.31153367634746787
0.10371437390678054,0.45789998575295626,0.31151339282431245
0.10381726515073567,0.45789998575295626,0.311409668142776
0.10381726515073567,0.4580424561903405,0.31139035309890145
0.10389443358370203,0.4580424561903405,0.311354212241449
0.10389443358370203,0.458327397065109,0.3113160259456921
0.10389443358370203,0.45875480837726174,0.3112695521927434
0.10389443358370203,0.458897278814646,0.3112691204074111
0.10392015639469081,0.458897278814646,0.3112505558136661
0.10392015639469081,0.4590397492520302,0.31117265342919026
0.1039458792056796,0.4590397492520302,0.31113263625597837
0.1039458792056796,0.4591822196894145,0.31109781518256074
0.10404877044963473,0.4591822196894145,0.3108989267163978
0.10407449326062353,0.45932469012679866,0.31087321882149666
0.10407449326062353,0.45960963100156715,0.310823141450781
0.10412593888260109,0.45960963100156715,0.31070849064088885
0.10415166169358987,0.4597521014389514,0.3106977939281428
0.1042802757485338,0.4597521014389514,0.3105707223569943
0.1042802757485338,0.45989457187633564,0.31055463311199194
0.10435744418150016,0.45989457187633564,0.3105128715203553
0.10435744418150016,0.4600370423137199,0.31050712984597667
0.10438316699248894,0.4600370423137199,0.3104130652333092
0.10438316699248894,0.4603219831884884,0.3103427207647495
0.10448605823644408,0.4603219831884884,0.31030494062967445
0.10451178104743286,0.4604644536258726,0.31029884893814597
0.104614672291388,0.4604644536258726,0.31024274372688654
0.104614672291388,0.4607493945006411,0.31014141383759386
0.10464039510237678,0.4607493945006411,0.31013253324862305
0.10469184072435436,0.46089186493802536,0.3101164846983017
0.10474328634633193,0.46089186493802536,0.31007661464815894
0.10474328634633193,0.4610343353754096,0.3100341405608748
0.10479473196830949,0.4610343353754096,0.31001945300293243
0.10479473196830949,0.4613192762501781,0.31000655141824734
0.10489762321226463,0.4613192762501781,0.3099542881179882
0.10494906883424221,0.4613192762501781,0.30993073470680105
0.10500051445621977,0.4613192762501781,0.3098733738908704
0.10500051445621977,0.4616042171249466,0.30980456444042065
0.10515485132215248,0.4616042171249466,0.3096562801663822
0.10515485132215248,0.4618891579997151,0.3095707010688329
0.10518057413314127,0.4618891579997151,0.3095656642753329
0.10518057413314127,0.46203162843709933,0.30952436639987974
0.1053091881880852,0.46203162843709933,0.3094723498112176
0.1053091881880852,0.46288645106140475,0.30932787390902733
0.10533491099907398,0.46288645106140475,0.30932520867601065
0.10533491099907398,0.463028921498789,0.3092863041048762
0.10538635662105154,0.463028921498789,0.3092640174593792
0.10543780224302912,0.463028921498789,0.3092374855173147
0.10543780224302912,0.46317139193617324,0.3092280323933515
0.10551497067599547,0.46317139193617324,0.30921532275150604
0.10551497067599547,0.4633138623735575,0.3092049708785174
0.10554069348698426,0.4633138623735575,0.3092041777955159
0.10554069348698426,0.463598803248326,0.309172502286013
0.10559213910896183,0.463598803248326,0.30916383198987285
0.10564358473093939,0.463598803248326,0.30903369239410566
0.10569503035291697,0.46388374412309447,0.30894411890157936
0.10569503035291697,0.46416868499786296,0.3088821570682591
0.10572075316390575,0.46416868499786296,0.3088409489345611
0.10572075316390575,0.4645960963100157,0.30878617841470946
0.10577219878588331,0.4645960963100157,0.30871798012833357
0.10577219878588331,0.4648810371847842,0.3086997126659403
0.10590081284082725,0.4648810371847842,0.3085584355468624
0.10590081284082725,0.4650235076221684,0.30852280434357054
0.10602942689577118,0.4650235076221684,0.30842864822679245
0.10602942689577118,0.4651659780595526,0.30834509691918016
0.10605514970675996,0.4651659780595526,0.3083394482160087
0.10605514970675996,0.46530844849693687,0.308331521875961
0.10608087251774874,0.46530844849693687,0.3082993626912322
0.10610659532873752,0.4654509189343211,0.3082782789390801
0.1061323181397263,0.4654509189343211,0.30825429761365775
0.1061323181397263,0.46559338937170536,0.30818014570813157
0.10620948657269266,0.46559338937170536,0.3080831147613897
0.10620948657269266,0.4657358598090896,0.3080810086463197
0.10633810062763659,0.4657358598090896,0.30797067114677235
0.10633810062763659,0.46587833024647385,0.30785088142129546
0.10641526906060295,0.46587833024647385,0.30781479336215467
0.10641526906060295,0.4660208006838581,0.30775165793863285
0.10654388311554687,0.4660208006838581,0.3076027896660416
0.10659532873752443,0.46616327112124234,0.3075586016463698
0.1066724971704908,0.46616327112124234,0.3075343825566712
0.1066724971704908,0.4663057415586266,0.30752697700819215
0.10669821998147958,0.4663057415586266,0.30752368444103856
0.10669821998147958,0.46644821199601083,0.3074716710518422
0.10677538841444593,0.46644821199601083,0.30742268178418064
0.10677538841444593,0.4665906824333951,0.3074085601604556
0.10680111122543472,0.4665906824333951,0.3074006623895794
0.10680111122543472,0.4667331528707793,0.30739014255193636
0.10690400246938986,0.4667331528707793,0.30733992764872453
0.10690400246938986,0.46687562330816357,0.3073270355414216
0.10692972528037864,0.46687562330816357,0.3073202016212166
0.1069811709023562,0.46687562330816357,0.3073150636340013
0.1069811709023562,0.4670180937455478,0.30730905495533906
0.10713550776828892,0.4670180937455478,0.30712812034991277
0.10713550776828892,0.4673030346203163,0.3070784141725274
0.10718695339026649,0.4673030346203163,0.3070523829298917
0.10718695339026649,0.46744550505770055,0.3070442811683188
0.10721267620125527,0.4675879754950848,0.30704420624436546
0.10734129025619919,0.4675879754950848,0.3069181492664226
0.10734129025619919,0.46787291636985323,0.30689919541170857
0.10736701306718799,0.46787291636985323,0.3068940005503131
0.10741845868916555,0.46787291636985323,0.30688547806997174
0.10741845868916555,0.4681578572446217,0.306807945154567
0.10749562712213191,0.4681578572446217,0.30669923221941425
0.10749562712213191,0.46830032768200597,0.30665146675685034
0.10777857804300854,0.46830032768200597,0.3063664866527327
0.10777857804300854,0.4684427981193902,0.3063601022964441
0.10780430085399732,0.4684427981193902,0.30635207938567327
0.10780430085399732,0.46858526855677446,0.3063154365775558
0.1078557464759749,0.46858526855677446,0.3063013498621166
0.10795863771993003,0.46858526855677446,0.3060716314600554
0.10795863771993003,0.4687277389941587,0.30606107271889177
0.10798436053091882,0.4687277389941587,0.30599436254682877
0.10798436053091882,0.46887020943154295,0.30594922650636425
0.10813869739685153,0.46887020943154295,0.30581316376666257
0.10813869739685153,0.46915515030631144,0.30576809585839143
0.10816442020784031,0.46915515030631144,0.30575507796378504
0.10816442020784031,0.4692976207436957,0.30574108937795147
0.1081901430188291,0.4692976207436957,0.30573842415840446
0.1081901430188291,0.46944009118107993,0.3056721131209446
0.10826731145179545,0.46944009118107993,0.30558946564691775
0.10826731145179545,0.4695825616184642,0.3055106315419181
0.10839592550673938,0.4695825616184642,0.3054222558361809
0.10839592550673938,0.4697250320558484,0.3053896835067488
0.10844737112871694,0.4697250320558484,0.3053675170632496
0.10847309393970574,0.4697250320558484,0.30532203115434997
0.10847309393970574,0.4700099729306169,0.3053126777057726
0.10862743080563844,0.4700099729306169,0.30521427564185993
0.10862743080563844,0.47015244336800116,0.30517893421438885
0.10875604486058237,0.47015244336800116,0.3050765468994526
0.10875604486058237,0.47043738424276965,0.30497488258329153
0.10878176767157115,0.47043738424276965,0.3049565616936786
0.10880749048255993,0.47057985468015384,0.304931106668758
0.10880749048255993,0.4707223251175381,0.30492390096961414
0.10888465891552629,0.4707223251175381,0.3048953917093738
0.10888465891552629,0.47086479555492233,0.3048731370038011
0.10891038172651507,0.4710072659923066,0.3048727234207397
0.10893610453750385,0.4710072659923066,0.3048569456155014
0.10896182734849265,0.4711497364296908,0.3048069356875494
0.10901327297047021,0.4711497364296908,0.3047667711709633
0.10901327297047021,0.47129220686707507,0.3047647722704054
0.109038995781459,0.47129220686707507,0.3047547538994686
0.109038995781459,0.47157714774184356,0.30471853537762594
0.10927050108035806,0.47157714774184356,0.3043914721390682
0.10927050108035806,0.47186208861661205,0.30436390330640667
0.10929622389134684,0.47186208861661205,0.3043590992398068
0.10929622389134684,0.4722894999287648,0.30429932921925507
0.10939911513530198,0.4722894999287648,0.3042794633132264
0.10939911513530198,0.47243197036614903,0.3042749470438754
0.10947628356826834,0.47243197036614903,0.3041519981465025
0.10947628356826834,0.4727169112409175,0.3040395320152516
0.10960489762321227,0.4727169112409175,0.303946616845328
0.10965634324518983,0.4727169112409175,0.3039461855059757
0.10965634324518983,0.473001852115686,0.30390957103746924
0.10968206605617863,0.47314432255307026,0.30384801566803504
0.10973351167815619,0.47314432255307026,0.3038210647383281
0.10973351167815619,0.4732867929904545,0.30380216937081
0.10981068011112255,0.4732867929904545,0.3036879260951915
0.10981068011112255,0.4737142043026072,0.3036602874039138
0.10983640292211133,0.4737142043026072,0.3035858203245522
0.10983640292211133,0.47385667473999143,0.3035124138724611
0.10986212573310011,0.47385667473999143,0.30350656326474307
0.10986212573310011,0.4741416156147599,0.3033778103146074
0.10991357135507768,0.4741416156147599,0.30334789869368156
0.10991357135507768,0.4744265564895284,0.3033129653534265
0.1100679082210104,0.4744265564895284,0.3031955025187177
0.1100679082210104,0.47485396780168115,0.30315022181517887
0.11009363103199918,0.47485396780168115,0.3031343849885124
0.11009363103199918,0.4749964382390654,0.30312358421032415
0.11017079946496554,0.4749964382390654,0.3030411250746945
0.1102222450869431,0.4749964382390654,0.30299622750702715
0.1102222450869431,0.47513890867644964,0.30298989357201384
0.11027369070892067,0.47513890867644964,0.3029763938364205
0.11027369070892067,0.4752813791138339,0.3029621155705753
0.11035085914188703,0.4752813791138339,0.3029420161518338
0.11035085914188703,0.4755663199886024,0.3029219073795362
0.11042802757485339,0.4755663199886024,0.30285380945249235
0.11042802757485339,0.4757087904259866,0.30284925208542846
0.11045375038584217,0.4757087904259866,0.3028456312089482
0.11045375038584217,0.4759937313007551,0.302812183296315
0.11050519600781973,0.4759937313007551,0.3027637777201846
0.11050519600781973,0.4761362017381393,0.3027559692374463
0.11053091881880851,0.4761362017381393,0.30270839590261484
0.11053091881880851,0.47627867217552355,0.30266542200639923
0.11055664162979731,0.47627867217552355,0.3026629498975576
0.11055664162979731,0.4764211426129078,0.3026258589237627
0.11112254347155057,0.4764211426129078,0.30216411210038385
0.11112254347155057,0.47656361305029205,0.30215313620124024
0.11114826628253936,0.47656361305029205,0.3021306937973736
0.11119971190451693,0.47656361305029205,0.3020813543301665
0.11122543471550571,0.47656361305029205,0.3020022275758498
0.11122543471550571,0.4767060834876763,0.301956510035785
0.11135404877044963,0.4767060834876763,0.30185593814835465
0.11135404877044963,0.47684855392506054,0.30184607929124396
0.11137977158143841,0.47684855392506054,0.30182502512239684
0.11137977158143841,0.477133494799829,0.30180821692700427
0.11140549439242721,0.477133494799829,0.3017559405385005
0.11140549439242721,0.4772759652372133,0.30169228669902504
0.11148266282539356,0.4772759652372133,0.3015484515185338
0.11148266282539356,0.4774184356745975,0.3015092570974047
0.11153410844737113,0.4774184356745975,0.3014630282469396
0.11153410844737113,0.47756090611198176,0.3014407836524726
0.11155983125835991,0.47756090611198176,0.30143534784485715
0.11161127688033748,0.47756090611198176,0.30137439501886953
0.11161127688033748,0.477703376549366,0.3013387556147174
0.1117398909352814,0.477703376549366,0.30124076183209925
0.1117398909352814,0.4779883174241345,0.3011926586064562
0.11179133655725898,0.4779883174241345,0.30112859585914403
0.11179133655725898,0.47813078786151875,0.3011197576189097
0.11181705936824776,0.47813078786151875,0.3010583448114454
0.11181705936824776,0.478273258298903,0.3010300379331476
0.11184278217923654,0.478273258298903,0.30102826616297823
0.11186850499022533,0.47841572873628724,0.3010041685391905
0.11189422780121412,0.47841572873628724,0.3009754959648649
0.11189422780121412,0.4785581991736715,0.30096247099591517
0.11217717872209075,0.4785581991736715,0.3007778740880104
0.11217717872209075,0.47870066961105573,0.30077451796991406
0.11220290153307953,0.47870066961105573,0.3007184377437131
0.11220290153307953,0.47898561048582416,0.3007058490199548
0.11230579277703467,0.47898561048582416,0.3005851016694423
0.11235723839901224,0.47898561048582416,0.30054670131199196
0.11235723839901224,0.4794130217979769,0.3005341588910507
0.11238296121000103,0.4794130217979769,0.3005219766257084
0.11238296121000103,0.47955549223536115,0.3005157490760088
0.11248585245395616,0.47955549223536115,0.30042610161606476
0.11248585245395616,0.4796979626727454,0.3003800114571177
0.11253729807593374,0.4796979626727454,0.30035305061837275
0.11253729807593374,0.47984043311012964,0.30033232340360394
0.11256302088692252,0.4799829035475139,0.30030749631052517
0.1126144665089001,0.4799829035475139,0.3001993051433586
0.1126144665089001,0.48012537398489813,0.30019278468208477
0.11266591213087766,0.48012537398489813,0.30018432552397
0.11271735775285523,0.48012537398489813,0.30013755014506077
0.11271735775285523,0.4802678444222824,0.3001308186015497
0.11274308056384402,0.4802678444222824,0.3001068598890681
0.1127688033748328,0.4804103148596666,0.3001022181695319
0.11282024899681037,0.4804103148596666,0.3000381180382554
0.11282024899681037,0.48055278529705087,0.29998606763224606
0.11287169461878795,0.48055278529705087,0.2999674498077374
0.11292314024076551,0.4806952557344351,0.29993209959261485
0.11300030867373187,0.4806952557344351,0.29980122333079706
0.11300030867373187,0.48083772617181936,0.29976667632259696
0.11307747710669822,0.48083772617181936,0.29968635493518303
0.11307747710669822,0.4809801966092036,0.2996188681749769
0.1131289227286758,0.4809801966092036,0.29950539080777466
0.1131289227286758,0.48112266704658785,0.2994553154903305
0.11320609116164214,0.48112266704658785,0.2993734327012187
0.11323181397263093,0.48140760792135634,0.29934977523573586
0.1132832595946085,0.48140760792135634,0.2993421906229312
0.1132832595946085,0.48169254879612483,0.2992283766755548
0.11336042802757486,0.48169254879612483,0.2991908233421278
0.11336042802757486,0.481835019233509,0.2991685939492279
0.11338615083856364,0.481835019233509,0.29916809051640664
0.11338615083856364,0.48226243054566176,0.2991413469615963
0.1134375964605412,0.48226243054566176,0.29906005899023236
0.11348904208251878,0.48226243054566176,0.29901196450953876
0.11348904208251878,0.482404900983046,0.2989926461271033
0.11354048770449635,0.482404900983046,0.29895672922206656
0.11354048770449635,0.48254737142043025,0.2989443701770641
0.11364337894845149,0.48254737142043025,0.29887231003172343
0.11366910175944027,0.4826898418578145,0.29887057837737585
0.11372054738141785,0.4826898418578145,0.298729713617485
0.11372054738141785,0.48283231229519874,0.2987045788981421
0.11377199300339541,0.48283231229519874,0.298624829519284
0.11382343862537297,0.48283231229519874,0.2986008152272451
0.11384916143636177,0.482974782732583,0.2985886969093864
0.11384916143636177,0.4832597236073515,0.29841398359172744
0.11390060705833933,0.4832597236073515,0.29832906434298534
0.1139520526803169,0.4832597236073515,0.2982576858691153
0.11402922111328326,0.4832597236073515,0.29817029058391875
0.11408066673526084,0.48354466448211997,0.29816348656052816
0.1141321123572384,0.48354466448211997,0.2981008795961766
0.1141321123572384,0.4836871349195042,0.29808968958263277
0.11415783516822718,0.4836871349195042,0.29806498089714545
0.11415783516822718,0.48382960535688846,0.298028227640281
0.11420928079020476,0.48382960535688846,0.2980134072780494
0.11420928079020476,0.4839720757942727,0.29798608038976093
0.11423500360119354,0.4839720757942727,0.29795258718445256
0.11423500360119354,0.48411454623165695,0.29792664124370904
0.11426072641218232,0.48411454623165695,0.297853313149111
0.11426072641218232,0.4842570166690412,0.29781254007966157
0.11431217203415989,0.4842570166690412,0.2977323196822972
0.11431217203415989,0.48439948710642544,0.2977271829681716
0.11433789484514868,0.48439948710642544,0.29767196274143937
0.11433789484514868,0.4848268984185781,0.2976313497434409
0.11441506327811503,0.4848268984185781,0.297569663467273
0.11441506327811503,0.48525430973073086,0.2974388331883823
0.11444078608910381,0.4853967801681151,0.2973972788211525
0.11459512295503653,0.4853967801681151,0.2972899113941647
0.11462084576602531,0.48553925060549935,0.2972800033863634
0.1146465685770141,0.48553925060549935,0.2972508901306014
0.1146465685770141,0.4856817210428836,0.29720110156755436
0.11467229138800288,0.4856817210428836,0.2971744406089255
0.11467229138800288,0.4859666619176521,0.2970824461242459
0.11472373700998045,0.4859666619176521,0.29706495539312217
0.11472373700998045,0.48610913235503633,0.2970276124084179
0.11477518263195802,0.48610913235503633,0.2969409559203597
0.11477518263195802,0.4863940732298048,0.29692023550617175
0.11477518263195802,0.48653654366718907,0.29691530779983544
0.1148266282539356,0.48653654366718907,0.2968555859153441
0.1148266282539356,0.4866790141045733,0.2968374418043125
0.11485235106492438,0.4866790141045733,0.29680257959619155
0.11485235106492438,0.48682148454195756,0.29678729474697974
0.11487807387591316,0.48682148454195756,0.2967634596462922
0.11487807387591316,0.4869639549793418,0.2967627589594307
0.11490379668690194,0.4869639549793418,0.2967215786303085
0.11490379668690194,0.48710642541672605,0.2966778587164608
0.11492951949789074,0.48710642541672605,0.296628253876106
0.11492951949789074,0.4872488958541103,0.2965936861784427
0.1149809651198683,0.4872488958541103,0.2964101820250756
0.1149809651198683,0.4873913662914945,0.2964033597811836
0.1149809651198683,0.487676307166263,0.29639546501492914
0.11505813355283466,0.487676307166263,0.2963020645688399
0.11508385636382344,0.4878187776036472,0.2961992260888662
0.11510957917481222,0.4878187776036472,0.29616418798209065
0.11510957917481222,0.48796124804103147,0.2961506754120521
0.11528963885173371,0.48796124804103147,0.2959902924076332
0.11528963885173371,0.4881037184784157,0.2959530927683981
0.11536680728470007,0.4881037184784157,0.2959523552354812
0.11536680728470007,0.48824618891579996,0.29593221674641523
0.11541825290667765,0.48824618891579996,0.2958992657987421
0.11541825290667765,0.48853112979056845,0.29584581242411967
0.11544397571766643,0.48853112979056845,0.2958302041712282
0.11544397571766643,0.48881607066533694,0.2958101591884814
0.1156497582055767,0.48881607066533694,0.29559438766342794
0.1156497582055767,0.4892434819774897,0.2955615410662177
0.11572692663854306,0.4892434819774897,0.2955149875497849
0.11572692663854306,0.4893859524148739,0.29550785103516997
0.11593270912645334,0.4893859524148739,0.2953942709220918
0.11593270912645334,0.48952842285225817,0.29537759012411513
0.11595843193744212,0.48952842285225817,0.2953241016798014
0.11595843193744212,0.4896708932896424,0.29524107650170367
0.11600987755941969,0.4896708932896424,0.2952246928545468
0.11606132318139727,0.49009830460179515,0.2951912909926866
0.11608704599238605,0.49009830460179515,0.29518321907452905
0.11608704599238605,0.49052571591394784,0.2951528891838406
0.11613849161436361,0.49052571591394784,0.2951065672039722
0.11613849161436361,0.4906681863513321,0.2950964669858311
0.11618993723634119,0.4906681863513321,0.2950949284677022
0.11624138285831875,0.4906681863513321,0.2950563115965422
0.11639571972425147,0.4906681863513321,0.2949786650540679
0.11639571972425147,0.4910955976634848,0.294949147221807
0.11644716534622904,0.4910955976634848,0.2948362519605262
0.11644716534622904,0.49123806810086906,0.29478050189291316
0.1166786706451281,0.49123806810086906,0.2945977849456501
0.1166786706451281,0.49152300897563755,0.2945887605717713
0.11673011626710567,0.49152300897563755,0.2945304397300568
0.11673011626710567,0.4916654794130218,0.2945294079443986
0.11675583907809445,0.4916654794130218,0.29452238561847277
0.11678156188908324,0.49180794985040605,0.2944620045507124
0.11678156188908324,0.4919504202877903,0.2944221332459657
0.11688445313303839,0.4919504202877903,0.29432170723902673
0.11688445313303839,0.49209289072517454,0.29429917685498097
0.11693589875501595,0.49209289072517454,0.2942624733967796
0.11693589875501595,0.492377831599943,0.2942315898511993
0.11706451280995987,0.492377831599943,0.2941414134335081
0.11706451280995987,0.4926627724747115,0.2941108843670733
0.11709023562094865,0.4926627724747115,0.2941042264381297
0.11714168124292623,0.4926627724747115,0.2940983362398589
0.11716740405391501,0.4926627724747115,0.2940968661757734
0.11716740405391501,0.49280524291209576,0.2940755472326818
0.11721884967589258,0.49280524291209576,0.29405977992349147
0.11727029529787016,0.49280524291209576,0.2940334156206838
0.11732174091984772,0.49280524291209576,0.2939765663179854
0.11739890935281408,0.49294771334948,0.29394804450980966
0.11739890935281408,0.4930901837868642,0.2939388764284225
0.11745035497479164,0.4930901837868642,0.2939098997905524
0.11745035497479164,0.4933751246616327,0.29386425353532564
0.11747607778578043,0.4933751246616327,0.29386097905747993
0.11747607778578043,0.49351759509901694,0.29384921727268415
0.11755324621874678,0.49351759509901694,0.29378881453368333
0.11755324621874678,0.49380253597378543,0.2937670303454657
0.11757896902973557,0.49380253597378543,0.29369496019652075
0.11760469184072435,0.4939450064111697,0.29367989220983554
0.11760469184072435,0.4940874768485539,0.2936736857458152
0.11765613746270193,0.4940874768485539,0.29358575694070216
0.11765613746270193,0.49422994728593816,0.2935597373255883
0.11768186027369071,0.49422994728593816,0.2935264952863956
0.11768186027369071,0.4943724177233224,0.29352216525622316
0.11770758308467949,0.4943724177233224,0.2935200505313522
0.11770758308467949,0.4946573585980909,0.2935097128505866
0.11773330589566827,0.4946573585980909,0.2935060980049219
0.11773330589566827,0.49479982903547515,0.29350361228427924
0.11775902870665707,0.4949422994728594,0.293498769696595
0.11778475151764585,0.4949422994728594,0.293494381025942
0.11778475151764585,0.49508476991024364,0.2934758409442922
0.11781047432863463,0.49508476991024364,0.293456776481369
0.11781047432863463,0.49536971078501213,0.29340984173207174
0.11786191995061221,0.49536971078501213,0.2933539421364037
0.11786191995061221,0.4956546516597806,0.29324877822750317
0.11788764276160099,0.4956546516597806,0.2932372601853694
0.11788764276160099,0.4957971220971648,0.29323387554808167
0.11799053400555613,0.4957971220971648,0.2931846972491268
0.11799053400555613,0.49593959253454906,0.2931697759475446
0.11832493054841033,0.49593959253454906,0.2927815338138442
0.11832493054841033,0.4960820629719333,0.2927353863814972
0.11845354460335425,0.4960820629719333,0.2926365931314988
0.11845354460335425,0.4963670038467018,0.2926137654895528
0.11853071303632061,0.4963670038467018,0.2925717912166246
0.11853071303632061,0.4966519447214703,0.2925385359694359
0.11855643584730939,0.4966519447214703,0.29252900926530395
0.11858215865829817,0.49679441515885453,0.29249355659303244
0.11863360428027575,0.49679441515885453,0.2924074549942486
0.11865932709126453,0.49679441515885453,0.2923820479618787
0.11868504990225331,0.4969368855962388,0.29237641428612987
0.11868504990225331,0.497079356033623,0.2923592990728082
0.1187107727132421,0.497079356033623,0.2923428740896908
0.1187107727132421,0.49722182647100727,0.29231582680958024
0.11876221833521967,0.49722182647100727,0.29229610355796903
0.11881366395719724,0.49722182647100727,0.2922802548426944
0.11891655520115238,0.49722182647100727,0.2922313697806842
0.11891655520115238,0.4973642969083915,0.29218198905543424
0.11894227801214116,0.4973642969083915,0.29213199670202933
0.11899372363411874,0.4973642969083915,0.2920235134558591
0.11899372363411874,0.49750676734577576,0.29199373284862673
0.11907089206708509,0.49750676734577576,0.2919352783342165
0.11907089206708509,0.49764923778316,0.2919283461470687
0.11914806050005144,0.49764923778316,0.29189526561644086
0.11919950612202901,0.49764923778316,0.29189314682648426
0.11919950612202901,0.49779170822054425,0.29189288882082315
0.1192252289330178,0.49779170822054425,0.2918772391275348
0.1192252289330178,0.498219119532697,0.29177128678842335
0.11937956579895051,0.498219119532697,0.29162658553695436
0.11937956579895051,0.49836158997008123,0.29162509852406243
0.11943101142092807,0.49836158997008123,0.29152322029581856
0.11950817985389443,0.4987890012822339,0.2914930088201295
0.1195853482868608,0.4987890012822339,0.2914184213167888
0.11966251671982714,0.49893147171961816,0.29140114313259957
0.11966251671982714,0.49921641259438665,0.29137520576031883
0.11971396234180472,0.49921641259438665,0.29133805905811344
0.11971396234180472,0.4993588830317709,0.2913146254039409
0.11979113077477106,0.4993588830317709,0.2912355718168895
0.11979113077477106,0.49950135346915514,0.29120421322393264
0.11986829920773742,0.49950135346915514,0.29109028255593494
0.11986829920773742,0.4996438239065394,0.2910872842503341
0.11991974482971499,0.4996438239065394,0.2910126618009509
0.11991974482971499,0.49978629434392363,0.2909894936459172
0.11997119045169256,0.49978629434392363,0.29095931476640763
0.1200740816956477,0.49978629434392363,0.2908497403538275
0.1200740816956477,0.5000712352186921,0.29071455564547577
0.12022841856158041,0.5000712352186921,0.2905446336245179
0.12022841856158041,0.5004986465308449,0.2905231208757855
0.12025414137256919,0.5006411169682291,0.2905147113402874
0.12030558699454677,0.5007835874056134,0.2904890450691824
0.12033130980553555,0.5007835874056134,0.2904618575741019
0.12033130980553555,0.5010685282803818,0.29045880875508023
0.12045992386047948,0.5010685282803818,0.29030121334323056
0.12048564667146826,0.5012109987177661,0.2902990508489217
0.12051136948245704,0.5012109987177661,0.2902887194820569
0.12053709229344582,0.5013534691551503,0.29027655270733876
0.12053709229344582,0.5016384100299188,0.2902529770542321
0.12066570634838975,0.5016384100299188,0.2900544643244988
0.12066570634838975,0.5019233509046873,0.2899787687063231
0.12071715197036732,0.5019233509046873,0.2899220124422723
0.12071715197036732,0.5020658213420716,0.28989052629384937
0.12082004321432246,0.5020658213420716,0.28981623403990125
0.12082004321432246,0.5024932326542243,0.2897695639795054
0.12087148883630003,0.5024932326542243,0.28974257231996536
0.12087148883630003,0.5027781735289928,0.2896780612074639
0.12097438008025517,0.5027781735289928,0.28959559176890937
0.12097438008025517,0.5029206439663769,0.28957323511024374
0.12102582570223273,0.5029206439663769,0.2895383512868466
0.12102582570223273,0.5030631144037612,0.28952232781901827
0.12105154851322153,0.5030631144037612,0.2895115408004786
0.12105154851322153,0.5032055848411454,0.28949305006176923
0.12112871694618788,0.5032055848411454,0.28946763531825764
0.12115443975717666,0.5033480552785297,0.2894641552889883
0.12123160819014302,0.5033480552785297,0.2894453579273883
0.12123160819014302,0.5034905257159139,0.289413571613611
0.1212573310011318,0.5034905257159139,0.28932047408064926
0.1212573310011318,0.5036329961532982,0.2892765346194913
0.12133449943409816,0.5036329961532982,0.28921088837745973
0.12133449943409816,0.5037754665906824,0.28919248528253444
0.12138594505607572,0.5037754665906824,0.2891606584005984
0.12138594505607572,0.5039179370280666,0.2891487155699638
0.1214373906780533,0.5039179370280666,0.2891350446943674
0.1214373906780533,0.5040604074654509,0.2891164198122616
0.12161745035497479,0.5040604074654509,0.2889841173792379
0.12161745035497479,0.5042028779028351,0.28897368059677314
0.12179751003189629,0.5042028779028351,0.2887773258739045
0.12179751003189629,0.5044878187776036,0.28871385433419244
0.12192612408684021,0.5044878187776036,0.2886854382898102
0.12192612408684021,0.5049152300897564,0.2886173841757018
0.121951846897829,0.5050577005271406,0.2886167990697445
0.121951846897829,0.5053426414019091,0.28844629503799496
0.12197756970881778,0.5053426414019091,0.28844607157228014
0.12197756970881778,0.5054851118392933,0.2883781759937915
0.12202901533079535,0.5054851118392933,0.2883364540252739
0.12202901533079535,0.5056275822766776,0.2883344788370054
0.12215762938573928,0.5056275822766776,0.2882169953592306
0.12215762938573928,0.5057700527140618,0.2882168174753387
0.12218335219672806,0.5057700527140618,0.28821466004929697
0.12218335219672806,0.5059125231514461,0.28821339361441195
0.12220907500771684,0.5059125231514461,0.288185132687393
0.12220907500771684,0.5061974640262146,0.28807304537139833
0.1222862434406832,0.5061974640262146,0.2879500650358843
0.12231196625167198,0.5063399344635988,0.28793701269871536
0.12231196625167198,0.5064824049009831,0.2879248655286735
0.12249202592859347,0.5064824049009831,0.2876997085325045
0.12249202592859347,0.5066248753383673,0.28767221363823187
0.12259491717254861,0.5066248753383673,0.2876202655214905
0.12259491717254861,0.5069098162131358,0.287549626406149
0.12267208560551497,0.5069098162131358,0.28743447230074826
0.12267208560551497,0.50705228665052,0.2873936547609088
0.12269780841650375,0.50705228665052,0.2873713328849678
0.12269780841650375,0.5071947570879043,0.28734902578515154
0.1229550365263916,0.5071947570879043,0.28719249809844777
0.1229550365263916,0.5074796979626728,0.28715898217142044
0.12303220495935796,0.5074796979626728,0.2871021787726106
0.12303220495935796,0.5077646388374413,0.28704350116484606
0.12308365058133552,0.5077646388374413,0.28701650539232587
0.12308365058133552,0.5079071092748255,0.2869720129343508
0.12310937339232432,0.5079071092748255,0.28696131614148696
0.12310937339232432,0.508192050149594,0.28694522019310975
0.1231350962033131,0.508192050149594,0.2869385096443663
0.1231350962033131,0.5083345205869783,0.2869097285785511
0.12318654182529067,0.5083345205869783,0.28688028508190216
0.12318654182529067,0.5086194614617466,0.2868622126803497
0.12326371025825703,0.5086194614617466,0.2868281631467175
0.12331515588023459,0.5086194614617466,0.2868257001861038
0.12336660150221217,0.5086194614617466,0.2868182462147629
0.12336660150221217,0.5089044023365151,0.2867473796110964
0.12339232431320095,0.5090468727738994,0.2867233678223129
0.12341804712418973,0.5090468727738994,0.28671359119099826
0.12341804712418973,0.5091893432112836,0.28668391976577184
0.12357238399012244,0.5091893432112836,0.28643539728634937
0.12357238399012244,0.5093318136486679,0.2864147907819264
0.12359810680111123,0.5093318136486679,0.28631234887612456
0.12359810680111123,0.5094742840860521,0.28629709844440243
0.12388105772198786,0.5094742840860521,0.2860333353565356
0.12388105772198786,0.5096167545234364,0.28599607735088467
0.12390678053297664,0.5096167545234364,0.28598328787059407
0.12390678053297664,0.5097592249608206,0.2859594222586441
0.12393250334396543,0.5097592249608206,0.2859538441974359
0.12393250334396543,0.5099016953982048,0.2858478661113747
0.1239582261549542,0.5099016953982048,0.2858302722492035
0.1239582261549542,0.5100441658355891,0.2858039986058977
0.12400967177693178,0.5100441658355891,0.28577769719829316
0.12400967177693178,0.5101866362729733,0.28571595174768044
0.12406111739890935,0.5101866362729733,0.28567795530179
0.12406111739890935,0.5103291067103576,0.2856417003007909
0.12411256302088693,0.5103291067103576,0.28563632151449575
0.12416400864286449,0.5103291067103576,0.28552106364617913
0.12416400864286449,0.5104715771477418,0.2854781047888497
0.12429262269780841,0.5104715771477418,0.2853703439491586
0.12429262269780841,0.5106140475851261,0.28529549628683454
0.12444695956374112,0.5106140475851261,0.2850363504527815
0.1244984051857187,0.5106140475851261,0.28501785301681043
0.12452412799670748,0.5106140475851261,0.28501715071022726
0.12452412799670748,0.5107565180225103,0.2849989281798978
0.12462701924066262,0.5107565180225103,0.28496196163317733
0.12462701924066262,0.5108989884598946,0.2849309666156699
0.12467846486264018,0.5108989884598946,0.2848956804785538
0.12467846486264018,0.5110414588972788,0.2848901189639018
0.12472991048461776,0.5110414588972788,0.2848702715654469
0.12472991048461776,0.5111839293346631,0.2848407152698605
0.12475563329560654,0.5111839293346631,0.284820983953154
0.12475563329560654,0.5114688702094315,0.28476451875950826
0.12480707891758411,0.5114688702094315,0.28474424460249104
0.12480707891758411,0.5117538110842,0.2846963460635264
0.12490997016153925,0.5117538110842,0.2845930112495939
0.12490997016153925,0.5118962815215843,0.2845824859886704
0.12493569297252803,0.5121812223963528,0.2845708111577003
0.12496141578351683,0.5121812223963528,0.28456512991242944
0.1250128614054944,0.5121812223963528,0.28453280850820534
0.12503858421648317,0.5121812223963528,0.2845077804317399
0.12503858421648317,0.5124661632711213,0.284487254330341
0.12506430702747195,0.5124661632711213,0.28442970081689417
0.12506430702747195,0.5127511041458898,0.2844053877640855
0.12509002983846074,0.5127511041458898,0.2843967963479906
0.12509002983846074,0.512893574583274,0.2843458914830456
0.12521864389340467,0.512893574583274,0.2842363042708883
0.12521864389340467,0.5130360450206582,0.2841890971438511
0.12524436670439346,0.5131785154580425,0.2841118532640475
0.12529581232637102,0.5131785154580425,0.28404977516996294
0.12529581232637102,0.5133209858954267,0.2840148560672822
0.1253215351373598,0.5133209858954267,0.28401151682707837
0.1253215351373598,0.513463456332811,0.28398770572972554
0.12539870357032618,0.513463456332811,0.28390508822987415
0.12539870357032618,0.5136059267701952,0.2839005201624024
0.12545014919230374,0.5136059267701952,0.2838967799018889
0.12545014919230374,0.5137483972075795,0.2838923985273707
0.12555304043625887,0.5137483972075795,0.28378532028089853
0.12555304043625887,0.5138908676449637,0.28372645409681324
0.12563020886922524,0.5138908676449637,0.2836673969007756
0.1257073773021916,0.5138908676449637,0.2836538992550249
0.1257073773021916,0.514033338082348,0.283651984087217
0.12573310011318037,0.514033338082348,0.2836275914808518
0.12573310011318037,0.5141758085197321,0.2836227960662032
0.1258617141681243,0.5141758085197321,0.2835143793878271
0.1258617141681243,0.5144607493945006,0.28344660392667426
0.1258874369791131,0.5144607493945006,0.2833870673714254
0.1258874369791131,0.5146032198318848,0.28334777840147757
0.12599032822306822,0.5146032198318848,0.28296942788266644
0.12604177384504578,0.5146032198318848,0.28286950587219933
0.12604177384504578,0.5148881607066533,0.28284542252070033
0.12606749665603456,0.5148881607066533,0.28279456732561953
0.12609321946702334,0.5150306311440376,0.2827715412407331
0.1263247247659224,0.5150306311440376,0.2826210090152287
0.1263247247659224,0.5153155720188061,0.28254774255193094
0.12640189319888878,0.5153155720188061,0.282504540715023
0.12640189319888878,0.5157429833309588,0.28243192013089885
0.12645333882086635,0.5157429833309588,0.28238567926649794
0.12645333882086635,0.515885453768343,0.28235822152530166
0.12647906163185513,0.515885453768343,0.28235470004147584
0.12647906163185513,0.5160279242057273,0.2823224801247889
0.1265047844428439,0.5160279242057273,0.28231521994524744
0.1265047844428439,0.5161703946431115,0.28229011954776123
0.1267105669307542,0.5161703946431115,0.2819560738662299
0.1267105669307542,0.5163128650804958,0.2819459929521635
0.12678773536372054,0.5163128650804958,0.2817540440913551
0.12678773536372054,0.5165978059552643,0.28172094759389277
0.12681345817470932,0.5167402763926485,0.2817044531233802
0.12683918098569813,0.5167402763926485,0.28166247514546927
0.12683918098569813,0.5168827468300328,0.2816166841269372
0.1268649037966869,0.5168827468300328,0.2815875143819402
0.1268649037966869,0.517025217267417,0.28146384249493056
0.1268906266076757,0.517025217267417,0.2814624341456539
0.1268906266076757,0.5171676877048013,0.28142143481498694
0.12699351785163082,0.5171676877048013,0.28135095990010456
0.12707068628459717,0.5174526285795698,0.2813271780169454
0.12714785471756354,0.5174526285795698,0.28129779439807834
0.1271993003395411,0.5174526285795698,0.281211467363387
0.12725074596151867,0.517595099016954,0.2812092688287116
0.12727646877250745,0.517595099016954,0.28119069711350897
0.12727646877250745,0.5178800398917225,0.2811361111699851
0.12735363720547382,0.5178800398917225,0.281097680580163
0.12735363720547382,0.518164980766491,0.2810821421973082
0.1273793600164626,0.518164980766491,0.28105446020807995
0.1273793600164626,0.5183074512038752,0.28105184430036895
0.1274050828274514,0.5183074512038752,0.2810012838223985
0.12743080563844017,0.5184499216412595,0.2809972738896889
0.12755941969338408,0.5184499216412595,0.2809050720626447
0.12761086531536167,0.5184499216412595,0.2808185878368444
0.12761086531536167,0.5185923920786437,0.2807715539475759
0.12773947937030558,0.5185923920786437,0.28069994079424426
0.12773947937030558,0.518734862516028,0.2806933324899366
0.12786809342524952,0.518734862516028,0.28059838206972815
0.12786809342524952,0.5190198033907965,0.28052562748532295
0.12791953904722708,0.5190198033907965,0.28046681013871144
0.12791953904722708,0.5194472147029492,0.28034432742188103
0.12797098466920465,0.5195896851403334,0.28032037056749426
0.12797098466920465,0.5197321555777176,0.2803122459250093
0.1280224302911822,0.5197321555777176,0.2802473180018556
0.1280224302911822,0.5198746260151018,0.28018719667351905
0.12815104434612615,0.5198746260151018,0.2801102486568344
0.12815104434612615,0.5201595668898703,0.2800850836104297
0.1282024899681037,0.5201595668898703,0.2800602231047039
0.1282024899681037,0.5203020373272546,0.28005266796996475
0.12825393559008127,0.5203020373272546,0.2800034977530324
0.12825393559008127,0.520586978202023,0.2799842554851369
0.12833110402304765,0.520586978202023,0.2799118372781729
0.1283825496450252,0.520586978202023,0.27990258441729166
0.1283825496450252,0.5207294486394073,0.2798729514340837
0.12879411462084578,0.5207294486394073,0.27950925418354605
0.12879411462084578,0.5208719190767915,0.2795027212411932
0.12881983743183456,0.5208719190767915,0.27942278274798477
0.12881983743183456,0.5210143895141758,0.2793888316406404
0.12884556024282334,0.5210143895141758,0.2793766917017621
0.12884556024282334,0.5212993303889443,0.2793563666023323
0.1288970058648009,0.5212993303889443,0.2793438512481286
0.1288970058648009,0.5214418008263285,0.2792852643967039
0.12894845148677847,0.5214418008263285,0.2792673704309469
0.12894845148677847,0.5215842712637128,0.2792641540489948
0.12897417429776725,0.5215842712637128,0.27924587970204245
0.12899989710875603,0.521726741701097,0.2792458021370446
0.12905134273073363,0.521726741701097,0.2791969362561529
0.12905134273073363,0.5218692121384813,0.27915009688995135
0.1292314024076551,0.5218692121384813,0.27903473262963213
0.1292314024076551,0.5220116825758655,0.27899420978762773
0.1294114620845766,0.5220116825758655,0.2788462528441782
0.12943718489556538,0.5221541530132497,0.2788280499862242
0.12956579895050932,0.5221541530132497,0.2787307519867635
0.12956579895050932,0.522296623450634,0.27861973392981654
0.12961724457248688,0.522296623450634,0.2785443780766932
0.12966869019446445,0.5224390938880182,0.278479394551233
0.1297715814384196,0.5224390938880182,0.2784043696596215
0.1297715814384196,0.5225815643254025,0.2783456844464475
0.1299259183043523,0.5225815643254025,0.2782959731651869
0.1299259183043523,0.5227240347627867,0.2782952316411918
0.12995164111534108,0.5227240347627867,0.2782744025424688
0.12995164111534108,0.5231514460749395,0.27813734814067587
0.12997736392632986,0.5231514460749395,0.27812890200206447
0.12997736392632986,0.5232939165123237,0.27811715816835403
0.13000308673731864,0.5232939165123237,0.2780879175873862
0.13000308673731864,0.5235788573870922,0.2780739481159502
0.13002880954830745,0.5235788573870922,0.27806777928009313
0.13002880954830745,0.5238637982618607,0.27806126143371274
0.13013170079226258,0.5238637982618607,0.2779525207332097
0.13013170079226258,0.5241487391366292,0.277910617344533
0.1302345920362177,0.5241487391366292,0.2777793080104548
0.1302345920362177,0.5242912095740134,0.27775747621297864
0.1302860376581953,0.5242912095740134,0.2777209395308722
0.1302860376581953,0.5244336800113977,0.2777104973777218
0.13038892890215042,0.5244336800113977,0.2776661934235727
0.1304146517131392,0.5247186208861662,0.27761856927419676
0.130440374524128,0.5247186208861662,0.2775675308590683
0.13046609733511677,0.5248610913235504,0.27752932821594317
0.13067187982302705,0.5248610913235504,0.27731194442202983
0.13067187982302705,0.5250035617609347,0.27717878888213504
0.13072332544500462,0.5250035617609347,0.27717755718201337
0.13072332544500462,0.525288502635703,0.2771711686664345
0.13074904825599343,0.525288502635703,0.27716687795572126
0.13074904825599343,0.5254309730730873,0.2771587633309411
0.1307747710669822,0.5254309730730873,0.27714661344831604
0.1307747710669822,0.5257159139478558,0.27711573167158965
0.13090338512192612,0.5257159139478558,0.27700179616996595
0.13090338512192612,0.52585838438524,0.2769785361240215
0.13103199917687006,0.52585838438524,0.2769432810653831
0.13103199917687006,0.5260008548226243,0.2769410525633522
0.13108344479884762,0.5260008548226243,0.27687709784796244
0.13108344479884762,0.5261433252600085,0.2768520200598669
0.1311091676098364,0.5261433252600085,0.2768469118543655
0.1311091676098364,0.5262857956973928,0.2768231473873884
0.13113489042082518,0.5262857956973928,0.2767954129389738
0.13113489042082518,0.526428266134777,0.2767785724956289
0.13116061323181397,0.526428266134777,0.2767683546207485
0.13118633604280275,0.5265707365721612,0.27674073867426224
0.13118633604280275,0.5268556774469297,0.27671686326557904
0.13121205885379153,0.5268556774469297,0.27666557794639624
0.13121205885379153,0.526998147884314,0.27665689848268205
0.13126350447576912,0.526998147884314,0.276596333669691
0.13126350447576912,0.5271406183216982,0.27652599229547087
0.13131495009774669,0.5271406183216982,0.2764700294390505
0.13131495009774669,0.5272830887590825,0.27645238075956396
0.13136639571972425,0.5272830887590825,0.27640743518834804
0.13139211853071303,0.5274255591964667,0.2763958326407821
0.13139211853071303,0.527568029633851,0.2763929412099886
0.1314950097746682,0.527568029633851,0.27632485838467385
0.1314950097746682,0.5277105000712352,0.2763101099708035
0.13159790101862331,0.5277105000712352,0.27626470286096827
0.13159790101862331,0.5278529705086195,0.2762330026831671
0.13170079226257844,0.5278529705086195,0.2761743712640462
0.13170079226257844,0.5279954409460037,0.276158517153224
0.13177796069554482,0.5279954409460037,0.27597032629434937
0.13177796069554482,0.528137911383388,0.2759598303553887
0.13182940631752238,0.528137911383388,0.27594307898391474
0.13185512912851116,0.5282803818207722,0.2759341434394624
0.13190657475048873,0.5282803818207722,0.2758924818170821
0.13190657475048873,0.5284228522581564,0.27589133543401045
0.13195802037246632,0.5284228522581564,0.27584436228560655
0.13195802037246632,0.5285653226955407,0.2758351993242027
0.1319837431834551,0.5285653226955407,0.2758266761386686
0.13203518880543266,0.5285653226955407,0.2758175481289366
0.13208663442741023,0.5285653226955407,0.2758092785944456
0.13208663442741023,0.5288502635703092,0.27572415583576754
0.1321380800493878,0.5288502635703092,0.2757137316232849
0.1321380800493878,0.5289927340076934,0.2757085133912109
0.13218952567136535,0.5289927340076934,0.27568736258775667
0.13221524848235416,0.5289927340076934,0.275680405713449
0.13221524848235416,0.5291352044450777,0.27565219978236805
0.13224097129334295,0.5292776748824619,0.27560891888206757
0.13224097129334295,0.5295626157572304,0.2755461390407043
0.1322924169153205,0.5295626157572304,0.2754953598655348
0.1322924169153205,0.5297050861946146,0.27549479916916686
0.13242103097026442,0.5297050861946146,0.27541902731921886
0.13242103097026442,0.5298475566319989,0.2753914443599329
0.13257536783619714,0.5298475566319989,0.2753153495956584
0.13257536783619714,0.5299900270693831,0.27523491826018864
0.13267825908015227,0.5299900270693831,0.2751153664636687
0.13267825908015227,0.5302749679441516,0.2749858277200313
0.13275542751311864,0.5302749679441516,0.2749266551506311
0.13293548719004014,0.5302749679441516,0.2746558997544615
0.13293548719004014,0.5304174383815359,0.2745615816863801
0.13306410124498405,0.5304174383815359,0.2744091449850104
0.13308982405597283,0.5305599088189201,0.27437616659548986
0.13308982405597283,0.5307023792563044,0.27436032315791437
0.1331412696779504,0.5307023792563044,0.27433499744552575
0.1331412696779504,0.5308448496936886,0.2743239486491913
0.13316699248893918,0.5308448496936886,0.27431279796316876
0.13316699248893918,0.531129790568457,0.2742950418049973
0.13321843811091677,0.531129790568457,0.27422631623519045
0.13321843811091677,0.5312722610058412,0.2742022418356267
0.1333213293548719,0.5312722610058412,0.27412242952521304
0.1333213293548719,0.5314147314432255,0.27409370856464405
0.13334705216586068,0.5314147314432255,0.2740599714543174
0.13334705216586068,0.5315572018806097,0.2740394157658096
0.13342422059882705,0.5315572018806097,0.27399473149169457
0.13342422059882705,0.531699672317994,0.27397352012190684
0.13344994340981584,0.531699672317994,0.27397214209622395
0.13344994340981584,0.5318421427553782,0.273951454550102
0.13347566622080462,0.5318421427553782,0.27388298403034284
0.13347566622080462,0.5319846131927625,0.2738339693983441
0.13355283465377096,0.5319846131927625,0.2737769458391197
0.13355283465377096,0.5321270836301467,0.27376003845656405
0.13360428027574853,0.5321270836301467,0.2737503797389671
0.1336300030867373,0.532269554067531,0.2737239136778728
0.1336557258977261,0.532269554067531,0.27372036661746707
0.1336557258977261,0.5324120245049152,0.27361805532132827
0.13373289433069246,0.5324120245049152,0.2735732345284135
0.13378433995267003,0.5324120245049152,0.2735382852424934
0.1338100627636588,0.5324120245049152,0.2735310885275362
0.1338100627636588,0.5325544949422995,0.2735175117280752
0.13393867681860275,0.5325544949422995,0.27334435850750555
0.13393867681860275,0.5328394358170679,0.2733257997146373
0.13409301368453544,0.5328394358170679,0.27321945782505536
0.13409301368453544,0.5331243766918364,0.27320476705169316
0.1341959049284906,0.5331243766918364,0.2730759572216195
0.1341959049284906,0.5332668471292207,0.2730598888164798
0.13424735055046816,0.5332668471292207,0.2730484664383515
0.13424735055046816,0.5334093175666049,0.2730433163442433
0.13437596460541207,0.5334093175666049,0.2729737665787236
0.13437596460541207,0.5335517880039892,0.27297154423091796
0.13442741022738966,0.5335517880039892,0.2728531607216688
0.13442741022738966,0.5336942584413734,0.27280699104824563
0.13445313303837844,0.5336942584413734,0.2727650914052384
0.13447885584936722,0.5338367288787577,0.2727628189346357
0.134504578660356,0.5338367288787577,0.2727236221712141
0.134504578660356,0.5339791993161419,0.2726470208726451
0.1345303014713448,0.5339791993161419,0.27262954576010073
0.1345303014713448,0.5341216697535262,0.2726235569952245
0.13455602428233357,0.5341216697535262,0.2726162649358004
0.13460746990431113,0.5341216697535262,0.2726124702603403
0.13460746990431113,0.5342641401909104,0.27260784107808395
0.1347103611482663,0.5342641401909104,0.2725808648659445
0.1347103611482663,0.5344066106282946,0.27254876106796483
0.13473608395925507,0.5344066106282946,0.27254015171997464
0.13473608395925507,0.5345490810656789,0.272532458000355
0.13494186644716535,0.5345490810656789,0.27244625398904937
0.13494186644716535,0.5348340219404474,0.27242760155656404
0.13499331206914292,0.5348340219404474,0.27237056071816185
0.13499331206914292,0.5349764923778316,0.27235933654883515
0.13512192612408683,0.5349764923778316,0.2722943607146113
0.13512192612408683,0.5352614332526001,0.2722840493734504
0.13525054017903076,0.5352614332526001,0.2722358760305078
0.13530198580100833,0.5354039036899844,0.2722150364320771
0.13530198580100833,0.5356888445647529,0.2722020438999503
0.13540487704496348,0.5356888445647529,0.27217832210460846
0.13540487704496348,0.5358313150021371,0.27217246228581776
0.13543059985595227,0.5358313150021371,0.27213649918178584
0.13543059985595227,0.5359737854395213,0.2721082381724641
0.13545632266694105,0.5359737854395213,0.27210006867887926
0.13545632266694105,0.5361162558769056,0.2720945405604202
0.13555921391089618,0.5361162558769056,0.27198862193707646
0.13555921391089618,0.5362587263142898,0.27197681577415794
0.13561065953287374,0.5362587263142898,0.27195437316350923
0.13561065953287374,0.5365436671890582,0.27193757146303826
0.13566210515485133,0.5365436671890582,0.2718759336034985
0.1356878279658401,0.5366861376264425,0.2718479107233098
0.13581644202078402,0.5366861376264425,0.2717405118201276
0.13581644202078402,0.5368286080638267,0.27170608639767274
0.13586788764276161,0.5368286080638267,0.27169356583847154
0.13586788764276161,0.536971078501211,0.2716554865495
0.1358936104537504,0.536971078501211,0.27163519511668927
0.13594505607572796,0.536971078501211,0.271623666807063
0.13599650169770552,0.536971078501211,0.2715971035234623
0.13599650169770552,0.5371135489385952,0.2715582357995705
0.1360479473196831,0.5371135489385952,0.2715033926404061
0.1360479473196831,0.5373984898133637,0.27148370523826415
0.13625372980759337,0.5373984898133637,0.27129646100744037
0.13625372980759337,0.5375409602507479,0.2712630945482566
0.13635662105154853,0.5375409602507479,0.2712273890721621
0.1364080666735261,0.5375409602507479,0.271227282560751
0.13645951229550365,0.5375409602507479,0.2711564059849729
0.13656240353945878,0.5376834306881322,0.2711370310417761
0.13661384916143637,0.5376834306881322,0.2711248172586434
0.13663957197242516,0.5378259011255164,0.27108906525779675
0.13663957197242516,0.5379683715629007,0.27104998564844407
0.13666529478341394,0.5379683715629007,0.2710313463652673
0.1367167404053915,0.5379683715629007,0.27102582735783526
0.13679390883835785,0.5379683715629007,0.27095413060569207
0.13679390883835785,0.5381108420002849,0.27091622184957453
0.13681963164934663,0.5381108420002849,0.2709137076227162
0.13681963164934663,0.5383957828750534,0.2709029167697096
0.13692252289330178,0.5383957828750534,0.2707591211324242
0.13692252289330178,0.5385382533124377,0.27072477207491535
0.13694824570429057,0.5388231941872061,0.270708004392834
0.13715402819220085,0.5388231941872061,0.2705841629473569
0.1372054738141784,0.5388231941872061,0.2705471901982331
0.13725691943615598,0.5388231941872061,0.2705001940371342
0.13730836505813354,0.5388231941872061,0.2704851281356525
0.13735981068011113,0.5388231941872061,0.27045038282659467
0.13735981068011113,0.5389656646245904,0.2704468335406698
0.13743697911307748,0.5389656646245904,0.2704064503995513
0.13746270192406626,0.5392506054993589,0.2703846426099554
0.13746270192406626,0.5393930759367431,0.270382061621048
0.13751414754604382,0.5393930759367431,0.2702767078976647
0.13751414754604382,0.5395355463741274,0.27026725873327634
0.1375655931680214,0.5395355463741274,0.2702065889613239
0.1375655931680214,0.5396780168115116,0.2701993818352691
0.1375913159790102,0.5399629576862801,0.2701914798610207
0.13761703878999898,0.5399629576862801,0.2701881288151112
0.13766848441197654,0.5399629576862801,0.2701725474982343
0.13769420722296533,0.5399629576862801,0.2701714904149394
0.1377199300339541,0.5401054281236644,0.27015478006689364
0.1377199300339541,0.5402478985610486,0.2701537391670419
0.13779709846692045,0.5402478985610486,0.2701049359986473
0.13779709846692045,0.5403903689984328,0.27007068331356526
0.13784854408889805,0.5403903689984328,0.2700619182471071
0.13784854408889805,0.5406753098732013,0.2700361845246076
0.1378999897108756,0.5406753098732013,0.269998638470173
0.13800288095483074,0.5406753098732013,0.2698895943928424
0.13800288095483074,0.5408177803105856,0.2698703430413377
0.1380543265768083,0.5408177803105856,0.2698187550995579
0.1380543265768083,0.5416726029348911,0.269754035001754
0.1380800493877971,0.5416726029348911,0.2697413100086096
0.1380800493877971,0.5418150733722753,0.2697274009311644
0.13818294063175224,0.5418150733722753,0.2696931106175901
0.1382343862537298,0.5418150733722753,0.26965416721546853
0.13826010906471858,0.5421000142470438,0.26963695825602885
0.13833727749768496,0.5421000142470438,0.26957331961585246
0.13833727749768496,0.5422424846844279,0.26953681447929073
0.13846589155262887,0.5422424846844279,0.26942291265910534
0.13846589155262887,0.5423849551218122,0.26938011292263686
0.1385430599855952,0.5423849551218122,0.2693497153069199
0.1385430599855952,0.5425274255591964,0.2693114379497362
0.13856878279658402,0.5425274255591964,0.2692693469563516
0.1386202284185616,0.5425274255591964,0.26924607458871547
0.13864595122955037,0.5425274255591964,0.2692435288713057
0.13872311966251671,0.5429548368713492,0.26923819020862283
0.13885173371746065,0.5429548368713492,0.2690487591237822
0.13885173371746065,0.5430973073087334,0.26903797988467215
0.13887745652844943,0.5430973073087334,0.2690359142188723
0.13887745652844943,0.5432397777461176,0.26898918496971463
0.13890317933943822,0.5432397777461176,0.26896138780456047
0.13890317933943822,0.5436671890582704,0.2689437459040701
0.13900607058339334,0.5436671890582704,0.2688648481904687
0.13900607058339334,0.5438096594956546,0.2688612844072704
0.13916040744932606,0.5438096594956546,0.2688133898916616
0.13916040744932606,0.5439521299330389,0.2688035497733838
0.1392375758822924,0.5439521299330389,0.2687685698904341
0.13928902150427,0.5442370708078074,0.26872978778684165
0.13931474431525878,0.5442370708078074,0.26866946632308575
0.13931474431525878,0.5443795412451916,0.2686545780519207
0.1394176355592139,0.5443795412451916,0.2685876848013916
0.1394176355592139,0.5445220116825759,0.268578228710151
0.13952052680316904,0.5445220116825759,0.26852256043686357
0.13952052680316904,0.5446644821199601,0.26850341787252663
0.1395976952361354,0.5446644821199601,0.26840380766033833
0.1395976952361354,0.5456617751816498,0.2682636928702032
0.1396234180471242,0.5456617751816498,0.26820026796726504
0.1396234180471242,0.5458042456190341,0.2681874150123213
0.13964914085811297,0.5458042456190341,0.2681826847430233
0.13964914085811297,0.5459467160564183,0.26817489080169676
0.13967486366910176,0.5459467160564183,0.26812772763511294
0.13967486366910176,0.5460891864938026,0.26812215196664885
0.13982920053503448,0.5460891864938026,0.2679937604005354
0.13985492334602326,0.5462316569311868,0.2679840254380805
0.13995781458997839,0.5462316569311868,0.26790818063371696
0.13995781458997839,0.546374127368571,0.26790063502925066
0.13998353740096717,0.546374127368571,0.2678951951594446
0.13998353740096717,0.5466590682433395,0.2678099364086857
0.14000926021195595,0.5468015386807238,0.2677587441362215
0.1401121514559111,0.5468015386807238,0.2676877141607814
0.1401121514559111,0.546944009118108,0.26765971058508736
0.14024076551085501,0.546944009118108,0.26755426913551267
0.14024076551085501,0.5470864795554923,0.2675535473431539
0.14026648832184382,0.5470864795554923,0.26754610327395884
0.14026648832184382,0.547513890867645,0.2674968209091237
0.1403179339438214,0.547513890867645,0.2674101936639161
0.1403179339438214,0.5476563613050293,0.26740715831359363
0.14036937956579895,0.5477988317424134,0.2673780044617804
0.1404465479987653,0.5477988317424134,0.2672943750031351
0.1404465479987653,0.5479413021797976,0.26728664879479747
0.14047227080975408,0.5479413021797976,0.2672662223317785
0.14049799362074286,0.5480837726171819,0.26723388731827646
0.14049799362074286,0.5482262430545661,0.2672168021356317
0.14060088486469802,0.5482262430545661,0.2671742764549688
0.14060088486469802,0.5483687134919504,0.26716457868151106
0.14072949891964193,0.5483687134919504,0.267074531118813
0.14072949891964193,0.5485111839293346,0.26705993366101943
0.1408066673526083,0.5485111839293346,0.267007976986047
0.1408066673526083,0.5487961248041031,0.26691978941896866
0.14088383578557465,0.5487961248041031,0.2669053100293635
0.14088383578557465,0.5489385952414874,0.2668937095201204
0.14103817265150737,0.5489385952414874,0.26669173455640743
0.14103817265150737,0.5492235361162559,0.2666484745614554
0.1411410638954625,0.5492235361162559,0.26659782782455127
0.1411410638954625,0.5495084769910243,0.26659265965617046
0.14121823232842884,0.5495084769910243,0.2665618292385185
0.14124395513941765,0.5496509474284086,0.26653491237468524
0.14142401481633912,0.5496509474284086,0.2662296810366684
0.14142401481633912,0.5497934178657928,0.2662246725857078
0.1415011832493055,0.5497934178657928,0.26620685910551933
0.1415011832493055,0.5499358883031771,0.26617422782987055
0.14152690606029428,0.5499358883031771,0.2661485498961949
0.14152690606029428,0.5503632996153298,0.26612173331453426
0.14155262887128306,0.5503632996153298,0.2661190155285911
0.14155262887128306,0.5505057700527141,0.26606083064794317
0.14170696573721575,0.5505057700527141,0.26592631645507214
0.14170696573721575,0.5509331813648668,0.26585566537698996
0.14178413417018212,0.5509331813648668,0.26583104181767503
0.1418098569811709,0.5512181222396353,0.2658267995991246
0.14188702541413725,0.5512181222396353,0.26576010433564323
0.14188702541413725,0.5515030631144038,0.2656672756963358
0.14191274822512603,0.5515030631144038,0.2656589498858295
0.14191274822512603,0.551645533551788,0.2655682798722756
0.14193847103611482,0.551645533551788,0.2655277988652921
0.14193847103611482,0.5517880039891723,0.26551497899339316
0.14209280790204754,0.5517880039891723,0.2653527467481747
0.14211853071303632,0.5519304744265565,0.2653225000648992
0.14227286757896904,0.5519304744265565,0.2652387530508367
0.14227286757896904,0.5523578857387093,0.2651810397471186
0.14240148163391295,0.5523578857387093,0.2651126413096193
0.14240148163391295,0.5525003561760935,0.2650872480777824
0.14253009568885688,0.5525003561760935,0.2650212088316274
0.14253009568885688,0.5526428266134777,0.2650109021803383
0.14255581849984567,0.5526428266134777,0.2649853290252881
0.14255581849984567,0.552785297050862,0.26496630998555043
0.142632986932812,0.552785297050862,0.26488305231406617
0.142632986932812,0.5529277674882462,0.2648594429286487
0.1426587097438008,0.5529277674882462,0.26484458631586527
0.14268443255478958,0.5530702379256305,0.26475919480254906
0.14276160098775595,0.5530702379256305,0.2646859154468954
0.14276160098775595,0.5532127083630147,0.26468435919233135
0.1428387694207223,0.5532127083630147,0.2645149935083591
0.1428387694207223,0.553355178800399,0.2644880435356471
0.14286449223171108,0.5534976492377831,0.2644712577704545
0.14289021504269986,0.5534976492377831,0.26441034390582474
0.14296738347566623,0.5534976492377831,0.26433113565242616
0.1430188290976438,0.5534976492377831,0.26431589296476815
0.1430188290976438,0.5536401196751674,0.264315734004705
0.1431731659635765,0.5536401196751674,0.2642005242994295
0.1431731659635765,0.5537825901125516,0.26419000802423104
0.1431988887745653,0.5537825901125516,0.2641813665639212
0.1431988887745653,0.5539250605499358,0.2641641324405677
0.14322461158555408,0.5539250605499358,0.26416349182394505
0.14322461158555408,0.5540675309873201,0.2641052375851742
0.14325033439654286,0.5542100014247043,0.2640995674993916
0.14337894845148677,0.5542100014247043,0.26396942643869725
0.14337894845148677,0.5543524718620886,0.2639633364170795
0.14343039407346433,0.5543524718620886,0.2638150284922985
0.14343039407346433,0.5544949422994728,0.26378871590859393
0.14345611688445314,0.5544949422994728,0.2637835822099951
0.14345611688445314,0.5546374127368571,0.2637720132623502
0.1435075625064307,0.5546374127368571,0.2637596728164075
0.1435075625064307,0.5547798831742413,0.26375739210926863
0.14358473093939705,0.5547798831742413,0.26374953902827264
0.14361045375038584,0.5547798831742413,0.263643781612727
0.14361045375038584,0.5549223536116256,0.26363892618282253
0.14363617656137462,0.5549223536116256,0.2636366349798014
0.1436618993723634,0.5550648240490098,0.26357271703908164
0.143713344994341,0.5553497649237783,0.2635713262449952
0.1440220187262064,0.5553497649237783,0.26333875190442885
0.1440220187262064,0.5554922353611625,0.26330593947109177
0.14407346434818397,0.5554922353611625,0.26328800669283264
0.14407346434818397,0.5556347057985468,0.26327445805433086
0.1441506327811503,0.5556347057985468,0.2632724529920552
0.14417635559213912,0.5556347057985468,0.2632575109548164
0.14417635559213912,0.555777176235931,0.263254384161116
0.14427924683609425,0.555777176235931,0.2631573804697716
0.14427924683609425,0.5559196466733153,0.26308286573647577
0.1443306924580718,0.5559196466733153,0.26306654954400505
0.1443306924580718,0.5560621171106995,0.26306547685063564
0.1443564152690606,0.5560621171106995,0.2630390541283996
0.1443564152690606,0.5562045875480838,0.2630354366899877
0.1445364749459821,0.5562045875480838,0.26291745552193596
0.1445364749459821,0.556347057985468,0.262850758291376
0.1447165346229036,0.556347057985468,0.2627191008687643
0.1447165346229036,0.5566319988602365,0.2626887972507695
0.1448451486778475,0.5566319988602365,0.26261879061331744
0.1448451486778475,0.556916939735005,0.2625912695914783
0.14497376273279144,0.556916939735005,0.2624752123724318
0.14497376273279144,0.5573443510471577,0.2624287637568438
0.14507665397674657,0.5573443510471577,0.2621844618019889
0.14507665397674657,0.557486821484542,0.2621574846347607
0.14510237678773535,0.557486821484542,0.26214398319015997
0.14510237678773535,0.5576292919219262,0.2621045332892249
0.1452052680316905,0.5576292919219262,0.2620313873689607
0.1452052680316905,0.558056703234079,0.26198862226738723
0.1452309908426793,0.558056703234079,0.26195300742690714
0.1452309908426793,0.5583416441088475,0.26192541643025347
0.14525671365366807,0.5583416441088475,0.2619161149609099
0.14525671365366807,0.5584841145462317,0.26186838511296223
0.14530815927564564,0.5584841145462317,0.26185389342182996
0.14530815927564564,0.5587690554210002,0.2618493183506475
0.14533388208663442,0.5587690554210002,0.2618289409478053
0.14533388208663442,0.5589115258583844,0.2618204351470587
0.1453596048976232,0.5589115258583844,0.261803051990126
0.1454110505196008,0.5589115258583844,0.26179373615925694
0.14569400144047742,0.5589115258583844,0.2614379024582621
0.14569400144047742,0.5590539962957686,0.26137775563965243
0.14595122955036527,0.5590539962957686,0.2611002384691033
0.14595122955036527,0.5591964667331528,0.26106907306897964
0.1460541207943204,0.5591964667331528,0.2609725243754744
0.14607984360530918,0.5593389371705371,0.2609599931594342
0.14613128922728677,0.5593389371705371,0.26093293689052843
0.14613128922728677,0.5594814076079213,0.2609128198637764
0.14618273484926433,0.5594814076079213,0.2608668873232972
0.14618273484926433,0.5597663484826898,0.26077927421867414
0.14620845766025312,0.5597663484826898,0.26076733124342344
0.14620845766025312,0.559908818920074,0.2607619253839219
0.14625990328223068,0.559908818920074,0.2606741801571489
0.14625990328223068,0.5600512893574583,0.26065574939430475
0.14646568577014096,0.5600512893574583,0.2604775326687975
0.14646568577014096,0.5601937597948425,0.26044462123900736
0.1465685770140961,0.5601937597948425,0.26038373604790366
0.1465685770140961,0.560478700669611,0.26030311817609475
0.14659429982508487,0.560478700669611,0.2602853415984472
0.14659429982508487,0.5606211711069953,0.26026893641539156
0.1467229138800288,0.5606211711069953,0.26017238364979356
0.1467229138800288,0.5607636415443795,0.26011060671301695
0.14677435950200637,0.5607636415443795,0.2600457249942786
0.14677435950200637,0.5609061119817638,0.25999613259722515
0.14685152793497275,0.5609061119817638,0.2599137610079973
0.14685152793497275,0.561048582419148,0.25988657085075817
0.1469286963679391,0.561048582419148,0.25978588471073977
0.1469286963679391,0.5611910528565323,0.25976611273423716
0.14698014198991666,0.5611910528565323,0.2597633762114262
0.14700586480090544,0.5611910528565323,0.25975693328574306
0.14700586480090544,0.5613335232939165,0.25973118376823706
0.14708303323387178,0.5613335232939165,0.2596695181453528
0.14708303323387178,0.561618464168685,0.2596462221677505
0.1472630929107933,0.561618464168685,0.25953939280614996
0.1472630929107933,0.5617609346060692,0.25951788739965154
0.14734026134375966,0.5617609346060692,0.25940698139164636
0.14734026134375966,0.5620458754808377,0.25937580020358464
0.14736598415474844,0.5620458754808377,0.25933660532847663
0.14739170696573722,0.562188345918222,0.25931050677304884
0.14739170696573722,0.5623308163556062,0.2592717211757894
0.14746887539870357,0.5623308163556062,0.25917137519760386
0.14746887539870357,0.5624732867929905,0.259159437484347
0.14749459820969235,0.5624732867929905,0.25907973946684826
0.14749459820969235,0.5626157572303747,0.2590020236565596
0.14752032102068113,0.5626157572303747,0.25899229248033606
0.14752032102068113,0.562758227667759,0.2589753775377016
0.14754604383166992,0.562758227667759,0.2589378048428754
0.14754604383166992,0.5629006981051432,0.2589325155013511
0.1475974894536475,0.5629006981051432,0.25879765862312537
0.1475974894536475,0.5631856389799117,0.25877915862701484
0.14770038069760263,0.5631856389799117,0.2586498447348095
0.14770038069760263,0.5633281094172959,0.2586054648297687
0.1477518263195802,0.5633281094172959,0.25858847796142526
0.1477518263195802,0.5636130502920644,0.258559819127739
0.14782899475254657,0.5636130502920644,0.2583820156560189
0.14782899475254657,0.5637555207294487,0.2583640679685541
0.14795760880749048,0.5637555207294487,0.2582987959112368
0.14795760880749048,0.5640404616042172,0.2582898318483567
0.14798333161847926,0.5640404616042172,0.2582888475540754
0.14798333161847926,0.5641829320416014,0.25824865638533107
0.14813766848441198,0.5641829320416014,0.25807058250404663
0.14813766848441198,0.5643254024789857,0.25804524087437525
0.14818911410638955,0.5643254024789857,0.25801222692724973
0.14821483691737833,0.5643254024789857,0.2579943638677083
0.14821483691737833,0.5644678729163699,0.25799267359864303
0.1482405597283671,0.5644678729163699,0.2579394233049259
0.1482405597283671,0.564610343353754,0.25793635707559204
0.1482662825393559,0.564610343353754,0.257917817797057
0.1482662825393559,0.5647528137911383,0.2578742555403405
0.1484206194052886,0.5647528137911383,0.25773954090886825
0.1484206194052886,0.5650377546659068,0.25772567310351713
0.1484463422162774,0.565180225103291,0.2576998972477132
0.14852351064924374,0.565180225103291,0.2576192767818861
0.14852351064924374,0.5653226955406753,0.2576110519011726
0.1488064615701204,0.5653226955406753,0.2573441860811981
0.1488064615701204,0.5654651659780595,0.25733955978507167
0.14898652124704187,0.5654651659780595,0.2572324748155241
0.14898652124704187,0.5656076364154438,0.2571764744167132
0.14901224405803065,0.5656076364154438,0.25713468646836307
0.1491408581129746,0.5656076364154438,0.25712930201516987
0.14921802654594093,0.5656076364154438,0.2570805178075891
0.14921802654594093,0.565750106852828,0.2570728026718699
0.1492694721679185,0.565750106852828,0.25702525918443825
0.1492694721679185,0.5658925772902123,0.25702300584298104
0.1493209177898961,0.5658925772902123,0.25693787212190045
0.1493209177898961,0.5660350477275965,0.2569369444391104
0.14937236341187365,0.5660350477275965,0.2569303584051094
0.14937236341187365,0.566319988602365,0.25691479520185695
0.14939808622286244,0.566319988602365,0.25685764420582125
0.14939808622286244,0.5664624590397492,0.25681514253947846
0.14944953184484,0.5664624590397492,0.2567395501209713
0.14944953184484,0.5666049294771335,0.25672807805457043
0.1496295915217615,0.5666049294771335,0.2566292662698112
0.1496295915217615,0.5667473999145177,0.2566255543448833
0.14965531433275028,0.5667473999145177,0.2566241141140424
0.14965531433275028,0.566889870351902,0.2565249908939392
0.14968103714373907,0.566889870351902,0.2565204384187955
0.14973248276571663,0.566889870351902,0.25651934462288484
0.14973248276571663,0.5671748112266705,0.2565003957802276
0.149809651198683,0.5671748112266705,0.25645319653592397
0.149809651198683,0.5673172816640547,0.25640535034279344
0.14991254244263813,0.5673172816640547,0.25636441847866953
0.1499639880646157,0.567459752101439,0.2563219702756469
0.15006687930857085,0.567459752101439,0.256241700037173
0.1501183249305484,0.567459752101439,0.2562254292208112
0.15022121617450354,0.567459752101439,0.2560346013584467
0.15027266179648113,0.5676022225388232,0.25599546910082327
0.15034983022944748,0.5676022225388232,0.2559253739065636
0.15034983022944748,0.5677446929762074,0.25592145120984183
0.15058133552834654,0.5677446929762074,0.2557936020413061
0.15058133552834654,0.5680296338509759,0.2557323966735178
0.15068422677230167,0.5683145747257444,0.2557070612809739
0.15070994958329045,0.5683145747257444,0.2557030043860353
0.15070994958329045,0.5684570451631287,0.25570006751775476
0.15076139520526805,0.5684570451631287,0.2556206286613719
0.15076139520526805,0.5685995156005129,0.25561401343469153
0.15078711801625683,0.5685995156005129,0.25559059882888413
0.15078711801625683,0.5687419860378972,0.2555844760919267
0.15089000926021195,0.5687419860378972,0.2554322223138746
0.15089000926021195,0.5688844564752814,0.25541505093527883
0.15099290050416708,0.5688844564752814,0.2554035844215494
0.15099290050416708,0.5690269269126657,0.2553998607299411
0.15117296018108858,0.5690269269126657,0.2552584348484903
0.15117296018108858,0.5691693973500499,0.25525459718434534
0.15122440580306615,0.5691693973500499,0.25521381590688835
0.15122440580306615,0.5693118677874341,0.25516733183698703
0.15125012861405496,0.5693118677874341,0.2550775582835988
0.15125012861405496,0.5694543382248184,0.2550754034975689
0.1513272970470213,0.5694543382248184,0.25500575039544826
0.1513272970470213,0.5697392790995869,0.25494189089119645
0.15135301985801008,0.5697392790995869,0.2548742639291793
0.15135301985801008,0.5700242199743554,0.25484677585106746
0.15137874266899887,0.5700242199743554,0.25483061730247575
0.15137874266899887,0.5701666904117396,0.254830045273913
0.15140446547998765,0.5701666904117396,0.25482931552641747
0.15140446547998765,0.5703091608491238,0.2547268431358213
0.151481633912954,0.5703091608491238,0.2546757883297818
0.151481633912954,0.570451631286508,0.2546477437715225
0.1515330795349316,0.570451631286508,0.254611471848391
0.1515330795349316,0.5705941017238922,0.2544757298156009
0.15171313921185306,0.5705941017238922,0.2542124337121138
0.15179030764481943,0.5705941017238922,0.2541999628690129
0.15186747607778578,0.5705941017238922,0.2540873854205526
0.15186747607778578,0.5708790425986607,0.25406676620379404
0.15189319888877456,0.5708790425986607,0.2540443324715067
0.15189319888877456,0.571021513036045,0.25402258391809995
0.15191892169976334,0.571021513036045,0.2540028050049691
0.15191892169976334,0.5711639834734292,0.25395255691844815
0.1520218129437185,0.5711639834734292,0.2538770454208942
0.15212470418767363,0.5711639834734292,0.25387350144569454
0.1521761498096512,0.5711639834734292,0.25385151871966005
0.1521761498096512,0.5713064539108135,0.2538374129786658
0.15230476386459513,0.5713064539108135,0.25371807632217075
0.15230476386459513,0.5714489243481977,0.2537089085152679
0.1523304866755839,0.5714489243481977,0.25368057150207746
0.15240765510855026,0.5714489243481977,0.25363780275804226
0.15245910073052782,0.5714489243481977,0.2536175437625481
0.15245910073052782,0.571591394785582,0.253603991214743
0.15261343759646054,0.571591394785582,0.2535193435590015
0.15261343759646054,0.5717338652229662,0.2535108707112586
0.1527163288404157,0.5717338652229662,0.25344562727279824
0.15281922008437082,0.5720188060977347,0.25342477669769575
0.15287066570634839,0.5720188060977347,0.25339096213923856
0.15287066570634839,0.572161276535119,0.2533859097605258
0.15289638851733717,0.572161276535119,0.25337650635416825
0.15289638851733717,0.5723037469725032,0.2533642898015716
0.15299927976129232,0.5723037469725032,0.25333618894099014
0.15299927976129232,0.5725886878472717,0.25332267074774045
0.15312789381623623,0.5725886878472717,0.2532171182333958
0.15312789381623623,0.5727311582846559,0.2532060114065893
0.15315361662722501,0.5727311582846559,0.25318751081413254
0.15315361662722501,0.5728736287220402,0.25312715754523996
0.1532050622492026,0.5728736287220402,0.25305477203070775
0.1532050622492026,0.5730160991594244,0.2530330644892187
0.15328223068216895,0.5730160991594244,0.2529615952056544
0.15333367630414652,0.5731585695968087,0.25294211399738165
0.15338512192612408,0.5731585695968087,0.25293589924833193
0.15341084473711286,0.5731585695968087,0.2529242543054085
0.15341084473711286,0.5733010400341929,0.25291555427151097
0.1535394587920568,0.5733010400341929,0.25277358509564574
0.1535394587920568,0.5734435104715772,0.2527663055935426
0.15361662722502314,0.5734435104715772,0.2526895914420147
0.15361662722502314,0.5735859809089614,0.2526846868061563
0.1536680728470007,0.5735859809089614,0.2526752906972025
0.1537195184689783,0.5735859809089614,0.25266731312780305
0.15382240971293343,0.5735859809089614,0.25264972599036156
0.15382240971293343,0.5737284513463456,0.25264088001759144
0.15392530095688856,0.5737284513463456,0.2525716017124953
0.15392530095688856,0.5740133922211141,0.2525070832468294
0.15400246938985493,0.5740133922211141,0.2524860379095424
0.1540539150118325,0.5740133922211141,0.25243588847171217
0.15410536063381006,0.5741558626584984,0.2524220743709372
0.1542082518777652,0.5741558626584984,0.252350898949607
0.1542082518777652,0.5744408035332669,0.2523390730043578
0.15428542031073156,0.5744408035332669,0.25230510276746365
0.15431114312172034,0.5745832739706511,0.2522948578246074
0.15433686593270912,0.5745832739706511,0.25224670861905535
0.15438831155468669,0.5745832739706511,0.25223259828934713
0.15438831155468669,0.5750106852828039,0.25218881716630615
0.15443975717666428,0.5750106852828039,0.2521772279931429
0.15443975717666428,0.5751531557201881,0.25211188317390365
0.15451692560963062,0.5751531557201881,0.2520489734350595
0.15451692560963062,0.5752956261575723,0.25204216489385345
0.1545426484206194,0.5754380965949566,0.2520409477699341
0.1545683712316082,0.5754380965949566,0.2519860705898038
0.1545683712316082,0.5757230374697251,0.25190637987009884
0.15464553966457453,0.5757230374697251,0.25187284731766557
0.15464553966457453,0.5758655079071092,0.2518215725906257
0.15467126247556334,0.5758655079071092,0.2517964717239065
0.15467126247556334,0.5761504487818777,0.25175179668285524
0.15469698528655212,0.5761504487818777,0.25174902556306156
0.1547484309085297,0.5761504487818777,0.25174230634631545
0.15479987653050725,0.5761504487818777,0.251729608238394
0.15482559934149603,0.576292919219262,0.2517003644221505
0.15482559934149603,0.5765778600940304,0.2516897917963596
0.15500565901841754,0.5765778600940304,0.2515905842128906
0.15500565901841754,0.5767203305314147,0.2515883090568077
0.15510855026237266,0.5767203305314147,0.2515268602342459
0.15510855026237266,0.5770052714061832,0.25148591154879446
0.15513427307336145,0.5770052714061832,0.251475429751985
0.15513427307336145,0.5771477418435674,0.2514405579102966
0.15518571869533904,0.5771477418435674,0.25143508974222545
0.15518571869533904,0.5772902122809517,0.2514251638612523
0.15526288712830538,0.5772902122809517,0.2513647558642386
0.15528860993929416,0.5775751531557202,0.2513633326838632
0.15534005556127173,0.5775751531557202,0.2513461978789024
0.15534005556127173,0.5777176235931044,0.2513266563876967
0.1553657783722605,0.5777176235931044,0.2513180132100912
0.1553657783722605,0.5778600940304887,0.2513089557732267
0.1553915011832493,0.5778600940304887,0.2512907317546665
0.1553915011832493,0.5785724462174099,0.25114925188112847
0.1554172239942381,0.5785724462174099,0.25113057448757564
0.15546866961621567,0.5787149166547941,0.25112966088521604
0.15562300648214836,0.5787149166547941,0.25105985640724754
0.15567445210412595,0.5787149166547941,0.25102978546291455
0.15577734334808108,0.5787149166547941,0.2509108128049436
0.15577734334808108,0.5788573870921784,0.2509073523071337
0.15585451178104742,0.5788573870921784,0.25087709561296745
0.1559316802140138,0.5789998575295626,0.25085513332282006
0.15598312583599136,0.5789998575295626,0.25083286463164395
0.15603457145796892,0.5791423279669469,0.25083173713006823
0.15616318551291286,0.5791423279669469,0.2506499573900144
0.15616318551291286,0.5794272688417154,0.2506034617921469
0.1562403539458792,0.5794272688417154,0.25056550259760846
0.15629179956785677,0.5797122097164839,0.25055711044729345
0.15629179956785677,0.5798546801538681,0.2505367153431102
0.15631752237884555,0.5798546801538681,0.2505328104291639
0.15631752237884555,0.5799971505912523,0.2505299153581074
0.1565747504887334,0.5799971505912523,0.2504151201147144
0.1565747504887334,0.5802820914660208,0.25035497492617453
0.15660047329972218,0.5802820914660208,0.2503173012199538
0.15660047329972218,0.5804245619034051,0.2503079346073386
0.15667764173268856,0.5804245619034051,0.25026544169770143
0.15667764173268856,0.5807095027781736,0.250168466845686
0.15685770140961003,0.5807095027781736,0.2498814570712709
0.15685770140961003,0.5808519732155578,0.24987885891956155
0.15690914703158762,0.5808519732155578,0.24985032042938976
0.15690914703158762,0.5811369140903263,0.2498105297956242
0.1570892067085091,0.5811369140903263,0.24966107136479296
0.1571149295194979,0.5812793845277106,0.24959398250447792
0.1571149295194979,0.5814218549650948,0.24958250816390293
0.15716637514147547,0.5814218549650948,0.24951854826992562
0.15716637514147547,0.5815643254024789,0.24950670352323093
0.15719209795246425,0.5815643254024789,0.2493388457377045
0.15719209795246425,0.5819917367146317,0.2493217024939083
0.1572435435744418,0.5819917367146317,0.24931134070528488
0.1572435435744418,0.5821342071520159,0.24930921433076086
0.15732071200740816,0.5821342071520159,0.24926882074941561
0.15732071200740816,0.5824191480267844,0.24915494082508644
0.15742360325136331,0.5824191480267844,0.24906574274027637
0.15750077168432966,0.5824191480267844,0.24904482501221836
0.1576293857392736,0.5824191480267844,0.24890669492056694
0.1576293857392736,0.5825616184641687,0.24887500790680075
0.1577579997942175,0.5825616184641687,0.2487988635874805
0.1577579997942175,0.5827040889015529,0.2487930121029567
0.1577837226052063,0.5828465593389371,0.24878438147596674
0.15786089103817266,0.5828465593389371,0.24877993943496626
0.157938059471139,0.5828465593389371,0.24875665423287271
0.157938059471139,0.5829890297763214,0.24873322308143594
0.15809239633707173,0.5829890297763214,0.24868346248211054
0.15809239633707173,0.5832739706510899,0.24863589927900576
0.15816956477003807,0.5832739706510899,0.24857440713288817
0.15816956477003807,0.5835589115258584,0.24850846522435957
0.15829817882498198,0.5835589115258584,0.24837192472075242
0.15832390163597077,0.5837013819632426,0.24836745539618854
0.15840107006893714,0.5837013819632426,0.24830951630575454
0.15840107006893714,0.5839863228380111,0.24826458214105446
0.1584525156909147,0.5839863228380111,0.24822586761851767
0.1584525156909147,0.5842712637127796,0.24822286960694157
0.15852968412388105,0.5842712637127796,0.24814666426562676
0.15852968412388105,0.5844137341501638,0.2480954924431823
0.1586325753678362,0.5844137341501638,0.247991508156473
0.1586325753678362,0.5846986750249323,0.2479239303014081
0.15868402098981377,0.5848411454623166,0.24792248327708552
0.15868402098981377,0.5852685567744693,0.2478964985225985
0.15873546661179133,0.5852685567744693,0.24789187539206073
0.15873546661179133,0.5854110272118536,0.24788332980568192
0.1588383578557465,0.5854110272118536,0.24783239429700743
0.1588383578557465,0.5855534976492378,0.24782765069806942
0.15888980347772405,0.5855534976492378,0.2477940131020385
0.15888980347772405,0.5858384385240063,0.2477484148471834
0.15891552628871283,0.5858384385240063,0.2477310467221421
0.15891552628871283,0.5859809089613905,0.24769917159777297
0.1589669719106904,0.5861233793987748,0.24769034075975369
0.1589669719106904,0.5864083202735433,0.24763810584684517
0.15906986315464555,0.5864083202735433,0.24753670902030342
0.1591470315876119,0.5865507907109275,0.24751724418613344
0.15917275439860068,0.5865507907109275,0.24748941999817034
0.15917275439860068,0.5866932611483118,0.24748299658577824
0.15922420002057824,0.5866932611483118,0.24746936500207298
0.1593013684535446,0.5866932611483118,0.24744340608102505
0.15935281407552218,0.5866932611483118,0.2474300807139722
0.15935281407552218,0.5871206724604644,0.2473700778976463
0.15950715094145487,0.5871206724604644,0.24722384915241163
0.15950715094145487,0.5872631428978486,0.24721418439611953
0.15953287375244365,0.5872631428978486,0.24720899408153924
0.15953287375244365,0.5874056133352329,0.24717731012481522
0.15961004218541003,0.5875480837726171,0.24712539277660953
0.15979010186233153,0.5875480837726171,0.24705380260478196
0.15979010186233153,0.5876905542100014,0.24704254973618978
0.159970161539253,0.5876905542100014,0.24687490007019605
0.159970161539253,0.5879754950847699,0.2468715984976339
0.160330280893096,0.5879754950847699,0.24662253405358533
0.160330280893096,0.5884029063969226,0.24656696013247711
0.16040744932606235,0.5884029063969226,0.24646906149030337
0.16043317213705113,0.5885453768343069,0.24646848766646529
0.16045889494803992,0.5885453768343069,0.24645473237521354
0.16045889494803992,0.5888303177090753,0.24640236309731195
0.16056178619199507,0.5888303177090753,0.24638486330256046
0.16056178619199507,0.5892577290212281,0.24635309891457405
0.16058750900298385,0.5892577290212281,0.24633966573979843
0.16058750900298385,0.5895426698959966,0.24628526224225653
0.16063895462496142,0.5895426698959966,0.24622450845079036
0.16063895462496142,0.5896851403333808,0.24621785682684164
0.16076756867990535,0.5896851403333808,0.24615550911985706
0.16076756867990535,0.5899700812081493,0.2460962378095862
0.16081901430188292,0.5899700812081493,0.24605922183587522
0.16081901430188292,0.5902550220829178,0.2460305757399097
0.1609733511678156,0.5902550220829178,0.24588248463472628
0.1609733511678156,0.5905399629576863,0.24584191326241556
0.1609733511678156,0.5908249038324548,0.24579195765691234
0.16105051960078198,0.5908249038324548,0.2457431878491418
0.16105051960078198,0.5912523151446075,0.2456941497452119
0.1611534108447371,0.5912523151446075,0.2455645589432529
0.1611534108447371,0.591537256019376,0.24552162859927418
0.1611791336557259,0.591537256019376,0.24550778280144206
0.1611791336557259,0.5916797264567603,0.2454956601839115
0.16123057927770346,0.5916797264567603,0.24548251125147186
0.16128202489968105,0.5918221968941445,0.24546501766024129
0.1613591933326474,0.5918221968941445,0.24540071009283304
0.1613591933326474,0.5919646673315287,0.245377609003897
0.1614878073875913,0.5919646673315287,0.2452952310528891
0.1614878073875913,0.592107137768913,0.24528428961734675
0.16177075830846796,0.592107137768913,0.24506544161668245
0.16177075830846796,0.5925345490810657,0.24493579994187806
0.16179648111945674,0.5925345490810657,0.2449078510322153
0.1618479267414343,0.5928194899558341,0.24489586709697975
0.16192509517440065,0.5928194899558341,0.24479695481835675
0.16192509517440065,0.5931044308306026,0.24475315203148262
0.16200226360736703,0.5931044308306026,0.2447202236750395
0.16200226360736703,0.5933893717053711,0.24468340416835982
0.16207943204033337,0.5933893717053711,0.2446224781139509
0.16207943204033337,0.5938167830175238,0.2446083988024579
0.1621823232842885,0.5938167830175238,0.24453586825468152
0.16220804609527728,0.5939592534549081,0.24453461678626148
0.16220804609527728,0.5941017238922923,0.2444677964709268
0.1622337689062661,0.5941017238922923,0.24446243181408917
0.16228521452824365,0.5942441943296766,0.24443783115684484
0.16231093733923244,0.5945291352044451,0.24442116415213608
0.16236238296121,0.5946716056418293,0.24441805615393752
0.16243955139417635,0.5946716056418293,0.2442519714850106
0.16243955139417635,0.5948140760792135,0.24424907077023045
0.16251671982714272,0.5948140760792135,0.24419381378941885
0.16251671982714272,0.595099016953982,0.244168866927099
0.1626710566930754,0.595099016953982,0.24407506077193017
0.1626710566930754,0.5952414873913663,0.2440413531169696
0.1626967795040642,0.5952414873913663,0.2440032800040246
0.16277394793703057,0.5953839578287505,0.24399808865110376
0.16282539355900813,0.5953839578287505,0.2439942210910856
0.16282539355900813,0.5955264282661348,0.24398015237368786
0.16297973042494085,0.5955264282661348,0.2439350003748358
0.16297973042494085,0.5958113691409033,0.24391085299728654
0.16300545323592963,0.5958113691409033,0.24390554805454412
0.16300545323592963,0.5959538395782875,0.24388073558119705
0.1630568988579072,0.5959538395782875,0.2438435061482234
0.16313406729087354,0.596238780453056,0.24382068930189674
0.16331412696779504,0.596238780453056,0.24372161124375072
0.1633655725897726,0.5963812508904403,0.24367281934453297
0.16344274102273895,0.5963812508904403,0.2436601855857719
0.16359707788867167,0.5963812508904403,0.24361026996470192
0.16359707788867167,0.5965237213278245,0.2436033982932248
0.16367424632163802,0.5965237213278245,0.24356733920910192
0.16367424632163802,0.596808662202593,0.24350874078550588
0.1637256919436156,0.596808662202593,0.2434757670681224
0.1637256919436156,0.5969511326399772,0.2434670526275654
0.16385430599855952,0.5969511326399772,0.24339545587789865
0.16385430599855952,0.5972360735147457,0.24336950416094413
0.16390575162053708,0.5972360735147457,0.24334430007950358
0.16393147443152586,0.5972360735147457,0.243337139393228
0.16393147443152586,0.59737854395213,0.2433367835205266
0.1640600884864698,0.59737854395213,0.24320074256061444
0.1640600884864698,0.5975210143895142,0.24319334156541364
0.16426587097438008,0.5975210143895142,0.24302287241335557
0.16426587097438008,0.5976634848268985,0.24301144502769476
0.16431731659635765,0.5976634848268985,0.24300103911448367
0.16442020784031278,0.5978059552642827,0.2429704255668148
0.1645745447062455,0.5978059552642827,0.24286479849336015
0.1645745447062455,0.597948425701667,0.242853407987785
0.16467743595020065,0.597948425701667,0.24278326604001846
0.16467743595020065,0.5980908961390512,0.2427531066571039
0.16470315876118943,0.5980908961390512,0.24272047215370562
0.16470315876118943,0.5982333665764354,0.24271441230871282
0.164754604383167,0.5982333665764354,0.24267995834030057
0.164754604383167,0.5983758370138196,0.24266683785083507
0.16480605000514456,0.5983758370138196,0.24262531452719754
0.16480605000514456,0.5985183074512038,0.24260239239636572
0.1649346640600885,0.5985183074512038,0.24250228071903937
0.16498610968206606,0.5986607778885881,0.2424951648829757
0.16501183249305484,0.5986607778885881,0.24245682450715908
0.16501183249305484,0.5988032483259723,0.24245465559590915
0.16521761498096513,0.5988032483259723,0.24226105298938638
0.16521761498096513,0.5989457187633566,0.2422546797275222
0.1652433377919539,0.5989457187633566,0.24223465261446386
0.1652433377919539,0.5990881892007408,0.24222237056560983
0.16532050622492026,0.5990881892007408,0.2421652601371475
0.16534622903590904,0.599230659638125,0.2421599632622622
0.16534622903590904,0.5993731300755093,0.24210716729628978
0.1654233974688754,0.5993731300755093,0.24204219411749342
0.1654233974688754,0.5995156005128935,0.24202559521103276
0.1654491202798642,0.5995156005128935,0.24198929227441654
0.1654491202798642,0.5996580709502778,0.24194404270673991
0.16547484309085297,0.5996580709502778,0.2419029269590788
0.16547484309085297,0.599800541387662,0.24188221841398036
0.16562917995678567,0.599800541387662,0.24181199229274555
0.16562917995678567,0.6000854822624305,0.24178552484116936
0.16578351682271839,0.6000854822624305,0.24163181270187692
0.16578351682271839,0.6002279526998148,0.24162579855729968
0.16580923963370717,0.6002279526998148,0.24157960039295487
0.16580923963370717,0.600370423137199,0.24156001940180352
0.16583496244469595,0.600370423137199,0.2415196943737228
0.1658864080666735,0.600370423137199,0.24151935665458063
0.1659378536886511,0.600370423137199,0.24147846130939682
0.1659378536886511,0.6005128935745833,0.2414449188994365
0.1661436361765614,0.6005128935745833,0.2413002051909931
0.1661436361765614,0.6006553640119675,0.24128597422953635
0.16624652742051652,0.6006553640119675,0.24116168907802785
0.16624652742051652,0.6007978344493518,0.241072560313773
0.16634941866447164,0.6007978344493518,0.24099999446304166
0.16634941866447164,0.6012252457615045,0.24095926593394779
0.16647803271941558,0.6012252457615045,0.2408807236153478
0.1666066467743595,0.6013677161988887,0.24086120218413515
0.16668381520732586,0.6013677161988887,0.24079178021951092
0.16668381520732586,0.601510186636273,0.24076940637389221
0.16673526082930343,0.601510186636273,0.24073471415764214
0.16673526082930343,0.6016526570736572,0.24071729933968097
0.1667609836402922,0.6016526570736572,0.24071342053990258
0.1667609836402922,0.6017951275110415,0.24069549748739202
0.16686387488424734,0.6017951275110415,0.2405925020637355
0.16686387488424734,0.60208006838581,0.24057309208997166
0.16688959769523615,0.60208006838581,0.2405696886811918
0.16699248893919127,0.6022225388231942,0.2405463461300377
0.1670953801831464,0.6022225388231942,0.24051991229042288
0.1670953801831464,0.6023650092605785,0.24051681460687058
0.16717254861611278,0.6023650092605785,0.240479742460552
0.16717254861611278,0.6025074796979627,0.2404694981494921
0.16722399423809034,0.6025074796979627,0.24039405852038
0.1672754398600679,0.6025074796979627,0.2403887571389583
0.16730116267105669,0.6025074796979627,0.2403852785863978
0.16730116267105669,0.6030773614474997,0.24031801573170086
0.16732688548204547,0.6030773614474997,0.24030848776698333
0.16732688548204547,0.6032198318848839,0.24026829259347598
0.16735260829303425,0.6033623023222682,0.24026364651576262
0.16742977672600062,0.6033623023222682,0.24011698779439533
0.16742977672600062,0.6035047727596524,0.24007452595598736
0.16750694515896697,0.6035047727596524,0.2400372831255189
0.16750694515896697,0.6037897136344209,0.24003153807572858
0.16755839078094453,0.6037897136344209,0.24001297012870598
0.16760983640292212,0.6037897136344209,0.24001108586853045
0.16760983640292212,0.6039321840718052,0.24000748917141887
0.16768700483588847,0.6039321840718052,0.23990803475746045
0.16768700483588847,0.6040746545091893,0.23990033958754764
0.16771272764687725,0.6040746545091893,0.23989944237484656
0.16771272764687725,0.6042171249465735,0.23987720764377993
0.16781561889083238,0.6042171249465735,0.2398145812395966
0.16784134170182116,0.6043595953839578,0.23980936218501472
0.16789278732379875,0.6043595953839578,0.2398051532896074
0.16789278732379875,0.604502065821342,0.2397940355809046
0.16791851013478754,0.604502065821342,0.2397658336090044
0.16791851013478754,0.6046445362587263,0.2397381932834257
0.16794423294577632,0.6046445362587263,0.2397241342138668
0.16794423294577632,0.6047870066961105,0.23971161023700718
0.16799567856775388,0.6047870066961105,0.2396363437418583
0.16799567856775388,0.605071947570879,0.23962487952080885
0.16804712418973144,0.605071947570879,0.23961178802603664
0.16804712418973144,0.6052144180082633,0.23959276007431554
0.16807284700072023,0.6052144180082633,0.2395883244508056
0.16807284700072023,0.6053568884456475,0.23954133488761623
0.16812429262269782,0.6053568884456475,0.23951846957513478
0.16812429262269782,0.6054993588830317,0.2394692642817149
0.1681500154336866,0.6054993588830317,0.23944131072173644
0.1681500154336866,0.605641829320416,0.23941403528605298
0.16838152073258567,0.605641829320416,0.23911343570345175
0.16838152073258567,0.6057842997578002,0.23910583051295559
0.16851013478752958,0.6057842997578002,0.23901125131172898
0.16856158040950714,0.6059267701951845,0.23897185761494671
0.1686644716534623,0.6059267701951845,0.23890271301275207
0.16869019446445108,0.6060692406325687,0.23890087646054525
0.16881880851939499,0.6060692406325687,0.23881958690539964
0.16881880851939499,0.6063541815073372,0.2387981591702496
0.1688445313303838,0.6063541815073372,0.23877328334193942
0.1688445313303838,0.6064966519447215,0.23875607364268348
0.16889597695236136,0.6064966519447215,0.2387271334752195
0.16894742257433892,0.6066391223821057,0.23869348736155357
0.1689988681963165,0.6066391223821057,0.23867328593002735
0.1689988681963165,0.6069240632568742,0.2385914079545687
0.16902459100730527,0.6069240632568742,0.23858929759645284
0.16907603662928286,0.6069240632568742,0.23855031440028412
0.16912748225126042,0.6069240632568742,0.23854884842624868
0.16912748225126042,0.6070665336942584,0.23852270297451758
0.1691532050622492,0.6070665336942584,0.2385096620051974
0.1691532050622492,0.6072090041316427,0.2384718060059117
0.169178927873238,0.6072090041316427,0.23846048162039932
0.16925609630620433,0.6072090041316427,0.23843552934522366
0.16938471036114827,0.6072090041316427,0.23828955718819672
0.16938471036114827,0.6073514745690269,0.23826422278069342
0.16941043317213705,0.6073514745690269,0.23826232369816475
0.16941043317213705,0.6074939450064112,0.23826185217381182
0.16946187879411462,0.6074939450064112,0.2382288342784069
0.16951332441609218,0.6076364154437954,0.23822641633914468
0.16956477003806977,0.6076364154437954,0.23820455150019984
0.16956477003806977,0.6080638267559482,0.23814339857557304
0.16969338409301368,0.6080638267559482,0.23807126414711122
0.16969338409301368,0.6082062971933324,0.23806380300989435
0.1697962753369688,0.6082062971933324,0.23789231518315815
0.1697962753369688,0.6083487676307167,0.23789097327266634
0.16982199814795762,0.6084912380681009,0.2378554793769635
0.16987344376993518,0.6084912380681009,0.23779781179528678
0.16987344376993518,0.6086337085054851,0.23777292247143936
0.1700020578248791,0.6086337085054851,0.2377373855727405
0.1700020578248791,0.6090611198176379,0.2376919442471171
0.17005350344685669,0.6090611198176379,0.23761160871323606
0.17005350344685669,0.6092035902550221,0.23760467582121123
0.17007922625784547,0.6092035902550221,0.23759151922293562
0.17007922625784547,0.6094885311297906,0.2375321278165073
0.17038789998971088,0.6094885311297906,0.23731771248074932
0.17038789998971088,0.6096310015671748,0.23729884708961674
0.17043934561168844,0.6096310015671748,0.23724642655309205
0.17043934561168844,0.6099159424419432,0.23723691005535663
0.17046506842267722,0.6099159424419432,0.2372361938117056
0.17046506842267722,0.6100584128793275,0.23722230094648064
0.1705422368556436,0.6100584128793275,0.23717733765286986
0.17056795966663238,0.6102008833167117,0.2371342806555254
0.1706708509105875,0.6102008833167117,0.23711608203013038
0.1706708509105875,0.610343353754096,0.23711537168404806
0.17079946496553144,0.610343353754096,0.2370502011647302
0.17079946496553144,0.6104858241914802,0.23702521297917595
0.17090235620948657,0.6104858241914802,0.23692473828008773
0.17090235620948657,0.6106282946288645,0.23692251385420843
0.17092807902047535,0.6106282946288645,0.23691154817857712
0.17095380183146414,0.6107707650662487,0.23689759939573754
0.17095380183146414,0.610913235503633,0.23686121201466945
0.1710566930754193,0.610913235503633,0.23669140851808904
0.17110813869739686,0.610913235503633,0.2366828214098648
0.17115958431937442,0.610913235503633,0.23663326089526127
0.17115958431937442,0.6110557059410172,0.2365946232617633
0.1711853071303632,0.6110557059410172,0.23656943650931908
0.1711853071303632,0.6111981763784015,0.23655852888670315
0.17146825805123983,0.6111981763784015,0.23638846194460766
0.1714939808622286,0.6113406468157857,0.2363717266754728
0.17157114929519499,0.6113406468157857,0.23634391965594126
0.17159687210618377,0.61148311725317,0.23628539293791223
0.17159687210618377,0.6116255876905542,0.23623751981791713
0.17164831772816133,0.6116255876905542,0.23621742942820467
0.1716740405391501,0.6117680581279384,0.23619738617279415
0.1716740405391501,0.6119105285653227,0.23619008327579855
0.17182837740508283,0.6119105285653227,0.23606286484561032
0.17182837740508283,0.6120529990027069,0.23603881023016554
0.17190554583804918,0.6120529990027069,0.23598464612290507
0.17190554583804918,0.6121954694400912,0.23598152936032926
0.17195699146002674,0.6121954694400912,0.2359057254604901
0.17195699146002674,0.6123379398774754,0.23587363248154367
0.17198271427101552,0.6123379398774754,0.2358665875708582
0.17200843708200433,0.6124804103148597,0.23585825184517634
0.17226566519189218,0.6124804103148597,0.23563603721605564
0.17226566519189218,0.6126228807522439,0.23561930202356549
0.1723942792468361,0.6126228807522439,0.23552007613793757
0.17247144767980244,0.6126228807522439,0.235453224594305
0.17260006173474637,0.6126228807522439,0.2354083212849415
0.17260006173474637,0.6127653511896282,0.2354009235612986
0.17262578454573516,0.6127653511896282,0.235388916138446
0.17262578454573516,0.6130502920643967,0.2353426179447697
0.17278012141166788,0.6130502920643967,0.23510684220440414
0.17278012141166788,0.6131927625017809,0.2351017450195735
0.17283156703364544,0.6131927625017809,0.23503444545552488
0.172883012655623,0.6134777033765494,0.23499540765954982
0.172883012655623,0.6136201738139336,0.23498532246533815
0.17293445827760057,0.6136201738139336,0.23495685051594473
0.17293445827760057,0.6139051146887021,0.23492365002136525
0.17296018108858935,0.6139051146887021,0.23490866817704362
0.17301162671056694,0.6139051146887021,0.23489487173028217
0.1730630723325445,0.6139051146887021,0.2348209549551843
0.1730630723325445,0.6141900555634706,0.23477265206944933
0.17311451795452207,0.6141900555634706,0.23475037191749978
0.173243132009466,0.6141900555634706,0.23461491447272861
0.173243132009466,0.6143325260008549,0.23461281784915958
0.17332030044243235,0.6143325260008549,0.2345007930007128
0.17332030044243235,0.6144749964382391,0.2344946222180979
0.17337174606440992,0.6144749964382391,0.23445545141910737
0.17337174606440992,0.6146174668756234,0.23445171044973565
0.17352608293034263,0.6146174668756234,0.23431705219793986
0.17352608293034263,0.6147599373130076,0.23431355028311518
0.1735775285523202,0.6147599373130076,0.2342963255964398
0.17360325136330898,0.6147599373130076,0.2342929355619803
0.17365469698528654,0.6149024077503918,0.23428749002328553
0.17368041979627533,0.6149024077503918,0.23427499710098967
0.17373186541825292,0.6150448781877761,0.23426754122034701
0.1737575882292417,0.6150448781877761,0.23426545483405642
0.17380903385121926,0.6151873486251602,0.23424810312412273
0.17396337071715198,0.6151873486251602,0.23412792673151192
0.17396337071715198,0.6153298190625445,0.2340758280991439
0.17404053915011833,0.6153298190625445,0.23404246490826672
0.17404053915011833,0.615614759937313,0.234036031828808
0.17414343039407346,0.615614759937313,0.23396215783803934
0.1742463216380286,0.6158997008120815,0.23390087580621402
0.1742463216380286,0.6160421712494657,0.23389248912919355
0.1744006585039613,0.6160421712494657,0.23382769862270894
0.1744006585039613,0.6161846416868499,0.23382170656861043
0.1744521041259389,0.6161846416868499,0.23379582443587416
0.1744521041259389,0.6164695825616184,0.23379226533596373
0.1745807181808828,0.6164695825616184,0.2337484841931807
0.17463216380286037,0.6164695825616184,0.23368370952990122
0.17465788661384915,0.6164695825616184,0.23365108269454885
0.17470933223582674,0.6164695825616184,0.23364383682460976
0.17486366910175943,0.6164695825616184,0.23357709012444486
0.17486366910175943,0.6167545234363869,0.23346818584814935
0.17488939191274822,0.6167545234363869,0.23346677859942896
0.17488939191274822,0.6168969938737712,0.2334610185166343
0.17499228315670337,0.6168969938737712,0.2333068195387845
0.17504372877868093,0.6168969938737712,0.2332897549031243
0.17506945158966972,0.6168969938737712,0.23327112321088878
0.17506945158966972,0.6170394643111554,0.23325317795986075
0.17514662002263606,0.6170394643111554,0.23316712558340347
0.17514662002263606,0.6171819347485397,0.23312756220717096
0.17532667969955756,0.6171819347485397,0.2329336704956356
0.17532667969955756,0.6174668756233082,0.23290910654817237
0.17535240251054635,0.6174668756233082,0.23286646033882843
0.17535240251054635,0.6176093460606924,0.23286003802487745
0.1754038481325239,0.6176093460606924,0.23281813563047318
0.17542957094351272,0.6177518164980766,0.23280629174189318
0.17553246218746785,0.6177518164980766,0.232751772715602
0.1755839078094454,0.6177518164980766,0.2327342735012912
0.17568679905340057,0.6177518164980766,0.23268976610792244
0.17568679905340057,0.6178942869354609,0.23263037834889472
0.17586685873032204,0.6178942869354609,0.23255832647647573
0.17586685873032204,0.6180367573728451,0.23253347408763156
0.17622697808416504,0.6180367573728451,0.23230854572608764
0.17622697808416504,0.6181792278102294,0.23230173634950385
0.17625270089515382,0.6181792278102294,0.23229027131883864
0.17625270089515382,0.6183216982476136,0.2322837461097095
0.1763041465171314,0.6183216982476136,0.2322554621683899
0.17632986932812017,0.6184641686849979,0.2322319164688276
0.17632986932812017,0.6186066391223821,0.2322208794071407
0.17638131495009773,0.6186066391223821,0.2321845451703988
0.17638131495009773,0.6187491095597664,0.2321437102624933
0.17643276057207533,0.6187491095597664,0.23211812626821932
0.17643276057207533,0.6188915799971506,0.23206161129939243
0.17653565181603045,0.6188915799971506,0.23197771983911675
0.17653565181603045,0.6191765208719191,0.23195681646699778
0.17656137462701924,0.6191765208719191,0.23194568565348944
0.17656137462701924,0.6193189913093033,0.23192674946090885
0.1766385430599856,0.6193189913093033,0.23187115225704366
0.1766385430599856,0.6194614617466876,0.23184606041955644
0.1767928799259183,0.6194614617466876,0.23174948916601515
0.17684432554789586,0.6194614617466876,0.2317442349526692
0.17687004835888465,0.6194614617466876,0.23173504753249186
0.17692149398086224,0.6196039321840718,0.23172539172347592
0.17707583084679493,0.6196039321840718,0.2316165659018003
0.17707583084679493,0.6197464026214561,0.2315415829744935
0.17717872209075008,0.6197464026214561,0.231478353243978
0.17717872209075008,0.6198888730588403,0.2314671892144922
0.17723016771272765,0.6198888730588403,0.2314432494521179
0.17723016771272765,0.6200313434962246,0.23142627609485536
0.17725589052371643,0.6200313434962246,0.23141190624315192
0.17725589052371643,0.6201738139336088,0.23137488358765665
0.17735878176767156,0.6201738139336088,0.23128951402742143
0.17735878176767156,0.6203162843709931,0.23128110085852102
0.17738450457866037,0.6203162843709931,0.23125219921379414
0.17738450457866037,0.6204587548083773,0.23118778954473337
0.17743595020063793,0.6204587548083773,0.2311608509574387
0.1774616730116267,0.6206012252457616,0.2311600813755543
0.17759028706657062,0.6206012252457616,0.23101610551066198
0.17759028706657062,0.6207436956831458,0.2310122136967985
0.17761600987755943,0.6207436956831458,0.23100186894063138
0.17761600987755943,0.6208861661205299,0.23099797708212785
0.17777034674349212,0.6208861661205299,0.23081585579688596
0.17777034674349212,0.6210286365579142,0.2307744735566226
0.17787323798744728,0.6210286365579142,0.23069672811092537
0.17787323798744728,0.6214560478700669,0.230663198251387
0.17795040642041363,0.6214560478700669,0.23061197825053925
0.17795040642041363,0.6215985183074512,0.23057112410703892
0.1779761292314024,0.6215985183074512,0.23052245807039187
0.1779761292314024,0.6217409887448354,0.23051903855513153
0.17805329766436875,0.6217409887448354,0.2304731973420474
0.17805329766436875,0.6218834591822197,0.23045520247219697
0.17807902047535754,0.6218834591822197,0.23043014167155515
0.17810474328634635,0.6220259296196039,0.23040863531940856
0.17813046609733513,0.6220259296196039,0.23034051955733736
0.17813046609733513,0.6221684000569881,0.23031993932327038
0.1781819117193127,0.6221684000569881,0.2302550502723486
0.1781819117193127,0.6223108704943724,0.2302549436104513
0.17825908015227904,0.6223108704943724,0.2302242673839846
0.17825908015227904,0.6224533409317566,0.2302213505586716
0.1783105257742566,0.6224533409317566,0.23020266273263837
0.17843913982920054,0.6224533409317566,0.2301122065841263
0.17843913982920054,0.6225958113691409,0.23007004466512793
0.17854203107315567,0.6225958113691409,0.22998873992953747
0.17854203107315567,0.6227382818065251,0.22998853529541124
0.17861919950612204,0.6227382818065251,0.22992603320783894
0.17861919950612204,0.6230232226812936,0.22986330840088504
0.17877353637205473,0.6230232226812936,0.22966659936429393
0.1788249819940323,0.6231656931186779,0.22964791513701413
0.1788249819940323,0.6235931044308306,0.22957498030641282
0.1788507048050211,0.6237355748682148,0.22956537990431256
0.17895359604897623,0.6237355748682148,0.22944988301079744
0.17895359604897623,0.6240205157429833,0.229337173370862
0.17897931885996501,0.6240205157429833,0.22931728732076545
0.17897931885996501,0.6243054566177518,0.22927385373068737
0.17903076448194258,0.6243054566177518,0.2292455117788478
0.17903076448194258,0.6244479270551361,0.2292297958794841
0.17926226978084164,0.6244479270551361,0.22897951939691671
0.17926226978084164,0.6247328679299046,0.22895043192392875
0.1793137154028192,0.6247328679299046,0.22889821811458969
0.1793137154028192,0.6251602792420573,0.22883237104860982
0.17944232945776314,0.6251602792420573,0.22874387569380064
0.17944232945776314,0.6253027496794415,0.22873407695952888
0.17959666632369586,0.6253027496794415,0.22863812030246175
0.17959666632369586,0.6254452201168258,0.22862368663073612
0.17995678567753884,0.6254452201168258,0.22831200135886315
0.17995678567753884,0.62558769055421,0.2283048263715476
0.18021401378742669,0.62558769055421,0.22798294406104946
0.18021401378742669,0.6257301609915943,0.22794850470897124
0.18023973659841547,0.6257301609915943,0.22794138192384117
0.18023973659841547,0.6258726314289785,0.22792995373002337
0.18026545940940425,0.6258726314289785,0.22792840667456127
0.18026545940940425,0.6260151018663628,0.22788656785267836
0.18031690503138184,0.6260151018663628,0.22786250166791444
0.18041979627533697,0.6260151018663628,0.2277941456956963
0.1805484103302809,0.6260151018663628,0.2277043531653097
0.1805484103302809,0.626157572303747,0.22769670141475723
0.1805741331412697,0.626157572303747,0.2276669070408374
0.18062557876324725,0.626157572303747,0.22765512174562086
0.1807027471962136,0.626157572303747,0.2275478113243517
0.1807027471962136,0.6263000427411313,0.22754602497314866
0.18095997530610144,0.6263000427411313,0.22741588862460677
0.18095997530610144,0.6264425131785154,0.22737549472086013
0.181011420928079,0.6264425131785154,0.2273438553893278
0.181011420928079,0.6265849836158996,0.22733012736690147
0.18108858936104538,0.6265849836158996,0.22725859670720686
0.18111431217203416,0.6267274540532839,0.22725406863006822
0.18116575779401173,0.6267274540532839,0.22721384665047142
0.18116575779401173,0.6270123949280524,0.22713222739268335
0.1812172034159893,0.6270123949280524,0.2271088870771616
0.1812172034159893,0.6271548653654366,0.22709097511323412
0.18126864903796686,0.6271548653654366,0.22708092175419392
0.181371540281922,0.6271548653654366,0.22703019240871328
0.181371540281922,0.6272973358028209,0.22700749303752452
0.1813972630929108,0.6272973358028209,0.2270061666710533
0.1813972630929108,0.6275822766775894,0.22696912961127327
0.1815773227698323,0.6275822766775894,0.226876293476401
0.1815773227698323,0.6277247471149736,0.22687282821047652
0.18162876839180986,0.6277247471149736,0.2268239880621699
0.18162876839180986,0.6278672175523579,0.22681715134843453
0.1817059368247762,0.6278672175523579,0.2267488057049876
0.1817059368247762,0.6280096879897421,0.22674135071152177
0.1818859965016977,0.6280096879897421,0.2266594770600611
0.1818859965016977,0.6281521584271264,0.22662524897274844
0.18193744212367527,0.6281521584271264,0.2266087074418782
0.18198888774565283,0.6281521584271264,0.22659203876037998
0.18198888774565283,0.6282946288645106,0.2265780818933176
0.18214322461158555,0.6282946288645106,0.22644742267180143
0.18214322461158555,0.6284370993018948,0.22642408773923794
0.18219467023356312,0.6284370993018948,0.2264092192277236
0.18219467023356312,0.6285795697392791,0.2263819777032852
0.1822203930445519,0.6285795697392791,0.2263673136364272
0.1822203930445519,0.6288645106140476,0.226316005192782
0.1822718386665295,0.6288645106140476,0.22622707718247892
0.1822718386665295,0.6290069810514318,0.22621282665598885
0.18229756147751827,0.6290069810514318,0.22620825797407995
0.18229756147751827,0.6291494514888161,0.22619318498959504
0.18232328428850705,0.6291494514888161,0.2261901470314233
0.18232328428850705,0.629719333238353,0.22609975637805774
0.18250334396542855,0.629719333238353,0.22595693169154532
0.18250334396542855,0.6298618036757373,0.22595688181993936
0.1825805123983949,0.6298618036757373,0.22590162159265423
0.1825805123983949,0.6300042741131215,0.22588970612977752
0.18260623520938368,0.6300042741131215,0.22585628443984662
0.18260623520938368,0.63028921498789,0.2258511844812649
0.1827091264533388,0.63028921498789,0.22572359289387747
0.1827091264533388,0.6304316854252743,0.22571477977054677
0.18294063175223788,0.6304316854252743,0.22561423039811412
0.18294063175223788,0.6305741558626585,0.22560135634939835
0.18296635456322666,0.6305741558626585,0.22558857285679812
0.18296635456322666,0.6307166263000428,0.22552553095560482
0.18317213705113694,0.6307166263000428,0.22528653379175706
0.18317213705113694,0.6310015671748113,0.2252830336462417
0.1832750282950921,0.6310015671748113,0.2252468036001503
0.18335219672805844,0.6310015671748113,0.2252447946960364
0.1834293651610248,0.6310015671748113,0.225179823087062
0.1834293651610248,0.631428978486964,0.22509679601575605
0.18345508797201357,0.631428978486964,0.22508516543941193
0.18345508797201357,0.6315714489243482,0.22508034334223662
0.18350653359399116,0.6315714489243482,0.2250306271095312
0.18350653359399116,0.6317139193617325,0.22497820842086866
0.18371231608190142,0.6317139193617325,0.22482349604178747
0.18371231608190142,0.6318563897991167,0.22479391050950479
0.183763761703879,0.6318563897991167,0.2247424433956299
0.183763761703879,0.631998860236501,0.22471541823558877
0.18381520732585657,0.631998860236501,0.22468938395800095
0.18381520732585657,0.6321413306738851,0.22465864277979616
0.18384093013684535,0.6321413306738851,0.22463508872588572
0.18384093013684535,0.6322838011112694,0.22463507082226186
0.18394382138080048,0.6322838011112694,0.22457503811739965
0.18394382138080048,0.6325687419860379,0.2245126082009232
0.18404671262475564,0.6325687419860379,0.22449376318737546
0.18404671262475564,0.6327112124234221,0.2244886984646169
0.18407243543574442,0.6327112124234221,0.22448439650023833
0.18407243543574442,0.6332810941729591,0.2244102490563045
0.18422677230167714,0.6332810941729591,0.22434591542727222
0.18422677230167714,0.6334235646103433,0.22431163282943462
0.1842782179236547,0.6334235646103433,0.22429553479183295
0.1842782179236547,0.6335660350477276,0.22429473555783472
0.18448400041156499,0.6335660350477276,0.22420838331916404
0.18448400041156499,0.6337085054851118,0.22419998305744915
0.18456116884453133,0.6337085054851118,0.224074075400234
0.18456116884453133,0.6338509759224961,0.224059854087335
0.18468978289947524,0.6338509759224961,0.22402405478046608
0.18471550571046405,0.6339934463598803,0.22398913109673582
0.18476695133244161,0.6339934463598803,0.223944592199387
0.18476695133244161,0.6341359167972646,0.22392934151623872
0.1847926741434304,0.6342783872346488,0.22391511947147053
0.18486984257639674,0.6342783872346488,0.223849097236313
0.18486984257639674,0.634420857672033,0.22384681843633403
0.18499845663134068,0.634420857672033,0.22369624411358455
0.18499845663134068,0.6345633281094173,0.22367574831200376
0.18502417944232946,0.6345633281094173,0.22367108928784477
0.18502417944232946,0.6347057985468015,0.22365940714097055
0.18504990225331824,0.6347057985468015,0.22363054970662488
0.18504990225331824,0.6348482689841858,0.2236136636359879
0.1851270706862846,0.6348482689841858,0.22358490137285067
0.1851270706862846,0.63499073942157,0.2235836496568671
0.1851270706862846,0.6352756802963385,0.22354512916253017
0.18517851630826215,0.6352756802963385,0.223521289238085
0.18517851630826215,0.635560621171107,0.22351917462969748
0.1852814075522173,0.635560621171107,0.2234755886550492
0.18535857598518365,0.6357030916084913,0.22347065013695594
0.18535857598518365,0.6359880324832597,0.2234524288747841
0.18538429879617244,0.6359880324832597,0.22345149975258383
0.18538429879617244,0.636130502920644,0.2234375910452948
0.18541002160716122,0.636130502920644,0.22342439792551572
0.18541002160716122,0.6362729733580282,0.22339213035675956
0.1854614672291388,0.6362729733580282,0.22336588089195342
0.1854614672291388,0.6364154437954125,0.22334435904233224
0.1854871900401276,0.6364154437954125,0.22334035299803243
0.18553863566210516,0.6364154437954125,0.22332242911021494
0.18587303220495935,0.6364154437954125,0.2231445978284069
0.18587303220495935,0.636700384670181,0.22306228313717155
0.1859759234489145,0.636700384670181,0.2228954995566077
0.1859759234489145,0.6369853255449495,0.22285449970067595
0.18600164625990329,0.6369853255449495,0.22282016732852045
0.18600164625990329,0.6371277959823337,0.22280077537445495
0.18602736907089207,0.6371277959823337,0.22279949422532472
0.18602736907089207,0.637270266419718,0.2227830759000781
0.18605309188188085,0.637270266419718,0.22277992028150392
0.18605309188188085,0.6374127368571022,0.2227790506723985
0.18607881469286963,0.6374127368571022,0.22277312030436097
0.18607881469286963,0.6376976777318706,0.22268170071924936
0.18628459718077992,0.6376976777318706,0.22259369340882593
0.18628459718077992,0.6378401481692548,0.22259201172517865
0.18633604280275748,0.6378401481692548,0.22257820894279784
0.18633604280275748,0.6379826186066391,0.2225620413479949
0.18638748842473504,0.6379826186066391,0.22253056075771027
0.18643893404671263,0.6381250890440233,0.22252261259960113
0.18651610247967898,0.6381250890440233,0.22249281913571115
0.18651610247967898,0.6382675594814076,0.22245954532630133
0.1866189937236341,0.6382675594814076,0.22237784001596017
0.1866704393456117,0.6382675594814076,0.2223545641210933
0.18685049902253317,0.6382675594814076,0.22221862394898706
0.18685049902253317,0.6384100299187918,0.22221058403686877
0.18705628151044346,0.6384100299187918,0.22203336129390308
0.18705628151044346,0.6385525003561761,0.22201911416087353
0.1871334499434098,0.6385525003561761,0.2219992219258824
0.1871334499434098,0.6388374412309445,0.22194759164573283
0.1871334499434098,0.639122382105713,0.22193884501510075
0.1871591727543986,0.639122382105713,0.2219076972623467
0.18723634118736496,0.6394073229804815,0.2219066154150967
0.18726206399835374,0.6394073229804815,0.2219056189874363
0.18726206399835374,0.63969226385525,0.2218837864423271
0.18733923243132009,0.63969226385525,0.2218247145042968
0.18733923243132009,0.6398347342926343,0.22180264366796845
0.18741640086428646,0.6398347342926343,0.22175382869597882
0.18741640086428646,0.6399772047300185,0.22174900611415926
0.18744212367527524,0.6399772047300185,0.221740673586394
0.18744212367527524,0.6404046160421712,0.22170450211251289
0.18757073773021915,0.6404046160421712,0.2216152958880533
0.18759646054120793,0.6405470864795555,0.22161190974327474
0.18759646054120793,0.6406895569169397,0.22159536052722487
0.18764790616318552,0.6406895569169397,0.2215793860305201
0.18764790616318552,0.640832027354324,0.22157282518432211
0.1876736289741743,0.640832027354324,0.22156818418361168
0.1876736289741743,0.6409744977917082,0.22156268877092172
0.18775079740714065,0.6409744977917082,0.22154203675847245
0.18775079740714065,0.6411169682290925,0.22153468888171401
0.18790513427307337,0.6411169682290925,0.22144556415114963
0.18790513427307337,0.641401909103861,0.22141754063065897
0.18793085708406215,0.641401909103861,0.22141251271125975
0.18798230270603972,0.641401909103861,0.2213832487392129
0.18813663957197244,0.641401909103861,0.2212695794698917
0.18813663957197244,0.6416868499786295,0.2212161280134707
0.18816236238296122,0.6416868499786295,0.22121436916684536
0.18816236238296122,0.6418293204160137,0.22121298639671833
0.18818808519395,0.641971790853398,0.22120677963856022
0.18823953081592756,0.641971790853398,0.2211865100148767
0.18823953081592756,0.6421142612907822,0.2211842756722827
0.18829097643790513,0.6421142612907822,0.22117558715501492
0.1883424220598827,0.6421142612907822,0.22116607074769493
0.1885224817368042,0.6421142612907822,0.22106120306591728
0.1885224817368042,0.6422567317281664,0.2210242928740416
0.18865109579174813,0.6422567317281664,0.22095556192251947
0.18865109579174813,0.6423992021655507,0.2209511083281333
0.1886768186027369,0.6425416726029349,0.22093789007675607
0.18875398703570326,0.6425416726029349,0.22092962269403385
0.18890832390163598,0.6425416726029349,0.2208405788553341
0.18890832390163598,0.6428266134777034,0.22080749099953711
0.18895976952361354,0.6428266134777034,0.22078085845427387
0.18895976952361354,0.6431115543524719,0.22073945535278694
0.18911410638954626,0.6431115543524719,0.2206082028334194
0.18911410638954626,0.6433964952272403,0.22060258153178885
0.1892169976335014,0.6433964952272403,0.22053181761538934
0.18924272044449017,0.6435389656646245,0.22052715662876937
0.18926844325547895,0.6435389656646245,0.22047053003047
0.18926844325547895,0.6436814361020088,0.22046817738463598
0.18934561168844533,0.6436814361020088,0.22044635679352678
0.18934561168844533,0.6439663769767773,0.22041238991585385
0.18947422574338924,0.6439663769767773,0.2202967697220577
0.18947422574338924,0.6441088474141615,0.22029491330492637
0.1895256713653668,0.6441088474141615,0.22028302679546735
0.1895771169873444,0.6442513178515458,0.22024252198052582
0.1895771169873444,0.6445362587263143,0.2202055649702851
0.18960283979833317,0.6445362587263143,0.22012244675114662
0.18960283979833317,0.6446787291636985,0.2201201508825796
0.1897057310422883,0.6446787291636985,0.2200696380016596
0.1897057310422883,0.6448211996010828,0.22006268944765855
0.18986006790822102,0.6448211996010828,0.21998937775837343
0.18986006790822102,0.644963670038467,0.21998630025807478
0.18991151353019858,0.644963670038467,0.21997075309681283
0.19016874164008643,0.644963670038467,0.21981980679336927
0.19016874164008643,0.6451061404758512,0.21978915565664914
0.1901944644510752,0.6451061404758512,0.21975983822540884
0.19024591007305278,0.6451061404758512,0.2197450449219746
0.19027163288404156,0.6451061404758512,0.21974244999684908
0.19034880131700793,0.6452486109132355,0.2197411150584964
0.1903745241279967,0.6452486109132355,0.2197405798330903
0.1904002469389855,0.6453910813506197,0.21972855010062525
0.19045169256096306,0.6453910813506197,0.21968103060414726
0.19045169256096306,0.6456760222253882,0.21965903245105947
0.190580306615907,0.6456760222253882,0.21957931120548063
0.190580306615907,0.6458184926627725,0.21956601598984266
0.190580306615907,0.646103433537541,0.21953967867664698
0.19060602942689578,0.6462459039749252,0.21952743480804637
0.19063175223788456,0.6462459039749252,0.2195070385267888
0.19063175223788456,0.6465308448496937,0.2194599396181907
0.1907089206708509,0.6465308448496937,0.21943513557104846
0.1907089206708509,0.6468157857244622,0.21937299719415368
0.1910947628356827,0.6468157857244622,0.21911922798897682
0.19112048564667147,0.6469582561618464,0.2191144867464595
0.1912233768906266,0.6469582561618464,0.21903670407309003
0.1912233768906266,0.6471007265992307,0.2190156341562887
0.19145488218952567,0.6471007265992307,0.21887137291722483
0.19145488218952567,0.6472431970366149,0.2188479482011602
0.19148060500051445,0.6473856674739992,0.21882494817074746
0.19148060500051445,0.6475281379113834,0.2188170179669714
0.1917378331104023,0.6475281379113834,0.21866775926103796
0.1917378331104023,0.6476706083487677,0.21864159439431868
0.19184072435435745,0.6478130787861519,0.21862971770659181
0.19194361559831258,0.6478130787861519,0.2185672351176271
0.19194361559831258,0.6480980196609204,0.21853384200059756
0.19196933840930136,0.6480980196609204,0.2185164312653545
0.19196933840930136,0.6482404900983046,0.21848148074861254
0.19199506122029014,0.6482404900983046,0.2184165170658005
0.19202078403127895,0.6483829605356889,0.21838512684759484
0.19207222965325652,0.6483829605356889,0.2183564182685301
0.19207222965325652,0.6485254309730731,0.21834817163575024
0.1922265665191892,0.6485254309730731,0.2182899681182932
0.1922265665191892,0.6486679014104574,0.21825779782517735
0.19235518057413314,0.6486679014104574,0.21818488257325985
0.19235518057413314,0.6488103718478416,0.21817293078583982
0.1924066261961107,0.6488103718478416,0.21810454097868068
0.1924066261961107,0.64909531272261,0.21804783687911053
0.192612408684021,0.64909531272261,0.2178693345234888
0.19266385430599856,0.6492377831599943,0.21784199394811637
0.19271529992797612,0.6492377831599943,0.21777360187742953
0.19271529992797612,0.6493802535973785,0.21776103357463172
0.1927410227389649,0.6493802535973785,0.217752773377881
0.1927410227389649,0.6495227240347627,0.21774683904738276
0.19284391398292006,0.6495227240347627,0.21769722353697937
0.19284391398292006,0.649665194472147,0.2176952120799028
0.1929210824158864,0.649665194472147,0.2176547024245104
0.19299825084885278,0.649665194472147,0.21757693553353466
0.19312686490379669,0.649665194472147,0.21750793504449525
0.19317831052577425,0.6498076649095312,0.2174866772120332
0.1932297561477518,0.6498076649095312,0.21741078591094493
0.1932812017697294,0.6498076649095312,0.2174017701365344
0.19335837020269575,0.6498076649095312,0.21735751429074474
0.19335837020269575,0.6499501353469155,0.2173253894439515
0.19338409301368453,0.6499501353469155,0.21732316671260726
0.19338409301368453,0.6500926057842997,0.21732200550011727
0.19374421236752754,0.6500926057842997,0.2170950884594359
0.19374421236752754,0.650235076221684,0.21707656920688162
0.19387282642247144,0.650235076221684,0.21697751406013513
0.19387282642247144,0.6503775466590682,0.21693958589421627
0.1941043317213705,0.6503775466590682,0.21670845840357744
0.1941043317213705,0.6505200170964525,0.2167026455894149
0.19418150015433686,0.6505200170964525,0.21662910157807516
0.19418150015433686,0.6506624875338367,0.21662858040934838
0.19425866858730323,0.6506624875338367,0.2165820742168691
0.19425866858730323,0.6509474284086052,0.2165595682145599
0.1943101142092808,0.6509474284086052,0.21644837429938962
0.1943101142092808,0.6510898988459894,0.21644812878792236
0.19436155983125836,0.6510898988459894,0.2164221662676344
0.1944387282642247,0.6510898988459894,0.2164168291445247
0.19454161950817986,0.6510898988459894,0.2163764888926989
0.19456734231916864,0.6513748397207579,0.21636875111084347
0.19464451075213499,0.6513748397207579,0.2163462203157668
0.19467023356312377,0.6515173101581422,0.21629111197325018
0.19472167918510136,0.6515173101581422,0.2162529136085649
0.19477312480707892,0.6516597805955264,0.21621802624749412
0.19477312480707892,0.6518022510329107,0.21621675345823155
0.1947988476180677,0.6518022510329107,0.21620603930480484
0.1947988476180677,0.6519447214702949,0.21618564139207846
0.19492746167301161,0.6519447214702949,0.2160843003477355
0.19492746167301161,0.6522296623450634,0.21605099006508408
0.19508179853894433,0.6522296623450634,0.21595673803214754
0.19508179853894433,0.6523721327824477,0.21594800985625584
0.19518468978289946,0.6523721327824477,0.21577656379806956
0.19518468978289946,0.6525146032198319,0.21577187913565518
0.1953133038378434,0.6525146032198319,0.21569412931671147
0.1953133038378434,0.6526570736572161,0.21567110205893308
0.19539047227080975,0.6526570736572161,0.21565307124997787
0.19539047227080975,0.6527995440946004,0.2156492943276793
0.19546764070377612,0.6527995440946004,0.21562253612257837
0.19557053194773125,0.6527995440946004,0.21559721859287947
0.19587920567959666,0.6527995440946004,0.21538700762094543
0.19587920567959666,0.6530844849693689,0.2153560019939057
0.19590492849058544,0.6530844849693689,0.21535033328528705
0.19590492849058544,0.6532269554067531,0.2153073191037744
0.1960078197345406,0.6532269554067531,0.2152852239321363
0.1960078197345406,0.6533694258441374,0.21526929270190234
0.1963422162773948,0.6533694258441374,0.2150787364247435
0.1963422162773948,0.6535118962815216,0.21507471187262348
0.19644510752134994,0.6535118962815216,0.21503509568253695
0.1964965531433275,0.6536543667189059,0.2150079193650498
0.19662516719827142,0.6536543667189059,0.2149041338217213
0.19662516719827142,0.6537968371562901,0.21489406664100683
0.196676612820249,0.6537968371562901,0.2148765852429135
0.196676612820249,0.6539393075936744,0.21486840833049814
0.19708817779606955,0.6539393075936744,0.21448423160208252
0.19708817779606955,0.6540817780310586,0.2144807945144149
0.1971396234180471,0.6540817780310586,0.21446993244912382
0.19716534622903592,0.6542242484684428,0.21446872599945535
0.19716534622903592,0.6543667189058271,0.21446509285210577
0.19721679185101348,0.6543667189058271,0.2144457228565387
0.19721679185101348,0.6545091893432112,0.21443075726549282
0.19729396028397983,0.6545091893432112,0.21437999665407417
0.1973196830949686,0.6546516597805955,0.2143584291333842
0.19744829714991255,0.6546516597805955,0.2142591680826718
0.19755118839386768,0.6546516597805955,0.21424554049942732
0.19760263401584524,0.6546516597805955,0.21415840536002842
0.19760263401584524,0.6550790710927482,0.2141426211876406
0.19762835682683402,0.6550790710927482,0.21413807554871184
0.19762835682683402,0.6552215415301325,0.21408683202254636
0.1977055252598004,0.6552215415301325,0.21400135059427872
0.1977055252598004,0.6553640119675167,0.21398430314196348
0.19793703055869946,0.6553640119675167,0.2138305205855839
0.19793703055869946,0.655506482404901,0.2137930756811953
0.1980141989916658,0.655506482404901,0.21373903988480822
0.1980141989916658,0.6556489528422852,0.21373392157945173
0.19806564461364337,0.6556489528422852,0.2136918942269054
0.19806564461364337,0.6557914232796694,0.21367689041918242
0.19816853585759853,0.6557914232796694,0.21363834544528937
0.19816853585759853,0.6559338937170537,0.21362540201368163
0.1981942586685873,0.6559338937170537,0.21361184660136762
0.1982199814795761,0.6560763641544379,0.21360545827794422
0.19834859553452,0.6560763641544379,0.2135235538470292
0.19834859553452,0.6562188345918222,0.21351273076540694
0.19845148677847516,0.6562188345918222,0.21346034743573816
0.19845148677847516,0.6563613050292064,0.21343765820036217
0.19855437802243028,0.6563613050292064,0.21334533289515586
0.19855437802243028,0.6565037754665907,0.21332541283551476
0.19863154645539666,0.6565037754665907,0.21330869916635012
0.19863154645539666,0.6566462459039749,0.21330449140962096
0.19865726926638544,0.6566462459039749,0.21327817583730385
0.19865726926638544,0.6567887163413592,0.21327170285452376
0.19878588332132935,0.6567887163413592,0.21315167063850435
0.1988373289433069,0.6567887163413592,0.21305841817797758
0.19909455705319476,0.6567887163413592,0.2129251495269971
0.19909455705319476,0.6569311867787434,0.21291782469011084
0.19912027986418357,0.6569311867787434,0.2129081389600105
0.19912027986418357,0.6570736572161276,0.21288916528770777
0.19914600267517235,0.6570736572161276,0.21288122402561183
0.19914600267517235,0.6572161276535119,0.21287064159184332
0.19950612202901533,0.6572161276535119,0.21258631427768634
0.19950612202901533,0.6573585980908961,0.21255496647702618
0.1995575676509929,0.6573585980908961,0.21252997903303253
0.19960901327297048,0.6573585980908961,0.21250047624734375
0.19963473608395926,0.6573585980908961,0.21248925872983365
0.19963473608395926,0.6575010685282804,0.2124629083850103
0.1997376273279144,0.6575010685282804,0.21242518916210698
0.1997376273279144,0.6576435389656646,0.21242473879370488
0.19978907294989195,0.6576435389656646,0.21234614161713466
0.19978907294989195,0.6580709502778174,0.21230226152239662
0.20007202387076858,0.6580709502778174,0.21205476583620128
0.20007202387076858,0.6582134207152016,0.2120538757009667
0.2000977466817574,0.6582134207152016,0.21205193613197426
0.2000977466817574,0.6583558911525859,0.21195308204037241
0.20020063792571252,0.6583558911525859,0.21186867673881718
0.20020063792571252,0.6584983615899701,0.2118529166325685
0.2002263607367013,0.6584983615899701,0.21184250999572596
0.2002263607367013,0.6587833024647386,0.2118259487339495
0.20035497479164524,0.6587833024647386,0.21168142973674786
0.20035497479164524,0.6589257729021228,0.2116769315966962
0.20038069760263402,0.6589257729021228,0.21166705803293556
0.20038069760263402,0.6590682433395071,0.21164729220661274
0.2004321432246116,0.6590682433395071,0.21155934658732248
0.2004321432246116,0.6592107137768913,0.21155038084698702
0.20048358884658915,0.6592107137768913,0.21153116382097825
0.20050931165757793,0.6592107137768913,0.211492713426859
0.20050931165757793,0.6594956546516598,0.21148140287997066
0.20053503446856671,0.6596381250890441,0.2114783212524271
0.2005864800905443,0.6596381250890441,0.21142778077374616
0.2005864800905443,0.6599230659638126,0.21136681533139473
0.2006122029015331,0.6599230659638126,0.21135891920843525
0.20068937133449943,0.6600655364011968,0.21135669924752315
0.200740816956477,0.6600655364011968,0.21132649291875946
0.20079226257845456,0.6602080068385809,0.2113132419833544
0.20081798538944337,0.6602080068385809,0.21128860097309757
0.20086943101142093,0.6602080068385809,0.21128150375931418
0.20112665912130878,0.6602080068385809,0.2110222119292517
0.20112665912130878,0.6603504772759652,0.2110208602893625
0.20115238193229756,0.6603504772759652,0.21100558517463694
0.20115238193229756,0.6604929477133494,0.2110035146640833
0.2012295503652639,0.6604929477133494,0.21096190448317562
0.2012295503652639,0.6606354181507337,0.2109433296851294
0.20146105566416297,0.6606354181507337,0.21081643812429085
0.20146105566416297,0.6609203590255022,0.2107851768669502
0.20148677847515176,0.6609203590255022,0.21078207292154721
0.20148677847515176,0.6610628294628864,0.21075441287705707
0.20156394690811813,0.6610628294628864,0.21068166008357653
0.20164111534108448,0.6612052999002707,0.21066219058845873
0.20184689782899476,0.6612052999002707,0.2105158225947627
0.20184689782899476,0.6616327112124234,0.21041531741895877
0.2019497890729499,0.6616327112124234,0.21038151877557962
0.2019497890729499,0.6617751816498076,0.2103201102287957
0.20197551188393867,0.6617751816498076,0.2103085145316763
0.20197551188393867,0.6619176520871919,0.21030639064784964
0.20202695750591626,0.6619176520871919,0.21028125639455592
0.20202695750591626,0.6620601225245761,0.21027618051976196
0.20207840312789382,0.6620601225245761,0.21027502418265462
0.20207840312789382,0.6622025929619604,0.21025466977341245
0.20223273999382652,0.6622025929619604,0.21014869237074588
0.20223273999382652,0.6624875338367289,0.21007918354790006
0.2023099084267929,0.6624875338367289,0.21001719317760223
0.2023099084267929,0.6626300042741131,0.20997733220916698
0.20236135404877045,0.6626300042741131,0.20992011426723745
0.20241279967074802,0.6627724747114974,0.2098665742776796
0.20246424529272558,0.6627724747114974,0.2098423761761398
0.2026185821586583,0.6627724747114974,0.20978481999527895
0.2026185821586583,0.6630574155862659,0.20975962458479885
0.2027471962136022,0.6630574155862659,0.2096540915989704
0.20277291902459102,0.6631998860236501,0.2096474702612323
0.20303014713447887,0.6631998860236501,0.20939290262037222
0.20303014713447887,0.6633423564610343,0.20937590707738388
0.20305586994546765,0.6633423564610343,0.209346593350279
0.2031073155674452,0.6633423564610343,0.20933477497527622
0.203133038378434,0.6633423564610343,0.20929802928952052
0.203133038378434,0.6634848268984186,0.2092602043067835
0.20318448400041156,0.6634848268984186,0.20921030385655437
0.20323592962238912,0.6634848268984186,0.2092090907226022
0.2032873752443667,0.6634848268984186,0.20919769838785865
0.2032873752443667,0.6636272973358028,0.20916197264608993
0.2033130980553555,0.6636272973358028,0.20915855577686107
0.2033130980553555,0.6637697677731871,0.20914286310903887
0.20336454367733306,0.6637697677731871,0.20912498750674488
0.2034417121102994,0.6637697677731871,0.20904102193142204
0.2034417121102994,0.6639122382105713,0.20902011407987958
0.2036474945982097,0.6639122382105713,0.20884640365651297
0.20369894022018725,0.6641971790853398,0.20883760266622745
0.20393044551908632,0.6641971790853398,0.20871576926622548
0.20393044551908632,0.6644821199601083,0.2086911802391287
0.2039561683300751,0.6644821199601083,0.20867679034984665
0.2039561683300751,0.6646245903974926,0.2086710868330501
0.20403333676304147,0.6646245903974926,0.20865403829718843
0.20408478238501904,0.6646245903974926,0.2086524926452368
0.2041362280069966,0.6646245903974926,0.20859892955738135
0.20418767362897416,0.6647670608348768,0.20857160150461895
0.20421339643996295,0.6647670608348768,0.2085702359830308
0.20421339643996295,0.6650520017096453,0.2085360922637311
0.20436773330589567,0.6650520017096453,0.20844746453730043
0.20436773330589567,0.6653369425844138,0.20842152581466578
0.20452207017182839,0.6653369425844138,0.20827450992738747
0.20452207017182839,0.665479413021798,0.20824277277756295
0.20457351579380595,0.665479413021798,0.20820782974430774
0.20457351579380595,0.6656218834591823,0.20820096746450475
0.20459923860479473,0.6656218834591823,0.20819247715642852
0.20459923860479473,0.6657643538965664,0.2081765049119279
0.20467640703776108,0.6657643538965664,0.2081590259521635
0.20470212984874986,0.6659068243339507,0.20814512625223444
0.20485646671468258,0.6659068243339507,0.2079795342688695
0.20485646671468258,0.6660492947713349,0.20797631087291235
0.20508797201358164,0.6660492947713349,0.20785448706159984
0.20508797201358164,0.6661917652087191,0.20780145089303653
0.20511369482457043,0.6661917652087191,0.20779589373387847
0.20511369482457043,0.6664767060834876,0.20778316924281198
0.205165140446548,0.6664767060834876,0.20776774865761777
0.205165140446548,0.6666191765208719,0.20775839745468203
0.20521658606852558,0.6666191765208719,0.20772650314987207
0.2053194773124807,0.6666191765208719,0.20769854462920923
0.2053194773124807,0.6667616469582561,0.2076862999146307
0.20539664574544705,0.6667616469582561,0.20762732594478808
0.20539664574544705,0.6669041173956404,0.20759466483886904
0.20557670542236856,0.6669041173956404,0.20744539543337304
0.20560242823335734,0.6670465878330246,0.2073665620270321
0.2058339335322564,0.6670465878330246,0.20717225309239296
0.2058339335322564,0.6671890582704089,0.2071614717972292
0.20585965634324518,0.6671890582704089,0.2071561017809791
0.20585965634324518,0.6673315287077931,0.2071378547431373
0.20591110196522275,0.6673315287077931,0.20711574766152727
0.2061426072641218,0.6673315287077931,0.20699483997193965
0.2061426072641218,0.6674739991451774,0.20699099868167598
0.2062197756970882,0.6674739991451774,0.20698281452400233
0.20627122131906575,0.6674739991451774,0.2069676581708621
0.20632266694104331,0.6674739991451774,0.20692421653472715
0.20632266694104331,0.6676164695825616,0.20691966502323664
0.2063483897520321,0.6676164695825616,0.2069032335750004
0.2063483897520321,0.6677589400199458,0.206895787238605
0.20639983537400966,0.6677589400199458,0.2068800640313805
0.20639983537400966,0.6679014104573301,0.20687259739270542
0.20657989505093116,0.6679014104573301,0.20678910123437552
0.20657989505093116,0.6681863513320986,0.2067538379824855
0.2066570634838975,0.6681863513320986,0.20672682715768662
0.2066570634838975,0.6683288217694828,0.2067214675994042
0.20668278629488632,0.6683288217694828,0.20671516497448625
0.20668278629488632,0.6684712922068671,0.20670950689458806
0.20678567753884144,0.6684712922068671,0.20665923223861865
0.206837123160819,0.6684712922068671,0.2066505793701905
0.206837123160819,0.6686137626442513,0.2066470042122045
0.20696573721576295,0.6686137626442513,0.2065677136498076
0.20696573721576295,0.6688987035190198,0.2064901778892811
0.20699146002675173,0.6688987035190198,0.20648762658375444
0.2070429056487293,0.6690411739564041,0.20648683297342413
0.20709435127070686,0.6690411739564041,0.2064579524511065
0.20709435127070686,0.6691836443937883,0.2064384866454939
0.20714579689268442,0.6691836443937883,0.20639828743327318
0.20727441094762836,0.6693261148311725,0.20639714585519875
0.20730013375861714,0.6693261148311725,0.20638487703683425
0.20730013375861714,0.6694685852685568,0.20636239441357185
0.2074030250025723,0.6694685852685568,0.2062000947365407
0.2074030250025723,0.669611055705941,0.20618619296423338
0.2075316390575162,0.669611055705941,0.20607796410016405
0.20758308467949377,0.669611055705941,0.20604999282265593
0.20768597592344892,0.669611055705941,0.205962154258462
0.20768597592344892,0.6697535261433253,0.20590513352122455
0.207917481222348,0.6697535261433253,0.20576943310396204
0.207917481222348,0.6698959965807095,0.20574326062318593
0.20812326371025824,0.6698959965807095,0.20562655524497928
0.20812326371025824,0.6700384670180938,0.20561124076783985
0.2082261549542134,0.6700384670180938,0.20552749432574305
0.2082261549542134,0.670180937455478,0.20552572269396394
0.20827760057619096,0.670180937455478,0.2055066359470791
0.20827760057619096,0.6703234078928623,0.20547746747455772
0.20830332338717975,0.6703234078928623,0.2054661084768477
0.20830332338717975,0.6704658783302465,0.20545155759555378
0.2085348286860788,0.6704658783302465,0.20526993168441174
0.20858627430805637,0.6706083487676308,0.2052593589578469
0.2087406111739891,0.6706083487676308,0.20513286240326975
0.2087406111739891,0.670750819205015,0.20511919457760605
0.20876633398497788,0.670750819205015,0.2051138253265437
0.20876633398497788,0.6708932896423992,0.2051035307987598
0.20897211647288816,0.6708932896423992,0.2049874844449257
0.20897211647288816,0.6710357600797835,0.20498383899452102
0.20899783928387694,0.6710357600797835,0.2049601461823201
0.20899783928387694,0.6711782305171677,0.2049569714534769
0.2090750077168433,0.6711782305171677,0.2049269959863831
0.20910073052783207,0.671320700954552,0.20492512414888409
0.20912645333882088,0.671320700954552,0.2049216258330555
0.20912645333882088,0.6714631713919361,0.20492038197274834
0.20915217614980966,0.6714631713919361,0.20491004200262516
0.20917789896079844,0.6716056418293204,0.2049072135457804
0.2092550673937648,0.6717481122667046,0.20490264102227615
0.20928079020475357,0.6717481122667046,0.2048445332727276
0.20928079020475357,0.6718905827040889,0.20482140852531525
0.2094094042596975,0.6718905827040889,0.20465361365988463
0.2094351270706863,0.6720330531414731,0.20462212027471716
0.20946084988167507,0.6720330531414731,0.20460055806306715
0.20946084988167507,0.6721755235788573,0.20459842736221154
0.2096151867476078,0.6721755235788573,0.20454988102769905
0.2096151867476078,0.6723179940162416,0.20452138229640732
0.20976952361354048,0.6723179940162416,0.20443501669614242
0.20976952361354048,0.6724604644536258,0.2044263239857909
0.20979524642452926,0.6724604644536258,0.20440917209985598
0.20979524642452926,0.6726029348910101,0.20440794687453337
0.20982096923551805,0.6726029348910101,0.20439837158756693
0.20982096923551805,0.6727454053283943,0.20438900817306133
0.20984669204650686,0.6727454053283943,0.20438047776357013
0.20984669204650686,0.6728878757657786,0.20435791503329714
0.20997530610145076,0.6728878757657786,0.2043030399832987
0.20997530610145076,0.6730303462031628,0.20429002561366713
0.21012964296738348,0.6730303462031628,0.20418412418899423
0.21012964296738348,0.6731728166405471,0.20417349034316803
0.21020681140034983,0.6731728166405471,0.20415303096744503
0.21020681140034983,0.6734577575153156,0.20412245169248847
0.2102582570223274,0.6734577575153156,0.20411868904885416
0.2102582570223274,0.6736002279526998,0.20411162842046182
0.2104125938882601,0.6736002279526998,0.20406372925953978
0.2104125938882601,0.6738851688274683,0.2040565042137804
0.21048976232122646,0.6738851688274683,0.20399400662543343
0.21048976232122646,0.6740276392648525,0.20396885529446074
0.2105669307541928,0.6740276392648525,0.20395724638779705
0.2105669307541928,0.6741701097022368,0.2039437464380115
0.21084988167506946,0.6741701097022368,0.20375581250457606
0.21084988167506946,0.674312580139621,0.20374051088923648
0.21087560448605824,0.6744550505770053,0.20373076813544685
0.21090132729704703,0.6744550505770053,0.20369539488761285
0.21097849573001337,0.6744550505770053,0.20368353829491098
0.2111328325959461,0.6744550505770053,0.20360689758365963
0.21118427821792365,0.6745975210143895,0.20355814666610433
0.21118427821792365,0.6747399914517738,0.2035580802632991
0.21121000102891244,0.6747399914517738,0.20355141192173182
0.21121000102891244,0.674882461889158,0.2035098903194815
0.21141578351682272,0.674882461889158,0.2033948567384892
0.21141578351682272,0.6751674027639265,0.2033847508502014
0.21146722913880028,0.6751674027639265,0.2033450113612552
0.21146722913880028,0.6753098732013108,0.20333296922986463
0.21151867476077785,0.6753098732013108,0.20332595489407584
0.21151867476077785,0.675452343638695,0.2033205199904929
0.21159584319374422,0.675452343638695,0.20327630675697697
0.21159584319374422,0.6757372845134635,0.20321865425864707
0.211621566004733,0.6757372845134635,0.20321453282850363
0.211621566004733,0.6758797549508477,0.20320855971687757
0.21169873443769935,0.6758797549508477,0.2031883243885869
0.2117501800596769,0.6758797549508477,0.20318620160516312
0.21187879411462085,0.6758797549508477,0.20309338559744144
0.21187879411462085,0.676022225388232,0.20306506765635077
0.21198168535857598,0.676022225388232,0.20301075487698628
0.21198168535857598,0.6761646958256162,0.20300435894963373
0.21203313098055354,0.6761646958256162,0.20298278021812285
0.21211029941351991,0.6761646958256162,0.2029202796841777
0.21211029941351991,0.6763071662630005,0.2028922693937953
0.2121360222245087,0.6763071662630005,0.20287002328571369
0.2121360222245087,0.676592107137769,0.2028396429262687
0.2122646362794526,0.676592107137769,0.20280033371052703
0.21229035909044142,0.6767345775751532,0.20277463226389802
0.2123160819014302,0.6767345775751532,0.2027745660516099
0.21241897314538533,0.6767345775751532,0.20276459323755766
0.2124704187673629,0.6767345775751532,0.20275498072657064
0.2124704187673629,0.6768770480125375,0.2027540235111106
0.21257331001131805,0.6768770480125375,0.20271233170005265
0.2126247556332956,0.6768770480125375,0.20267603794006575
0.2126504784442844,0.6770195184499216,0.20266525147363132
0.21270192406626195,0.6770195184499216,0.20262455112883043
0.21270192406626195,0.6771619888873058,0.20261481349550003
0.21285626093219467,0.6771619888873058,0.20252498941341407
0.21285626093219467,0.6773044593246901,0.20251151589005226
0.2129591521761498,0.6773044593246901,0.20243277516413513
0.21298487498713858,0.6774469297620743,0.2024320048618394
0.21324210309702643,0.6774469297620743,0.20230893567415853
0.21329354871900402,0.6774469297620743,0.20229931824743494
0.21337071715197037,0.6774469297620743,0.20218016533450645
0.21337071715197037,0.6775894001994586,0.20217556889435717
0.21342216277394793,0.6775894001994586,0.20213296275889486
0.21342216277394793,0.6777318706368428,0.20213230921146808
0.21360222245086943,0.6777318706368428,0.20199925461951657
0.21360222245086943,0.6778743410742271,0.20198479828535723
0.21362794526185822,0.6778743410742271,0.20194032378350427
0.21362794526185822,0.6780168115116113,0.20190735148291955
0.21373083650581334,0.6780168115116113,0.2018741057291877
0.21373083650581334,0.6781592819489956,0.2018623748796613
0.21378228212779093,0.6781592819489956,0.2018217770044375
0.21378228212779093,0.6783017523863798,0.2018012018838398
0.2138337277497685,0.6783017523863798,0.20177346714817462
0.2138337277497685,0.678444222823764,0.2017642552687937
0.2139880646157012,0.678444222823764,0.20170247760164187
0.2139880646157012,0.6785866932611483,0.2016978383024904
0.21403951023767878,0.6785866932611483,0.20169122618370727
0.21409095585965635,0.6785866932611483,0.201654150532771
0.21411667867064513,0.6785866932611483,0.20162889318050442
0.21411667867064513,0.6787291636985325,0.20162341552322005
0.2141681242926227,0.6787291636985325,0.20156484652661644
0.2141681242926227,0.6788716341359168,0.2015556585972338
0.21421956991460026,0.6788716341359168,0.20150571495561925
0.2143224611585554,0.6788716341359168,0.20147257120215498
0.21439962959152176,0.6788716341359168,0.20143695555299837
0.21442535240251054,0.679014104573301,0.2014329185127343
0.2145025208354769,0.679014104573301,0.20139898585880922
0.2145025208354769,0.6792990454480695,0.20135490309357149
0.21457968926844326,0.6792990454480695,0.20132276491338472
0.21457968926844326,0.6794415158854538,0.20131726396563765
0.21470830332338717,0.6794415158854538,0.20121407811452288
0.21470830332338717,0.679583986322838,0.2012111661999222
0.21473402613437598,0.679583986322838,0.20117018026037944
0.21473402613437598,0.6797264567602223,0.20116145111520842
0.2150426998662414,0.6797264567602223,0.2009885105500069
0.2150426998662414,0.6798689271976065,0.20098593667059164
0.21506842267723017,0.6798689271976065,0.2009834522861439
0.21506842267723017,0.6800113976349907,0.20097467096354116
0.21509414548821895,0.6800113976349907,0.20093319997710535
0.21509414548821895,0.680153868072375,0.20093219268815468
0.21511986829920773,0.680153868072375,0.20092430391579438
0.21511986829920773,0.6802963385097592,0.200896341298329
0.2151713139211853,0.6802963385097592,0.20083619012796078
0.2151713139211853,0.6804388089471435,0.20082710884126342
0.2152227595431629,0.6805812793845277,0.2008236540149839
0.21527420516514045,0.6805812793845277,0.20079890853285862
0.21527420516514045,0.680723749821912,0.20079678955407068
0.2153513735981068,0.680723749821912,0.20072744924191596
0.21540281922008436,0.680723749821912,0.20072440986847703
0.21542854203107314,0.680723749821912,0.2007092624461182
0.21542854203107314,0.6808662202592962,0.20067619567343473
0.21563432451898343,0.6808662202592962,0.20057300469442452
0.21563432451898343,0.681293631571449,0.20053700265434715
0.21576293857392737,0.681293631571449,0.2004687500741705
0.21576293857392737,0.6814361020088332,0.20046186551425368
0.2158401070068937,0.6814361020088332,0.20044839058712083
0.2158658298178825,0.6815785724462174,0.20042709725594457
0.2158658298178825,0.6818635133209859,0.20038829458930868
0.21589155262887127,0.6818635133209859,0.2003843712270725
0.21589155262887127,0.6821484541957544,0.2003459639574608
0.21594299825084887,0.6821484541957544,0.20032586838980446
0.21594299825084887,0.6824333950705229,0.20032492726774878
0.21596872106183765,0.6824333950705229,0.2003232912840953
0.21596872106183765,0.6825758655079072,0.2002673954185941
0.21607161230579278,0.6825758655079072,0.20023212806264026
0.21612305792777034,0.6825758655079072,0.20020795649939663
0.21614878073875912,0.6825758655079072,0.20020629657397385
0.2162002263607367,0.6825758655079072,0.20018703668732737
0.21632884041568062,0.6825758655079072,0.20007922503710215
0.21632884041568062,0.6827183359452913,0.2000749003137534
0.2163545632266694,0.6827183359452913,0.2000545057464161
0.21640600884864697,0.6827183359452913,0.20002247335935402
0.2165603457145797,0.6827183359452913,0.19991875041376717
0.21661179133655725,0.6827183359452913,0.19991673875386615
0.21666323695853482,0.6827183359452913,0.19989061470864747
0.21666323695853482,0.6828608063826755,0.19988592208428912
0.2167146825805124,0.6828608063826755,0.199813144495639
0.2167146825805124,0.6830032768200598,0.19980910870739818
0.21684329663545632,0.6830032768200598,0.19973740293547437
0.21684329663545632,0.683145747257444,0.1996895985572617
0.21697191069040025,0.683145747257444,0.19961835211942816
0.21697191069040025,0.6835731585695968,0.19955903568800576
0.2170490791233666,0.6835731585695968,0.19954561491903036
0.2170490791233666,0.683715629006981,0.19954090663324073
0.21710052474534416,0.683715629006981,0.1995203624678108
0.21710052474534416,0.6840005698817495,0.19949383278342145
0.21715197036732173,0.6840005698817495,0.1994658383197383
0.21715197036732173,0.6841430403191338,0.19945049852470634
0.21717769317831054,0.6841430403191338,0.19944514136829478
0.21717769317831054,0.6844279811939022,0.19943366534618465
0.21725486161127688,0.6844279811939022,0.19938679697889
0.21725486161127688,0.6845704516312865,0.19938477848225877
0.217357752855232,0.6845704516312865,0.19932901933196165
0.217357752855232,0.6847129220686707,0.19930467816476521
0.21743492128819839,0.6847129220686707,0.19928110283676795
0.21748636691017595,0.6847129220686707,0.1992491634407985
0.2175635353431423,0.6847129220686707,0.19921850690538528
0.2175635353431423,0.684855392506055,0.1992094306058921
0.21769214939808623,0.684855392506055,0.19909239011759622
0.21769214939808623,0.6849978629434392,0.19908275664908862
0.21782076345303014,0.6849978629434392,0.19896375934025207
0.21782076345303014,0.6851403333808235,0.19895091162731265
0.2178722090750077,0.6851403333808235,0.19886524741061032
0.2179236546969853,0.6851403333808235,0.1988595161405338
0.21802654594094042,0.6851403333808235,0.19874742114344982
0.21802654594094042,0.685425274255592,0.19871796180060636
0.2180522687519292,0.685425274255592,0.19870926572380915
0.2180522687519292,0.6855677446929762,0.19864458790735698
0.2182323284288507,0.6855677446929762,0.19849101544853176
0.2182323284288507,0.6857102151303605,0.1984597269264956
0.2182580512398395,0.6857102151303605,0.19844288917225705
0.2182580512398395,0.6858526855677447,0.19844068222188344
0.21838666529478343,0.6858526855677447,0.19835395998668034
0.2184123881057722,0.685995156005129,0.19835357808910994
0.21848955653873856,0.685995156005129,0.19830372444296127
0.21848955653873856,0.6862800968798974,0.1982856341288978
0.21854100216071612,0.6862800968798974,0.19826375553446568
0.21854100216071612,0.6864225673172817,0.19825787201477418
0.21859244778269368,0.6864225673172817,0.19819352846856614
0.21859244778269368,0.6865650377546659,0.19819217775258938
0.21861817059368246,0.6865650377546659,0.19815695337387979
0.21861817059368246,0.6867075081920502,0.19813520053305164
0.21866961621566006,0.6867075081920502,0.19809867892931868
0.21869533902664884,0.6869924490668187,0.19809530358946967
0.21890112151455912,0.6869924490668187,0.19796534922798834
0.21895256713653669,0.6869924490668187,0.1979613899732487
0.21895256713653669,0.6871349195042029,0.1979567762601596
0.21900401275851425,0.6871349195042029,0.1979427704963917
0.2191326268134582,0.6871349195042029,0.19787816167856523
0.2191326268134582,0.6872773899415872,0.19786736783279193
0.2192612408684021,0.6872773899415872,0.19776342600502816
0.21931268649037966,0.6872773899415872,0.19774651236249877
0.21931268649037966,0.6874198603789714,0.19772088333489776
0.21936413211235725,0.6874198603789714,0.1977178924671431
0.21938985492334603,0.6874198603789714,0.19770647889459844
0.21938985492334603,0.6875623308163556,0.19770560951212043
0.21946702335631238,0.6875623308163556,0.1976317686393791
0.21951846897828994,0.6877048012537399,0.19762043261947335
0.21964708303323388,0.6877048012537399,0.19754595938938685
0.21964708303323388,0.6878472716911241,0.19753804991814322
0.219749974277189,0.6878472716911241,0.19753153261167117
0.2197756970881778,0.6878472716911241,0.1975194971655474
0.2197756970881778,0.6879897421285084,0.19751132078554826
0.21980141989916657,0.6879897421285084,0.19750160003837217
0.21990431114312173,0.6881322125658926,0.19748549060011403
0.21990431114312173,0.6882746830032768,0.19748391817352093
0.22016153925300957,0.6882746830032768,0.19737635629219033
0.22016153925300957,0.688417153440661,0.197359610751467
0.22031587611894227,0.688417153440661,0.1972107698957455
0.22031587611894227,0.6885596238780453,0.19720418934635128
0.22039304455190864,0.6885596238780453,0.19714410053849468
0.2204444901738862,0.6885596238780453,0.19712314399913608
0.22047021298487499,0.6885596238780453,0.19710243345498107
0.22047021298487499,0.6887020943154295,0.19708940485386026
0.2205731042288301,0.6887020943154295,0.19701717599748542
0.22059882703981892,0.6888445647528137,0.1970038496396583
0.22059882703981892,0.688987035190198,0.19699673783147287
0.2206502726617965,0.688987035190198,0.19697317828036717
0.22067599547278527,0.6891295056275822,0.19695841182330218
0.220830332338718,0.6891295056275822,0.1967603869220014
0.220830332338718,0.6892719760649665,0.19675927415823022
0.22090750077168433,0.6892719760649665,0.19672972914614514
0.22090750077168433,0.6894144465023507,0.1967282131346505
0.2209589463936619,0.6894144465023507,0.1966647637395218
0.2209589463936619,0.689556916939735,0.19666248604076308
0.22101039201563946,0.689556916939735,0.19664360518852353
0.22106183763761703,0.689556916939735,0.1966394762176188
0.22111328325959462,0.689556916939735,0.19662376729742623
0.22111328325959462,0.6896993873771192,0.19662337008504202
0.22116472888157218,0.6896993873771192,0.19655717140447285
0.22119045169256096,0.6898418578145035,0.19655562144973715
0.22137051136948246,0.6898418578145035,0.1964528958762751
0.22137051136948246,0.6899843282518877,0.19644477889594214
0.22139623418047125,0.6899843282518877,0.19642743293825995
0.22142195699146003,0.690126798689272,0.1964111233512446
0.22149912542442637,0.690126798689272,0.19637406903168056
0.22160201666838153,0.690126798689272,0.19634346251822868
0.22170490791233666,0.690126798689272,0.19629436018792693
0.2218077991562918,0.690126798689272,0.19626671129760195
0.2218077991562918,0.6902692691266562,0.1962619696064334
0.22191069040024694,0.6902692691266562,0.1962306870354185
0.22201358164420207,0.6902692691266562,0.1961981775589293
0.22201358164420207,0.6904117395640404,0.19616160747909828
0.222142195699146,0.6904117395640404,0.1960734941820006
0.222142195699146,0.6906966804388089,0.19605769587231464
0.22229653256507872,0.6906966804388089,0.1959747810737637
0.2223479781870563,0.6906966804388089,0.19593580051308954
0.22237370099804507,0.6906966804388089,0.1959299638469377
0.22242514662002263,0.6906966804388089,0.19592375006318719
0.22242514662002263,0.6908391508761932,0.1959223207694012
0.22252803786397776,0.6908391508761932,0.19580511852898588
0.22252803786397776,0.6912665621883459,0.19578889471888244
0.22255376067496657,0.6912665621883459,0.19578629769337155
0.22255376067496657,0.6914090326257302,0.1957861109106663
0.22273382035188805,0.6914090326257302,0.19566339734536206
0.22278526597386564,0.6914090326257302,0.1956307084215202
0.22286243440683198,0.6914090326257302,0.19557746419149408
0.22291388002880955,0.6915515030631144,0.19557164148480788
0.22291388002880955,0.6918364439378829,0.195558052277941
0.22293960283979833,0.6918364439378829,0.19554860329411233
0.2229910484617759,0.6919789143752672,0.1955319406560042
0.2229910484617759,0.6921213848126514,0.1955312054121257
0.22301677127276467,0.6921213848126514,0.19551726222664947
0.22301677127276467,0.6922638552500356,0.19550147401823748
0.22304249408375348,0.6922638552500356,0.19549573275751161
0.22309393970573105,0.6922638552500356,0.19549506934258346
0.2231453853277086,0.6922638552500356,0.1954798957440044
0.2231453853277086,0.6925487961248041,0.19543617016713305
0.2231711081386974,0.6925487961248041,0.19543381878083535
0.2231711081386974,0.6926912665621884,0.19540850692795164
0.22337689062660768,0.6926912665621884,0.1953350852874016
0.22340261343759646,0.6928337369995726,0.19530837169974014
0.22345405905957402,0.6929762074369569,0.19529733719641354
0.22363411873649552,0.6929762074369569,0.1951294909576801
0.22363411873649552,0.6931186778743411,0.1951031535070179
0.22381417841341703,0.6931186778743411,0.19498916003033262
0.22381417841341703,0.6934036187491096,0.1949752400980588
0.2238399012244058,0.6934036187491096,0.1949499931098275
0.22389134684638337,0.6935460891864939,0.1949165461773337
0.22391706965737215,0.6935460891864939,0.19490518019167954
0.22396851527934972,0.6935460891864939,0.19488237801090746
0.22414857495627122,0.6935460891864939,0.19479386197336004
0.22414857495627122,0.6938310300612622,0.19477752672181511
0.22427718901121516,0.6938310300612622,0.19470654878467278
0.22430291182220394,0.6939735004986465,0.19465543472725436
0.22432863463319272,0.6939735004986465,0.19465520260767086
0.22432863463319272,0.6941159709360307,0.19465009175021997
0.22456013993209178,0.6941159709360307,0.19455383944529744
0.22461158555406935,0.694258441373415,0.19453893915292256
0.22463730836505813,0.694258441373415,0.19453426834934204
0.22463730836505813,0.6944009118107992,0.19452932312934737
0.22474019960901329,0.6944009118107992,0.1944896444434841
0.22474019960901329,0.6945433822481835,0.19445321647619862
0.2248430908529684,0.6945433822481835,0.19439008872956098
0.22489453647494598,0.6945433822481835,0.19437910899845182
0.2250488733408787,0.6945433822481835,0.19427458317357116
0.2250488733408787,0.6946858526855677,0.19424732769241046
0.22510031896285626,0.6946858526855677,0.19421312542158842
0.22510031896285626,0.694828323122952,0.19420866223714353
0.22512604177384504,0.6949707935603362,0.194200131218745
0.22533182426175533,0.6949707935603362,0.19406532355097966
0.22543471550571045,0.6949707935603362,0.1940590532219902
0.2255376067496656,0.6949707935603362,0.1940006136854327
0.22558905237164317,0.6949707935603362,0.1939915257774032
0.22566622080460952,0.6949707935603362,0.19397912253249672
0.22566622080460952,0.6951132639977204,0.19388095617421736
0.2256919436155983,0.6951132639977204,0.1938775001733207
0.2256919436155983,0.6952557344351047,0.193860091729675
0.2257433892375759,0.6952557344351047,0.1938046954122989
0.2257433892375759,0.6953982048724889,0.1937894187954142
0.22576911204856467,0.6953982048724889,0.19375288940805727
0.22582055767054224,0.6953982048724889,0.193728527357882
0.22582055767054224,0.6955406753098732,0.19372657602604612
0.22584628048153102,0.6955406753098732,0.19371924964373238
0.22584628048153102,0.6958256161846417,0.19368345905449538
0.2258720032925198,0.6959680866220259,0.19365499134668654
0.22592344891449737,0.6959680866220259,0.19361634853636342
0.22592344891449737,0.6961105570594102,0.19360223545845937
0.22597489453647496,0.6961105570594102,0.193578424027008
0.22600061734746374,0.6961105570594102,0.19355984937384194
0.22600061734746374,0.6963954979341787,0.1935284996213063
0.22602634015845252,0.6963954979341787,0.19352481552492126
0.22602634015845252,0.6965379683715629,0.1935226907262341
0.2260520629694413,0.6965379683715629,0.19352147221714877
0.2260520629694413,0.6966804388089471,0.19350587963751775
0.22610350859141887,0.6966804388089471,0.19350364016752303
0.2262321226463628,0.6966804388089471,0.19345785136061877
0.2262321226463628,0.6969653796837156,0.1934186224514683
0.22628356826834037,0.6969653796837156,0.19340341518853382
0.22628356826834037,0.6971078501210999,0.19336838485159916
0.22651507356723943,0.6971078501210999,0.19316007938458948
0.226566519189217,0.6971078501210999,0.19314997602468165
0.22669513324416093,0.6971078501210999,0.1930220378761032
0.22669513324416093,0.6972503205584841,0.19301992548998476
0.2267465788661385,0.6972503205584841,0.1929649956572404
0.2267465788661385,0.6973927909958684,0.19296309709484918
0.22713242103097026,0.6973927909958684,0.1927852644525676
0.22713242103097026,0.6975352614332526,0.1927820034533049
0.22718386665294785,0.6975352614332526,0.1927509285671606
0.22718386665294785,0.6976777318706369,0.19272046541677632
0.2272610350859142,0.6976777318706369,0.19268997871751295
0.2272610350859142,0.6978202023080211,0.1926799255543294
0.22736392632986932,0.6978202023080211,0.19258653591040767
0.22736392632986932,0.6979626727454054,0.19257996630702295
0.22762115443975717,0.6979626727454054,0.19250631077955987
0.22762115443975717,0.6981051431827896,0.1925009647326188
0.22764687725074595,0.6981051431827896,0.1924768945293144
0.22769832287272354,0.6981051431827896,0.19246363159600877
0.22769832287272354,0.6982476136201738,0.1924465438092206
0.2277754913056899,0.6982476136201738,0.1924337414727029
0.2277754913056899,0.6983900840575581,0.19243183913493797
0.22785265973865623,0.6983900840575581,0.1924314470050375
0.22785265973865623,0.6985325544949423,0.19236962685422376
0.2279041053606338,0.6985325544949423,0.19232815332007283
0.2279041053606338,0.6988174953697108,0.19230408450967468
0.2279298281716226,0.6988174953697108,0.19228728384986546
0.2279298281716226,0.6991024362444793,0.1922688396032445
0.2279555509826114,0.6991024362444793,0.1922577319983012
0.2279555509826114,0.6992449066818636,0.19222613999290009
0.22805844222656652,0.6992449066818636,0.1921539927018269
0.22805844222656652,0.6993873771192478,0.19215391060019868
0.2280841650375553,0.6993873771192478,0.19212917918660452
0.2280841650375553,0.699529847556632,0.19210713177399802
0.2283928387694207,0.699529847556632,0.1919918226550446
0.2283928387694207,0.6998147884314004,0.19197615769216325
0.2284442843913983,0.6998147884314004,0.19194720664045953
0.2284442843913983,0.6999572588687847,0.19193917346324518
0.22852145282436465,0.6999572588687847,0.19187238536042386
0.22852145282436465,0.7000997293061689,0.19186377784632805
0.22854717563535343,0.7000997293061689,0.1918634356744552
0.22854717563535343,0.7002421997435532,0.191848142535076
0.22872723531227493,0.7002421997435532,0.19179317971369172
0.22872723531227493,0.7005271406183217,0.19176809014722257
0.22888157217820762,0.7005271406183217,0.1917171655317998
0.2289330178001852,0.7005271406183217,0.19171508810510862
0.22898446342216278,0.7005271406183217,0.19168545674796153
0.22898446342216278,0.7006696110557059,0.19162788690078847
0.22903590904414034,0.7008120814930902,0.19162663717098719
0.22906163185512912,0.7008120814930902,0.19162045900416008
0.22906163185512912,0.7009545519304744,0.19161378835593076
0.22916452309908428,0.7009545519304744,0.19155666537139832
0.22916452309908428,0.7010970223678586,0.19154137532727633
0.22921596872106184,0.7010970223678586,0.19151235626201368
0.22921596872106184,0.7012394928052429,0.19151175128623785
0.2292931371540282,0.7012394928052429,0.1914636188927436
0.2292931371540282,0.7015244336800114,0.19145489862675574
0.22934458277600575,0.7015244336800114,0.19144439666337446
0.22934458277600575,0.7016669041173956,0.19143519403698162
0.22939602839798334,0.7016669041173956,0.19142656200158994
0.22939602839798334,0.7018093745547799,0.19142382942087713
0.22949891964193847,0.7018093745547799,0.19134895324494233
0.22949891964193847,0.7019518449921641,0.1913268909609804
0.23006482148369173,0.7019518449921641,0.1909021100195958
0.23016771272764688,0.7020943154295484,0.19087804160223615
0.23016771272764688,0.7022367858669326,0.19087671438991943
0.23019343553863567,0.7022367858669326,0.19085145033211315
0.23019343553863567,0.7023792563043169,0.1908463216720633
0.23021915834962445,0.7025217267417011,0.19080266638924398
0.23021915834962445,0.7026641971790853,0.19076799249336282
0.2302963267825908,0.7026641971790853,0.1907442935131529
0.2302963267825908,0.7029491380538538,0.1907201901247639
0.23032204959357958,0.7029491380538538,0.19071870919691342
0.23042494083753473,0.7030916084912381,0.1907002113033309
0.23063072332544501,0.7030916084912381,0.19063343430697113
0.23063072332544501,0.7033765493660066,0.19061354171969488
0.23070789175841136,0.7033765493660066,0.19057428558453038
0.23070789175841136,0.7035190198033908,0.19054323377468776
0.23073361456940014,0.7035190198033908,0.19052647098564626
0.23073361456940014,0.7038039606781593,0.19049574024933744
0.23075933738038892,0.7038039606781593,0.1904921315614948
0.23075933738038892,0.7039464311155436,0.19047780136122902
0.2307850601913777,0.7039464311155436,0.1904768422827881
0.2307850601913777,0.7040889015529278,0.1904566413975549
0.2308107830023665,0.7040889015529278,0.19041383229825948
0.23086222862434408,0.7040889015529278,0.19038478151901725
0.23101656549027677,0.7040889015529278,0.19026475700191833
0.23101656549027677,0.704231371990312,0.19025244335964367
0.23106801111225433,0.704231371990312,0.19023468496384688
0.23106801111225433,0.7043738424276963,0.19021647210448006
0.2311451795452207,0.7043738424276963,0.1902009765637078
0.2311451795452207,0.7045163128650805,0.1901947887172248
0.2311709023562095,0.7045163128650805,0.19017627993521766
0.23122234797818705,0.7046587833024648,0.19016757258451325
0.23140240765510856,0.7046587833024648,0.19005007338454144
0.23140240765510856,0.704801253739849,0.190037104659917
0.23150529889906368,0.704801253739849,0.1899804694907443
0.23160819014301884,0.704801253739849,0.1899374625976792
0.23160819014301884,0.7049437241772333,0.18993402428030617
0.23163391295400762,0.7049437241772333,0.1899197130635097
0.23163391295400762,0.7050861946146174,0.18990248704544727
0.2317882498199403,0.7050861946146174,0.18981792344807952
0.2317882498199403,0.7053711354893859,0.18979147568124474
0.23201975511883938,0.7053711354893859,0.18972095652909227
0.23201975511883938,0.7055136059267701,0.1896701551496888
0.23209692355180575,0.7055136059267701,0.1896353833965849
0.23209692355180575,0.7057985468015386,0.18961128549388095
0.2321740919847721,0.7057985468015386,0.18951941235706296
0.23222553760674966,0.7057985468015386,0.18950629277871625
0.23237987447268238,0.7057985468015386,0.1894130485083527
0.23240559728367116,0.7059410172389229,0.189375538145956
0.23243132009465994,0.7059410172389229,0.18937408195993705
0.2324827657166375,0.7059410172389229,0.1893689478380265
0.23261137977158144,0.7059410172389229,0.18932759234720942
0.23263710258257023,0.7060834876763071,0.18927569717404327
0.2326885482045478,0.7060834876763071,0.18925784631239698
0.23271427101553657,0.7062259581136914,0.1892492873002467
0.23271427101553657,0.7063684285510756,0.18923724878727097
0.23289433069245807,0.7063684285510756,0.1890981014225516
0.23289433069245807,0.7067958398632284,0.1890876097535157
0.23302294474740198,0.7067958398632284,0.18896584529994845
0.23307439036937957,0.7067958398632284,0.18896159867177315
0.23307439036937957,0.7069383103006126,0.18895743471029727
0.23312583599135714,0.7069383103006126,0.18893073688308967
0.23312583599135714,0.7070807807379969,0.18892672467092927
0.23315155880234592,0.7072232511753811,0.1888925313358101
0.23315155880234592,0.7073657216127653,0.188880763453602
0.2331772816133347,0.7073657216127653,0.18887368251766667
0.23320300442432348,0.7075081920501496,0.1888733661453512
0.23338306410124499,0.7075081920501496,0.18879462008043812
0.23338306410124499,0.7076506624875338,0.18874742592681432
0.2335116781561889,0.7076506624875338,0.1886908093801997
0.2335631237781665,0.7076506624875338,0.18868747269963682
0.23392324313200946,0.7076506624875338,0.18854628441569066
0.23392324313200946,0.7077931329249181,0.18853771800431027
0.23394896594299824,0.7077931329249181,0.1885294147465957
0.23394896594299824,0.7079356033623023,0.1885056175003045
0.23402613437596462,0.7079356033623023,0.188472727586131
0.23402613437596462,0.7080780737996866,0.188470684809207
0.23412902561991975,0.7080780737996866,0.18842287224694168
0.23412902561991975,0.7082205442370708,0.18833235394330947
0.2341804712418973,0.7082205442370708,0.18831457283114528
0.2341804712418973,0.7083630146744551,0.18830650117377332
0.2343862537298076,0.7083630146744551,0.18822283949907967
0.23443769935178516,0.7083630146744551,0.18816626813445808
0.23446342216277394,0.7085054851118393,0.18816149694299147
0.23448914497376272,0.7085054851118393,0.18811732986488586
0.2345405905957403,0.7085054851118393,0.1880813894981778
0.2345663134067291,0.7085054851118393,0.18806799359733373
0.2345663134067291,0.7086479555492236,0.1880323907876483
0.23479781870562816,0.7086479555492236,0.18789371926634232
0.23484926432760572,0.7086479555492236,0.18788858558411364
0.2348749871385945,0.7086479555492236,0.18787563789652412
0.23492643276057207,0.7086479555492236,0.18785769890902004
0.2350807696265048,0.7086479555492236,0.18780098918424587
0.23513221524848235,0.7086479555492236,0.18779929845438575
0.23518366087045992,0.7086479555492236,0.1877738872735066
0.23518366087045992,0.7087904259866078,0.18776832939815402
0.23531227492540385,0.7087904259866078,0.1876975374897041
0.23531227492540385,0.708932896423992,0.1876484241198044
0.23536372054738142,0.708932896423992,0.18760719174330726
0.23536372054738142,0.7090753668613763,0.18760560538089743
0.23541516616935898,0.7090753668613763,0.1875343760694071
0.23541516616935898,0.7092178372987605,0.18752426456351176
0.23544088898034776,0.7092178372987605,0.18749480645808697
0.23549233460232535,0.7092178372987605,0.18748760861683544
0.2355695030352917,0.7092178372987605,0.18736724614131747
0.2355695030352917,0.7093603077361448,0.1873608326573738
0.23572383990122442,0.7093603077361448,0.1872310196479874
0.23577528552320198,0.7093603077361448,0.18718298943532352
0.23580100833419076,0.7093603077361448,0.18714332641337303
0.23582673114517955,0.709502778173529,0.1871383034667072
0.23585245395616833,0.709502778173529,0.1871332410847614
0.23585245395616833,0.7096452486109133,0.18712804205590752
0.2359038995781459,0.7096452486109133,0.1871074183586747
0.23595534520012346,0.7096452486109133,0.18709405316284666
0.23598106801111227,0.7097877190482975,0.1870673436409138
0.23616112768803374,0.7097877190482975,0.1869415350585321
0.2362640189319889,0.7097877190482975,0.18691043494743528
0.23631546455396646,0.7097877190482975,0.18688989895147895
0.23634118736495524,0.7099301894856818,0.1868615831026795
0.23646980141989918,0.7099301894856818,0.18681373469326795
0.23646980141989918,0.7102151303604503,0.18679838667320298
0.23670130671879824,0.7102151303604503,0.18659316276388335
0.23670130671879824,0.710642541672603,0.18653139631822613
0.23672702952978703,0.710642541672603,0.18652328235263838
0.23672702952978703,0.7107850121099871,0.18649280067059737
0.23680419796275337,0.7107850121099871,0.18648306129864434
0.23685564358473093,0.7107850121099871,0.1864598051738262
0.23688136639571972,0.7107850121099871,0.186436405446034
0.23688136639571972,0.7112124234221399,0.1864077597765543
0.23693281201769728,0.7112124234221399,0.18637177685090062
0.23693281201769728,0.7113548938595241,0.1863363524096562
0.23706142607264122,0.7113548938595241,0.18625201465062943
0.23711287169461878,0.7113548938595241,0.18623358515143704
0.23719004012758516,0.7113548938595241,0.1862236264449434
0.23719004012758516,0.7114973642969084,0.18618862656401242
0.23770449634736085,0.7114973642969084,0.1859048811273564
0.23770449634736085,0.7116398347342926,0.185884211940896
0.2377559419693384,0.7116398347342926,0.18585305159886018
0.2377559419693384,0.7122097164838296,0.18581830116066
0.23780738759131598,0.7122097164838296,0.18577483291070687
0.23780738759131598,0.7123521869212138,0.18574981802599008
0.23783311040230476,0.7123521869212138,0.18572310072347017
0.23783311040230476,0.7124946573585981,0.18571832958776843
0.23785883321329354,0.7124946573585981,0.18571689460752813
0.23785883321329354,0.7127795982333666,0.18570853932427744
0.23798744726823748,0.7127795982333666,0.1856070040988432
0.23798744726823748,0.7129220686707508,0.18559125352850442
0.23803889289021504,0.7129220686707508,0.18557880068698943
0.23803889289021504,0.7132070095455193,0.18556806069542633
0.2382961210001029,0.7132070095455193,0.1854243933527878
0.2382961210001029,0.7133494799829035,0.18542379664357164
0.23832184381109167,0.7133494799829035,0.1854193627960189
0.23832184381109167,0.7134919504202878,0.18540298765049418
0.23842473505504683,0.7134919504202878,0.1852733549540761
0.23842473505504683,0.713634420857672,0.18521693311827042
0.2384761806770244,0.713634420857672,0.1852117933585598
0.2384761806770244,0.7137768912950563,0.18518733764504014
0.23852762629900195,0.7137768912950563,0.185174499513102
0.23852762629900195,0.7139193617324405,0.18516358711118125
0.2386047947319683,0.7139193617324405,0.18512867525568308
0.2386047947319683,0.7140618321698248,0.18510361666834696
0.2386562403539459,0.7140618321698248,0.18508517182980672
0.2386562403539459,0.714204302607209,0.185083295820852
0.23870768597592346,0.714204302607209,0.18505784491935234
0.23870768597592346,0.7143467730445933,0.18502340783402998
0.23873340878691224,0.7143467730445933,0.1850190080902993
0.23873340878691224,0.7146317139193618,0.18496124797594668
0.23899063689680008,0.7146317139193618,0.1848185308132354
0.23899063689680008,0.714774184356746,0.18481029463613677
0.2392993106286655,0.714774184356746,0.18457884098570457
0.23935075625064306,0.714774184356746,0.1845581775609302
0.23942792468360943,0.714774184356746,0.1845135086757288
0.23942792468360943,0.7150591252315145,0.1844828919503803
0.239479370305587,0.7150591252315145,0.1844620424983659
0.23953081592756456,0.7150591252315145,0.18445431288841618
0.23973659841547484,0.7150591252315145,0.18429882319861787
0.23973659841547484,0.7152015956688987,0.1842879756215404
0.23976232122646363,0.7152015956688987,0.18427782832088313
0.23976232122646363,0.715344066106283,0.1842519615010366
0.23983948965942997,0.715344066106283,0.1841886088754332
0.23983948965942997,0.7154865365436672,0.1841813921163873
0.23986521247041875,0.7154865365436672,0.18417688763050813
0.23986521247041875,0.7156290069810515,0.18417488570338644
0.23991665809239635,0.7156290069810515,0.18410853736428862
0.23994238090338513,0.7157714774184357,0.1841058991574216
0.2399681037143739,0.7157714774184357,0.18410269244067728
0.2399681037143739,0.71591394785582,0.1841000200505904
0.24019960901327297,0.71591394785582,0.18394955316183306
0.24019960901327297,0.7160564182932042,0.18390900499523416
0.24022533182426176,0.7160564182932042,0.18389909723896583
0.24022533182426176,0.7161988887305885,0.18386305951345738
0.24037966869019448,0.7161988887305885,0.18372736808515786
0.24037966869019448,0.7163413591679726,0.18367648761839545
0.24050828274513839,0.7163413591679726,0.18361005408812248
0.24050828274513839,0.7164838296053568,0.18359315444597563
0.24058545117810473,0.7164838296053568,0.1835275611825259
0.24058545117810473,0.7169112409175096,0.18348512272056067
0.24063689680008232,0.7169112409175096,0.1834233033796012
0.24063689680008232,0.7170537113548938,0.18341402207879576
0.2406883424220599,0.7170537113548938,0.1833409433855258
0.24073978804403745,0.7170537113548938,0.1833399247066388
0.2413314126967795,0.7170537113548938,0.18294668404929634
0.24138285831875708,0.7170537113548938,0.18293615520892847
0.24138285831875708,0.7171961817922781,0.1829331207482315
0.241511472373701,0.7171961817922781,0.1828276138743968
0.241511472373701,0.7173386522296623,0.18282712583256674
0.24153719518468977,0.7174811226670466,0.1828102470978508
0.24158864080666737,0.7174811226670466,0.18278123147558548
0.24161436361765615,0.7174811226670466,0.18276419957586765
0.2416658092396337,0.7174811226670466,0.1827561037444015
0.2416915320506225,0.7174811226670466,0.18272987359878265
0.2416915320506225,0.7176235931044308,0.1827229208454191
0.241871591727544,0.7176235931044308,0.18256908802392563
0.24189731453853278,0.717766063541815,0.18256699570557847
0.24194876016051034,0.717766063541815,0.18256384473281456
0.2420002057824879,0.717766063541815,0.18249342538338442
0.24202592859347669,0.7179085339791993,0.18247733337702052
0.24210309702644306,0.7179085339791993,0.18242796211899215
0.24215454264842062,0.7179085339791993,0.18242778616850175
0.24223171108138697,0.7179085339791993,0.18241051249951165
0.24223171108138697,0.7180510044165835,0.1824039400395552
0.2423603251363309,0.7180510044165835,0.18231129075815283
0.2423603251363309,0.7181934748539678,0.18230369827078366
0.2423860479473197,0.7181934748539678,0.18226714717772038
0.2423860479473197,0.718335945291352,0.18223216919723598
0.24254038481325238,0.718335945291352,0.18215828509054213
0.24254038481325238,0.7184784157287363,0.18214842125842085
0.2425661076242412,0.7184784157287363,0.1821232861701865
0.24264327605720754,0.7184784157287363,0.18212135859435927
0.24279761292314023,0.7184784157287363,0.18205206009747965
0.24279761292314023,0.7186208861661205,0.18204494613740124
0.2428747813561066,0.7187633566035048,0.1820343578222719
0.24295194978907295,0.7187633566035048,0.18202036929715573
0.24295194978907295,0.718905827040889,0.18201046988075745
0.2430033954110505,0.718905827040889,0.18194689737076877
0.2430033954110505,0.7190482974782733,0.181944308530219
0.2430291182220393,0.7190482974782733,0.18193621016625294
0.2430291182220393,0.7191907679156575,0.18192463387917926
0.2430548410330281,0.7191907679156575,0.18190936697655374
0.2430548410330281,0.7193332383530417,0.18190779024753612
0.24310628665500567,0.7193332383530417,0.18186877593803116
0.24310628665500567,0.719475708790426,0.18183171989993102
0.24323490070994958,0.719475708790426,0.18166775746118471
0.24323490070994958,0.7196181792278102,0.1816330692475188
0.24326062352093836,0.7196181792278102,0.1815986109208729
0.24341496038687108,0.7196181792278102,0.18158695046567952
0.24341496038687108,0.7197606496651945,0.1815820520811356
0.24346640600884864,0.7197606496651945,0.1815683457036588
0.24346640600884864,0.7199031201025787,0.18152873209155312
0.24349212881983742,0.7199031201025787,0.18152685625004003
0.24349212881983742,0.720045590539963,0.18150047203405817
0.24359502006379258,0.720045590539963,0.181469992526431
0.24359502006379258,0.7201880609773472,0.18146654521740663
0.24380080255170286,0.7201880609773472,0.18127797377221286
0.24380080255170286,0.7204730018521157,0.1812436796879374
0.2438779709846692,0.7204730018521157,0.18120306747574375
0.24395513941763555,0.7204730018521157,0.18120003138052626
0.24403230785060193,0.7204730018521157,0.18118834542316145
0.2440837534725795,0.7204730018521157,0.1811438536313518
0.24410947628356827,0.7204730018521157,0.1811264324435558
0.24413519909455705,0.7206154722895,0.18112359801522535
0.24413519909455705,0.7207579427268842,0.18111973671623974
0.24418664471653462,0.7207579427268842,0.18106095993772792
0.2442123675275234,0.7209004131642684,0.18105507517131483
0.244263813149501,0.7209004131642684,0.18105379699922622
0.244263813149501,0.7210428836016527,0.1810451864607349
0.24431525877147856,0.7210428836016527,0.18101223866619556
0.24431525877147856,0.7211853540390369,0.18100728206183572
0.24434098158246734,0.7211853540390369,0.18098827794426633
0.24434098158246734,0.7213278244764212,0.1809855155393868
0.24436670439345612,0.7213278244764212,0.18098527654631438
0.2443924272044449,0.7214702949138054,0.18096674126915904
0.2443924272044449,0.7217552357885739,0.18092415407922527
0.24454676407037762,0.7217552357885739,0.18079909109306408
0.2445724868813664,0.7218977062259582,0.18078335077990088
0.2447525465582879,0.7218977062259582,0.18071903541022843
0.2447525465582879,0.7221826471007265,0.18071425793447232
0.24477826936927669,0.7221826471007265,0.18070198447132332
0.24477826936927669,0.7223251175381108,0.1806556879303844
0.2448811606132318,0.7223251175381108,0.18055593113330204
0.24495832904619816,0.7223251175381108,0.1805491724961633
0.24500977466817575,0.7223251175381108,0.1805155894297536
0.24500977466817575,0.722467587975495,0.18049353876865457
0.24506122029015331,0.722467587975495,0.18048129681781816
0.24506122029015331,0.7226100584128793,0.1804750119579514
0.2450869431011421,0.7226100584128793,0.18046378383339765
0.2450869431011421,0.7227525288502635,0.1804633464592922
0.24511266591213088,0.7227525288502635,0.18046330977947078
0.24511266591213088,0.7228949992876478,0.18043801073613322
0.245215557156086,0.7228949992876478,0.18040131571329715
0.245215557156086,0.7231799401624163,0.180337888236603
0.24524127996707482,0.7231799401624163,0.18033569268384547
0.24524127996707482,0.7233224105998005,0.18028876932163831
0.24529272558905238,0.7233224105998005,0.18026921966737916
0.24529272558905238,0.7234648810371848,0.18026592495329857
0.24549850807696266,0.7234648810371848,0.18017074511811282
0.24552423088795144,0.723607351474569,0.18015988618925668
0.24552423088795144,0.7237498219119533,0.18013347057589518
0.245575676509929,0.7237498219119533,0.18010596761721215
0.2456013993209178,0.7238922923493375,0.18010142132045892
0.2456013993209178,0.7240347627867217,0.1800731825776346
0.24565284494289535,0.7240347627867217,0.18005222658116213
0.24565284494289535,0.724177233224106,0.18005206726107034
0.24583290461981686,0.724177233224106,0.17993066186914175
0.24583290461981686,0.7244621740988745,0.17991897888214206
0.24596151867476077,0.7244621740988745,0.17980074511016372
0.24603868710772714,0.7244621740988745,0.17975136058417074
0.2460901327297047,0.7244621740988745,0.179702976737983
0.2460901327297047,0.7246046445362587,0.17969479049754314
0.24614157835168227,0.7246046445362587,0.17966686063523055
0.24614157835168227,0.724747114973643,0.17962466081825745
0.24629591521761499,0.724747114973643,0.17946019293418072
0.24629591521761499,0.7248895854110272,0.1794584278589133
0.24632163802860377,0.7248895854110272,0.1794555036279696
0.24632163802860377,0.7250320558484115,0.17941976210276753
0.24634736083959255,0.7250320558484115,0.17941377685701476
0.24634736083959255,0.7251745262857957,0.17940838372827003
0.24675892581541312,0.7251745262857957,0.17918971509134374
0.24675892581541312,0.7256019375979484,0.17916217237208404
0.2467846486264019,0.7256019375979484,0.17910896462622705
0.2467846486264019,0.7257444080353327,0.17910840099408712
0.24688753987035703,0.7257444080353327,0.1790349224598269
0.2469389854923346,0.7257444080353327,0.1790335224821169
0.24714476798024487,0.7257444080353327,0.1789281650700045
0.24714476798024487,0.7258868784727169,0.1789255808830969
0.24719621360222246,0.7258868784727169,0.1788910418426888
0.24724765922420003,0.7258868784727169,0.1788803433494
0.24732482765716637,0.7258868784727169,0.17878127621319306
0.24732482765716637,0.7260293489101012,0.17872881037396132
0.24735055046815516,0.7260293489101012,0.17870488129834844
0.24735055046815516,0.7261718193474854,0.17870146548053434
0.24740199609013272,0.7261718193474854,0.1786657901757953
0.2474277189011215,0.7263142897848697,0.1786595357602385
0.2474534417121103,0.7263142897848697,0.17864934931448936
0.2474534417121103,0.7264567602222539,0.17864496816620748
0.24763350138903178,0.7264567602222539,0.1785840512718751
0.24763350138903178,0.7265992306596382,0.17853849188300355
0.24776211544397572,0.7265992306596382,0.17833924729914274
0.24776211544397572,0.7267417010970224,0.17831895420923585
0.24783928387694207,0.7267417010970224,0.1782037614949767
0.2479164523099084,0.7267417010970224,0.17815475103653688
0.2479936207428748,0.7267417010970224,0.17804801680253998
0.24804506636485235,0.7267417010970224,0.17802823209963614
0.24804506636485235,0.7268841715344067,0.17801196067624533
0.24809651198682992,0.7268841715344067,0.1779956499596531
0.24840518571869533,0.7268841715344067,0.17774044889723262
0.24840518571869533,0.7270266419717909,0.17772452421346346
0.2484823541516617,0.7270266419717909,0.17767270604862656
0.2484823541516617,0.7273115828465594,0.17766535940400846
0.24853379977363926,0.7273115828465594,0.17764648836650876
0.24858524539561683,0.7273115828465594,0.17764509489404937
0.24858524539561683,0.7275965237213278,0.17761929871970675
0.2486366910175944,0.7275965237213278,0.17760114158201878
0.2486366910175944,0.727738994158712,0.17756104696521094
0.2488167506945159,0.727738994158712,0.17745587246860586
0.24886819631649346,0.727738994158712,0.17739570246548358
0.24886819631649346,0.7278814645960963,0.17737607185615442
0.2489968103714374,0.7278814645960963,0.17732153453891103
0.24907397880440374,0.7280239350334805,0.17732110640119228
0.24909970161539252,0.7280239350334805,0.17731210028979666
0.2491254244263813,0.7281664054708648,0.17731037786799878
0.2491768700483589,0.7281664054708648,0.17729632305114482
0.2491768700483589,0.728308875908249,0.17729501980412601
0.24922831567033646,0.728308875908249,0.17727590259102732
0.24927976129231402,0.728308875908249,0.1772737844764655
0.24938265253626915,0.728308875908249,0.17722384737554636
0.24938265253626915,0.7284513463456332,0.1772145551944202
0.24943409815824674,0.7284513463456332,0.17717225470893688
0.24943409815824674,0.7285938167830175,0.17716458143751
0.24945982096923552,0.7285938167830175,0.17716127252931985
0.24945982096923552,0.7287362872204017,0.17714432051080076
0.2495112665912131,0.7287362872204017,0.177137762961904
0.24958843502417943,0.7287362872204017,0.17704782936220292
0.24958843502417943,0.728878757657786,0.17704671891228163
0.24963988064615703,0.728878757657786,0.17704392331934019
0.24963988064615703,0.7290212280951702,0.17697437633713467
0.24971704907912337,0.7290212280951702,0.17691462539331865
0.24971704907912337,0.7291636985325545,0.17690315542942825
0.24974277189011215,0.7291636985325545,0.1768943196942067
0.24974277189011215,0.7293061689699387,0.17687928861782423
0.24976849470110093,0.7293061689699387,0.17681585429578658
0.24976849470110093,0.7295911098447072,0.17679375120905502
0.24987138594505606,0.7295911098447072,0.17675137205589056
0.24992283156703365,0.7295911098447072,0.17675053131920862
0.2500257228109888,0.7295911098447072,0.17671089161820977
0.2500257228109888,0.7297335802820915,0.17669166124056218
0.2501028912439551,0.7297335802820915,0.17664210327310445
0.2501543368659327,0.7297335802820915,0.17663065456747118
0.25023150529889904,0.7297335802820915,0.17659511685326515
0.25023150529889904,0.7298760507194757,0.17658631672434835
0.2503343965428542,0.7298760507194757,0.17652813111017376
0.2503343965428542,0.73001852115686,0.17652160604629258
0.2503858421648318,0.73001852115686,0.17649603043881443
0.2503858421648318,0.7301609915942442,0.17647482990870708
0.25046301059779813,0.7301609915942442,0.1763987062767315
0.25046301059779813,0.7303034620316284,0.17639475880937594
0.2505144562197757,0.7303034620316284,0.1763746668998433
0.2505144562197757,0.7304459324690127,0.17637413177723218
0.2505401790307645,0.7304459324690127,0.17635174366496226
0.2506173474637308,0.7304459324690127,0.1763398685315382
0.2506173474637308,0.7305884029063969,0.17633677746241375
0.2507459615186748,0.7305884029063969,0.17628098643026563
0.2507459615186748,0.7307308733437812,0.17628007816312657
0.2508745755736187,0.7307308733437812,0.1762220982021151
0.25092602119559626,0.7307308733437812,0.17621165110052514
0.25092602119559626,0.7310158142185497,0.1761795813222589
0.2510289124395514,0.7310158142185497,0.1761572003468931
0.2511318036835065,0.7310158142185497,0.17610135139930677
0.25128614054943926,0.7310158142185497,0.1759338680588484
0.25128614054943926,0.7311582846559339,0.1759093168391761
0.25146620022636074,0.7311582846559339,0.17585162682821148
0.2515176458483383,0.7311582846559339,0.17584799074033958
0.25162053709229343,0.7311582846559339,0.17581108821819122
0.2516462599032822,0.7313007550933182,0.175803343413014
0.251671982714271,0.7313007550933182,0.17579028330719226
0.2516977055252598,0.7315856959680866,0.17577255487410645
0.2517491511472374,0.7315856959680866,0.17576039495506104
0.2517491511472374,0.7317281664054709,0.17573548949725923
0.2520063792571252,0.7317281664054709,0.17562980299801406
0.2520063792571252,0.7318706368428551,0.1756225712267478
0.25234077579997943,0.7318706368428551,0.17549127093229341
0.252392221421957,0.7318706368428551,0.17547689922435636
0.25244366704393456,0.7318706368428551,0.17544378165406307
0.2524951126659121,0.7320131072802394,0.1754367507476323
0.2525208354769009,0.7320131072802394,0.1754008956602344
0.2525208354769009,0.7321555777176236,0.17540075155402116
0.25270089515382244,0.7324405185923921,0.17540024605778473
0.2527266179648112,0.7324405185923921,0.17538836393926427
0.2527266179648112,0.7325829890297764,0.17535233044375198
0.2527523407758,0.7325829890297764,0.17534390068050135
0.2527523407758,0.7327254594671606,0.17530479927749082
0.2527780635867888,0.7327254594671606,0.1752912830984573
0.2527780635867888,0.7328679299045449,0.1752907726956425
0.25313818294063173,0.7328679299045449,0.17506318373734317
0.25318962856260935,0.7331528707793132,0.17505391108615784
0.25321535137359813,0.7331528707793132,0.1750300704759831
0.2532925198065645,0.7334378116540817,0.17502659758620107
0.25344685667249717,0.7334378116540817,0.17496557018072822
0.25344685667249717,0.733580282091466,0.17496286639386918
0.25347257948348595,0.733580282091466,0.17496004880688645
0.25347257948348595,0.7337227525288502,0.17495582935515766
0.2535240251054635,0.7337227525288502,0.17491988437932482
0.2535240251054635,0.7338652229662345,0.1749045045261334
0.25360119353842986,0.7338652229662345,0.17482791741744266
0.25360119353842986,0.7340076934036187,0.17480987096878986
0.25367836197139626,0.7340076934036187,0.17477886728291833
0.25367836197139626,0.7342926342783872,0.17477775259927683
0.25370408478238504,0.7342926342783872,0.17470933140945236
0.25370408478238504,0.7344351047157714,0.17468871560892024
0.25380697602634017,0.7344351047157714,0.17461018871865183
0.25380697602634017,0.7347200455905399,0.1745977092980199
0.25385842164831773,0.7347200455905399,0.17459357463629985
0.2539098672702953,0.7347200455905399,0.17459271941897817
0.25398703570326164,0.7347200455905399,0.1745780200781681
0.25398703570326164,0.7348625160279242,0.17451235763377004
0.25421854100216074,0.7348625160279242,0.17443408043930814
0.2542699866241383,0.7348625160279242,0.1744278151726412
0.2542699866241383,0.7350049864653084,0.17441233824118188
0.25432143224611586,0.7350049864653084,0.17440174168775896
0.2543986006790822,0.7350049864653084,0.17435969407126006
0.2543986006790822,0.7352899273400769,0.17433518820576158
0.2545272147340261,0.7352899273400769,0.1742849124634391
0.2545272147340261,0.7354323977774612,0.17428426680389525
0.25463010597798125,0.7354323977774612,0.1742312467538627
0.25463010597798125,0.7355748682148454,0.17422540922458146
0.2546558287889701,0.7355748682148454,0.1742024776712169
0.2546558287889701,0.7357173386522297,0.17416364486762254
0.25483588846589156,0.7357173386522297,0.17407000319751484
0.25486161127688034,0.7358598090896139,0.17405784638666308
0.2548873340878691,0.7358598090896139,0.17405195976857876
0.2549130568988579,0.7360022795269981,0.174034635567996
0.25496450252083547,0.7360022795269981,0.17398105125503693
0.25496450252083547,0.7361447499643824,0.17397555742093482
0.2550931165757794,0.7361447499643824,0.17391478709129984
0.2550931165757794,0.7362872204017666,0.17389891153422715
0.2551702850087458,0.7362872204017666,0.1738440908503492
0.2551702850087458,0.7364296908391509,0.1738360832739573
0.2552731762527009,0.7364296908391509,0.17381202741305254
0.2552731762527009,0.7365721612765351,0.1738035365556523
0.25537606749665603,0.7365721612765351,0.17371524836273047
0.25537606749665603,0.7367146317139194,0.1737075303141166
0.2554017903076448,0.7367146317139194,0.173699351000968
0.2554532359296224,0.7367146317139194,0.17369887742901818
0.25550468155159994,0.7367146317139194,0.173628146614347
0.25550468155159994,0.7368571021513036,0.1736190393612356
0.2555561271735775,0.7368571021513036,0.1735951382014496
0.2555561271735775,0.7369995725886879,0.17357617382542193
0.25560757279555507,0.7371420430260721,0.17356901039744388
0.25571046403951025,0.7371420430260721,0.17354984638237403
0.25583907809445416,0.7371420430260721,0.1734621349755661
0.25589052371643173,0.7374269839008406,0.17345273828405502
0.25601913777137564,0.7374269839008406,0.17334911161366504
0.25601913777137564,0.7375694543382249,0.17334707878256753
0.25625064307027473,0.7375694543382249,0.17323766228857695
0.25625064307027473,0.7377119247756091,0.17321855473312456
0.2563278115032411,0.7377119247756091,0.17311039133197495
0.2563278115032411,0.7378543952129933,0.173107806965819
0.2564307027471962,0.7378543952129933,0.1730476555143179
0.2564307027471962,0.7381393360877618,0.17301800450426938
0.2566622080460953,0.7381393360877618,0.17287291086751821
0.2566622080460953,0.7382818065251461,0.17282862787012804
0.2566879308570841,0.7382818065251461,0.17282443752939775
0.25671365366807286,0.7384242769625303,0.17281076709850413
0.25671365366807286,0.7385667473999146,0.172784586801127
0.2569451589669719,0.7385667473999146,0.1726670370228128
0.25702232739993824,0.7385667473999146,0.17264860205323657
0.257176664265871,0.7385667473999146,0.17253214644046466
0.25722810988784856,0.7385667473999146,0.17250351999093724
0.25735672394279246,0.7385667473999146,0.1724594607796168
0.25735672394279246,0.7387092178372988,0.1724559664655306
0.2574853379977364,0.7387092178372988,0.1723307970295002
0.2574853379977364,0.738851688274683,0.17232508718286382
0.25751106080872516,0.738851688274683,0.17230817554158048
0.25751106080872516,0.7389941587120672,0.17228078051062762
0.2576396748636691,0.7389941587120672,0.17217780227281992
0.2576396748636691,0.7392790995868357,0.1721639484051631
0.2576911204856467,0.7392790995868357,0.17213277158284804
0.2576911204856467,0.7395640404616042,0.1721068849761711
0.25771684329663547,0.7395640404616042,0.1720713789102596
0.25771684329663547,0.7397065108989884,0.17206257490906082
0.25774256610762425,0.7397065108989884,0.17205913626278926
0.2577940117296018,0.7397065108989884,0.1720269818479664
0.25787118016256816,0.7397065108989884,0.17199752073432806
0.25787118016256816,0.7398489813363727,0.17197721040791575
0.2579483485955345,0.7398489813363727,0.17195672090212588
0.25799979421751207,0.7398489813363727,0.17195528013940187
0.25805123983948963,0.7398489813363727,0.17193613129383706
0.25810268546146725,0.7398489813363727,0.17192822960867626
0.25812840827245603,0.7398489813363727,0.17191622259426945
0.25812840827245603,0.7399914517737569,0.17191023614165263
0.25823129951641116,0.7399914517737569,0.1718516221288153
0.2584370820043214,0.7399914517737569,0.17180245774443934
0.25851425043728776,0.7399914517737569,0.17177018125958282
0.25853997324827654,0.7401339222111412,0.1717698318753403
0.2585656960592654,0.7401339222111412,0.171761681308802
0.25861714168124295,0.7401339222111412,0.17175820594769356
0.2586685873032205,0.7401339222111412,0.17175537850093534
0.2586685873032205,0.7402763926485254,0.1717505872043327
0.258848646980142,0.7402763926485254,0.17159389794936972
0.258848646980142,0.7407038039606781,0.1715433615873158
0.25892581541310833,0.7407038039606781,0.17149100666204692
0.25892581541310833,0.7408462743980624,0.17143969140901605
0.2589515382240971,0.7409887448354466,0.17143015258751915
0.2590544294680523,0.7409887448354466,0.17134325729294886
0.25913159790101864,0.7409887448354466,0.17132603399577262
0.25941454882189524,0.7409887448354466,0.17124913198274833
0.25941454882189524,0.7411312152728309,0.17124057587957667
0.2594659944438728,0.7411312152728309,0.17123911854986984
0.25951744006585037,0.7411312152728309,0.1712352192691653
0.2595431628768392,0.7411312152728309,0.17123010848419493
0.25959460849881677,0.7411312152728309,0.17122484084292888
0.2596974997427719,0.7411312152728309,0.17109448153366708
0.2596974997427719,0.7412736857102151,0.17109363550898252
0.259800390986727,0.7412736857102151,0.1710079486702443
0.2598518366087046,0.7412736857102151,0.17099892097305058
0.2600318962856261,0.7412736857102151,0.1708899109434012
0.2600318962856261,0.7414161561475994,0.17087593785695268
0.26028912439551394,0.7414161561475994,0.17077667206889893
0.26028912439551394,0.7415586265849836,0.17077517110569684
0.2604949068834242,0.7415586265849836,0.17068457083305094
0.2604949068834242,0.7417010970223679,0.17068335030737736
0.2607006893713345,0.7417010970223679,0.17059027013369668
0.2607264121823233,0.7418435674597521,0.17057688106643987
0.260880749048256,0.7418435674597521,0.17049138839772277
0.260880749048256,0.7419860378971364,0.17048919774785048
0.26100936310319994,0.7419860378971364,0.17042408788188662
0.2610350859141887,0.7421285083345206,0.17040673723241795
0.26113797715814385,0.7421285083345206,0.1703806325505388
0.26129231402407654,0.7421285083345206,0.17036872045966536
0.26139520526803167,0.7421285083345206,0.17030335095938248
0.26139520526803167,0.7426983900840576,0.1701964661169782
0.261600987755942,0.7426983900840576,0.17006760871180834
0.261600987755942,0.7428408605214418,0.17004389952563678
0.2617038789998971,0.7428408605214418,0.17002030603513937
0.2617296018108859,0.7429833309588261,0.17001992549111192
0.2618582158658298,0.7429833309588261,0.16997581681185817
0.2618582158658298,0.7431258013962103,0.16997092066046965
0.2620897211647289,0.7431258013962103,0.16986183661586154
0.2620897211647289,0.7434107422709788,0.16982027622893023
0.26214116678670646,0.7434107422709788,0.16980606827197228
0.26214116678670646,0.743553212708363,0.16979289062103015
0.262192612408684,0.7436956831457473,0.16975501388723563
0.2622183352196728,0.7436956831457473,0.16975028736247702
0.2622183352196728,0.7438381535831315,0.16974700221259453
0.2625784545735158,0.7438381535831315,0.16956594575550288
0.2625784545735158,0.7439806240205158,0.1695556611935676
0.2626041773845046,0.7439806240205158,0.1695491924285371
0.2626041773845046,0.7441230944579,0.16954538260438942
0.26268134581747093,0.7441230944579,0.16951045771868992
0.26268134581747093,0.7442655648952843,0.16949867183627243
0.2627327914394485,0.7442655648952843,0.1694718658031026
0.2627327914394485,0.7444080353326684,0.16945745064618017
0.2629900195493364,0.7444080353326684,0.16936056475016223
0.2629900195493364,0.7445505057700527,0.1693302705960805
0.26314435641526907,0.7445505057700527,0.16926857512070287
0.26314435641526907,0.7446929762074369,0.1692592271123913
0.26319580203724663,0.7446929762074369,0.16922986942383123
0.2632215248482354,0.7446929762074369,0.16920769241919512
0.26332441609219054,0.7446929762074369,0.1692045328243025
0.2633758617141681,0.7446929762074369,0.16920373298305963
0.2634787529581233,0.7446929762074369,0.1691845325850885
0.2634787529581233,0.7448354466448212,0.16917752105596698
0.26353019858010085,0.7448354466448212,0.16916290114068888
0.26355592139108963,0.7449779170822054,0.16914909173555245
0.2637359810680111,0.7449779170822054,0.16906577871366962
0.2637359810680111,0.7451203875195896,0.1690639339159684
0.26383887231196623,0.7451203875195896,0.1690326987637359
0.26391604074493263,0.7451203875195896,0.16900314248747192
0.2639674863669102,0.7451203875195896,0.16900093630481136
0.26404465479987654,0.7451203875195896,0.1689771313351211
0.2640961004218541,0.7451203875195896,0.16895834143587998
0.2641218232328429,0.7451203875195896,0.16892392218539218
0.2641218232328429,0.7452628579569739,0.16892307627106234
0.2642504372877868,0.7452628579569739,0.16889883164981048
0.2642504372877868,0.7454053283943581,0.1688838002156198
0.26453338820866346,0.7454053283943581,0.16878107469821937
0.26455911101965224,0.7455477988317424,0.16878056971000255
0.2646362794526186,0.7455477988317424,0.1686790827717209
0.2646362794526186,0.7456902692691266,0.16867697635585013
0.26466200226360737,0.7456902692691266,0.16864593213799633
0.26466200226360737,0.7461176805812794,0.1686205286193613
0.26471344788558493,0.7461176805812794,0.16860917878573148
0.26484206194052884,0.7462601510186636,0.16858910645258454
0.26502212161745037,0.7462601510186636,0.16848441643218262
0.26507356723942793,0.7462601510186636,0.16848359772159924
0.2652279041053606,0.7462601510186636,0.16840176081621974
0.2652279041053606,0.7465450918934321,0.16838951398702914
0.2652793497273382,0.7465450918934321,0.16838730900215393
0.26533079534931575,0.7465450918934321,0.16837315209190698
0.26533079534931575,0.7466875623308163,0.16833416574999485
0.2654851322152485,0.7466875623308163,0.16826607593950957
0.26553657783722606,0.7466875623308163,0.16825816740925903
0.2655880234592036,0.7466875623308163,0.1682310516690274
0.2655880234592036,0.7468300327682006,0.16819935307863793
0.26571663751414754,0.7468300327682006,0.16814430209848408
0.2657938059471139,0.7468300327682006,0.16814160789688037
0.26581952875810266,0.7468300327682006,0.16813430864613543
0.26581952875810266,0.7469725032055848,0.16813008008961913
0.2661539253009569,0.7469725032055848,0.16794592358017102
0.266256816544912,0.7471149736429691,0.1679429273918801
0.2662825393559008,0.7471149736429691,0.16793913607876254
0.26633398497787836,0.7471149736429691,0.16793017483996298
0.266385430599856,0.7471149736429691,0.16788760113732049
0.266385430599856,0.7472574440803533,0.16783439340183717
0.26643687622183354,0.7472574440803533,0.16780903857431217
0.2664883218438111,0.7473999145177376,0.16780664356636013
0.2664883218438111,0.7475423849551218,0.1677996775127159
0.266616935898755,0.7475423849551218,0.1677150254219034
0.2666683815207326,0.7475423849551218,0.16770041620021955
0.2668741640086429,0.7475423849551218,0.16759005652503914
0.2668741640086429,0.7476848553925061,0.16758981977370313
0.26718283774050827,0.7476848553925061,0.16748884637268627
0.26720856055149705,0.7478273258298903,0.1674775968169003
0.26746578866138493,0.7478273258298903,0.16733899952337775
0.26746578866138493,0.7479697962672746,0.16733842481922329
0.2675429570943513,0.7479697962672746,0.1672710394463018
0.2675429570943513,0.748254737142043,0.1672452404904218
0.26756867990534006,0.748254737142043,0.1672323419774584
0.26756867990534006,0.7483972075794273,0.1672303743414017
0.26772301677127275,0.7483972075794273,0.16714542670520616
0.26772301677127275,0.7485396780168115,0.16713781485455356
0.26774873958226153,0.7485396780168115,0.1671044847562461
0.26774873958226153,0.7486821484541958,0.16710310696174244
0.26782590801522793,0.7486821484541958,0.16706621803486074
0.2678773536372055,0.74882461889158,0.16705695894816142
0.2680059676921494,0.74882461889158,0.16696942206501797
0.2680059676921494,0.7489670893289643,0.16696934529390658
0.26810885893610453,0.7489670893289643,0.16696758688527996
0.2681860273690709,0.7489670893289643,0.16692979167805314
0.2681860273690709,0.7492520302037328,0.1668574729573369
0.26821175018005966,0.749394500641117,0.16682569107496897
0.26841753266796997,0.749394500641117,0.16669375363317931
0.2684947011009363,0.749394500641117,0.16669254862201388
0.2685204239119251,0.749394500641117,0.16666020607212334
0.2685204239119251,0.7495369710785013,0.16662624628276612
0.26859759234489144,0.7495369710785013,0.16660192698023676
0.26859759234489144,0.7496794415158855,0.16658365566844585
0.2686233151558802,0.7496794415158855,0.16657411639819442
0.268649037966869,0.7498219119532697,0.16656233540564727
0.2687004835888466,0.7498219119532697,0.16652776032772532
0.2687004835888466,0.749964382390654,0.16652648330548864
0.2688805432657681,0.749964382390654,0.16645631533099056
0.2688805432657681,0.7501068528280381,0.16642818160893486
0.26893198888774567,0.7501068528280381,0.16641329426285661
0.26895771169873445,0.7502493232654224,0.16640604531110423
0.269009157320712,0.7502493232654224,0.16639616661435433
0.269009157320712,0.7503917937028066,0.16636411247156158
0.26947216791851014,0.7503917937028066,0.16617924206304183
0.26947216791851014,0.7505342641401909,0.1661742971145888
0.26962650478444283,0.7505342641401909,0.1661091053004404
0.2697036732174092,0.7509616754523436,0.16610314604365778
0.2697036732174092,0.7512466163271121,0.16610199587190957
0.2697036732174092,0.7515315572018806,0.1660970206949003
0.2699094557053195,0.7515315572018806,0.16597602585379054
0.2699094557053195,0.7518164980766491,0.1659758956122308
0.26996090132729705,0.7518164980766491,0.1659474953292212
0.2700123469492746,0.7518164980766491,0.16593880724699378
0.2700123469492746,0.7519589685140333,0.16593037112298287
0.27011523819322975,0.7519589685140333,0.16587599601196634
0.2701666838152073,0.7519589685140333,0.16585440507435725
0.2701666838152073,0.7522439093888018,0.16582415028246497
0.2701924066261961,0.7522439093888018,0.16579226453853696
0.2702181294371849,0.7523863798261861,0.16574532195507097
0.2702695750591625,0.7523863798261861,0.16569679380114904
0.2702695750591625,0.7526713207009545,0.1656441724405882
0.2705525259800391,0.7526713207009545,0.16543674780249604
0.2705525259800391,0.752956261575723,0.16535873278899163
0.2706554172239942,0.752956261575723,0.165316838766
0.2707068628459718,0.752956261575723,0.16530714395337062
0.27073258565696057,0.752956261575723,0.16529330659684047
0.2707840312789382,0.752956261575723,0.16527160027983176
0.2709383681448709,0.752956261575723,0.1651768616766492
0.2709383681448709,0.7530987320131073,0.16515603173263685
0.271041259388826,0.7530987320131073,0.16503955384695995
0.271041259388826,0.7533836728878758,0.16500251116636644
0.27109270501080357,0.7533836728878758,0.1649957218320204
0.27109270501080357,0.75352614332526,0.1649884608595167
0.2711698734437699,0.75352614332526,0.16496480203381342
0.2712213190657475,0.75352614332526,0.1648894656024472
0.2712984874987139,0.75352614332526,0.16484118076608578
0.27132421030970266,0.7536686137626443,0.1648312279255336
0.27134993312069144,0.7536686137626443,0.16481204189977397
0.271401378742669,0.7536686137626443,0.16480230101258186
0.27150426998662414,0.7536686137626443,0.1647710184531594
0.27150426998662414,0.754096025074797,0.16471348535573957
0.2715557156086017,0.754096025074797,0.16464170481858081
0.2715557156086017,0.7545234363869497,0.164540500444261
0.27163288404156805,0.7545234363869497,0.16447463747392777
0.2716586068525568,0.754665906824334,0.16445669926970002
0.2716843296635456,0.754665906824334,0.164444636449706
0.2716843296635456,0.7548083772617182,0.1644442977434075
0.2719158349624447,0.7548083772617182,0.1642938887959475
0.27196728058442227,0.7548083772617182,0.16427839985353013
0.27214734026134374,0.7548083772617182,0.16419037875143777
0.27214734026134374,0.7549508476991025,0.16418277838480752
0.2721987858833213,0.7549508476991025,0.16417748106598917
0.2721987858833213,0.7550933181364867,0.16416422984514012
0.2722502315052989,0.7550933181364867,0.1641359843658801
0.2722502315052989,0.755235788573871,0.16413109310513924
0.2724302911822204,0.755235788573871,0.16397076402195346
0.2724302911822204,0.7553782590112552,0.1639589065280993
0.27271324210309705,0.7553782590112552,0.1636579848192524
0.27271324210309705,0.7555207294486395,0.16364609446001474
0.2727904105360634,0.7555207294486395,0.16363698696609993
0.27286757896902974,0.7555207294486395,0.16357097628727285
0.27286757896902974,0.7556631998860236,0.16355762273096547
0.2729190245910073,0.7556631998860236,0.1635324296837404
0.2729704702129849,0.7556631998860236,0.16349641726163877
0.27302191583496244,0.7556631998860236,0.1634903361126244
0.2730990842679288,0.7559481407607921,0.16345610119786422
0.27312480707891756,0.7559481407607921,0.16343869205278486
0.27312480707891756,0.7560906111981763,0.1634374755464689
0.2735878176767157,0.7560906111981763,0.16324151499464548
0.2735878176767157,0.7562330816355606,0.16322600291477812
0.2736135404877045,0.7562330816355606,0.16321971892150985
0.2736135404877045,0.7563755520729448,0.1631690355540011
0.27366498610968204,0.7563755520729448,0.1631614049427562
0.273793600164626,0.7563755520729448,0.1629448694815388
0.273793600164626,0.7565180225103291,0.16294341997310896
0.27387076859759235,0.7565180225103291,0.16291450071731944
0.27387076859759235,0.7566604929477133,0.1628752898358071
0.2739736598415475,0.7566604929477133,0.16277587108790667
0.2739736598415475,0.7568029633850976,0.16276264411069535
0.27399938265253626,0.7568029633850976,0.16273781092438536
0.27399938265253626,0.7569454338224818,0.16270796065648813
0.2740508282745138,0.7569454338224818,0.16267517042846935
0.27438522481736805,0.7569454338224818,0.16250902319492785
0.27438522481736805,0.7573728451346345,0.1624685453008653
0.2744109476283568,0.7573728451346345,0.16245173387369297
0.2744366704393456,0.7575153155720188,0.1624344706977255
0.27453956168330074,0.7575153155720188,0.16240301191638648
0.27453956168330074,0.7578002564467873,0.1623948957887503
0.27471962136022227,0.7578002564467873,0.16230001557216986
0.27477106698219983,0.7578002564467873,0.1622858261946642
0.2748482354151662,0.7578002564467873,0.16226543064718862
0.27489968103714374,0.7580851973215558,0.16224917563523078
0.2749254038481325,0.7580851973215558,0.16224900433170017
0.2749254038481325,0.7583701381963243,0.16221270929205556
0.2749768494701101,0.7583701381963243,0.1621927124061417
0.2749768494701101,0.7585126086337085,0.1621821899184958
0.27500257228109887,0.7585126086337085,0.1621344420885408
0.27500257228109887,0.7586550790710928,0.1621303855502558
0.2751826319580204,0.7586550790710928,0.1620404034421491
0.2752083547690092,0.758797549508477,0.16203589001038507
0.2752083547690092,0.7589400199458612,0.1620249239794224
0.27525980039098674,0.7589400199458612,0.1619880800697845
0.27525980039098674,0.7590824903832455,0.16196856532786533
0.27536269163494187,0.7590824903832455,0.16189200704498155
0.27536269163494187,0.7592249608206297,0.16189028240061354
0.27541413725691943,0.7592249608206297,0.16188817281877493
0.27541413725691943,0.759367431258014,0.16188545027704626
0.2754913056898858,0.759367431258014,0.16185028590690972
0.27554275131186334,0.759367431258014,0.16183925220676693
0.27572281098878487,0.759367431258014,0.1617677940725446
0.2757999794217512,0.7595099016953982,0.16175484725465583
0.27603148472065026,0.7595099016953982,0.16162031647318328
0.27603148472065026,0.7597948425701667,0.16158996633910674
0.2763658812635045,0.7597948425701667,0.1614261298048628
0.2763658812635045,0.7600797834449352,0.16139147634937007
0.27652021812943717,0.7600797834449352,0.16132488960077934
0.27652021812943717,0.7602222538823195,0.1613187402045486
0.27654594094042595,0.7602222538823195,0.1613151331309457
0.2765973865624035,0.7602222538823195,0.16128591568774867
0.2765973865624035,0.7607921356318564,0.16114481928784835
0.27662310937339235,0.7607921356318564,0.16113535771906942
0.27662310937339235,0.7609346060692407,0.16113188199236655
0.27664883218438113,0.7609346060692407,0.16111426337606083
0.27664883218438113,0.7610770765066249,0.16111275383601822
0.2767260006173475,0.7610770765066249,0.16100809724496745
0.2767260006173475,0.7613620173813933,0.16098470988828467
0.2768031690503138,0.7613620173813933,0.16095476667824699
0.2768288918613026,0.7615044878187776,0.16093534945653548
0.2769575059162465,0.7615044878187776,0.16083196401016286
0.2770089515382241,0.7615044878187776,0.16081887125774547
0.2771632884041568,0.7615044878187776,0.16072524604744834
0.2771632884041568,0.7616469582561618,0.16070793442298878
0.2774719621360222,0.7616469582561618,0.16058085482473383
0.2775234077579998,0.7616469582561618,0.16057490893321966
0.2776005761909662,0.7616469582561618,0.1605461002979069
0.27762629900195496,0.761789428693546,0.1605373284663335
0.27765202181294374,0.761789428693546,0.16050241400122212
0.27765202181294374,0.7619318991309303,0.16048974468426333
0.27778063586788765,0.7619318991309303,0.1604230722977755
0.27778063586788765,0.7620743695683145,0.16041176896546627
0.2778835271118428,0.7620743695683145,0.16036971624131746
0.27793497273382034,0.7620743695683145,0.16035673520608243
0.27816647803271943,0.7620743695683145,0.1602661216940055
0.27816647803271943,0.7622168400056988,0.1602289001808381
0.2782436464656858,0.7622168400056988,0.16016050687659011
0.2782436464656858,0.762359310443083,0.1601454534065886
0.27829509208766334,0.762359310443083,0.1601193402520647
0.27829509208766334,0.7625017808804673,0.16007346478164622
0.2786037658195288,0.7625017808804673,0.159965218775706
0.2786037658195288,0.7626442513178515,0.15993918733846138
0.2790410536063381,0.7626442513178515,0.1597266823922512
0.2790410536063381,0.7627867217552358,0.15971685045326914
0.2791182220393045,0.7627867217552358,0.1596528335251201
0.27916966766128204,0.76292919219262,0.15962800827669124
0.27916966766128204,0.7630716626300043,0.15962027771826612
0.2791953904722708,0.7630716626300043,0.15959721818118547
0.2791953904722708,0.7632141330673885,0.15958299693399325
0.2792211132832596,0.7632141330673885,0.15956879813512886
0.2792211132832596,0.7633566035047727,0.15956510575497126
0.2794783413931474,0.7633566035047727,0.15940903356772157
0.2794783413931474,0.763499073942157,0.15940678242861706
0.27965840107006895,0.763499073942157,0.15931261531571272
0.27965840107006895,0.7636415443795412,0.15930379560269373
0.2797355695030353,0.7636415443795412,0.15926721954523992
0.2797355695030353,0.7637840148169255,0.15924195879808115
0.2797612923140241,0.7637840148169255,0.1592356968479746
0.2797612923140241,0.7639264852543097,0.15923116170936183
0.27996707480193433,0.7639264852543097,0.15901657951294187
0.27996707480193433,0.764068955691694,0.15900434059271196
0.2801214116678671,0.764068955691694,0.15897068998970143
0.2801214116678671,0.7642114261290782,0.15895127686330063
0.2801985801008334,0.7642114261290782,0.1589247752334203
0.280250025722811,0.7642114261290782,0.1588919613043191
0.2803529169667661,0.7642114261290782,0.15886910243382638
0.2803529169667661,0.7644963670038467,0.15886563859365221
0.28043008539973246,0.7644963670038467,0.158808780732902
0.28043008539973246,0.764638837441231,0.15880637648020185
0.2805072538326988,0.764638837441231,0.1587806778552996
0.2805844222656652,0.764638837441231,0.1587624393692764
0.28104743286346334,0.764638837441231,0.15846478444236875
0.2810988784854409,0.764638837441231,0.1584526994106027
0.2812532153513736,0.764638837441231,0.15837689985021797
0.2812532153513736,0.7647813078786152,0.15837127211700752
0.2812789381623624,0.7647813078786152,0.15836005050478916
0.2812789381623624,0.7649237783159994,0.1583535771161112
0.2814075522173063,0.7649237783159994,0.1582728396105698
0.28148472065027264,0.7649237783159994,0.15824621133843783
0.2815876118942278,0.7649237783159994,0.15822670120320953
0.2816390575162054,0.7649237783159994,0.15822342789250335
0.28166478032719416,0.7649237783159994,0.15822111905736583
0.28171622594917173,0.7649237783159994,0.1581992044099649
0.2818962856260932,0.7649237783159994,0.158100521553716
0.2818962856260932,0.7650662487533837,0.1580957542002916
0.28207634530301473,0.7650662487533837,0.15797708664930565
0.28207634530301473,0.7652087191907679,0.15797125996579128
0.2821535137359811,0.7652087191907679,0.1579351192540608
0.2821535137359811,0.7654936600655364,0.15793067504648742
0.282282127790925,0.7654936600655364,0.1578519841584376
0.282282127790925,0.7656361305029207,0.15783799611585458
0.2824107418458689,0.7656361305029207,0.1577870801850269
0.2824107418458689,0.7657786009403049,0.15778438304257755
0.2824364646568577,0.7657786009403049,0.15778239797110627
0.28246218746784646,0.7659210713776892,0.15778127818641552
0.2824879102788353,0.7659210713776892,0.15778113359883517
0.2824879102788353,0.7660635418150734,0.15777512049903317
0.2825136330898241,0.7660635418150734,0.15776320892581472
0.2825136330898241,0.7662060122524577,0.1577585929292107
0.28253935590081286,0.7662060122524577,0.15775517065983968
0.28253935590081286,0.7663484826898419,0.15775038097269434
0.28256507871180164,0.7663484826898419,0.15774041539627787
0.2826165243337792,0.7663484826898419,0.15774030584724089
0.28269369276674555,0.7663484826898419,0.1576720190538743
0.28269369276674555,0.7664909531272261,0.15766235445663174
0.2827451383887231,0.7664909531272261,0.15764465702090086
0.2829251980656446,0.7664909531272261,0.1576321590490371
0.28295092087663337,0.7664909531272261,0.15762642262746973
0.2829766436876222,0.7666334235646104,0.15761069756385518
0.28307953493157734,0.7666334235646104,0.15754626052291196
0.28307953493157734,0.7667758940019946,0.15753333936057548
0.2831052577425661,0.7667758940019946,0.1575302768196655
0.2831052577425661,0.7669183644393788,0.1575277349308205
0.2831309805535549,0.7669183644393788,0.15752709615345611
0.2831309805535549,0.767060834876763,0.1574958404978426
0.2832853174194876,0.767060834876763,0.15745104871863172
0.28336248585245394,0.767060834876763,0.15744334141668634
0.2834396542854203,0.767060834876763,0.15742950935635938
0.2835168227183867,0.767060834876763,0.1574138051740038
0.2836197139623418,0.767060834876763,0.15739744529054478
0.2836454367733306,0.7672033053141473,0.15739139617508321
0.2836711595843194,0.7672033053141473,0.15739064465297228
0.2836711595843194,0.7673457757515315,0.15738102586910185
0.28382549645025207,0.7673457757515315,0.15731681194103023
0.28382549645025207,0.7674882461889158,0.15729354320912248
0.2839283876942072,0.7674882461889158,0.15724741600402461
0.2839283876942072,0.7676307166263,0.15723178764618267
0.2840312789381624,0.7676307166263,0.15717700543092883
0.28408272456013994,0.7676307166263,0.1571689354553887
0.28423706142607263,0.7676307166263,0.15710065800818884
0.28423706142607263,0.7677731870636842,0.15709821500580953
0.2842627842370614,0.7677731870636842,0.15708841538934676
0.284314229859039,0.7677731870636842,0.15707117406809384
0.284314229859039,0.7679156575010685,0.15705853128604072
0.28433995267002776,0.7679156575010685,0.15701283591239845
0.2843913982920053,0.7679156575010685,0.15700315806262535
0.2844171211029941,0.7679156575010685,0.1569896032507433
0.28444284391398295,0.7680581279384527,0.1569793446797622
0.2845457351579381,0.7680581279384527,0.156919885425342
0.2845457351579381,0.768200598375837,0.1569126986627529
0.2846229035909044,0.768200598375837,0.1568817049604579
0.284674349212882,0.768200598375837,0.15683574822142488
0.28475151764584833,0.768200598375837,0.1568026782317709
0.2848029632678259,0.7684855392506055,0.15680238122738469
0.28485440888980346,0.7684855392506055,0.1567826903211432
0.28485440888980346,0.7686280096879897,0.15678028428959284
0.28488013170079224,0.7686280096879897,0.15675884971023327
0.28488013170079224,0.7689129505627582,0.15674675921501635
0.285034468566725,0.7689129505627582,0.15666898910768529
0.285034468566725,0.7690554210001425,0.15663855764652038
0.28506019137771377,0.7690554210001425,0.15662655667978728
0.28511163699969133,0.7690554210001425,0.15652207226775874
0.2851888054326577,0.7690554210001425,0.1565072515240848
0.2851888054326577,0.7691978914375267,0.15650587147460043
0.2853174194876016,0.7691978914375267,0.15644740554777664
0.28542031073155677,0.7691978914375267,0.1564281445066711
0.28544603354254555,0.7691978914375267,0.15642338067380737
0.28544603354254555,0.769340361874911,0.15640398693531046
0.28575470727441094,0.769340361874911,0.1562553806729264
0.28575470727441094,0.7694828323122952,0.15625088034557355
0.2858318757073773,0.7694828323122952,0.1561962017148514
0.2858318757073773,0.7696253027496794,0.15619199596651942
0.28593476695133246,0.7696253027496794,0.15612906518603922
0.28596048976232125,0.7697677731870637,0.1560989466202417
0.28598621257331003,0.7697677731870637,0.15608511785517096
0.28598621257331003,0.7699102436244479,0.15607666779570928
0.28621771787220907,0.7699102436244479,0.15588801207903252
0.28626916349418663,0.7699102436244479,0.15588416871512817
0.2865521144150633,0.7699102436244479,0.15577790165737404
0.2865521144150633,0.7700527140618322,0.15574412829009773
0.28696367939088385,0.7700527140618322,0.15552647363632954
0.28696367939088385,0.7701951844992164,0.15550667403702678
0.2870151250128614,0.7701951844992164,0.15548104054302578
0.2870408478238502,0.7703376549366007,0.15545168517484229
0.28724663031176045,0.7703376549366007,0.15532903506532172
0.28724663031176045,0.7706225958113692,0.1552851020684301
0.2873495215557156,0.7706225958113692,0.15522442330530808
0.2873752443667044,0.7707650662487534,0.15521556430590105
0.2874009671776932,0.7707650662487534,0.15519527731317895
0.287426689988682,0.7709075366861377,0.15519258770289487
0.287426689988682,0.7710500071235219,0.15519128118602904
0.28750385842164833,0.7710500071235219,0.15517259547367265
0.28750385842164833,0.7711924775609061,0.1551720439405674
0.2875810268546147,0.7711924775609061,0.1551572658753772
0.28760674966560346,0.7713349479982904,0.15515539388394756
0.28776108653153615,0.7713349479982904,0.15513964421578216
0.28776108653153615,0.7717623593104431,0.1551123025545737
0.2878125321535137,0.7717623593104431,0.15506384603449255
0.28786397777549133,0.7719048297478274,0.15506189854914368
0.28845560242823337,0.7719048297478274,0.1548004932876576
0.28845560242823337,0.7720473001852116,0.1547954159005462
0.2886613849161436,0.7720473001852116,0.1547101732163843
0.2886613849161436,0.7721897706225959,0.15468800160829918
0.2887128305381212,0.7721897706225959,0.1546426639869161
0.2887128305381212,0.7723322410599801,0.15463906431115265
0.28876427616009875,0.7723322410599801,0.15459149108983136
0.28878999897108754,0.7724747114973642,0.1545882084730173
0.28884144459306516,0.7724747114973642,0.15456880642317025
0.2888928902150427,0.7724747114973642,0.15456530639516156
0.2890472270809754,0.7724747114973642,0.15451221974068194
0.2890729498919642,0.7726171819347485,0.1544954042898865
0.289098672702953,0.7726171819347485,0.1544887293768965
0.28915011832493054,0.7726171819347485,0.15448244421451415
0.28925300956888567,0.7726171819347485,0.15441521621291215
0.28925300956888567,0.7727596523721327,0.1543942588279331
0.28951023767877354,0.7727596523721327,0.154309026487446
0.28951023767877354,0.772902122809517,0.15429349973998252
0.28963885173371745,0.772902122809517,0.1542688052939997
0.28963885173371745,0.7730445932469012,0.1542560882673601
0.28966457454470623,0.7730445932469012,0.15425299048630384
0.28966457454470623,0.7731870636842855,0.15425173207309936
0.289690297355695,0.7731870636842855,0.154250911484506
0.289690297355695,0.7733295341216697,0.15425060171882335
0.2897160201666838,0.7733295341216697,0.15424744152236874
0.2897417429776726,0.773472004559054,0.1542225999802095
0.2897417429776726,0.7736144749964382,0.15418989981492137
0.29015330795349314,0.7736144749964382,0.15398256986949993
0.29015330795349314,0.7737569454338225,0.1539581873430971
0.2902047535754707,0.7737569454338225,0.15394829761514156
0.29028192200843705,0.7737569454338225,0.1539075660575899
0.29028192200843705,0.7738994158712067,0.15390013068765585
0.29048770449634737,0.7738994158712067,0.15379077953222486
0.29053915011832493,0.7738994158712067,0.15378457011375266
0.2905905957403025,0.7738994158712067,0.15377901891392987
0.29066776417326884,0.7740418863085909,0.1537494412735902
0.2907963782282128,0.7740418863085909,0.1536586054926022
0.2907963782282128,0.7741843567459752,0.15362887257376995
0.2908221010392016,0.7741843567459752,0.15362167908526564
0.2908221010392016,0.7743268271833594,0.15362043106696086
0.29084782385019037,0.7744692976207437,0.15360884765523808
0.29087354666117915,0.7744692976207437,0.15357700608576305
0.2909249922831567,0.7744692976207437,0.15355671269265045
0.2909249922831567,0.7746117680581279,0.1535460623951187
0.2909507150941455,0.7746117680581279,0.15353497198856172
0.2909507150941455,0.7747542384955122,0.15350451324498302
0.2910793291490894,0.7747542384955122,0.15345237358613917
0.2911050519600782,0.7748967089328964,0.15344839987480108
0.29136228006996606,0.7748967089328964,0.15331515795365266
0.29136228006996606,0.7750391793702807,0.15331245970171484
0.2914394485029324,0.7750391793702807,0.1532979140366918
0.29149089412490997,0.7750391793702807,0.15327264711144256
0.29164523099084266,0.7750391793702807,0.15315292096794667
0.2916966766128202,0.7750391793702807,0.1531496633642337
0.2917995678567754,0.7750391793702807,0.1531046851772545
0.2917995678567754,0.7751816498076649,0.15310198112850518
0.291851013478753,0.7751816498076649,0.15307078769477578
0.291851013478753,0.7753241202450492,0.15305746282514632
0.2919796275336969,0.7753241202450492,0.15302850963488734
0.29203107315567445,0.7756090611198176,0.15302042443169606
0.29203107315567445,0.7757515315572019,0.1530018091564905
0.29205679596666323,0.7757515315572019,0.15298202115017387
0.29205679596666323,0.7758940019945861,0.1529811597370759
0.29236546969852867,0.7758940019945861,0.1527545850072025
0.29236546969852867,0.7761789428693546,0.15270391986980242
0.292442638131495,0.7761789428693546,0.1526738996127636
0.292442638131495,0.7763214133067389,0.15265728933391073
0.29251980656446136,0.7763214133067389,0.15262175852378845
0.29251980656446136,0.7764638837441231,0.152600560337242
0.29277703467434923,0.7764638837441231,0.1524361596207355
0.29277703467434923,0.7766063541815074,0.15242601694660704
0.2928284802963268,0.7766063541815074,0.1524082474395822
0.2929313715402819,0.7767488246188916,0.15237192963084192
0.2929570943512707,0.7767488246188916,0.15236370086936718
0.2929570943512707,0.7770337654936601,0.15233294264849911
0.29326576808313615,0.7770337654936601,0.15222353081783954
0.29326576808313615,0.7771762359310443,0.15222308471109586
0.29329149089412493,0.7771762359310443,0.1522224092106963
0.2933429365161025,0.7771762359310443,0.15219391101712837
0.29339438213808006,0.7771762359310443,0.1521892913633362
0.29339438213808006,0.7773187063684286,0.15215270105988102
0.2934715505710464,0.7773187063684286,0.15215129695325486
0.29357444181500153,0.7773187063684286,0.15214617740955244
0.2936001646259903,0.7773187063684286,0.15213472168366357
0.2936001646259903,0.7774611768058128,0.15212772048948497
0.2936516102479679,0.7774611768058128,0.1520882417704262
0.2936516102479679,0.7776036472431971,0.15207758286023954
0.2938316699248894,0.7776036472431971,0.152027515216105
0.29390883835785575,0.7776036472431971,0.1520236585991819
0.29393456116884453,0.7776036472431971,0.15202261535104186
0.2939860067908221,0.7776036472431971,0.15196031907512467
0.294114620845766,0.7776036472431971,0.15191501379666625
0.294114620845766,0.7780310585553498,0.1518717955698081
0.2941403436567548,0.7780310585553498,0.15186259528448925
0.2941917892787324,0.778173528992734,0.15186204699355754
0.2941917892787324,0.7783159994301182,0.15185262741722347
0.29426895771169875,0.7783159994301182,0.15182030271390365
0.29426895771169875,0.7784584698675024,0.15181926248842378
0.29429468052268754,0.7784584698675024,0.15180256391690944
0.29429468052268754,0.7786009403048867,0.15180064594438483
0.2943461261446651,0.7786009403048867,0.15178043549455922
0.29439757176664266,0.7786009403048867,0.1517765616263337
0.29478341393147445,0.7786009403048867,0.151598879415519
0.29478341393147445,0.7787434107422709,0.15159118680482464
0.29491202798641836,0.7787434107422709,0.15146732891098266
0.2949634736083959,0.7787434107422709,0.1514636884842394
0.2949891964193847,0.7788858811796552,0.15144244328849746
0.2952207017182838,0.7788858811796552,0.15130591651808004
0.2952207017182838,0.7790283516170394,0.15130312792917927
0.2952464245292726,0.7790283516170394,0.15127435900559869
0.29529787015125014,0.7790283516170394,0.15127375847054125
0.29540076139520527,0.7790283516170394,0.1512327589455232
0.29542648420619405,0.7791708220544237,0.15122670555320206
0.2954779298281716,0.7791708220544237,0.1511954384934726
0.2954779298281716,0.7793132924918079,0.15119349277425573
0.29555509826113796,0.7793132924918079,0.15115132273764845
0.29555509826113796,0.7794557629291922,0.15111569017345355
0.2956065438831155,0.7794557629291922,0.15111397127387638
0.2957094351270707,0.7794557629291922,0.15104627301711215
0.2957351579380595,0.7795982333665764,0.15104461034513755
0.2957351579380595,0.7798831742413449,0.1510267622293402
0.29576088074904827,0.7800256446787291,0.1510148153916351
0.29578660356003705,0.7800256446787291,0.15100750728196125
0.29578660356003705,0.7801681151161134,0.15099837255084106
0.29591521761498096,0.7801681151161134,0.15087271074247455
0.29591521761498096,0.7803105855534976,0.15086114063297756
0.29594094042596975,0.7803105855534976,0.1508419654803941
0.29594094042596975,0.7804530559908819,0.15083400332699518
0.2959666632369585,0.7804530559908819,0.15082860217219488
0.2960181088589361,0.7804530559908819,0.1507668970106588
0.2960438316699249,0.7805955264282661,0.15076489152761874
0.2961981685358576,0.7805955264282661,0.1506787724839904
0.2961981685358576,0.7807379968656504,0.1506787693416646
0.2965325650787118,0.7807379968656504,0.15048825591537154
0.2965325650787118,0.7808804673030346,0.15047522917500072
0.29660973351167813,0.7808804673030346,0.15043675636614443
0.29660973351167813,0.7810229377404189,0.15043414877851374
0.29666117913365575,0.7810229377404189,0.15038254894720043
0.29666117913365575,0.7811654081778031,0.15035704185020665
0.2967640703776109,0.7811654081778031,0.15034924378570003
0.29678979318859966,0.7813078786151874,0.15034026019322239
0.29678979318859966,0.7815928194899558,0.15028669062527097
0.29681551599958844,0.7815928194899558,0.15028492818332106
0.29681551599958844,0.7817352899273401,0.15027814323676794
0.2970470212984875,0.7817352899273401,0.15022141599668745
0.2970470212984875,0.7818777603647243,0.150208644236195
0.29707274410947626,0.7818777603647243,0.15018941043023062
0.29714991254244266,0.7818777603647243,0.1501828733770591
0.29714991254244266,0.7820202308021086,0.1501788676028927
0.29758720032925196,0.7820202308021086,0.1499000100271528
0.29758720032925196,0.7821627012394928,0.14988105519255
0.29769009157320714,0.7821627012394928,0.14982921220166584
0.2977672600061735,0.7821627012394928,0.14982833748760452
0.29794731968309496,0.7821627012394928,0.14972183244222176
0.29794731968309496,0.7823051716768771,0.14970688569367838
0.2982817162259492,0.7823051716768771,0.14953716281113608
0.2982817162259492,0.7824476421142613,0.14952660312296379
0.2984103302808931,0.7824476421142613,0.14946084723103756
0.2984103302808931,0.7825901125516456,0.14944746591504343
0.29848749871385943,0.7825901125516456,0.1494056043283792
0.29848749871385943,0.7827325829890298,0.1493998893510719
0.2985132215248482,0.7827325829890298,0.1493989385184893
0.2985132215248482,0.7828750534264141,0.1493906729369213
0.2985646671468258,0.7828750534264141,0.14936689284139765
0.2985646671468258,0.7830175238637983,0.1493592402493046
0.2987704496347361,0.7830175238637983,0.1492112357157765
0.29882189525671365,0.7830175238637983,0.1491840967032701
0.2990276777446239,0.7830175238637983,0.14910189986656414
0.29907912336660153,0.7830175238637983,0.14909632931281683
0.29933635147648935,0.7830175238637983,0.14902363431553983
0.29933635147648935,0.7831599943011825,0.14901936048652784
0.29936207428747813,0.7831599943011825,0.14901342819926913
0.29936207428747813,0.7833024647385668,0.14900925963892112
0.2994392427204445,0.7833024647385668,0.1490061730441604
0.29949068834242204,0.7833024647385668,0.14898377116383224
0.29949068834242204,0.783444935175951,0.14892109192977276
0.2995935795863772,0.783444935175951,0.14883273803937316
0.2995935795863772,0.7835874056133353,0.14882145729658278
0.2996450252083548,0.7835874056133353,0.14881220752565563
0.2996450252083548,0.7837298760507194,0.1488041879185488
0.2997993620742875,0.7837298760507194,0.14873870275998544
0.2997993620742875,0.7838723464881037,0.1487131561933006
0.29995369894022017,0.7838723464881037,0.14865580924604252
0.29995369894022017,0.7840148169254879,0.1486301752320263
0.30000514456219773,0.7840148169254879,0.14862565167806643
0.30005659018417535,0.7840148169254879,0.1486253778049187
0.3003138182940632,0.7840148169254879,0.14853413129981569
0.3003909867270295,0.7840148169254879,0.14852974388649912
0.30046815515999586,0.7840148169254879,0.14847638161156837
0.30057104640395105,0.7840148169254879,0.1484467319675166
0.30057104640395105,0.7841572873628722,0.14844242941402605
0.30082827451383887,0.7841572873628722,0.14835189044126618
0.30082827451383887,0.7842997578002564,0.14834819365358945
0.30098261137977156,0.7842997578002564,0.14830414265586392
0.3010340570017492,0.7842997578002564,0.1482876967840065
0.30108550262372674,0.7842997578002564,0.1482754567003955
0.30108550262372674,0.7844422282376406,0.14825522818249914
0.30121411667867065,0.7844422282376406,0.14818735103183447
0.30121411667867065,0.7845846986750249,0.1481829347478304
0.301291285111637,0.7845846986750249,0.14811517206291225
0.301291285111637,0.7847271691124091,0.14810054159604955
0.30136845354460334,0.7847271691124091,0.14804651873566735
0.3013941763555921,0.7848696395497934,0.14801894686542744
0.30147134478855847,0.7848696395497934,0.14799723231206646
0.30147134478855847,0.7850121099871776,0.14799111771079873
0.30149706759954725,0.7850121099871776,0.14798469322039265
0.30149706759954725,0.7852970508619461,0.14798220013802083
0.3015227904105361,0.7852970508619461,0.14796595976373647
0.3015227904105361,0.7854395212993304,0.14796430448951114
0.3018057413314127,0.7854395212993304,0.14787403878311997
0.3018057413314127,0.7855819917367146,0.14786931463099945
0.302011523819323,0.7855819917367146,0.14775377741235765
0.302011523819323,0.7857244621740989,0.1477298948727875
0.30237164317316595,0.7857244621740989,0.1474976125144783
0.30239736598415473,0.7858669326114831,0.1474578627134751
0.3025517028500875,0.7858669326114831,0.14735989763286347
0.3025517028500875,0.7860094030488673,0.14735633640212975
0.3027832081489865,0.7860094030488673,0.14723380830645014
0.3028346537709641,0.7860094030488673,0.1472056131955551
0.3030661590698632,0.7860094030488673,0.14709481732202725
0.30311760469184074,0.7860094030488673,0.14707823799812778
0.30311760469184074,0.7864368143610201,0.14705379544271782
0.3032976643687622,0.7864368143610201,0.14699990553102585
0.3033491099907398,0.7864368143610201,0.14696688760013377
0.30340055561271734,0.7864368143610201,0.1469181396437157
0.30340055561271734,0.7865792847984043,0.14691774724016532
0.3035291696676613,0.7865792847984043,0.1468251864709216
0.3035291696676613,0.7867217552357886,0.1468250131272282
0.3035548924786501,0.7867217552357886,0.14681189273828135
0.30358061528963887,0.7868642256731728,0.14680737557608567
0.30363206091161643,0.7868642256731728,0.14677766055816233
0.3036577837226052,0.7870066961105571,0.14676932858318914
0.3036577837226052,0.7871491665479413,0.1467680176549907
0.30373495215557156,0.7871491665479413,0.14672373218945098
0.30376067496656034,0.7872916369853256,0.1467173081806229
0.304043625887437,0.7872916369853256,0.14665898477534742
0.304043625887437,0.7877190482974783,0.14663004943516272
0.3041979627533697,0.7877190482974783,0.14658154425608144
0.3041979627533697,0.7880039891722468,0.14657596293150016
0.30437802243029116,0.7880039891722468,0.14651749269654385
0.30437802243029116,0.7882889300470153,0.1465042293306489
0.30445519086325756,0.7882889300470153,0.1464935108741104
0.30445519086325756,0.7884314004843995,0.1464838546572628
0.30448091367424635,0.7884314004843995,0.1464828212257498
0.30448091367424635,0.7885738709217838,0.1464648719134568
0.3045323592962239,0.7885738709217838,0.1464430793462762
0.3045323592962239,0.788716341359168,0.14642986650961312
0.30463525054017904,0.788716341359168,0.14641197448232066
0.3047124189731454,0.788716341359168,0.1463955364211217
0.30473814178413416,0.788716341359168,0.1463881011916911
0.30473814178413416,0.7888588117965523,0.14636922116737433
0.3048410330280893,0.7888588117965523,0.1462994223607465
0.3048410330280893,0.7890012822339365,0.14628341581979096
0.30489247865006686,0.7891437526713208,0.14627838870609525
0.3050210927050108,0.7891437526713208,0.14620551984422953
0.3050210927050108,0.789286223108705,0.14619860307387408
0.30514970675995473,0.789286223108705,0.14618294485203195
0.3051754295709435,0.7894286935460891,0.14617066946845347
0.3052011523819323,0.7894286935460891,0.14616451507898032
0.30525259800390986,0.7894286935460891,0.14616428451024482
0.305355489247865,0.7894286935460891,0.14613640335356168
0.305355489247865,0.7895711639834734,0.14613520613766057
0.3054326576808314,0.7895711639834734,0.14609582881911917
0.3054326576808314,0.7897136344208576,0.14609250370039112
0.30550982611379773,0.7897136344208576,0.14607666445055525
0.3055869945467641,0.7897136344208576,0.14605841611288717
0.3055869945467641,0.7898561048582419,0.1460330469495653
0.30561271735775286,0.7898561048582419,0.14602888235980982
0.30561271735775286,0.7899985752956261,0.1460274587915657
0.30563844016874164,0.7899985752956261,0.14601276776896963
0.30563844016874164,0.7901410457330104,0.14600836621087734
0.3056898857907192,0.7901410457330104,0.14596761168887323
0.305715608601708,0.7902835161703946,0.14595579671424888
0.30574133141269677,0.7902835161703946,0.14595031504728992
0.3058184998456631,0.7902835161703946,0.1459494179750153
0.30599855952258465,0.7902835161703946,0.14588592898260672
0.30599855952258465,0.7904259866077789,0.14588410164410792
0.306075727955551,0.7904259866077789,0.14582678439730237
0.30612717357752856,0.7904259866077789,0.1458213854632287
0.3062300648214837,0.7904259866077789,0.1457725600137017
0.3062300648214837,0.7905684570451631,0.145769249553065
0.3063329560654388,0.7905684570451631,0.1456990752973514
0.3063329560654388,0.7907109274825473,0.1456868734932977
0.306435847309394,0.7907109274825473,0.1456800328671198
0.30648729293137156,0.7907109274825473,0.14565398011923736
0.30648729293137156,0.7908533979199316,0.14565241289520836
0.3065901841753267,0.7908533979199316,0.14560891280571586
0.30666735260829303,0.7908533979199316,0.14559272152514546
0.3066930754192818,0.7908533979199316,0.1455832783076281
0.30677024385224816,0.7909958683573158,0.14558267443046552
0.3068731350962033,0.7909958683573158,0.1455416346823875
0.3068731350962033,0.7912808092320843,0.1455335234193499
0.3068988579071921,0.7914232796694686,0.14551610446989896
0.30700174915114725,0.7914232796694686,0.14546129415943101
0.30700174915114725,0.7915657501068528,0.14544592161303804
0.30725897726103507,0.7915657501068528,0.14535137076134824
0.30725897726103507,0.7917082205442371,0.14532457486532258
0.30738759131597904,0.7917082205442371,0.14525788836811498
0.30738759131597904,0.7918506909816213,0.14525037330928672
0.30749048255993416,0.7919931614190056,0.1452409202496396
0.3075676509929005,0.7919931614190056,0.14518345638413366
0.3076190966148781,0.7919931614190056,0.14516819360066702
0.3076190966148781,0.7921356318563898,0.1451583858216735
0.30764481942586686,0.7921356318563898,0.14515726681033417
0.30764481942586686,0.792278102293774,0.14512665280043113
0.30777343348081077,0.792278102293774,0.145076452803518
0.30777343348081077,0.7924205727311583,0.1450756649189522
0.3080821072126762,0.7924205727311583,0.1449075407251591
0.30813355283465377,0.7924205727311583,0.14490391783458406
0.30815927564564255,0.7924205727311583,0.14490355431008117
0.30815927564564255,0.7925630431685425,0.1448863166349782
0.30836505813355286,0.7925630431685425,0.1447902226025493
0.30836505813355286,0.7927055136059268,0.14477109079232048
0.3084165037555304,0.7927055136059268,0.14474765772507986
0.3084165037555304,0.7929904544806953,0.14473500138986325
0.3086222862434407,0.7929904544806953,0.14465614514591277
0.30867373186541824,0.7929904544806953,0.14464848989726536
0.30880234592036215,0.7929904544806953,0.1445730799712333
0.30880234592036215,0.7931329249180795,0.14457225719640318
0.30887951435332855,0.7931329249180795,0.14450910214414892
0.30890523716431734,0.7932753953554638,0.14447623723480385
0.3093425249511267,0.7932753953554638,0.14421760736878336
0.3093425249511267,0.793417865792848,0.14417681184149897
0.3094454161950818,0.793417865792848,0.14415317123335677
0.3094968618170594,0.793417865792848,0.1441475868432365
0.3095997530610145,0.793417865792848,0.1441273720259079
0.30967692149398085,0.793417865792848,0.14412593632221157
0.3097540899269472,0.793417865792848,0.14411328550345195
0.30980553554892476,0.793417865792848,0.14410963121025852
0.3098569811709024,0.793417865792848,0.1440853904279602
0.3099341496038687,0.7935603362302323,0.14408216860773787
0.31003704084782385,0.7935603362302323,0.14404410961210945
0.31003704084782385,0.7937028066676165,0.1440316849319548
0.3102685461467229,0.7937028066676165,0.14387455485898068
0.3102685461467229,0.7938452771050007,0.14386232998423096
0.3104743286346332,0.7938452771050007,0.14375593205736248
0.310500051445622,0.793987747542385,0.1437479759200381
0.31052577425661076,0.793987747542385,0.1437479559617135
0.31052577425661076,0.7941302179797692,0.1437423655933326
0.3106029426895771,0.7941302179797692,0.14371386073111977
0.3106029426895771,0.7942726884171535,0.14370017847696806
0.31088589361045377,0.7942726884171535,0.14354457415744368
0.31088589361045377,0.7944151588545377,0.1435423179499774
0.31091161642144255,0.7944151588545377,0.14353904033010606
0.3109630620434201,0.7944151588545377,0.14351370730146398
0.3109887848544089,0.7944151588545377,0.14350390813216407
0.3109887848544089,0.794557629291922,0.14348932644134718
0.31106595328737524,0.794557629291922,0.14348043718134879
0.31122029015330793,0.794557629291922,0.14340539072125752
0.31122029015330793,0.7947000997293062,0.14339551192168662
0.3112460129642967,0.7947000997293062,0.14338655976407377
0.3112460129642967,0.7948425701666905,0.14333881841473395
0.31152896388517337,0.7948425701666905,0.14324572057342558
0.31152896388517337,0.7949850406040746,0.1432361735930438
0.31158040950715093,0.7949850406040746,0.14323406021366225
0.3116318551291285,0.7949850406040746,0.14321704209933414
0.3116318551291285,0.7951275110414588,0.14321440655598816
0.31168330075110606,0.7951275110414588,0.14318849950327847
0.31170902356209484,0.7952699814788431,0.1431477063996
0.3118890832390164,0.7952699814788431,0.14303652869258027
0.31194052886099394,0.7954124519162273,0.14303366136105758
0.3119919744829715,0.7954124519162273,0.1430042495393937
0.31204342010494907,0.7955549223536116,0.14299181448652462
0.31222347978187054,0.7955549223536116,0.14288915498702576
0.31222347978187054,0.7958398632283801,0.1428779434327381
0.3126093219467023,0.7958398632283801,0.14268765075835557
0.3126093219467023,0.7959823336657643,0.14268360749876868
0.31271221319065745,0.7959823336657643,0.14258677741044765
0.31278938162362385,0.7959823336657643,0.14258231775105837
0.31291799567856776,0.7959823336657643,0.14245630476620574
0.3130208869225229,0.7959823336657643,0.14242698125458073
0.3133552834653771,0.7959823336657643,0.14216734052587238
0.3133552834653771,0.7961248041031486,0.14213932125000736
0.3134067290873547,0.7961248041031486,0.14207507336512834
0.31345817470933224,0.7962672745405328,0.14207322903699926
0.3135096203313098,0.7962672745405328,0.14205630719337203
0.3135096203313098,0.7964097449779171,0.14203960424824968
0.31358678876427615,0.7964097449779171,0.14201502955459927
0.31358678876427615,0.7965522154153013,0.1420059855523684
0.3137668484411977,0.7965522154153013,0.14188121250777191
0.3137668484411977,0.7966946858526855,0.1418716057476386
0.3138954624961416,0.7966946858526855,0.14186294755975495
0.3139983537400967,0.7966946858526855,0.1417995914549868
0.3139983537400967,0.7968371562900698,0.1417570103346224
0.31407552217306306,0.7968371562900698,0.14171431305641946
0.3141269677950406,0.7971220971648383,0.14167629241941715
0.3142555818499846,0.7971220971648383,0.1416016096589968
0.31428130466097337,0.7972645676022225,0.14159720484018565
0.3143584730939397,0.7972645676022225,0.141575530508664
0.3144099187159173,0.7974070380396068,0.14156040505247355
0.3144870871488836,0.7974070380396068,0.14153152897909907
0.3145385327708612,0.7974070380396068,0.14148405939367312
0.31458997839283875,0.7974070380396068,0.14144577229332733
0.31458997839283875,0.7976919789143753,0.14141590153417571
0.3147185924477827,0.7976919789143753,0.14136210148612774
0.3147185924477827,0.7978344493517595,0.14133762750433573
0.31479576088074906,0.7978344493517595,0.14132373183274013
0.31479576088074906,0.7979769197891438,0.14132342308514623
0.31495009774668176,0.7979769197891438,0.14123195615052705
0.31495009774668176,0.798119390226528,0.1412276984471488
0.31507871180162567,0.798119390226528,0.1411592800957414
0.31513015742360323,0.798119390226528,0.14114241781814163
0.3151816030455808,0.798119390226528,0.14111652763449728
0.3151816030455808,0.7984043311012965,0.14109135727483627
0.31520732585656963,0.7984043311012965,0.14105046638684388
0.31520732585656963,0.7985468015386807,0.14104420867096656
0.3152330486675584,0.7985468015386807,0.14104066573254592
0.3152330486675584,0.798689271976065,0.14103377107104118
0.31533593991151354,0.798689271976065,0.14100726785063902
0.3154131083444799,0.798689271976065,0.1409750767486614
0.315515999588435,0.7989742128508335,0.1409732864344964
0.31559316802140136,0.7989742128508335,0.14095012614930208
0.3156446136433789,0.7989742128508335,0.14094171976959513
0.31582467332030045,0.7989742128508335,0.140882586027413
0.31582467332030045,0.7991166832882177,0.14088127254035607
0.3159018417532668,0.7991166832882177,0.14083892271910453
0.3159018417532668,0.799259153725602,0.14082612171077552
0.3161590698631546,0.799259153725602,0.14072027154168762
0.3161590698631546,0.7994016241629862,0.14071542235862858
0.31636485235106493,0.7994016241629862,0.14062509200671644
0.31636485235106493,0.7995440946003705,0.1405998641971607
0.3165191892169976,0.7995440946003705,0.14051038757386586
0.3165191892169976,0.7996865650377547,0.14050660233203918
0.3167764173268855,0.7996865650377547,0.14032866035245847
0.31682786294886306,0.7996865650377547,0.1403164800418714
0.31685358575985184,0.7996865650377547,0.1402978249346028
0.31685358575985184,0.799829035475139,0.140276927934441
0.3170593682477621,0.799829035475139,0.14016104166865392
0.3170593682477621,0.7999715059125232,0.14015553226298186
0.3170850910587509,0.7999715059125232,0.14015544566643426
0.3170850910587509,0.8001139763499074,0.14013700292867987
0.3174194876016051,0.8001139763499074,0.139960281276984
0.3174194876016051,0.8002564467872917,0.13994994143247289
0.31747093322358266,0.8002564467872917,0.13993332550156934
0.31749665603457145,0.8003989172246759,0.1399269140209168
0.3175995472785266,0.8003989172246759,0.13988728021022137
0.3176509929005042,0.8003989172246759,0.13988654129878214
0.318268340364235,0.8003989172246759,0.13953485762385426
0.318268340364235,0.8005413876620602,0.13952169039430026
0.3182940631752238,0.8005413876620602,0.13951563265862874
0.3182940631752238,0.8006838580994443,0.13951293880564772
0.3184226772301677,0.8006838580994443,0.13940852226763045
0.3184226772301677,0.8008263285368286,0.1393477925467097
0.3184484000411565,0.8008263285368286,0.13931646101939996
0.3184484000411565,0.8009687989742128,0.1393045729319564
0.31852556847412283,0.8009687989742128,0.13928487298392533
0.31852556847412283,0.8012537398489813,0.13925381990798352
0.3185512912851116,0.8012537398489813,0.13925225691961823
0.3185512912851116,0.8013962102863655,0.13923998384368902
0.3185770140961004,0.8013962102863655,0.13922924399376777
0.3185770140961004,0.8015386807237498,0.1392281032507538
0.3186541825290668,0.8015386807237498,0.1391822947490065
0.3186541825290668,0.801681151161134,0.1391821361808629
0.3187827965840107,0.801681151161134,0.13907761988738224
0.3187827965840107,0.8018236215985183,0.13905584424222048
0.3188085193949995,0.8018236215985183,0.13905539050464438
0.31885996501697705,0.8018236215985183,0.13900677191332045
0.31885996501697705,0.8019660920359025,0.13899669687246474
0.3191943615598313,0.8019660920359025,0.1388579452560049
0.31924580718180884,0.8019660920359025,0.13883365640381354
0.3192715299927976,0.8019660920359025,0.1387917424571614
0.3192715299927976,0.8021085624732868,0.13878690723804527
0.31934869842576397,0.8021085624732868,0.13877244566698152
0.31934869842576397,0.802251032910671,0.13874080042676554
0.3194258668587303,0.802251032910671,0.1387213474175552
0.3194258668587303,0.8026784442228238,0.13870947860949112
0.3194773124807079,0.8026784442228238,0.13869650414797616
0.3196830949686182,0.8026784442228238,0.13861035128366783
0.31976026340158453,0.8026784442228238,0.13860329762573537
0.319940323078506,0.8026784442228238,0.13853224498394695
0.319940323078506,0.802820914660208,0.13851146168074585
0.3199660458894948,0.802820914660208,0.13850985588309853
0.32004321432246113,0.802820914660208,0.1385035607517584
0.3201975511883939,0.802820914660208,0.13846524008113392
0.3201975511883939,0.8031058555349765,0.13836217836026596
0.3203518880543266,0.8031058555349765,0.13830735065400307
0.3203518880543266,0.8032483259723607,0.13829507031854152
0.32040333367630414,0.8032483259723607,0.13826812410102188
0.3204290564872929,0.803390796409745,0.13825000087852554
0.32058339335322567,0.803390796409745,0.1382110692659538
0.32058339335322567,0.8035332668471292,0.13819533931390487
0.3207120074081696,0.8035332668471292,0.13816217253830407
0.3207120074081696,0.8036757372845135,0.13815264983232442
0.32073773021915836,0.8036757372845135,0.1381415110382619
0.32073773021915836,0.8038182077218977,0.13812208993243436
0.3210464039510238,0.8038182077218977,0.13791944557344785
0.3210464039510238,0.803960678159282,0.137919239963511
0.32112357238399014,0.803960678159282,0.13791286390130583
0.32112357238399014,0.8041031485966662,0.1379120601297138
0.3213036320609116,0.8041031485966662,0.13785094913021187
0.3213036320609116,0.8042456190340505,0.13783353517718086
0.3214579689268443,0.8042456190340505,0.13778900951446374
0.3214579689268443,0.8043880894714347,0.13777728510404993
0.3216637514147546,0.8043880894714347,0.13766694873069923
0.3216894742257434,0.8045305599088189,0.13766273762194087
0.3217923654696985,0.8045305599088189,0.13762501255086795
0.3217923654696985,0.8046730303462032,0.13761711314291758
0.3218180882806873,0.8046730303462032,0.13760789604939092
0.3218180882806873,0.8049579712209717,0.13758998980821954
0.3218438110916761,0.8049579712209717,0.13756183218557236
0.32189525671365365,0.8049579712209717,0.13756072076666573
0.32192097952464244,0.8049579712209717,0.13755170115352758
0.32192097952464244,0.8051004416583559,0.13754135499269465
0.3219467023356312,0.8051004416583559,0.13752245964812815
0.32197242514662,0.8052429120957402,0.13751374139888645
0.32212676201255275,0.8052429120957402,0.13743133395428953
0.32212676201255275,0.8053853825331244,0.13743121104273842
0.322332544500463,0.8053853825331244,0.13731890883746697
0.3223582673114518,0.8055278529705087,0.13730954644133306
0.3224611585554069,0.8055278529705087,0.13725942773998842
0.3224611585554069,0.8056703234078929,0.13724804082101352
0.32251260417738453,0.8056703234078929,0.1372272258851988
0.32251260417738453,0.8058127938452772,0.13722478881913347
0.3225383269883733,0.8058127938452772,0.13721237524893676
0.3225897726103509,0.8058127938452772,0.13718601636197103
0.3225897726103509,0.8059552642826614,0.1371640257665637
0.3227183866652948,0.8059552642826614,0.1371468772273381
0.3227183866652948,0.8060977347200456,0.13713303755252584
0.32274410947628357,0.8062402051574298,0.1371265860184101
0.32279555509826113,0.8062402051574298,0.13712536868668407
0.3228727235312275,0.8062402051574298,0.1371036493750687
0.3228727235312275,0.806382675594814,0.13710222477195536
0.32289844634221626,0.806382675594814,0.13709727670107233
0.32289844634221626,0.8065251460321983,0.1370939936080616
0.3229756147751826,0.8065251460321983,0.13702944483501145
0.323052783208149,0.8065251460321983,0.1370085956908695
0.323052783208149,0.8066676164695825,0.13699656445944164
0.32312995164111535,0.8066676164695825,0.13695502824239045
0.32312995164111535,0.8068100869069668,0.1369472988632878
0.32315567445210414,0.8068100869069668,0.13694492999207322
0.32315567445210414,0.8070950277817353,0.13688073872839512
0.3232071200740817,0.8070950277817353,0.13687063794389293
0.32325856569605926,0.8070950277817353,0.13687001986813252
0.3233871797510032,0.8070950277817353,0.13683898980377363
0.3233871797510032,0.8072374982191195,0.13683582506608236
0.3238759131597901,0.8072374982191195,0.13667046413880163
0.32392735878176765,0.8072374982191195,0.13665332330572227
0.3240559728367116,0.8072374982191195,0.13659229693222566
0.3241074184586892,0.8072374982191195,0.13658901253475036
0.3241074184586892,0.8073799686565037,0.1365771720046549
0.3244675378125322,0.8073799686565037,0.13639031355746734
0.32451898343450974,0.8073799686565037,0.13638409000569843
0.32464759748945365,0.8073799686565037,0.13633484141301308
0.32467332030044244,0.807522439093888,0.13632338138645664
0.32472476592242,0.807522439093888,0.13628029100793018
0.3247504887334088,0.8076649095312722,0.1362782282703113
0.3249562712213191,0.8076649095312722,0.13617594025798585
0.3249562712213191,0.8078073799686565,0.13614813386900504
0.32500771684329666,0.8078073799686565,0.1361267373296587
0.325084885276263,0.808092320843425,0.13610041102409873
0.3251106080872518,0.808092320843425,0.1360936946028718
0.3251106080872518,0.8082347912808092,0.1360821680797778
0.3251106080872518,0.8088046730303462,0.13607889407552043
0.32554789587406113,0.8088046730303462,0.13584288024803612
0.32554789587406113,0.8089471434677304,0.13582204038362325
0.3255993414960387,0.8089471434677304,0.13581757879471848
0.3255993414960387,0.8090896139051147,0.13581757356744598
0.3257022327399938,0.8090896139051147,0.13579669449726428
0.3257536783619714,0.8090896139051147,0.1357814553452982
0.32580512398394895,0.8090896139051147,0.1357806754422229
0.32580512398394895,0.8092320843424989,0.1357769890624061
0.32583084679493773,0.8092320843424989,0.1357706619234666
0.32583084679493773,0.8093745547798832,0.13576712182600006
0.3261137977158144,0.8093745547798832,0.13565369830077068
0.32616524333779195,0.8093745547798832,0.13564996495581794
0.32616524333779195,0.8095170252172674,0.1356420839443826
0.3264996398806462,0.8095170252172674,0.13551204769653777
0.32652536269163496,0.8096594956546517,0.13549805789180844
0.32655108550262374,0.8096594956546517,0.13548919424909664
0.3266282539355901,0.8096594956546517,0.13548282774719608
0.32667969955756765,0.8096594956546517,0.1354658513087939
0.3267825908015228,0.8099444365294202,0.1354608941511868
0.32680831361251156,0.8099444365294202,0.13542438888170089
0.3268597592344891,0.8099444365294202,0.13541042751248586
0.3268854820454779,0.8099444365294202,0.1354067083361918
0.3268854820454779,0.8100869069668044,0.1354054378003373
0.3269626504784443,0.8100869069668044,0.13538143814233236
0.3269626504784443,0.8102293774041887,0.13537673027834124
0.3269883732894331,0.8102293774041887,0.13536393597930735
0.3269883732894331,0.8103718478415729,0.13535419508686264
0.32701409610042187,0.8103718478415729,0.1353272617730289
0.32701409610042187,0.8106567887163414,0.135294368617668
0.32703981891141065,0.8106567887163414,0.13529103780955717
0.32706554172239943,0.8107992591537256,0.1352865126559578
0.32716843296635456,0.8107992591537256,0.13525285470625278
0.32716843296635456,0.8110842000284941,0.13518930733162127
0.3273742154542648,0.8110842000284941,0.1351459803360933
0.3273742154542648,0.8112266704658784,0.13514437619597797
0.32755427513118635,0.8112266704658784,0.13506617075149396
0.32755427513118635,0.8113691409032626,0.13505505490233868
0.32791439448502935,0.8113691409032626,0.1347860681403345
0.32791439448502935,0.8115116113406469,0.13477590598854974
0.32804300853997326,0.8115116113406469,0.13470736558820168
0.32804300853997326,0.8116540817780311,0.13470391328116654
0.32842885070480504,0.8116540817780311,0.13448752067333347
0.32842885070480504,0.8117965522154154,0.13447837755985714
0.3284545735157938,0.8117965522154154,0.13446845780782526
0.3285060191377714,0.8117965522154154,0.13446361766327933
0.3285060191377714,0.8119390226527995,0.13444630939510677
0.32891758411359195,0.8119390226527995,0.13424001231449967
0.3289947525465583,0.8119390226527995,0.13423638333145113
0.32904619816853586,0.8119390226527995,0.13421649553222745
0.32907192097952465,0.8120814930901837,0.13419385013338614
0.32907192097952465,0.812223963527568,0.13419167816939293
0.32940631752237887,0.812223963527568,0.13406181489668198
0.32945776314435643,0.812223963527568,0.13405834436828543
0.3294834859553452,0.812223963527568,0.13405596243723444
0.3295349315773228,0.812223963527568,0.1340478789883569
0.32958637719930034,0.812223963527568,0.13403593950527692
0.32958637719930034,0.8123664339649522,0.13403007254356283
0.3298950509311658,0.8123664339649522,0.13390521226247043
0.32994649655314334,0.8123664339649522,0.13390134166717627
0.3301265562300648,0.8123664339649522,0.13382376245780264
0.3301522790410536,0.8125089044023365,0.1338133394286588
0.33020372466303116,0.8125089044023365,0.13373625156766508
0.3302808930959975,0.8125089044023365,0.13372186766026997
0.3303066159069863,0.8125089044023365,0.13371886328518232
0.3303066159069863,0.8126513748397207,0.13371425214919236
0.3303323387179751,0.8126513748397207,0.13370904769459127
0.3303323387179751,0.8129363157144892,0.13370431633221277
0.33046095277291904,0.8129363157144892,0.13361403328491683
0.33046095277291904,0.8130787861518735,0.13361239183860943
0.3305123983948966,0.8130787861518735,0.13361129502551922
0.33061528963885173,0.8130787861518735,0.13355860864494393
0.3306667352608293,0.8130787861518735,0.13355287311619496
0.3306924580718181,0.8130787861518735,0.13352020950430413
0.3306924580718181,0.8132212565892577,0.1335124377030445
0.3308467949377508,0.8132212565892577,0.13342263924155406
0.3308982405597284,0.8132212565892577,0.13341755980111353
0.33092396337071717,0.8132212565892577,0.13341575895429067
0.33092396337071717,0.813363727026642,0.1334145662700203
0.33097540899269473,0.813363727026642,0.13338634135869573
0.33097540899269473,0.8135061974640262,0.13336931060823726
0.3310268546146723,0.8136486679014104,0.13335819949689232
0.3311554686696162,0.8136486679014104,0.13325197742782935
0.33120691429159377,0.8136486679014104,0.13318792128403356
0.33125835991357133,0.8136486679014104,0.13317742718347944
0.3312840827245601,0.8137911383387947,0.13317373903024501
0.3313612511575265,0.8137911383387947,0.13316670123523253
0.3313869739685153,0.8139336087761789,0.1331592224508471
0.3315155880234592,0.8139336087761789,0.13311459484820923
0.3315155880234592,0.8140760792135632,0.13311061903018057
0.3318499845663134,0.8140760792135632,0.13291001255268695
0.3318499845663134,0.8142185496509474,0.1329031070609495
0.3318757073773022,0.8142185496509474,0.13289687466273975
0.3318757073773022,0.8143610200883317,0.13289068847251678
0.3319271529992798,0.8143610200883317,0.1328541728221481
0.33197859862125734,0.8143610200883317,0.13284453802861554
0.3320043214322461,0.8143610200883317,0.13282496237660243
0.3320043214322461,0.8145034905257159,0.13277779387659544
0.33208148986521246,0.8145034905257159,0.13274365957538958
0.33208148986521246,0.8146459609631002,0.13273988256841102
0.3322872723531228,0.8146459609631002,0.13259117747179588
0.3322872723531228,0.8147884314004844,0.13258701821278382
0.33233871797510034,0.8147884314004844,0.13257933940479752
0.33244160921905547,0.8147884314004844,0.13252674730973904
0.33249305484103303,0.8147884314004844,0.13252398588193587
0.33249305484103303,0.8149309018378686,0.13251625350535587
0.33262166889597694,0.8149309018378686,0.13241701121322824
0.33262166889597694,0.8150733722752529,0.13241443763780372
0.3326731145179545,0.8150733722752529,0.13239793235839764
0.3326731145179545,0.8152158427126371,0.13239485288888217
0.33285317419487603,0.8152158427126371,0.13231061311784895
0.33285317419487603,0.8153583131500214,0.1323067365596687
0.3328788970058648,0.8153583131500214,0.1322897743548574
0.33298178824981994,0.8153583131500214,0.13228799763110147
0.3330075110608087,0.8153583131500214,0.1322750980498936
0.3330075110608087,0.8155007835874056,0.13224704781726088
0.3330332338717975,0.8155007835874056,0.13222773103116137
0.3330332338717975,0.8157857244621741,0.13220902544532653
0.3330589566827863,0.8157857244621741,0.13219880101572354
0.33313612511575263,0.8157857244621741,0.13219851095328713
0.3331875707377302,0.8157857244621741,0.13219425768757512
0.3332647391706966,0.8157857244621741,0.13217587975602385
0.3332647391706966,0.8159281948995584,0.13216875782712528
0.33331618479267416,0.8159281948995584,0.13214752834012156
0.33331618479267416,0.8160706653369426,0.13212340789267596
0.3333676304146517,0.8160706653369426,0.13210345206339288
0.3333676304146517,0.8162131357743269,0.13207666839645898
0.3338049182014611,0.8162131357743269,0.13187780287044967
0.3339078094454162,0.8162131357743269,0.13187002501030073
0.333933532256405,0.8162131357743269,0.13185429193578813
0.33398497787838255,0.8162131357743269,0.13183182147726444
0.334165037555304,0.8162131357743269,0.1317553983797373
0.334165037555304,0.8163556062117111,0.13173917628661327
0.3342422059882704,0.8163556062117111,0.1317352016060566
0.3342422059882704,0.8164980766490954,0.13173081733713507
0.3345508797201358,0.8164980766490954,0.1316000070427378
0.3345766025311246,0.8166405470864796,0.13159882745972926
0.33483383064101246,0.8166405470864796,0.13152479735936404
0.33483383064101246,0.8167830175238638,0.13152344268963717
0.33485955345200125,0.8167830175238638,0.13151359295754475
0.33485955345200125,0.8169254879612481,0.1315134343316791
0.33488527626299003,0.8169254879612481,0.13150662332616692
0.33488527626299003,0.8170679583986323,0.1315032637705841
0.3349624446959564,0.8170679583986323,0.13148149572648463
0.33501389031793394,0.8170679583986323,0.13146192269630352
0.33501389031793394,0.8172104288360166,0.13145483377125616
0.3354511781047433,0.8172104288360166,0.13120324774242945
0.3354511781047433,0.8173528992734008,0.1312020443569068
0.3357598518366087,0.8173528992734008,0.13108288042662805
0.3357855746475975,0.817495369710785,0.13107480547493586
0.33583702026957507,0.817495369710785,0.13104454406333907
0.33588846589155263,0.817495369710785,0.13102418462788232
0.3359141887025414,0.817495369710785,0.13102022234940083
0.3359141887025414,0.8179227810229377,0.1309744650614048
0.335965634324519,0.8179227810229377,0.13096882995317877
0.33601707994649654,0.8179227810229377,0.13096792534707719
0.3360428027574853,0.8179227810229377,0.13095225378643685
0.3360428027574853,0.8180652514603219,0.13095149395952294
0.33617141681242924,0.8180652514603219,0.13095102236038828
0.33617141681242924,0.8182077218977062,0.1309433705375617
0.33622286243440686,0.8182077218977062,0.13094064132441816
0.33622286243440686,0.8183501923350904,0.13091898608349223
0.33635147648935076,0.8183501923350904,0.13088965455276227
0.33635147648935076,0.8184926627724747,0.13088243690340806
0.3364286449223171,0.8184926627724747,0.13085110841784628
0.3364286449223171,0.8186351332098589,0.13084686432684975
0.3365829817882498,0.8186351332098589,0.13080084538463346
0.3365829817882498,0.8187776036472432,0.1307996789223303
0.33663442741022737,0.8187776036472432,0.13077974064145403
0.33663442741022737,0.8189200740846274,0.13073817405183333
0.33676304146517133,0.8189200740846274,0.13067784747694086
0.33676304146517133,0.8190625445220117,0.1306747533530406
0.3370974380080255,0.8190625445220117,0.13060453256357532
0.3370974380080255,0.8192050149593959,0.1305947865008784
0.3371746064409919,0.8192050149593959,0.1305933210425986
0.3372003292519807,0.8192050149593959,0.1305910924884586
0.3372003292519807,0.8194899558341644,0.13057235585142116
0.3374575573618685,0.8194899558341644,0.13043689965692074
0.3374575573618685,0.8196324262715486,0.13043234074396928
0.3374832801728573,0.8196324262715486,0.13042040954591705
0.3374832801728573,0.8197748967089329,0.13041446531071701
0.3376633398497788,0.8197748967089329,0.13032406483844072
0.3377147854717564,0.8197748967089329,0.13032058211521647
0.3377919539047227,0.8197748967089329,0.13028618523416427
0.3378433995267003,0.8197748967089329,0.13026579436682822
0.33792056795966663,0.8197748967089329,0.13026095600711882
0.33804918201461054,0.8197748967089329,0.13019752641655208
0.33804918201461054,0.8199173671463171,0.13015397563045716
0.3381263504475769,0.8199173671463171,0.13014992580336474
0.3381263504475769,0.8200598375837014,0.1301444031308063
0.3381263504475769,0.8203447784584699,0.13014410415317493
0.338357855746476,0.8203447784584699,0.13003101045714402
0.338357855746476,0.8204872488958541,0.1300300598242526
0.3384607469904311,0.8204872488958541,0.12998123828854938
0.3384607469904311,0.8206297193332384,0.1299766860921749
0.33864080666735263,0.8206297193332384,0.1298596878332635
0.33864080666735263,0.8207721897706226,0.12984661042225346
0.3388208663442741,0.8207721897706226,0.12979648410079636
0.33887231196625167,0.8207721897706226,0.12978440267393757
0.33889803477724045,0.8207721897706226,0.12977149551777656
0.338949480399218,0.8207721897706226,0.12977125885026247
0.3390009260211956,0.8207721897706226,0.12974278868976355
0.3390009260211956,0.8209146602080069,0.12973875926489942
0.3390780944541619,0.8209146602080069,0.12969838082220175
0.3390780944541619,0.8210571306453911,0.1296981259007846
0.3391809856981171,0.8210571306453911,0.129619932602722
0.3391809856981171,0.8211996010827753,0.12959951109971807
0.3392067085091059,0.8211996010827753,0.12959074591664047
0.3392067085091059,0.8213420715201596,0.1295833997620106
0.33925815413108346,0.8213420715201596,0.12957521296328414
0.33943821380800493,0.8213420715201596,0.12954241083832324
0.33943821380800493,0.8214845419575438,0.1295352083931216
0.33954110505196006,0.8214845419575438,0.12948870806667798
0.33954110505196006,0.8217694828323123,0.12946086757664307
0.3397211647288816,0.8217694828323123,0.1293878809714697
0.3397211647288816,0.8219119532696966,0.12937567340623102
0.33979833316184793,0.8219119532696966,0.12936916986724523
0.33979833316184793,0.8220544237070808,0.129361313860134
0.3398497787838255,0.8220544237070808,0.1293555103088786
0.3398497787838255,0.8221968941444651,0.12934690704081558
0.3398755015948143,0.8221968941444651,0.12932681368372848
0.33992694721679184,0.8221968941444651,0.1293098863845576
0.3399783928387694,0.8221968941444651,0.12930434179790282
0.34002983846074697,0.8221968941444651,0.12929624473396867
0.34026134375964606,0.8221968941444651,0.12919536866872608
0.3403127893816236,0.8221968941444651,0.12918760743949675
0.3403385121926124,0.8221968941444651,0.1291837211739551
0.3403385121926124,0.8223393645818493,0.1291803852830725
0.3403385121926124,0.8226243054566178,0.12917466467194652
0.34038995781458997,0.8226243054566178,0.12916144908897537
0.3404928490585451,0.8226243054566178,0.12911920507690244
0.3404928490585451,0.822766775894002,0.12907956801149575
0.3405957403025003,0.822766775894002,0.1290349879584483
0.34067290873546663,0.822766775894002,0.12903332117117197
0.340750077168433,0.822766775894002,0.12901378367942673
0.34080152279041054,0.822766775894002,0.12901065899104777
0.34093013684535445,0.822766775894002,0.12896431353428442
0.34093013684535445,0.8229092463313863,0.1289580698894962
0.34095585965634323,0.8230517167687704,0.12893347385060597
0.34116164214425354,0.8230517167687704,0.12879381393389872
0.34116164214425354,0.8231941872061547,0.128772870379067
0.3413674246321638,0.8231941872061547,0.12872117747362813
0.34144459306513014,0.8231941872061547,0.12870314799381052
0.3415989299310629,0.8231941872061547,0.12865094335602215
0.34167609836402923,0.8233366576435389,0.12859443908226012
0.341701821175018,0.8233366576435389,0.12859419815283324
0.341701821175018,0.8234791280809232,0.1285898068071632
0.34177898960798436,0.8234791280809232,0.12856454803302575
0.34177898960798436,0.8236215985183074,0.1285522667226059
0.3418561580409507,0.8236215985183074,0.1285298357116761
0.3418818808519395,0.8237640689556917,0.12852238404904937
0.3419847720958946,0.8237640689556917,0.1284448340289391
0.3420362177178722,0.8237640689556917,0.12844334207840957
0.34231916863874884,0.8237640689556917,0.12834950287212357
0.3423706142607264,0.8237640689556917,0.12834690662396528
0.3426021195596255,0.8237640689556917,0.12819406126028554
0.3426021195596255,0.8239065393930759,0.12818855991541356
0.34265356518160306,0.8239065393930759,0.12815906976805322
0.34265356518160306,0.8240490098304601,0.1281451571215235
0.3427307336145694,0.8240490098304601,0.12812370000267131
0.3427307336145694,0.8241914802678444,0.12811781683151188
0.3431165757794012,0.8241914802678444,0.12795545931650604
0.34319374421236754,0.8241914802678444,0.12794547060494071
0.34332235826731144,0.8241914802678444,0.12791221181733844
0.34332235826731144,0.8243339507052286,0.12790610731084887
0.34345097232225535,0.8243339507052286,0.12784323247903756
0.3435024179442329,0.8243339507052286,0.12784316775216956
0.3437596460541208,0.8243339507052286,0.1277509184039245
0.3437596460541208,0.8244764211426129,0.12774613154895884
0.34381109167609836,0.8244764211426129,0.12770448680477153
0.3438625372980759,0.8246188915799971,0.12770178715085423
0.3439139829200535,0.8246188915799971,0.12767475733350273
0.3439139829200535,0.8247613620173814,0.12764792649268442
0.34399115135301983,0.8247613620173814,0.12764337913424256
0.344094042596975,0.8247613620173814,0.12754527028481083
0.344094042596975,0.8249038324547656,0.12753693158478807
0.3443769935178516,0.8249038324547656,0.12741738418177825
0.3443769935178516,0.8250463028921499,0.1274126608025492
0.3444027163288404,0.8250463028921499,0.12739039638740665
0.3444027163288404,0.8251887733295341,0.12738999976366328
0.34445416195081796,0.8251887733295341,0.12737908225042222
0.34453133038378436,0.8251887733295341,0.12736721722662694
0.3446342216277395,0.8251887733295341,0.12733945197988863
0.3446342216277395,0.8253312437669184,0.12733086402104726
0.34465994443872827,0.8253312437669184,0.12733044368061341
0.34465994443872827,0.8254737142043026,0.1273259755588332
0.3447885584936722,0.8254737142043026,0.12725190702026357
0.3447885584936722,0.8256161846416868,0.12724408216201555
0.34484000411564975,0.8257586550790711,0.12724266859338204
0.34484000411564975,0.8259011255164553,0.12723233203124648
0.34520012346949275,0.8259011255164553,0.12706759084404565
0.3452515690914703,0.8259011255164553,0.1270541847882198
0.3453801831464142,0.8259011255164553,0.12701271160142127
0.3453801831464142,0.8261860663912238,0.12701124607484826
0.3454830743903694,0.8261860663912238,0.12698012766034655
0.3454830743903694,0.8263285368286081,0.12697935151032777
0.3455087972013582,0.8263285368286081,0.12697904415793496
0.3455087972013582,0.8264710072659923,0.12696227089694342
0.34556024282333575,0.8264710072659923,0.1269425029141414
0.3456116884453133,0.8266134777033766,0.12692708030604663
0.34568885687827966,0.8266134777033766,0.12687611153429867
0.34568885687827966,0.8267559481407608,0.12687604733380248
0.3461518674760778,0.8267559481407608,0.12670904201331365
0.3461518674760778,0.8268984185781451,0.1267081197255606
0.34617759028706657,0.8268984185781451,0.12670061349795989
0.34622903590904414,0.8270408890155293,0.1266928790336209
0.3463833727749768,0.8270408890155293,0.12657328787868505
0.3464090955859656,0.8271833594529135,0.12656882165462066
0.3464348183969544,0.8271833594529135,0.12655325842732018
0.3464348183969544,0.827468300327682,0.12653793356273857
0.346486264018932,0.827468300327682,0.1265049116093467
0.346486264018932,0.8276107707650663,0.1264875568459339
0.34671776931783105,0.8276107707650663,0.12640781236906315
0.3467692149398086,0.8276107707650663,0.1264047603911149
0.3467949377507974,0.8276107707650663,0.12639288426166126
0.3467949377507974,0.8277532412024505,0.1263669769125268
0.3468978289947525,0.8277532412024505,0.12631326835036033
0.34694927461673014,0.8277532412024505,0.12631218683768852
0.3469749974277189,0.8277532412024505,0.12631079238266812
0.3469749974277189,0.828038182077219,0.12629148523756922
0.3471293342936516,0.828038182077219,0.12623538261070913
0.3471807799156292,0.828038182077219,0.1262270173319828
0.3472579483485955,0.828038182077219,0.12621085968792387
0.34733511678156187,0.828038182077219,0.12620924883745976
0.34736083959255065,0.8281806525146033,0.12619594018250851
0.34743800802551705,0.8281806525146033,0.1261860494022921
0.34743800802551705,0.8283231229519875,0.12616873255969657
0.3475408992694722,0.8283231229519875,0.12616167461398053
0.3475408992694722,0.8284655933893718,0.12615310708868444
0.34759234489144974,0.8284655933893718,0.12614418501094873
0.3476180677024385,0.8284655933893718,0.1261395718662091
0.3476180677024385,0.828608063826756,0.12613879873373995
0.3476695133244161,0.828608063826756,0.12613110040754524
0.3476695133244161,0.8287505342641401,0.12611952458319042
0.3476952361354049,0.8287505342641401,0.12611908392541654
0.34772095894639365,0.8288930047015244,0.12611762295471937
0.34774668175738244,0.8288930047015244,0.12609384378454574
0.34774668175738244,0.8290354751389086,0.1260892313581679
0.34779812737936,0.8290354751389086,0.12608287456598175
0.34779812737936,0.8291779455762929,0.12605644599555096
0.34784957300133756,0.8291779455762929,0.12600815014020703
0.3479010186233152,0.8291779455762929,0.12599203764602723
0.348158246733203,0.8291779455762929,0.12585793847669538
0.3481839695441918,0.8293204160136771,0.12585573757169416
0.3482868607881469,0.8293204160136771,0.12578812365055783
0.3483383064101245,0.8293204160136771,0.1257801212684486
0.34836402922111326,0.8293204160136771,0.12577903281749597
0.34836402922111326,0.8294628864510614,0.1257709602214547
0.3484154748430909,0.8294628864510614,0.12576583631632118
0.348518366087046,0.8294628864510614,0.12574735146103277
0.3486727029529787,0.8294628864510614,0.12570338201807407
0.3486727029529787,0.8296053568884456,0.1257018698595512
0.3486984257639675,0.8297478273258299,0.12569779602914247
0.3488270398189114,0.8297478273258299,0.12566263663414468
0.34885276262990017,0.8298902977632141,0.12565846850345058
0.34895565387385535,0.8298902977632141,0.12564470241245326
0.3490585451178105,0.8298902977632141,0.12563344399114132
0.3495730013375862,0.8298902977632141,0.12545433503802647
0.3495730013375862,0.8300327682005983,0.12544514349553013
0.34962444695956374,0.8300327682005983,0.12542406744507084
0.3496501697705525,0.8300327682005983,0.12542167199502097
0.3496501697705525,0.8303177090753668,0.1254142412408392
0.3497016153925301,0.8303177090753668,0.12539742338037768
0.3498816750694516,0.8303177090753668,0.1253322656224702
0.3499073978804404,0.8304601795127511,0.12532683045064613
0.3499331206914292,0.8304601795127511,0.12531820547902037
0.3499331206914292,0.8306026499501353,0.12531316837935255
0.34998456631340674,0.8306026499501353,0.12528934674801834
0.34998456631340674,0.8307451203875196,0.12525973774408158
0.35026751723428334,0.8307451203875196,0.12514216364463862
0.35026751723428334,0.8308875908249038,0.12514089195970882
0.3506790822101039,0.8308875908249038,0.12489884294406645
0.35078197345405904,0.8310300612622881,0.12489413701280414
0.35085914188702544,0.8310300612622881,0.12488372482034318
0.35085914188702544,0.8311725316996723,0.12487471033312963
0.3508848646980142,0.8311725316996723,0.12485095164559981
0.3508848646980142,0.8313150021370566,0.12484976758298762
0.3509363103199918,0.8313150021370566,0.12484632534269646
0.35098775594196935,0.8313150021370566,0.12484537392726895
0.3510649243749357,0.8313150021370566,0.12478172941776314
0.3510906471859245,0.8314574725744408,0.12477397324390395
0.35111636999691326,0.8314574725744408,0.12474072755018145
0.35111636999691326,0.831599943011825,0.12473400523723628
0.35129642967383473,0.831599943011825,0.12467922583547458
0.35137359810680113,0.831599943011825,0.12466918077222587
0.3514507665397675,0.831599943011825,0.12466674960212072
0.3514507665397675,0.8317424134492093,0.12462185448889988
0.35147648935075626,0.8317424134492093,0.12460642706009957
0.3515279349727338,0.8317424134492093,0.12459640324756178
0.3517079946496553,0.8317424134492093,0.1245200538361828
0.3517337174606441,0.8318848838865935,0.12448850739720689
0.35201666838152074,0.8318848838865935,0.12437554040540452
0.35201666838152074,0.8320273543239778,0.12437552974180979
0.3520423911925095,0.8320273543239778,0.12434933837939374
0.3520423911925095,0.832169824761362,0.12434104843797528
0.3520938368144871,0.832169824761362,0.12431751326439931
0.3524539561683301,0.832169824761362,0.12416274687457078
0.3524539561683301,0.8323122951987463,0.12415650657048982
0.3526082930342628,0.8323122951987463,0.12410003324040497
0.3526082930342628,0.8324547656361305,0.12409221874717255
0.3529169667661282,0.8324547656361305,0.12400871599549594
0.3529169667661282,0.8325972360735148,0.12399955278523862
0.352942689577117,0.832739706510899,0.12398615267810334
0.3530970264430497,0.832739706510899,0.12394299947035942
0.3530970264430497,0.8328821769482833,0.12393462005397177
0.3533285317419488,0.8328821769482833,0.12376849982757526
0.35337997736392635,0.8328821769482833,0.12376780360592153
0.3534057001749151,0.8328821769482833,0.12376604039925883
0.3534057001749151,0.8330246473856675,0.12376289492815487
0.3534571457968927,0.8330246473856675,0.12374895999897234
0.35350859141887025,0.8330246473856675,0.12374152088944103
0.3535600370408478,0.8330246473856675,0.12371771421862318
0.3535600370408478,0.8331671178230518,0.12371538405374839
0.35366292828480295,0.8331671178230518,0.12368907574402915
0.35366292828480295,0.833309588260436,0.12368807822797538
0.35389443358370204,0.833309588260436,0.123594007024079
0.3539458792056796,0.833309588260436,0.12358947664516107
0.3539458792056796,0.8334520586978202,0.12358819216003894
0.3545889494803992,0.8334520586978202,0.1232787954420005
0.3545889494803992,0.8337369995725887,0.1232472785316446
0.35466611791336555,0.8337369995725887,0.12320780344851863
0.35466611791336555,0.8340219404473572,0.12320083391864137
0.35489762321226465,0.8340219404473572,0.1231161683758582
0.35489762321226465,0.8341644108847415,0.1231017032075388
0.3549233460232534,0.8341644108847415,0.12310033923164923
0.3550776828891861,0.8341644108847415,0.12306569526331042
0.35528346537709643,0.8341644108847415,0.12301473610718504
0.3553091881880852,0.8343068813221256,0.12298666267376697
0.35538635662105156,0.8343068813221256,0.12292660643891039
0.35538635662105156,0.8344493517595098,0.12291284602790896
0.3554892478650067,0.8344493517595098,0.12288651385994949
0.3554892478650067,0.8345918221968941,0.12288284942026859
0.35554069348698425,0.8345918221968941,0.12286603045887205
0.35554069348698425,0.8347342926342783,0.12286475315825303
0.3558493672188497,0.8347342926342783,0.12273980562285688
0.3558493672188497,0.8348767630716626,0.12272822450113223
0.35590081284082725,0.8348767630716626,0.12272336848132767
0.35592653565181603,0.8348767630716626,0.1227133937137718
0.35592653565181603,0.8350192335090468,0.12270639854691459
0.3560037040847824,0.8350192335090468,0.12269939714169076
0.35602942689577116,0.8350192335090468,0.12268832248599965
0.3561065953287375,0.8351617039464311,0.12268592339407723
0.35615804095071507,0.8351617039464311,0.12268463940379518
0.3562094865726927,0.8351617039464311,0.12267936539199348
0.35628665500565904,0.8351617039464311,0.12263847866035207
0.35628665500565904,0.8353041743838153,0.12263515802139763
0.35641526906060295,0.8353041743838153,0.12255034963343583
0.35641526906060295,0.8354466448211996,0.1225436058932566
0.3564667146825805,0.8354466448211996,0.12254224389816083
0.35654388311554686,0.8354466448211996,0.12250947243368644
0.35654388311554686,0.8355891152585838,0.12250372047851196
0.35656960592653564,0.8357315856959681,0.12250195362217202
0.35674966560345717,0.8357315856959681,0.12245565116497059
0.35674966560345717,0.8358740561333523,0.12245003384096889
0.35677538841444595,0.8361589970081208,0.122434962075909
0.35680111122543473,0.8361589970081208,0.12242861485561322
0.3568268340364235,0.836301467445505,0.12242134800954035
0.3568782796584011,0.836301467445505,0.12239043286088695
0.35692972528037864,0.8364439378828893,0.12238972004408163
0.3571612305792777,0.8364439378828893,0.1222927046036241
0.3571612305792777,0.8365864083202735,0.12227431374221003
0.3572126762012553,0.8365864083202735,0.12226895016016578
0.3572126762012553,0.8367288787576578,0.12220759504896699
0.3572383990122441,0.8367288787576578,0.12220521242541157
0.3573412902561992,0.8367288787576578,0.12220325439040763
0.3573412902561992,0.836871349195042,0.12220123549053807
0.35739273587817677,0.836871349195042,0.12218519280345237
0.35744418150015433,0.836871349195042,0.12216833623969227
0.3577014096100422,0.836871349195042,0.12203290401134573
0.3577014096100422,0.8370138196324263,0.1220163991611378
0.35777857804300855,0.8370138196324263,0.12197811862484029
0.35777857804300855,0.8371562900698105,0.12197672231858843
0.35806152896388516,0.8371562900698105,0.12186501792350142
0.35806152896388516,0.8372987605071948,0.12186211857619918
0.3581129745858627,0.8372987605071948,0.12185771180406245
0.3581129745858627,0.837441230944579,0.12185589991927162
0.35816442020784034,0.837441230944579,0.12185523534312515
0.35816442020784034,0.8375837013819633,0.12184590708992635
0.35844737112871694,0.8375837013819633,0.12170192916218944
0.35844737112871694,0.8377261718193475,0.12170098829902393
0.35860170799464963,0.8377261718193475,0.1216310492573649
0.35860170799464963,0.8378686422567317,0.12161113563200317
0.35880749048255994,0.8378686422567317,0.12156447092306613
0.3588332132935487,0.838011112694116,0.1215568101488838
0.3589875501594814,0.838011112694116,0.12146332668248556
0.359038995781459,0.838011112694116,0.12145230667613727
0.3591161642144253,0.838011112694116,0.12143017889772782
0.35916760983640295,0.838011112694116,0.12142729326799721
0.35929622389134686,0.838011112694116,0.12138537647332055
0.35929622389134686,0.8381535831315002,0.12138526749527927
0.3593733923243132,0.8381535831315002,0.12137588174537821
0.3593733923243132,0.8382960535688845,0.12136379666614393
0.35945056075727955,0.8382960535688845,0.12135273809992021
0.35945056075727955,0.8384385240062687,0.12134365927708353
0.3595277291902459,0.8384385240062687,0.121309678986135
0.35957917481222346,0.8384385240062687,0.12130673754790053
0.35968206605617864,0.8384385240062687,0.12127332103424965
0.3597335116781562,0.8384385240062687,0.12125271048922372
0.35981068011112255,0.8384385240062687,0.12120740851381338
0.35981068011112255,0.838580994443653,0.12119049199506525
0.3599135713550777,0.838580994443653,0.12116118208325431
0.35996501697705524,0.838580994443653,0.12115322989222124
0.359990739788044,0.838580994443653,0.1211517287592528
0.3600164625990328,0.8387234648810372,0.12114965963429239
0.3600164625990328,0.8388659353184215,0.12113694556131475
0.360119353842988,0.8388659353184215,0.1211049734424639
0.360119353842988,0.8390084057558057,0.12108272500868612
0.3602736907089207,0.8390084057558057,0.12100961660865177
0.36032513633089824,0.83915087619319,0.12097640940216965
0.3604023047638646,0.83915087619319,0.12095501449305929
0.3604023047638646,0.8392933466305742,0.1209466893689413
0.3606338100627637,0.8392933466305742,0.12085957698368792
0.3607367013067188,0.8392933466305742,0.12085022146620711
0.3607367013067188,0.8394358170679584,0.12084684407198214
0.36083959255067394,0.8394358170679584,0.12081700789369895
0.36083959255067394,0.8395782875053427,0.12081052725677997
0.3608910381726515,0.8395782875053427,0.1207948086623313
0.3611225434715506,0.8395782875053427,0.12079180061876078
0.3616112768803375,0.8395782875053427,0.12063451424347119
0.3616112768803375,0.8397207579427269,0.12062821169199538
0.36166272250231507,0.8397207579427269,0.12062268647896819
0.36168844531330385,0.8398632283801112,0.12060680704796388
0.3619199506122029,0.8398632283801112,0.12052735862018554
0.36197139623418045,0.8400056988174953,0.12051748045453144
0.362022841856158,0.8400056988174953,0.12049239970064747
0.362022841856158,0.8401481692548796,0.12049203625040507
0.3620485646671468,0.8401481692548796,0.12048895247489998
0.362151455911102,0.8401481692548796,0.12048698008160534
0.36217717872209076,0.8401481692548796,0.12048125352840897
0.36222862434406833,0.8401481692548796,0.12046972789086566
0.3623057927770347,0.8401481692548796,0.12044330430764204
0.3623057927770347,0.840433110129648,0.12043165034166885
0.36233151558802346,0.840433110129648,0.12042419923346859
0.36233151558802346,0.8405755805670323,0.12039936684933839
0.36269163494186646,0.8405755805670323,0.12027124479778911
0.36269163494186646,0.8407180510044165,0.12026735952473787
0.362743080563844,0.8407180510044165,0.12023189788334697
0.3627688033748328,0.8408605214418008,0.12022838612030495
0.36282024899681037,0.8408605214418008,0.12021890881910403
0.3628974174297767,0.8408605214418008,0.1201992192064298
0.3629488630517543,0.8408605214418008,0.12016714521097956
0.3629488630517543,0.841002991879185,0.12016211458093588
0.36318036835065337,0.841002991879185,0.12006485142741666
0.36318036835065337,0.8411454623165693,0.12006254774280556
0.36323181397263093,0.8411454623165693,0.12002312526702308
0.36323181397263093,0.8414304031913378,0.11999471244032792
0.36336042802757484,0.8414304031913378,0.11995867577808904
0.36336042802757484,0.841572873628722,0.11993013729112946
0.3633861508385636,0.841572873628722,0.11991827501212554
0.3634375964605412,0.841572873628722,0.11991493825268007
0.3636691017594403,0.841572873628722,0.11982947660535796
0.36372054738141785,0.841572873628722,0.11981533246378163
0.36372054738141785,0.8417153440661063,0.11980229815835011
0.3637977158143842,0.8417153440661063,0.11969121097946252
0.3637977158143842,0.8418578145034905,0.11968260853702446
0.36387488424735054,0.8418578145034905,0.1196458681833327
0.3639520526803169,0.8420002849408748,0.11961049478248313
0.36408066673526085,0.8420002849408748,0.11956636396885206
0.36408066673526085,0.842142755378259,0.11953895664997055
0.3641578351682272,0.842142755378259,0.1195160913020406
0.364183557979216,0.8424276962530275,0.1195149477385855
0.36433789484514867,0.8424276962530275,0.11945265639859545
0.36433789484514867,0.8425701666904117,0.11945162047208481
0.3645179545220702,0.8425701666904117,0.11939824989721046
0.3645179545220702,0.842712637127796,0.11937655935634896
0.364543677333059,0.842712637127796,0.11936983134477687
0.36456940014404776,0.8428551075651802,0.11936791343127659
0.3646465685770141,0.8428551075651802,0.11934295209345916
0.3646465685770141,0.8429975780025645,0.11934187167195696
0.3646722913880029,0.8429975780025645,0.11931765573126099
0.3646722913880029,0.8431400484399487,0.11931027397227834
0.36474945982096924,0.8431400484399487,0.11927854337172093
0.36474945982096924,0.843282518877333,0.11926129794780127
0.364775182631958,0.843282518877333,0.11925462245187933
0.364775182631958,0.8434249893147172,0.11922842580343702
0.3648266282539356,0.8434249893147172,0.11922089110974098
0.36487807387591314,0.8434249893147172,0.11919763741683657
0.3649552423088795,0.8434249893147172,0.11917131347287897
0.3649809651198683,0.8435674597521015,0.119171197517815
0.36508385636382346,0.8435674597521015,0.11912255710973514
0.36508385636382346,0.8437099301894857,0.119122499547084
0.3651610247967898,0.8437099301894857,0.11910014454342392
0.3651610247967898,0.84385240062687,0.11909415215833735
0.3652896388517337,0.84385240062687,0.11907085692493659
0.3652896388517337,0.8439948710642542,0.11906684387347773
0.3653410844737113,0.8441373415016384,0.1190621008069706
0.36557258977261037,0.8441373415016384,0.11892780908610523
0.36557258977261037,0.8442798119390227,0.11892540392364043
0.3656497582055767,0.8442798119390227,0.11889995439112842
0.3656497582055767,0.8444222823764069,0.11888365897971526
0.36572692663854306,0.8444222823764069,0.1188834162742297
0.3657783722605206,0.8444222823764069,0.11885047365527224
0.3658040950715094,0.8444222823764069,0.11883333503653692
0.3658040950715094,0.8445647528137912,0.11883160696515498
0.3659327091264533,0.8445647528137912,0.11880152922634088
0.3659327091264533,0.8447072232511754,0.11880002194154539
0.3661384916143636,0.8447072232511754,0.118721984732014
0.3661899372363412,0.8447072232511754,0.11871858433578295
0.36626710566930754,0.8447072232511754,0.11871553369308548
0.36639571972425145,0.8447072232511754,0.11865026091358126
0.36639571972425145,0.8448496936885597,0.1186458051197657
0.366447165346229,0.8448496936885597,0.11863046331547207
0.366447165346229,0.8449921641259439,0.11862163891268858
0.36647288815721785,0.8449921641259439,0.11861614856959211
0.36647288815721785,0.8451346345633282,0.11861173243175373
0.3665243337791954,0.8451346345633282,0.1185758034966465
0.366575779401173,0.8452771050007124,0.11856906433530656
0.36678156188908323,0.8452771050007124,0.11852417509854189
0.36678156188908323,0.8455620458754808,0.1184963780396188
0.3668587303220496,0.8455620458754808,0.11846281715484978
0.36691017594402714,0.8455620458754808,0.11845552285381622
0.36709023562094867,0.8455620458754808,0.11838516033942877
0.36714168124292623,0.8455620458754808,0.11838505300752605
0.36727029529787014,0.8455620458754808,0.11831728347245037
0.36727029529787014,0.845704516312865,0.1183159329510624
0.3673217409198477,0.845704516312865,0.11829404224444999
0.3673217409198477,0.8458469867502493,0.11828252560142326
0.3673474637308365,0.8458469867502493,0.11828131556827046
0.3673474637308365,0.8459894571876335,0.11827702442031383
0.367527523407758,0.8459894571876335,0.11820071745666184
0.367527523407758,0.8461319276250178,0.11819579452459546
0.36760469184072436,0.8461319276250178,0.11816155165748353
0.36760469184072436,0.846274398062402,0.11815205529259971
0.3677075830846795,0.846274398062402,0.11810854154421069
0.36778475151764584,0.8464168684997863,0.11810030987336509
0.36778475151764584,0.8465593389371705,0.11809672957998583
0.3678619199506122,0.8465593389371705,0.11807002214738212
0.3678619199506122,0.8467018093745547,0.11806804179055894
0.36801625681654493,0.8467018093745547,0.11802713491210776
0.3680677024385225,0.8467018093745547,0.11802587236592815
0.36811914806050006,0.8467018093745547,0.11800724847084844
0.36811914806050006,0.846844279811939,0.11798565482495033
0.3681705936824776,0.846844279811939,0.11797423284965827
0.3681705936824776,0.8469867502493232,0.11797097026963689
0.3683506533593991,0.8469867502493232,0.1179086265909681
0.3683763761703879,0.8472716911240917,0.11790401103070902
0.3685821586582982,0.8472716911240917,0.11779716151247177
0.36863360428027575,0.8472716911240917,0.11779017961758799
0.36878794114620844,0.8472716911240917,0.11771985529915975
0.36878794114620844,0.847414161561476,0.11771622157876596
0.36896800082312997,0.847414161561476,0.11763987132855541
0.36901944644510754,0.847414161561476,0.11762244688125358
0.36914806050005144,0.847414161561476,0.11758401913568461
0.3691737833110402,0.8475566319988602,0.11758395946048646
0.3694310114209281,0.8475566319988602,0.11752893769769024
0.36948245704290567,0.8475566319988602,0.1175173670662767
0.36966251671982714,0.8475566319988602,0.11743137541890332
0.36966251671982714,0.8478415728736287,0.11741459813302693
0.3698682992077374,0.8478415728736287,0.11736706419317854
0.3698682992077374,0.847984043311013,0.11736647947285882
0.3699454676407038,0.847984043311013,0.117325289787117
0.37002263607367014,0.847984043311013,0.11730828467438596
0.37015125012861405,0.847984043311013,0.1172568673801674
0.37015125012861405,0.8481265137483972,0.11724200244794732
0.3702284185615804,0.8481265137483972,0.11721841069510183
0.3702284185615804,0.8482689841857814,0.11721096525756158
0.3704599238604795,0.8482689841857814,0.1171670605839921
0.3704599238604795,0.8484114546231657,0.11715616780140932
0.3705628151044346,0.8484114546231657,0.11707682582568538
0.3706142607264122,0.8484114546231657,0.1170721504540455
0.37063998353740096,0.8485539250605499,0.11706056445468631
0.3706914291593785,0.8485539250605499,0.11703607955290582
0.3707428747813561,0.8485539250605499,0.11703482940405041
0.3709229344582776,0.8485539250605499,0.11692692017015847
0.3709229344582776,0.8488388659353184,0.11690083421890148
0.3710772713242103,0.8488388659353184,0.11685850239247444
0.3710772713242103,0.8489813363727027,0.11685633898874172
0.3711287169461879,0.8489813363727027,0.11683601406849412
0.3711287169461879,0.8491238068100869,0.11683103819039171
0.37115443975717666,0.8491238068100869,0.11682932044594886
0.37115443975717666,0.8492662772474712,0.11682500674098166
0.3712573310011318,0.8492662772474712,0.11677706715363811
0.3712573310011318,0.8494087476848554,0.11676649971921775
0.37138594505607575,0.8494087476848554,0.11673462309191263
0.3714373906780533,0.8494087476848554,0.11672071308451593
0.37166889597695235,0.8494087476848554,0.11655535364858903
0.37166889597695235,0.8495512181222397,0.11653684473909998
0.3717460644099187,0.8496936885596239,0.11653562138150145
0.3717460644099187,0.8498361589970082,0.11652611365111536
0.3718489556538739,0.8498361589970082,0.11646911460268362
0.3719261240868402,0.8498361589970082,0.11644582222688389
0.371951846897829,0.8498361589970082,0.11644576305720993
0.37205473814178414,0.8499786294343924,0.11642811173761962
0.3721061837637617,0.8499786294343924,0.11642368932410434
0.3721319065747505,0.8501210998717766,0.11642213969719295
0.3722090750077168,0.8501210998717766,0.11637500025017071
0.3722090750077168,0.8502635703091609,0.11637257073787972
0.3722605206296944,0.8502635703091609,0.11636671886863698
0.37231196625167196,0.8502635703091609,0.11636421304077812
0.3724405803066159,0.8502635703091609,0.11631779127801481
0.3724405803066159,0.8504060407465451,0.11630377495901494
0.37290359090441405,0.8504060407465451,0.11607569171847157
0.37290359090441405,0.8505485111839294,0.11605467302921829
0.37292931371540283,0.8505485111839294,0.11604643590794288
0.3729807593373804,0.8505485111839294,0.11604153131596694
0.3730836505813355,0.8505485111839294,0.11600805937065599
0.3730836505813355,0.8506909816213136,0.11600018352058672
0.3731093733923243,0.8506909816213136,0.11599079864742023
0.3731093733923243,0.8508334520586979,0.11598634645423384
0.37316081901430187,0.8508334520586979,0.11593484184449009
0.373263710258257,0.8509759224960821,0.11592520196516448
0.3733151558802346,0.8509759224960821,0.11592481486694892
0.37339232431320096,0.8509759224960821,0.1159082620693697
0.37339232431320096,0.8511183929334664,0.11590592359894973
0.3735981068011112,0.8511183929334664,0.11585053196607407
0.3735981068011112,0.8512608633708505,0.11584741814797155
0.37367527523407756,0.8512608633708505,0.11584084319384641
0.37372672085605513,0.8512608633708505,0.11583249389420906
0.3738296121000103,0.8514033338082347,0.11578336419894031
0.3738553349109991,0.8514033338082347,0.11574307231420866
0.37390678053297666,0.8514033338082347,0.11571080368452731
0.37390678053297666,0.851545804245619,0.11570431342204862
0.3741125630208869,0.851545804245619,0.11566567797224794
0.3741125630208869,0.8516882746830032,0.11566176547976313
0.3742668998868196,0.8516882746830032,0.1155958917786173
0.3742668998868196,0.8518307451203875,0.1155947584216693
0.37439551394176357,0.8518307451203875,0.11555936098587598
0.37442123675275235,0.8519732155577717,0.11555562063334891
0.37454985080769626,0.8519732155577717,0.11550898316453109
0.37454985080769626,0.852115685995156,0.11550247521718558
0.3746270192406626,0.852115685995156,0.11547177084790919
0.3746270192406626,0.8522581564325402,0.11546875063530086
0.37470418767362895,0.8522581564325402,0.1154565770433551
0.37472991048461773,0.8524006268699245,0.11545487672146383
0.37472991048461773,0.852685567744693,0.11543655470758633
0.37490997016153926,0.852685567744693,0.11535308871924603
0.3749614157835168,0.852685567744693,0.11534340799382664
0.37509002983846074,0.852685567744693,0.11532230940543188
0.37509002983846074,0.8528280381820772,0.1153220826543362
0.3752443667043935,0.8528280381820772,0.11525198598989109
0.3752443667043935,0.8529705086194614,0.11524391725188197
0.3755015948142813,0.8529705086194614,0.11513482926526308
0.3755015948142813,0.8531129790568457,0.1151147743027742
0.3755273176252701,0.8531129790568457,0.11507404354208045
0.37557876324724765,0.8531129790568457,0.11505741412969797
0.3756302088692252,0.8531129790568457,0.115029133983927
0.3756302088692252,0.8532554494942299,0.11502183707178566
0.37570737730219156,0.8532554494942299,0.1150128949672423
0.3757331001131804,0.8533979199316142,0.11499825915775841
0.3757588229241692,0.8533979199316142,0.11498807029554259
0.37581026854614674,0.8535403903689984,0.11498259365535177
0.3758359913571355,0.8535403903689984,0.11494514291677611
0.3758359913571355,0.8536828608063827,0.1149437863211534
0.37619611071097847,0.8536828608063827,0.11474928498165558
0.37619611071097847,0.8538253312437669,0.11473259242658619
0.37632472476592244,0.8538253312437669,0.11470894608451107
0.3763761703879,0.8538253312437669,0.11470205805471968
0.3764790616318551,0.8538253312437669,0.11460038794598768
0.3764790616318551,0.8539678016811512,0.11458500369714049
0.3765305072538327,0.8539678016811512,0.11454987709506405
0.37678773536372057,0.8539678016811512,0.11447322373145474
0.37678773536372057,0.8541102721185354,0.11446818650515114
0.37694207222965326,0.8541102721185354,0.11441492657255475
0.37694207222965326,0.8542527425559197,0.11441053172500737
0.3769935178516308,0.8542527425559197,0.11438537542940984
0.3769935178516308,0.8543952129933039,0.11437765071265957
0.3775079740714065,0.8543952129933039,0.11420561866581676
0.3775079740714065,0.8545376834306881,0.11420434367498121
0.37761086531536164,0.8545376834306881,0.11416223600920218
0.37761086531536164,0.8546801538680724,0.1141594377629121
0.3776623109373392,0.8546801538680724,0.11413492093447647
0.3776623109373392,0.8548226243054566,0.11413004869962151
0.3777137565593168,0.8548226243054566,0.11412475821706819
0.3777652021812944,0.8548226243054566,0.11412413276368576
0.37799670748019343,0.8548226243054566,0.11402311353362446
0.37799670748019343,0.8549650947428409,0.11401796930444684
0.378048153102171,0.8549650947428409,0.11401756468185772
0.3782539355900813,0.8549650947428409,0.11394281848866343
0.37830538121205887,0.8549650947428409,0.11392710216096685
0.3783825496450252,0.8549650947428409,0.11389530571166684
0.3783825496450252,0.8551075651802251,0.11389520289357384
0.3785111636999691,0.8551075651802251,0.1138457218624751
0.3785111636999691,0.8552500356176094,0.11382175549169386
0.37881983743183456,0.8552500356176094,0.11368256799441155
0.3788712830538121,0.8552500356176094,0.1136792576375376
0.37899989710875603,0.8552500356176094,0.11364091792668196
0.3790513427307336,0.8552500356176094,0.11358996861580242
0.3790770655417224,0.8552500356176094,0.1135895574161375
0.37912851116369994,0.8552500356176094,0.1135801379780298
0.37948863051754295,0.8552500356176094,0.11340700532896009
0.37948863051754295,0.8553925060549936,0.11340670064863759
0.3795915217614981,0.8553925060549936,0.11339312850173107
0.3795915217614981,0.8555349764923779,0.11339249394755
0.3796686901944645,0.8555349764923779,0.1133478362702301
0.38020886922522895,0.8555349764923779,0.11307252862943533
0.38020886922522895,0.8556774469297621,0.11306782775058086
0.38023459203621773,0.8556774469297621,0.1130626297301764
0.38023459203621773,0.8558199173671464,0.11304957075298885
0.38033748328017286,0.8558199173671464,0.11297308157789392
0.38033748328017286,0.8559623878045306,0.11296704927098276
0.3804146517131392,0.8559623878045306,0.11289912504539966
0.38046609733511677,0.8559623878045306,0.11289865974612392
0.38123778166478034,0.8559623878045306,0.11248548490038184
0.3812892272867579,0.8561048582419148,0.11248177071930557
0.38149500977466816,0.8561048582419148,0.11242651964285234
0.38149500977466816,0.8562473286792991,0.11242081534341548
0.3815721782076345,0.8562473286792991,0.11238062417740587
0.3816236238296121,0.8563897991166833,0.1123803097818545
0.3816750694515897,0.8563897991166833,0.11236931014974451
0.3816750694515897,0.8565322695540676,0.1123672654911677
0.38170079226257847,0.8565322695540676,0.11236492604588365
0.38170079226257847,0.8566747399914518,0.11236258217953157
0.3818036835065336,0.8566747399914518,0.11231944736146966
0.3818294063175224,0.856817210428836,0.11231605029775318
0.38185512912851116,0.856817210428836,0.11231397626576092
0.38185512912851116,0.8569596808662202,0.1123053388191435
0.3819065747504887,0.8569596808662202,0.11230385692421406
0.3819065747504887,0.8571021513036045,0.11228927899328019
0.3820609116164214,0.8571021513036045,0.11217630963488964
0.38211235723839904,0.8571021513036045,0.11214315665168535
0.38236958534828686,0.8571021513036045,0.11201833038322571
0.38236958534828686,0.8572446217409887,0.11201346457354587
0.3824210309702644,0.8572446217409887,0.11197644493548307
0.3824210309702644,0.857387092178373,0.11197186654288115
0.38249819940323077,0.857387092178373,0.11193149033497768
0.38254964502520833,0.857387092178373,0.11192459125341422
0.38254964502520833,0.8575295626157572,0.11191743504850635
0.38260109064718595,0.8575295626157572,0.11190896961843805
0.38260109064718595,0.8576720330531414,0.11186821977479858
0.38272970470212986,0.8576720330531414,0.11184495773245473
0.38272970470212986,0.8578145034905257,0.11182551648342826
0.3827811503241074,0.8578145034905257,0.11182214348725518
0.3827811503241074,0.8579569739279099,0.11179745105746
0.3830641012449841,0.8579569739279099,0.11166364325720295
0.3830641012449841,0.8580994443652942,0.11166124128399908
0.38324416092190555,0.8580994443652942,0.11160305792296973
0.3832956065438831,0.8580994443652942,0.11160235530769576
0.3832956065438831,0.8583843852400627,0.11157192534322292
0.38339849778783824,0.8583843852400627,0.1115590928854287
0.38339849778783824,0.8585268556774469,0.11155839730336076
0.38352711184278215,0.8585268556774469,0.1114898330877305
0.38352711184278215,0.8586693261148312,0.11148948161117808
0.38373289433069246,0.8586693261148312,0.11138898317508439
0.38378433995267003,0.8586693261148312,0.11137039994417655
0.3838357855746476,0.8586693261148312,0.11133864183834967
0.3838357855746476,0.8589542669895996,0.11132630042192919
0.3840672908735467,0.8589542669895996,0.11124084560389974
0.3840672908735467,0.8590967374269839,0.11121951927877088
0.3842216277394794,0.8592392078643681,0.11118021381570915
0.38442741022738963,0.8592392078643681,0.11108830125934108
0.38442741022738963,0.8593816783017524,0.111071568504238
0.384504578660356,0.8593816783017524,0.11105474510852982
0.3845303014713448,0.8595241487391366,0.11105176120330659
0.38478752958123263,0.8595241487391366,0.1109506302835588
0.38478752958123263,0.8596666191765209,0.1109380019575347
0.3848132523922214,0.8596666191765209,0.1109359561319853
0.3848132523922214,0.8598090896139051,0.11093121103908356
0.3850962033130981,0.8598090896139051,0.11079210641193588
0.3850962033130981,0.8599515600512894,0.11079014864451556
0.3851990945570532,0.8599515600512894,0.11074540531936056
0.3851990945570532,0.8600940304886736,0.11073571450861047
0.38527626299001955,0.8600940304886736,0.11068611147224477
0.38530198580100833,0.8602365009260579,0.11068204672232722
0.38543059985595224,0.8602365009260579,0.11063333414924478
0.38543059985595224,0.8603789713634421,0.11063230725884193
0.38576499639880646,0.8603789713634421,0.11048257378374454
0.385816442020784,0.8603789713634421,0.11048192204894418
0.3858678876427616,0.8603789713634421,0.11045992983264671
0.38594505607572793,0.8603789713634421,0.11043770470081984
0.3862022841856158,0.8603789713634421,0.11037692973820962
0.3862022841856158,0.8605214418008263,0.11037314835609605
0.38640806667352606,0.8605214418008263,0.1102677315260969
0.38648523510649246,0.8605214418008263,0.11024516520686342
0.38663957197242516,0.8605214418008263,0.1102112200697124
0.3866910175944027,0.8605214418008263,0.11020666834513211
0.3867167404053915,0.8605214418008263,0.1101927683651008
0.38676818602736907,0.8605214418008263,0.11018128784662053
0.3869739685152794,0.8605214418008263,0.11009833544644587
0.3869739685152794,0.8606639122382106,0.11009149262306174
0.38699969132626816,0.8606639122382106,0.11003189599934506
0.3870511369482457,0.8606639122382106,0.11002898552927924
0.38715402819220085,0.8606639122382106,0.10998938185294543
0.3872311966251672,0.8608063826755948,0.10998755024998436
0.3872311966251672,0.8609488531129791,0.10998688176326245
0.387256919436156,0.8609488531129791,0.10998492704264087
0.387256919436156,0.8610913235503633,0.10996749123581302
0.38730836505813354,0.8610913235503633,0.1099579063959262
0.3873340878691223,0.8610913235503633,0.10995408849448997
0.3873855334910999,0.8610913235503633,0.10995347905270779
0.38741125630208867,0.8610913235503633,0.10994797277836178
0.3874627019240663,0.8610913235503633,0.10993611604363934
0.38748842473505507,0.8612337939877476,0.10992805150943133
0.38753987035703263,0.8612337939877476,0.10990369669335
0.38753987035703263,0.8613762644251318,0.1098977146996574
0.38777137565593167,0.8613762644251318,0.10979634715510629
0.38777137565593167,0.8615187348625161,0.10977574314002418
0.38779709846692045,0.8616612052999003,0.10975415761129907
0.3878742668998868,0.8616612052999003,0.10973470427874364
0.3878742668998868,0.8618036757372846,0.10973422876427383
0.3881314950097747,0.8618036757372846,0.10965558128179129
0.38815721782076346,0.8619461461746688,0.10964660551757378
0.3884401687416401,0.8619461461746688,0.10958128706537042
0.38854305998559524,0.8619461461746688,0.10953639090220332
0.3888774565284494,0.8619461461746688,0.1094719948379886
0.3888774565284494,0.862088616612053,0.10946108207995656
0.3889031793394382,0.862088616612053,0.1094609642123077
0.3889546249614158,0.8622310870494373,0.10946089614192457
0.3891089618273485,0.8622310870494373,0.10938116451286883
0.38916040744932606,0.8622310870494373,0.10937600929652408
0.3892632986932812,0.8622310870494373,0.10933494055669082
0.3892632986932812,0.8625160279242057,0.10932960979827581
0.38931474431525875,0.8625160279242057,0.10930270806034152
0.38934046712624754,0.8626584983615899,0.10928445473139692
0.3893661899372363,0.8626584983615899,0.10927580214827376
0.38941763555921394,0.8626584983615899,0.10927443741874465
0.38957197242514663,0.8626584983615899,0.10924050364920222
0.38957197242514663,0.8628009687989742,0.1092309258611241
0.38967486366910176,0.8628009687989742,0.10920651079014149
0.38967486366910176,0.8629434392363584,0.10919112624727773
0.38970058648009054,0.8629434392363584,0.10918859321258291
0.3897520321020681,0.8629434392363584,0.10918591374483474
0.3897777549130569,0.8629434392363584,0.10917664231724554
0.38982920053503445,0.8629434392363584,0.10916689954702485
0.389880646157012,0.8629434392363584,0.10911267156131439
0.390009260211956,0.8630859096737427,0.10910442000973324
0.39006070583393354,0.8630859096737427,0.10910279104833595
0.39006070583393354,0.8632283801111269,0.10909820729666045
0.39018931988887745,0.8632283801111269,0.10905706717083478
0.39021504269986623,0.8633708505485111,0.10903543346814004
0.39031793394382136,0.8633708505485111,0.1089917555637875
0.39039510237678776,0.8633708505485111,0.10897964679652655
0.3904465479987653,0.8633708505485111,0.10897632424677005
0.39054943924272045,0.8633708505485111,0.10893403663919665
0.390600884864698,0.8635133209858954,0.1089270514270709
0.3906523304866756,0.8635133209858954,0.10891453211688203
0.39067805329766436,0.8636557914232796,0.10891057611227918
0.39067805329766436,0.8637982618606639,0.10888179754223226
0.39070377610865314,0.8637982618606639,0.10887968578898659
0.39070377610865314,0.8639407322980481,0.10886135016162746
0.3908838357855747,0.8639407322980481,0.10881726642246656
0.3908838357855747,0.8640832027354324,0.10881147997274275
0.39090955859656346,0.8640832027354324,0.10881137865230764
0.390961004218541,0.8642256731728166,0.1088112782950728
0.3909867270295298,0.8642256731728166,0.10880575984767733
0.3909867270295298,0.8643681436102009,0.10880561166727407
0.3910124498405186,0.8643681436102009,0.10879046488011197
0.39106389546249615,0.8643681436102009,0.10877044650311658
0.39106389546249615,0.8645106140475851,0.10876230828135017
0.3911667867064513,0.8645106140475851,0.10874168799483754
0.3911667867064513,0.8646530844849694,0.1087309582648461
0.39134684638337275,0.8646530844849694,0.1087149836327586
0.39139829200535037,0.8646530844849694,0.10870043364416354
0.3914754604383167,0.8649380253597378,0.10869712046823746
0.39173268854820453,0.8649380253597378,0.10864792792380233
0.39173268854820453,0.8650804957971221,0.10864753242167118
0.3917841341701821,0.8650804957971221,0.10864616950691279
0.3917841341701821,0.8652229662345063,0.10864539961904139
0.3918613026031485,0.8652229662345063,0.10860908463939294
0.3918613026031485,0.8653654366718906,0.10858770312229193
0.39209280790204754,0.8653654366718906,0.1084786824032556
0.3921699763350139,0.8653654366718906,0.10846329605158507
0.39222142195699145,0.8653654366718906,0.10844243333940591
0.39222142195699145,0.8655079071092748,0.10843666140929488
0.39258154131083445,0.8655079071092748,0.10835613647112094
0.39258154131083445,0.8656503775466591,0.10833673695465901
0.39260726412182323,0.8656503775466591,0.10832787403911522
0.39260726412182323,0.8657928479840433,0.10832179675334828
0.392632986932812,0.8659353184214276,0.10830429455458346
0.3926844325547896,0.8659353184214276,0.10828584408895157
0.3928130466097335,0.8659353184214276,0.10827048038567468
0.3928387694207223,0.8660777888588118,0.10826936927192829
0.3928644922317111,0.8660777888588118,0.10825868016301698
0.39291593785368867,0.8662202592961961,0.10825319741892965
0.3930445519086326,0.8662202592961961,0.10822718550178814
0.39309599753061014,0.8662202592961961,0.10822624185390525
0.3931474431525877,0.8662202592961961,0.10821645967925528
0.3931474431525877,0.8663627297335803,0.10821352808232011
0.3932760572075316,0.8663627297335803,0.10820972293615636
0.393353225640498,0.8663627297335803,0.10816067416374037
0.393353225640498,0.8665052001709646,0.10815416237248708
0.3936876221833522,0.8665052001709646,0.10796597734309951
0.39373906780532975,0.8665052001709646,0.10796035616628537
0.39373906780532975,0.8666476706083488,0.10796017887640759
0.39412490997016153,0.8666476706083488,0.10786685331297356
0.3942020784031279,0.8666476706083488,0.10785920302128661
0.3942020784031279,0.866790141045733,0.10784640947954169
0.39422780121411666,0.866790141045733,0.10781505911674455
0.39425352402510544,0.8669326114831173,0.10781375342301304
0.39425352402510544,0.8672175523578858,0.10780659383434328
0.3942792468360942,0.8672175523578858,0.10780383537018134
0.3943564152690606,0.8672175523578858,0.10779666681783645
0.3944078608910382,0.8672175523578858,0.10779592258501347
0.3945107521349933,0.8672175523578858,0.10778329484938526
0.3945107521349933,0.8675024932326543,0.10775815383524424
0.394665089000926,0.8675024932326543,0.10769658523616009
0.394665089000926,0.8676449636700385,0.10768982622019653
0.3946908118119148,0.8676449636700385,0.10768831163964668
0.3946908118119148,0.867929904544807,0.1076707488520426
0.39476798024488113,0.867929904544807,0.10765013325329094
0.39476798024488113,0.8680723749821911,0.10764813751253036
0.3949223171108139,0.8680723749821911,0.1075950361299555
0.395025208354769,0.8680723749821911,0.10758148473067101
0.3951538224097129,0.8680723749821911,0.10753918493895588
0.39525671365366805,0.8682148454195754,0.10752994530170924
0.39530815927564567,0.8682148454195754,0.10752738109294788
0.39535960489762323,0.8682148454195754,0.10752084846200831
0.3954110505196008,0.8682148454195754,0.10750258860545175
0.39546249614157836,0.8682148454195754,0.10749514269384242
0.39582261549542136,0.8682148454195754,0.1074040135223857
0.3958997839283877,0.8682148454195754,0.10740201224340398
0.39595122955036527,0.8682148454195754,0.10739349073243265
0.39600267517234283,0.8682148454195754,0.10738041130009951
0.39600267517234283,0.8683573158569596,0.10737930195899324
0.39623418047124187,0.8683573158569596,0.1072657533600917
0.3962856260932195,0.8684997862943439,0.10725947693511553
0.3962856260932195,0.8686422567317281,0.10724733598471349
0.3965685770140961,0.8686422567317281,0.10715949583265874
0.39662002263607365,0.8686422567317281,0.10712933546595327
0.3966714682580512,0.8686422567317281,0.10710355229906217
0.3966714682580512,0.8687847271691124,0.10710282688815714
0.3967486366910176,0.8687847271691124,0.10710241205014243
0.39687725074596153,0.8687847271691124,0.10704827595792922
0.39687725074596153,0.8690696680438809,0.1070389785770084
0.39700586480090544,0.8690696680438809,0.10700863473689545
0.397057310422883,0.8690696680438809,0.10699709827486081
0.3972116472888157,0.8690696680438809,0.10694026702731556
0.3972630929107933,0.8690696680438809,0.10693042713826065
0.3972888157217821,0.8690696680438809,0.10691221313210664
0.3972888157217821,0.8692121384812651,0.10689153815584422
0.3973917069657372,0.8692121384812651,0.10685257749893491
0.3974431525877148,0.8692121384812651,0.10685095242760688
0.3975974894536475,0.8692121384812651,0.1068032986480755
0.39764893507562504,0.8692121384812651,0.10679389061290759
0.39788044037452414,0.8692121384812651,0.10674452716876269
0.3979576088074905,0.8692121384812651,0.10673783473014146
0.39836917378331105,0.8692121384812651,0.1065820406104291
0.39836917378331105,0.8694970793560336,0.1065683460295648
0.39852351064924374,0.8694970793560336,0.10651112863554828
0.39865212470418765,0.8696395497934178,0.10648816788114372
0.39867784751517643,0.8696395497934178,0.10648592124786989
0.39872929313715405,0.8697820202308021,0.10648500896021901
0.39875501594814283,0.8697820202308021,0.10645828183803596
0.39875501594814283,0.8699244906681863,0.10645456067796483
0.3988064615701204,0.8699244906681863,0.1064449206085894
0.39901224405803065,0.8699244906681863,0.10639121309038838
0.3990636896800082,0.8699244906681863,0.10638994934578971
0.39914085811297456,0.8699244906681863,0.10635560283132468
0.3991923037349522,0.8699244906681863,0.10634733000675575
0.3992951949789073,0.8699244906681863,0.10632716919728986
0.3992951949789073,0.8700669611055706,0.1063257270077375
0.39939808622286244,0.8700669611055706,0.10629652140186345
0.39939808622286244,0.8702094315429548,0.10628531022047796
0.3994752546558288,0.8702094315429548,0.10627195645340552
0.39950097746681756,0.8703519019803391,0.10626671312493653
0.3996295915217615,0.8703519019803391,0.10624240620244657
0.3996810371437391,0.8703519019803391,0.10623764190515513
0.39988681963164935,0.8703519019803391,0.10612205988191369
0.39991254244263813,0.8704943724177233,0.10611347671160636
0.40089000926021195,0.8704943724177233,0.10570967271620746
0.40089000926021195,0.8706368428551076,0.10569877723494107
0.40101862331515586,0.8706368428551076,0.1056624790896091
0.40107006893713343,0.8706368428551076,0.10566175589310056
0.40137874266899887,0.8706368428551076,0.10552711987605573
0.40137874266899887,0.8707793132924918,0.10552581558248669
0.40140446547998765,0.8707793132924918,0.1055255988584579
0.4014559111019652,0.8707793132924918,0.10552134119550996
0.4015845251569091,0.8707793132924918,0.10549287488642053
0.4015845251569091,0.870921783729876,0.1054801603832491
0.4017131392118531,0.870921783729876,0.1054606884424639
0.40176458483383065,0.8710642541672603,0.10544288994113535
0.4018160304558082,0.8710642541672603,0.10543127634586912
0.4018160304558082,0.8712067246046445,0.10542870643659252
0.4021761498096512,0.8712067246046445,0.10528213186429933
0.40220187262064,0.8713491950420288,0.10527619477308146
0.4022275954316288,0.8713491950420288,0.10526226998639909
0.4022275954316288,0.871491665479413,0.10525271845787205
0.4023047638645951,0.871491665479413,0.10520527918440996
0.4023562094865727,0.871491665479413,0.10519304621696488
0.4024848235415166,0.871491665479413,0.10516076043679394
0.4024848235415166,0.8716341359167973,0.10515267450810363
0.40256199197448295,0.8716341359167973,0.10510108903155747
0.40256199197448295,0.8717766063541815,0.10509045594673865
0.40294783413931473,0.8717766063541815,0.10488460190735369
0.4029992797612923,0.8717766063541815,0.1048643434443104
0.40305072538326986,0.8717766063541815,0.10485200501010673
0.40305072538326986,0.87206154722895,0.10484574948716174
0.40312789381623626,0.87206154722895,0.1048420844728656
0.40312789381623626,0.8722040176663343,0.10483878283650123
0.40315361662722504,0.8722040176663343,0.10482658747089839
0.4032050622492026,0.8722040176663343,0.10482549286124775
0.40330795349315773,0.8722040176663343,0.10478322543234754
0.4033593991151353,0.8722040176663343,0.10476681935627853
0.4036937956579895,0.8722040176663343,0.10462136458156077
0.4037452412799671,0.8722040176663343,0.10462124689826909
0.404233974688754,0.8722040176663343,0.10444224392434659
0.40428542031073156,0.8722040176663343,0.10443109059073641
0.4043368659327091,0.8722040176663343,0.1044166240133241
0.4043883115546867,0.8722040176663343,0.10441384945233191
0.4044912027986418,0.8722040176663343,0.10434522439073028
0.40454264842061943,0.8722040176663343,0.10434306957315964
0.40464553966457456,0.8722040176663343,0.10432829617245142
0.4046969852865521,0.8722040176663343,0.10430479122274333
0.4049027677744624,0.8722040176663343,0.104242751391089
0.4049027677744624,0.8723464881037185,0.10423602238404091
0.40518571869533904,0.8723464881037185,0.10411977690890108
0.4052114415063278,0.8724889585411028,0.10411956137115311
0.4053915011832493,0.8724889585411028,0.10403039948348539
0.40544294680522686,0.8724889585411028,0.10402859823417551
0.40552011523819326,0.8724889585411028,0.10399573993890572
0.4055715608601708,0.8724889585411028,0.10396966227188646
0.40564872929313717,0.8724889585411028,0.1039504307044946
0.40564872929313717,0.872631428978487,0.10394931350771486
0.40570017491511473,0.872631428978487,0.10393232744567044
0.4057516205370923,0.872631428978487,0.10392849364435729
0.40593168021401377,0.872631428978487,0.10383744625808361
0.40595740302500255,0.8727738994158712,0.10381990484082802
0.4061117398909353,0.8727738994158712,0.10376327921951417
0.4062146311348904,0.8727738994158712,0.10374989939585444
0.4066519189216998,0.8727738994158712,0.10360388893558681
0.4066519189216998,0.8729163698532555,0.10359996313747649
0.4067290873546661,0.8729163698532555,0.10358582577914152
0.4067290873546661,0.8730588402906397,0.10358162470155187
0.4067548101656549,0.8730588402906397,0.10357974119556446
0.4067548101656549,0.873201310728024,0.10355561789485676
0.40680625578763246,0.873201310728024,0.10354543109584723
0.4068834242205988,0.873201310728024,0.10352609129468354
0.4068834242205988,0.8733437811654082,0.10349211767070512
0.4070892067085091,0.8733437811654082,0.10342178817878747
0.4071406523304867,0.8733437811654082,0.10341423269203866
0.40719209795246425,0.8733437811654082,0.10339986752989434
0.40719209795246425,0.8734862516027925,0.10338627950886183
0.40721782076345303,0.8734862516027925,0.10338342325419678
0.40721782076345303,0.8736287220401766,0.10338250480210717
0.4073978804403745,0.8736287220401766,0.1033383421630325
0.4073978804403745,0.8737711924775609,0.10332781206323127
0.40752649449531847,0.8737711924775609,0.1032629496719943
0.40752649449531847,0.8740561333523293,0.10325069542837198
0.40755221730630725,0.8740561333523293,0.10325032946292506
0.4076036629282848,0.8740561333523293,0.10323997207342471
0.4076036629282848,0.8741986037897136,0.10323642618359778
0.4077322769832287,0.8741986037897136,0.10321024064229457
0.4079123366601502,0.8746260151018663,0.10320077310657158
0.4079637822821278,0.8746260151018663,0.10318916103170599
0.4079637822821278,0.8747684855392506,0.10318912996892908
0.40809239633707173,0.8747684855392506,0.10310201776369891
0.4081695647700381,0.8747684855392506,0.10309480968232575
0.40819528758102686,0.8747684855392506,0.10308986902653948
0.40819528758102686,0.8749109559766348,0.10308969751589814
0.4082467332030044,0.8749109559766348,0.10307254300093417
0.408298178824982,0.8749109559766348,0.10303640775385142
0.40837534725794833,0.8749109559766348,0.10301470136026909
0.40837534725794833,0.8750534264140191,0.1030114898994348
0.40845251569091473,0.8750534264140191,0.10299154852052368
0.40845251569091473,0.8751958968514033,0.10298462059073497
0.4085039613128923,0.8751958968514033,0.10298211028430304
0.4087611894227801,0.8751958968514033,0.10290137534399488
0.4087611894227801,0.8753383672887876,0.10289916598983934
0.4088126350447577,0.8753383672887876,0.10289435996974018
0.4089669719106904,0.8753383672887876,0.10277345957478534
0.4089669719106904,0.8754808377261718,0.10277158771274844
0.4091213087766231,0.8754808377261718,0.10274360801745458
0.4091213087766231,0.875623308163556,0.10274248043752601
0.40922420002057824,0.875623308163556,0.1026920504318096
0.40922420002057824,0.8757657786009403,0.1026913827484123
0.409249922831567,0.8759082490383245,0.10268745319999016
0.4095071509414549,0.8759082490383245,0.1025925659133544
0.40955859656343246,0.8760507194757088,0.10258802903684999
0.4096614878073876,0.8760507194757088,0.10255943377394493
0.4096614878073876,0.876193189913093,0.10255712036485387
0.40989299310628663,0.876193189913093,0.10244942870733481
0.40994443872826425,0.876193189913093,0.1024452441962202
0.4100473299722194,0.876193189913093,0.10241900924007093
0.4100473299722194,0.8763356603504773,0.10241872649347315
0.41022738964914085,0.8763356603504773,0.1023803339705429
0.41022738964914085,0.8764781307878615,0.10237179171121702
0.4102788352711184,0.8764781307878615,0.10234953084303086
0.410330280893096,0.8764781307878615,0.102344768535508
0.4104074493260624,0.8764781307878615,0.10232213674470704
0.4104074493260624,0.8766206012252458,0.10230857176145557
0.4109219055458381,0.8766206012252458,0.10214289787475973
0.41097335116781564,0.8766206012252458,0.1021380332990168
0.411050519600782,0.8766206012252458,0.10209581958982304
0.41110196522275955,0.8766206012252458,0.10208293160601209
0.41110196522275955,0.87676307166263,0.10205519704633866
0.4111534108447371,0.87676307166263,0.10202644824886266
0.4112048564667147,0.8769055421000143,0.10202147634387951
0.4115135301985801,0.8769055421000143,0.10190238766105014
0.4115135301985801,0.8770480125373985,0.10190105911891424
0.41161642144253524,0.8770480125373985,0.10187877131506326
0.4116678670645128,0.8770480125373985,0.1018784442249319
0.41177075830846793,0.8770480125373985,0.10185355786987939
0.4118222039304455,0.8770480125373985,0.10184171257273981
0.4118736495524231,0.8770480125373985,0.1018330603803663
0.4118736495524231,0.877332953412167,0.10180709064877375
0.41195081798538946,0.877332953412167,0.10175919082684055
0.41197654079637824,0.8774754238495512,0.10175132603117162
0.4120537092293446,0.8774754238495512,0.10172295903101411
0.4120537092293446,0.8776178942869355,0.10172249944977198
0.41223376890626606,0.8776178942869355,0.10163615518238531
0.41223376890626606,0.8777603647243197,0.10163079982910429
0.41225949171725484,0.8777603647243197,0.10160980234168018
0.4122852145282436,0.877902835161704,0.10159105815938445
0.4124138285831876,0.877902835161704,0.10152755684454381
0.4124138285831876,0.8780453055990882,0.10152027006519257
0.4125681654491203,0.8780453055990882,0.10148525059412536
0.4125681654491203,0.8781877760364725,0.10148375283297967
0.41261961107109785,0.8781877760364725,0.10144980131845559
0.41261961107109785,0.8783302464738567,0.10141638619478022
0.4126710566930754,0.8783302464738567,0.10135934320815015
0.412722502315053,0.8783302464738567,0.10135495006111479
0.41274822512604176,0.8783302464738567,0.10135382313988102
0.41274822512604176,0.878472716911241,0.10134867118728932
0.41277394793703054,0.878472716911241,0.10132673452689663
0.41277394793703054,0.8786151873486252,0.10130131899857485
0.4128768391809857,0.8786151873486252,0.1012358177934934
0.4129282848029633,0.8786151873486252,0.10122247344295468
0.41326268134581745,0.8786151873486252,0.10113256225988021
0.41328840415680623,0.8787576577860094,0.10112866319167671
0.4133912954007614,0.8787576577860094,0.10107253456941774
0.41346846383372776,0.8787576577860094,0.10106495276826045
0.4135456322666941,0.8787576577860094,0.10103635695217392
0.4135456322666941,0.8789001282233937,0.10103199007042801
0.4136999691326268,0.8789001282233937,0.101001291610737
0.41375141475460436,0.8789001282233937,0.1009916941780076
0.4138028603765819,0.8789001282233937,0.10093168604394767
0.4138028603765819,0.8790425986607779,0.10093151551219948
0.4139057516205371,0.8790425986607779,0.10091385743421341
0.4139571972425147,0.8790425986607779,0.10090594467844892
0.41411153410844737,0.8790425986607779,0.10087798673456641
0.41411153410844737,0.8791850690981622,0.10087701773881134
0.41436876221833524,0.8791850690981622,0.10081438341539245
0.41436876221833524,0.8793275395355463,0.10080617622686487
0.4148060500051446,0.8793275395355463,0.10062722128409095
0.4148060500051446,0.8794700099729306,0.1006261006050403
0.4150632781150324,0.8794700099729306,0.10056565252037263
0.4150632781150324,0.8796124804103148,0.10055594626329253
0.4154491202798642,0.8796124804103148,0.10043061181590494
0.4154491202798642,0.8797549508476991,0.10039959183093748
0.415474843090853,0.8797549508476991,0.10039507945537544
0.41552628871283054,0.8797549508476991,0.10039058691999739
0.4155520115238193,0.8797549508476991,0.10038970322336149
0.4155520115238193,0.8798974212850833,0.10038949687635913
0.4156034571457969,0.8798974212850833,0.10038492798238863
0.4158092396337072,0.8798974212850833,0.10027196575572715
0.4158092396337072,0.8800398917224675,0.10025136657895473
0.41586068525568476,0.8800398917224675,0.10023287891452404
0.4159121308776623,0.8800398917224675,0.10019392554092077
0.4160921905545838,0.8800398917224675,0.10012332689902495
0.4160921905545838,0.8801823621598518,0.10011833620270882
0.4161950817985389,0.8801823621598518,0.10005221578503745
0.4162722502315053,0.8801823621598518,0.10004667500583854
0.4162722502315053,0.880324832597236,0.10004547348730068
0.41634941866447167,0.880324832597236,0.10003183181192765
0.41637514147546045,0.8804673030346203,0.1000213003393704
0.4165809239633707,0.8804673030346203,0.09997060116133108
0.4166323695853483,0.8804673030346203,0.09995998370801959
0.4169410433172137,0.8804673030346203,0.0998989965980634
0.4169410433172137,0.8806097734720045,0.09989371409432549
0.41701821175018006,0.8806097734720045,0.09986986986431572
0.41704393456116884,0.8807522439093888,0.09986953881549293
0.41714682580512397,0.8807522439093888,0.09985650819204431
0.41714682580512397,0.880894714346773,0.09985574946042193
0.4172239942380903,0.880894714346773,0.09983775076461335
0.4172239942380903,0.8810371847841573,0.09982026813698172
0.41750694515896697,0.8810371847841573,0.09974526861434704
0.4175841135919333,0.8810371847841573,0.09974031986099859
0.4177898960798436,0.8810371847841573,0.0996712597691758
0.4177898960798436,0.8811796552215415,0.09964175151075971
0.4178156188908324,0.8811796552215415,0.09963366742208597
0.41789278732379875,0.8811796552215415,0.09963032905577286
0.4181242926226978,0.8811796552215415,0.09955697924695187
0.4181500154336866,0.8813221256589258,0.09955640445890697
0.418227183866653,0.8813221256589258,0.09954054015942354
0.41827862948863054,0.8813221256589258,0.0995301412228973
0.41843296635456323,0.8813221256589258,0.09944299191260766
0.4185101347875296,0.8813221256589258,0.0994224731393369
0.41856158040950714,0.8813221256589258,0.09941389227314104
0.41879308570840623,0.8813221256589258,0.09933084142574324
0.4188445313303838,0.88146459609631,0.0993265027965602
0.41892169976335014,0.88146459609631,0.09928275171830575
0.4189474225743389,0.8816070665336943,0.0992801774553488
0.4189474225743389,0.8817495369710785,0.09927923003995641
0.4193075419281819,0.8817495369710785,0.09917412560306213
0.4193075419281819,0.8818920074084627,0.09917212511039852
0.41943615598312584,0.8818920074084627,0.09911977765452296
0.41943615598312584,0.882034477845847,0.09910526259363042
0.4196933840930137,0.882034477845847,0.09901643755831155
0.4196933840930137,0.8821769482832312,0.0989888056322074
0.4197191069040025,0.8821769482832312,0.0989829146325565
0.41977055252598006,0.8821769482832312,0.09897242686065413
0.4198477209589464,0.8821769482832312,0.09897027874177161
0.4201049490688342,0.8821769482832312,0.09885996416998556
0.4201049490688342,0.8823194187206155,0.0988571667806042
0.4201821175018006,0.8823194187206155,0.09882665023332753
0.4201821175018006,0.8824618891579997,0.09882452061457092
0.4202335631237782,0.8824618891579997,0.09881064937342021
0.4202335631237782,0.882604359595384,0.09877649049998903
0.4203364543677333,0.882604359595384,0.09873068348015293
0.4203364543677333,0.8828893004701525,0.09870346812779096
0.420850910587509,0.8828893004701525,0.09848572150875079
0.4209023562094866,0.8828893004701525,0.09844661318114595
0.4210309702644305,0.8828893004701525,0.09840736918365307
0.4210309702644305,0.8830317709075367,0.09837664370750807
0.42108241588640805,0.8830317709075367,0.09836062009960597
0.4212624755633296,0.8830317709075367,0.09831426472759375
0.42131392118530714,0.8830317709075367,0.09831026303671929
0.4213396439962959,0.8830317709075367,0.09830640493046088
0.4213396439962959,0.883174241344921,0.09830432539814851
0.4215197036732174,0.883174241344921,0.09825229953531081
0.4215197036732174,0.8833167117823052,0.09823133428455015
0.42157114929519496,0.8833167117823052,0.09821889183292942
0.42157114929519496,0.8834591822196894,0.0982110705428069
0.42159687210618374,0.8834591822196894,0.09820773408065527
0.42159687210618374,0.8836016526570737,0.09818859377779783
0.4217254861611277,0.8836016526570737,0.09811766688509206
0.42180265459409405,0.8836016526570737,0.09811157048218173
0.4220341598929931,0.8836016526570737,0.09804248502194295
0.42205988270398187,0.8837441230944579,0.09803975059246738
0.42205988270398187,0.8838865935318422,0.09803146906828467
0.42231711081386974,0.8838865935318422,0.09792659329249433
0.4223685564358473,0.8838865935318422,0.09791669585874677
0.4224971704907912,0.8838865935318422,0.09788613908117448
0.4225486161127688,0.8838865935318422,0.09787531526295488
0.4227801214116679,0.8838865935318422,0.0978034463314154
0.42283156703364544,0.8838865935318422,0.097797546309843
0.42296018108858935,0.8838865935318422,0.09777790103860366
0.42298590389957813,0.8840290639692264,0.09774224199633051
0.42308879514353326,0.8840290639692264,0.09772368240046647
0.42316596357649966,0.8840290639692264,0.0977049824391017
0.4234231916863875,0.8840290639692264,0.09758373902091579
0.4235003601193538,0.8840290639692264,0.09757939503218079
0.423603251363309,0.8840290639692264,0.09755624970353363
0.4236289741742978,0.8841715344066107,0.09755385651345869
0.42368041979627535,0.8841715344066107,0.09751985976642098
0.42370614260726414,0.8843140048439949,0.09751479504483278
0.4237318654182529,0.8843140048439949,0.09750334729436431
0.4237318654182529,0.8844564752813792,0.0975019655283357
0.4238862022841856,0.8844564752813792,0.09745023486927785
0.4239376479061632,0.8844564752813792,0.09743347449739315
0.42398909352814074,0.8844564752813792,0.09741899071834101
0.42398909352814074,0.8845989457187634,0.09740733221126832
0.4240148163391295,0.8845989457187634,0.09740013943141275
0.4240662619611071,0.8845989457187634,0.0973936114234694
0.4240662619611071,0.8847414161561477,0.09739207841576956
0.42447782693692765,0.8847414161561477,0.09727914133924793
0.42447782693692765,0.8848838865935318,0.09727178507113168
0.42458071818088283,0.8848838865935318,0.09724338362146853
0.4246578866138492,0.8848838865935318,0.09723687812030807
0.42470933223582674,0.8848838865935318,0.09721702972494073
0.4249408375347258,0.8848838865935318,0.0971368886278783
0.4249408375347258,0.885026357030916,0.09712806290575714
0.4250437287786809,0.885026357030916,0.09709238850593532
0.42506945158966974,0.8851688274683003,0.09706227601920381
0.4251208972116473,0.8851688274683003,0.09705682474735686
0.4251466200226361,0.8853112979056845,0.09705232445630595
0.42535240251054635,0.8853112979056845,0.0969481218951152
0.4254295709435127,0.8854537683430688,0.09694764462999984
0.42555818499845666,0.8854537683430688,0.09686460118801338
0.42555818499845666,0.8857387092178373,0.09685944758991075
0.4259183043522996,0.8857387092178373,0.09675994697532989
0.4259440271632884,0.8858811796552215,0.09674003393398763
0.42599547278526595,0.8858811796552215,0.0967169156194322
0.42599547278526595,0.8860236500926058,0.09670112127351543
0.42604691840724357,0.8860236500926058,0.09669897724274387
0.42609836402922113,0.8860236500926058,0.09665767402955552
0.42609836402922113,0.88616612052999,0.0966562279189891
0.42620125527317626,0.88616612052999,0.09663751368514717
0.42620125527317626,0.8864510614047585,0.09661397191357848
0.4262784237061426,0.8864510614047585,0.09653018342303057
0.4262784237061426,0.8865935318421427,0.09652251750144995
0.4266385430599856,0.8865935318421427,0.09643872532905154
0.4266385430599856,0.8870209431542955,0.09643078346780823
0.42674143430394074,0.8870209431542955,0.09637424122502265
0.4267671571149295,0.8871634135916797,0.09636775049129444
0.4268186027369071,0.8871634135916797,0.09635628887656439
0.4268186027369071,0.887305884029064,0.09635533669218181
0.42687004835888465,0.887305884029064,0.09632891245595629
0.42687004835888465,0.8874483544664482,0.0963190018252025
0.4270501080358062,0.8874483544664482,0.09624542747348001
0.4270501080358062,0.8875908249038325,0.09624453530500515
0.4271529992797613,0.8875908249038325,0.09618804618449045
0.4271529992797613,0.8877332953412167,0.09618305599506827
0.42723016771272765,0.8877332953412167,0.09617908212772364
0.42723016771272765,0.887875765778601,0.09616225922391859
0.42725589052371643,0.887875765778601,0.09614969646719372
0.42725589052371643,0.8880182362159852,0.09611141428607364
0.427307336145694,0.8880182362159852,0.09609819800445164
0.4273330589566828,0.8880182362159852,0.0960963870051515
0.42738450457866034,0.8880182362159852,0.09609175878624657
0.42738450457866034,0.8881607066533694,0.09608372660147385
0.4274102273896491,0.8881607066533694,0.09607241968040249
0.4274102273896491,0.8883031770907537,0.09606560704228884
0.4276417326885482,0.8883031770907537,0.09602772420895167
0.427667455499537,0.8884456475281379,0.09602010725453257
0.42784751517645847,0.8884456475281379,0.09595826498676883
0.42784751517645847,0.8885881179655222,0.09595402209287322
0.42802757485338,0.8885881179655222,0.09585452506499025
0.42802757485338,0.8887305884029064,0.09584435902897931
0.42807902047535756,0.8887305884029064,0.09583517936270654
0.42807902047535756,0.8888730588402907,0.09581865201749498
0.42810474328634635,0.8888730588402907,0.09581321314399165
0.4281561889083239,0.8888730588402907,0.0958066408660189
0.4283105257742566,0.8888730588402907,0.0957645631285611
0.42836197139623416,0.8888730588402907,0.09576230097758028
0.42836197139623416,0.8890155292776749,0.09575918575784638
0.42838769420722295,0.8890155292776749,0.0957581145741841
0.42838769420722295,0.8891579997150592,0.09573768104164018
0.42841341701821173,0.8891579997150592,0.09573369260453843
0.42841341701821173,0.8893004701524434,0.09568627874971583
0.42849058545117813,0.8893004701524434,0.09567868241780413
0.4285420310731557,0.8893004701524434,0.0956766455995663
0.42859347669513326,0.8893004701524434,0.09567456540996973
0.42861919950612204,0.8894429405898276,0.09567220329575299
0.42874781356106595,0.8894429405898276,0.09564856182563748
0.42877353637205473,0.8895854110272119,0.09564061423217485
0.4287992591830435,0.8895854110272119,0.09562124624201536
0.42887642761600986,0.8895854110272119,0.09560592871731795
0.4289278732379874,0.8895854110272119,0.0956025476054606
0.4294423294577631,0.8895854110272119,0.09546107375110903
0.4294423294577631,0.8897278814645961,0.09545977793132776
0.4295452207017183,0.8897278814645961,0.09542596684885092
0.42959666632369586,0.8897278814645961,0.09542418538491772
0.42977672600061734,0.8897278814645961,0.0953490400952673
0.42977672600061734,0.8898703519019804,0.09532630436559439
0.4298538944335837,0.8898703519019804,0.09530197523788339
0.42990534005556125,0.8898703519019804,0.09528758744853644
0.42995678567753887,0.8898703519019804,0.09526550740590153
0.430059676921494,0.8898703519019804,0.09524727784223432
0.430059676921494,0.8900128223393646,0.09524261230418643
0.4302140137874267,0.8900128223393646,0.09519796780819813
0.43029118222039303,0.8900128223393646,0.0951884431514566
0.43041979627533694,0.8900128223393646,0.09516065719416868
0.43041979627533694,0.8901552927767489,0.09515652635168434
0.4308056384401687,0.8901552927767489,0.09505401257071436
0.4308056384401687,0.8902977632141331,0.09504998520021411
0.4308570840621463,0.8902977632141331,0.09504289121582263
0.4309599753061015,0.8902977632141331,0.09504269165739573
0.4310628665500566,0.8902977632141331,0.09502449545352905
0.43111431217203416,0.8902977632141331,0.09500782737031754
0.43111431217203416,0.8904402336515174,0.09499434775665852
0.43116575779401173,0.8904402336515174,0.09497201052327933
0.4312172034159893,0.8904402336515174,0.09496245557467174
0.43126864903796686,0.8904402336515174,0.09493227789882491
0.4313200946599444,0.8904402336515174,0.0949290238341696
0.4316802140137874,0.8904402336515174,0.09482355598302693
0.4316802140137874,0.8905827040889015,0.0948215555703639
0.431731659635765,0.8905827040889015,0.09479753552795711
0.43178310525774255,0.8905827040889015,0.09479152305205388
0.4319631649346641,0.8905827040889015,0.09474474095688744
0.4319631649346641,0.8907251745262857,0.09472386345228845
0.4320660561786192,0.8907251745262857,0.09468898565504538
0.4320660561786192,0.89086764496367,0.09468733995533114
0.432091778989608,0.89086764496367,0.09468022082489241
0.4321946702335631,0.89086764496367,0.09466718887662877
0.432451898343451,0.89086764496367,0.09462236670572725
0.432451898343451,0.8910101154010542,0.09461595786597822
0.43268340364235003,0.8910101154010542,0.09457101977672318
0.43268340364235003,0.8911525858384385,0.09456637931845686
0.43288918613026034,0.8911525858384385,0.09449416439490886
0.4329406317522379,0.8912950562758227,0.09449311133602865
0.43299207737421547,0.8912950562758227,0.09448199806007083
0.43304352299619303,0.8912950562758227,0.09446809071373116
0.4331206914291594,0.8912950562758227,0.09445050773546947
0.43317213705113694,0.8912950562758227,0.0944458248820269
0.43337791953904725,0.8912950562758227,0.09436127145329933
0.4334293651610248,0.8912950562758227,0.09435685965167408
0.4336094248379463,0.8912950562758227,0.09429434664953884
0.4336094248379463,0.891437526713207,0.094284463541697
0.43368659327091263,0.891437526713207,0.0942683994030425
0.433763761703879,0.891437526713207,0.09426642168229563
0.4339438213808005,0.891437526713207,0.09421688359979198
0.4339438213808005,0.8915799971505912,0.09421009692353263
0.4339952670027781,0.8915799971505912,0.09420637892033223
0.43402098981376686,0.8917224675879755,0.0942009864947613
0.4340981582467332,0.8917224675879755,0.0941413214927324
0.43417532667969955,0.8917224675879755,0.09413182124215565
0.43438110916760986,0.8917224675879755,0.09407731137767335
0.4344325547895874,0.8917224675879755,0.09407455410775911
0.4345868916555201,0.8917224675879755,0.09404100890478671
0.4346126144665089,0.8918649380253597,0.09402864042724084
0.4347412285214528,0.8918649380253597,0.09398392903702801
0.4347412285214528,0.8922923493375124,0.09396208916919313
0.435075625064307,0.8922923493375124,0.09385172691273641
0.43515279349727337,0.8922923493375124,0.09384415995886232
0.4353328531741949,0.8922923493375124,0.09377915604790442
0.43538429879617246,0.8922923493375124,0.0937788506941674
0.4355900812840827,0.8922923493375124,0.09369958377317002
0.4356415269060603,0.8922923493375124,0.09369601173956796
0.43566724971704907,0.8922923493375124,0.09368836936279101
0.4358215865829818,0.8924348197748967,0.09367600514506808
0.4358473093939706,0.8924348197748967,0.09367060044282186
0.4359502006379257,0.8924348197748967,0.0936628934954472
0.4360016462599033,0.8924348197748967,0.09366110186482197
0.43607881469286963,0.8924348197748967,0.09365351381106715
0.43607881469286963,0.8925772902122809,0.09364563920830415
0.43628459718077994,0.8925772902122809,0.09358052310494511
0.4363617656137463,0.8925772902122809,0.09356065988946932
0.43641321123572385,0.8925772902122809,0.09355463727185785
0.4364903796686902,0.8925772902122809,0.09354089379592641
0.4364903796686902,0.8927197606496652,0.09352947857470927
0.43654182529066776,0.8927197606496652,0.09347459582303778
0.4365932709126453,0.8927197606496652,0.0934571740952023
0.4368504990225332,0.8927197606496652,0.09337493167350992
0.4368504990225332,0.8928622310870494,0.09336585639693448
0.43708200432143224,0.8928622310870494,0.09329133604618718
0.43708200432143224,0.8930047015244337,0.09327522126652966
0.437107727132421,0.8930047015244337,0.0932698940211327
0.4371591727543986,0.8930047015244337,0.09322810394914169
0.43718489556538737,0.8930047015244337,0.093221275824553
0.43718489556538737,0.8931471719618179,0.09320396566768659
0.43723634118736493,0.8932896423992022,0.09319930489980936
0.43744212367527524,0.8932896423992022,0.0931410405327502
0.4375192921082416,0.8932896423992022,0.09313132835785623
0.43769935178516306,0.8932896423992022,0.09304576118735873
0.43777652021812946,0.8934321128365864,0.0930353315530206
0.4381366395719724,0.8934321128365864,0.09293967406941528
0.43818808519394997,0.8934321128365864,0.09293461447100206
0.4383424220598827,0.8934321128365864,0.09284062118864066
0.4383424220598827,0.8935745832739707,0.09283677647739892
0.4384967589258154,0.8935745832739707,0.0927808351784224
0.43857392735878176,0.8937170537113549,0.09277858240473352
0.43859965016977054,0.8937170537113549,0.09277539930780733
0.43859965016977054,0.8938595241487391,0.0927670935399301
0.4386253729807593,0.8938595241487391,0.09276560975714167
0.43870254141372567,0.8940019945861234,0.09274210687038865
0.4387282642247145,0.8940019945861234,0.09274055646545797
0.4387282642247145,0.8941444650235076,0.09273851403523616
0.4390369379565799,0.8941444650235076,0.09265342544863876
0.4390369379565799,0.8942869354608919,0.09263473205655029
0.4392427204444902,0.8942869354608919,0.0925864128779928
0.43929416606646776,0.8942869354608919,0.09257145970252272
0.4395256713653668,0.8942869354608919,0.09245875700377451
0.4395256713653668,0.8944294058982761,0.09245841140616386
0.43957711698734436,0.8944294058982761,0.09241677778194061
0.43957711698734436,0.8948568172104289,0.09240432577939535
0.4396285626093219,0.8948568172104289,0.09239882189520329
0.4396800082312995,0.8948568172104289,0.09239747415149932
0.4397828994752547,0.8948568172104289,0.09235039292566977
0.4397828994752547,0.8949992876478131,0.09234824289199112
0.43980862228624346,0.8949992876478131,0.0923461508882442
0.439860067908221,0.8949992876478131,0.09233594756218536
0.4399115135301986,0.8949992876478131,0.09232719707492461
0.43996295915217615,0.8952842285225816,0.09231728713916036
0.44047741537195184,0.8952842285225816,0.09216673622068423
0.4405288609939294,0.8952842285225816,0.09214573648895277
0.4407346434818397,0.8952842285225816,0.09210085901075378
0.4407603662928285,0.8955691693973501,0.09208412279104504
0.4408889803477724,0.8955691693973501,0.09203964746284843
0.4408889803477724,0.8957116398347343,0.09203747574382704
0.4409147031587612,0.8957116398347343,0.09203298155628298
0.4409147031587612,0.8958541102721186,0.09201492255359635
0.44096614878073875,0.8958541102721186,0.09199637921987708
0.4410175944027163,0.8958541102721186,0.09198781598524831
0.4410433172137051,0.8958541102721186,0.09195395700242696
0.4410433172137051,0.8959965807095028,0.09195251048999313
0.44109476283568266,0.8959965807095028,0.09194323486500282
0.4411462084576602,0.8959965807095028,0.09193913000479861
0.44117193126864906,0.8959965807095028,0.0919346819983549
0.44132626813458176,0.8959965807095028,0.09193112287622503
0.44135199094557054,0.8959965807095028,0.09193073689662001
0.44135199094557054,0.896139051146887,0.09190578989619361
0.4413777137565593,0.896139051146887,0.09189951741606756
0.4413777137565593,0.8962815215842712,0.09189046310469944
0.44163494186644714,0.8962815215842712,0.09179407878155145
0.4417378331104023,0.8962815215842712,0.09179386137701857
0.44186644716534623,0.8962815215842712,0.09176470165684887
0.4419178927873238,0.8962815215842712,0.09175590712684793
0.4420722296532565,0.8962815215842712,0.09171929008281933
0.44212367527523405,0.8962815215842712,0.09171874992779216
0.44220084370820045,0.8962815215842712,0.09170959090890968
0.44220084370820045,0.8965664624590397,0.09169968347875616
0.4423037349521556,0.8965664624590397,0.09164015499316525
0.44235518057413314,0.8965664624590397,0.091635408394362
0.4423809033851219,0.8965664624590397,0.09163479973539052
0.4424323490070995,0.8965664624590397,0.09163382752721844
0.44245807181808827,0.8965664624590397,0.09163224182910269
0.44250951744006584,0.8965664624590397,0.09160656592991616
0.44250951744006584,0.896708932896424,0.09160597156042982
0.4425352402510546,0.896708932896424,0.09160289081849542
0.4425352402510546,0.8968514033338082,0.09159189575113784
0.44271529992797615,0.8968514033338082,0.09154461706858716
0.44271529992797615,0.8969938737711924,0.0915161215329462
0.44297252803786397,0.8969938737711924,0.09141156564421564
0.4430496964708303,0.8969938737711924,0.09140966611325117
0.4430496964708303,0.8971363442085767,0.09140733515938676
0.44322975614775184,0.8971363442085767,0.09135758824825989
0.44322975614775184,0.8972788146459609,0.09135359327462773
0.443924272044449,0.8972788146459609,0.09115157118021193
0.44402716328840414,0.8972788146459609,0.09114770761275898
0.44420722296532567,0.8972788146459609,0.09109325064588437
0.44425866858730323,0.8972788146459609,0.09108944943924056
0.44451589669719105,0.8972788146459609,0.09102554403176032
0.44451589669719105,0.8974212850833452,0.09102260733779154
0.444644510752135,0.8974212850833452,0.09099559194898094
0.4446959563741126,0.8974212850833452,0.09099164132569916
0.44472167918510136,0.8974212850833452,0.09097364373132531
0.44472167918510136,0.8975637555207294,0.09096439284636083
0.4449274616730116,0.8975637555207294,0.090917029426918
0.4449274616730116,0.8977062259581137,0.09091535211214623
0.4449531844840004,0.8977062259581137,0.09090349559937932
0.44500463010597796,0.8977062259581137,0.09089937611807185
0.44503035291696674,0.8978486963954979,0.09088895754433295
0.44521041259388827,0.8978486963954979,0.09085871052195472
0.44521041259388827,0.8979911668328822,0.09084288084283221
0.44526185821586584,0.8979911668328822,0.09083894787111327
0.44536474945982096,0.8981336372702664,0.09083313303440661
0.4454419178927873,0.8981336372702664,0.0908213249854806
0.4454419178927873,0.8982761077076507,0.09081144708627185
0.4454933635147649,0.8982761077076507,0.09079578100771216
0.4454933635147649,0.8984185781450349,0.0907950356374929
0.44554480913674244,0.8984185781450349,0.09077628997955862
0.4455705319477313,0.8984185781450349,0.09077122720743591
0.4456477003806976,0.8984185781450349,0.09076514824700246
0.4462136022224509,0.8984185781450349,0.09058679629796734
0.4462136022224509,0.8985610485824191,0.09058450696582161
0.44623932503343966,0.8985610485824191,0.09055226921860943
0.4462907706554172,0.8985610485824191,0.09055213791449974
0.4464965531433275,0.8985610485824191,0.09047682056465205
0.4465479987653051,0.8985610485824191,0.09047498259145469
0.4465479987653051,0.8987035190198034,0.09047402731552617
0.4465737215762939,0.8987035190198034,0.09047274752498077
0.4465737215762939,0.8988459894571876,0.09045796805652782
0.4467023356312378,0.8988459894571876,0.09045293441793067
0.4467023356312378,0.8989884598945719,0.09045197479380189
0.4470881777960696,0.8989884598945719,0.0903222777532676
0.4470881777960696,0.8991309303319561,0.09031825135091334
0.44713962341804714,0.8991309303319561,0.09031728489986374
0.44729396028397983,0.8991309303319561,0.09029827216659833
0.44729396028397983,0.8992734007693404,0.09029529356418674
0.4473454059059574,0.8992734007693404,0.09027085444063478
0.4473454059059574,0.8994158712067246,0.09025465226631085
0.4473711287169462,0.8994158712067246,0.0902463888024331
0.4473711287169462,0.8997008120814931,0.09023806175580197
0.4474740199609013,0.8997008120814931,0.0902026176660263
0.4474740199609013,0.8998432825188774,0.09019536089145645
0.4475511883938677,0.8998432825188774,0.0901828785678715
0.4475511883938677,0.8999857529562616,0.09018250391865901
0.4476798024488116,0.8999857529562616,0.0901480565428073
0.4476798024488116,0.9001282233936458,0.09014275321414962
0.44788558493672187,0.9001282233936458,0.09009759081359521
0.44793703055869943,0.9001282233936458,0.09009575978106095
0.4480656446136434,0.9001282233936458,0.09001722796919234
0.44811709023562096,0.9001282233936458,0.09001265682778507
0.44850293240045275,0.9001282233936458,0.08990052394641619
0.44852865521144153,0.9002706938310301,0.08987044489826207
0.44852865521144153,0.9004131642684143,0.08985739246609645
0.44863154645539666,0.9004131642684143,0.08979726253375345
0.4486829920773742,0.9004131642684143,0.0897944383990786
0.44876016051034057,0.9004131642684143,0.08974464322426584
0.44881160613231813,0.9004131642684143,0.08974170439630895
0.44881160613231813,0.9005556347057986,0.08973992721070148
0.44891449737627326,0.9005556347057986,0.0896960444708184
0.44899166580923966,0.9005556347057986,0.08968960995622474
0.44899166580923966,0.9006981051431828,0.0896872917349094
0.44914600267517235,0.9006981051431828,0.08964782767469276
0.4491974482971499,0.9006981051431828,0.0896433427753068
0.4493775079740714,0.9006981051431828,0.08954033981354034
0.44948039921802657,0.9006981051431828,0.08953686196163688
0.44953184484000414,0.9006981051431828,0.08952525356221296
0.44953184484000414,0.9008405755805671,0.08951754105074784
0.4495575676509929,0.9008405755805671,0.08951562371022659
0.4495575676509929,0.9009830460179513,0.08949446088445678
0.44966045889494805,0.9009830460179513,0.08947817001150403
0.44966045889494805,0.9012679868927198,0.08946836364904431
0.4497376273279144,0.9012679868927198,0.08944548019143857
0.4497376273279144,0.901410457330104,0.08943541051242945
0.4498919641938471,0.901410457330104,0.08939601939246417
0.4498919641938471,0.9015529277674883,0.08939136583454804
0.44991768700483586,0.9015529277674883,0.08938759674102277
0.4499691326268135,0.9015529277674883,0.08937723042150778
0.45014919230373496,0.9015529277674883,0.0893429604578443
0.45014919230373496,0.9016953982048724,0.08932740417167075
0.4502006379257125,0.9016953982048724,0.08929601520039745
0.4502520835476901,0.9016953982048724,0.08929066961429735
0.4504835888465892,0.9016953982048724,0.08920146248559058
0.45053503446856674,0.9016953982048724,0.08919404192243471
0.45110093631032,0.9016953982048724,0.08902183348874257
0.45115238193229756,0.9016953982048724,0.08901754191566223
0.4512038275542751,0.9016953982048724,0.0890130474021509
0.4512809959872415,0.9016953982048724,0.08897383153746927
0.4515896697191069,0.9016953982048724,0.08890236040066421
0.4517182837740508,0.9016953982048724,0.08889788857112531
0.4518726206399835,0.9016953982048724,0.08888194347801956
0.4519755118839387,0.9016953982048724,0.08887903535727855
0.45256713653668074,0.9016953982048724,0.0886959192761343
0.4526185821586583,0.9016953982048724,0.08869257659701613
0.452772919024591,0.9016953982048724,0.08864505715493125
0.452772919024591,0.9018378686422567,0.08864253089201773
0.45282436464656856,0.9018378686422567,0.08863329200802451
0.45290153307953496,0.9018378686422567,0.08863028618337858
0.45305586994546765,0.9018378686422567,0.08858410255916674
0.4531073155674452,0.9018378686422567,0.08858163540956039
0.4531073155674452,0.9019803390796409,0.08857488455417906
0.4535188805432658,0.9019803390796409,0.08846209055007415
0.4535188805432658,0.9021228095170252,0.0884598667764545
0.45369894022018725,0.9021228095170252,0.08840272357913495
0.45369894022018725,0.9022652799544094,0.08839871836272697
0.4537761086531536,0.9022652799544094,0.08836005227013037
0.4537761086531536,0.9024077503917937,0.08834730756645687
0.45382755427513116,0.9024077503917937,0.08834221532780316
0.45385327708611994,0.9024077503917937,0.0883392564443297
0.45390472270809756,0.9024077503917937,0.08833536434299315
0.45390472270809756,0.9025502208291779,0.08833381998753304
0.4544963473608396,0.9025502208291779,0.08812736505303187
0.45457351579380595,0.9025502208291779,0.08812557018295693
0.45459923860479473,0.9025502208291779,0.08812381722701457
0.45459923860479473,0.9026926912665622,0.08811824055773228
0.45470212984874986,0.9026926912665622,0.0881165058230822
0.45472785265973864,0.9026926912665622,0.0881063911824267
0.45472785265973864,0.9028351617039464,0.08807318216816462
0.45483074390369377,0.9028351617039464,0.08802863201121348
0.45483074390369377,0.9029776321413306,0.08802556606226912
0.455165140446548,0.9029776321413306,0.0879261379601444
0.45521658606852555,0.9029776321413306,0.08792586926421295
0.4552680316905031,0.9029776321413306,0.08790380871548326
0.4552680316905031,0.9031201025787149,0.08790353084088759
0.4553194773124807,0.9031201025787149,0.08788522282539318
0.4553194773124807,0.9032625730160991,0.08788520740263556
0.45544809136742465,0.9032625730160991,0.08782356382566169
0.45544809136742465,0.9034050434534834,0.0878192854261135
0.45573104228830125,0.9034050434534834,0.08772243001729323
0.4557824879102788,0.9034050434534834,0.08771871751679815
0.4559111019652228,0.9034050434534834,0.08770298809781953
0.4559111019652228,0.9035475138908676,0.08770081565496661
0.4566313406729087,0.9035475138908676,0.08743386034875252
0.4566313406729087,0.9036899843282519,0.08743104443152558
0.4566827862948863,0.9036899843282519,0.08741613554988792
0.45673423191686385,0.9036899843282519,0.08741261497897877
0.45709435127070686,0.9036899843282519,0.08727516834146223
0.4571715197036732,0.9036899843282519,0.08727230405605033
0.45732585656960595,0.9036899843282519,0.08722636330256056
0.45732585656960595,0.9038324547656361,0.08719072566094782
0.45763453030147133,0.9038324547656361,0.08709051064383674
0.45763453030147133,0.9039749252030204,0.08704534864405403
0.45773742154542646,0.9039749252030204,0.08699909355483866
0.45773742154542646,0.9041173956404046,0.0869917197603326
0.4580203724663031,0.9041173956404046,0.08685331928314571
0.4580203724663031,0.9042598660777889,0.08685074192221877
0.4582004321432246,0.9042598660777889,0.08677657148326351
0.4582004321432246,0.9044023365151731,0.08676196766002957
0.45825187776520215,0.9044023365151731,0.08674204287307004
0.45832904619816855,0.9044023365151731,0.08671999792986694
0.45832904619816855,0.9045448069525573,0.08670824848870613
0.4584062146311349,0.9045448069525573,0.08668895740415027
0.4584319374421237,0.9046872773899416,0.0866768831105779
0.45910073052783207,0.9046872773899416,0.0864259809035825
0.45915217614980963,0.9046872773899416,0.08642043205265341
0.4593065130157424,0.9046872773899416,0.08636964014770364
0.4593065130157424,0.9048297478273258,0.08636099584569519
0.45948657269266385,0.9048297478273258,0.08630875859819419
0.4595380183146414,0.9048297478273258,0.08630393380991354
0.45964090955859654,0.9048297478273258,0.08629413435952885
0.45964090955859654,0.9049722182647101,0.08628989221742636
0.4599238604794732,0.9049722182647101,0.08617071087187225
0.46002675172342833,0.9049722182647101,0.08616133471233027
0.4600781973454059,0.9049722182647101,0.0861439586707615
0.4600781973454059,0.9051146887020943,0.08612117336184544
0.460181088589361,0.9051146887020943,0.0861064494977989
0.46023253421133864,0.9051146887020943,0.08610571815660725
0.4604125938882601,0.9051146887020943,0.08607085889661434
0.4604125938882601,0.9052571591394786,0.0860490009730987
0.46051548513221524,0.9052571591394786,0.08603283742926512
0.4605669307541928,0.9052571591394786,0.08601291003969526
0.46074699043111433,0.9052571591394786,0.08593995670843961
0.46074699043111433,0.9053996295768628,0.08593755970565872
0.46084988167506946,0.9053996295768628,0.08592287260268897
0.46097849573001337,0.9053996295768628,0.08588585451209414
0.46102994135199094,0.9053996295768628,0.0858824584128075
0.4610813869739685,0.9053996295768628,0.08585064479702169
0.46113283259594606,0.9053996295768628,0.08582294630498614
0.46113283259594606,0.9055421000142471,0.08581949874216978
0.4613128922728676,0.9055421000142471,0.08577640279842791
0.46136433789484516,0.9055421000142471,0.08577519070949388
0.4614415063278115,0.9055421000142471,0.08576891961135927
0.46149295194978907,0.9055421000142471,0.08574189383119296
0.461621566004733,0.9055421000142471,0.0856969568650489
0.4616730116267106,0.9055421000142471,0.08568738105572317
0.4616987344376994,0.9055421000142471,0.08568224402239488
0.4616987344376994,0.9056845704516313,0.08567178267290838
0.46172445724868816,0.9056845704516313,0.08565702324559912
0.46172445724868816,0.9058270408890156,0.0856508907224634
0.46175018005967694,0.9058270408890156,0.08564234105338377
0.4618016256816545,0.9058270408890156,0.08563884777548975
0.462341804712419,0.9058270408890156,0.0855260001717444
0.46236752752340776,0.9059695113263998,0.08552050664819781
0.46239325033439654,0.9059695113263998,0.08550178410360207
0.4624446959563741,0.9059695113263998,0.08549709382962059
0.46254758720032924,0.9059695113263998,0.08547356047453221
0.4625990328223068,0.9059695113263998,0.08546931396727568
0.4626504784442844,0.9059695113263998,0.08545077683207143
0.4626504784442844,0.906111981763784,0.0854504862022813
0.46301059779812737,0.906111981763784,0.08535070581071298
0.46306204342010493,0.906111981763784,0.08534781161528134
0.4631906574750489,0.906111981763784,0.08532817017357076
0.46324210309702646,0.9062544522011683,0.08532422086199994
0.46326782590801524,0.9062544522011683,0.08531316781652948
0.4633192715299928,0.9062544522011683,0.08530896576414093
0.4633192715299928,0.9063969226385525,0.08529247912004626
0.46337071715197037,0.9063969226385525,0.08528835547768553
0.4634736083959255,0.9063969226385525,0.085280674694398
0.46352505401790306,0.9063969226385525,0.08527799487731515
0.46378228212779093,0.9063969226385525,0.08521326414865722
0.46378228212779093,0.9065393930759368,0.08520850552332741
0.4638080049387797,0.9065393930759368,0.085197514411928
0.4638594505607573,0.9065393930759368,0.08519614471678155
0.4639623418047124,0.9065393930759368,0.08518093719070154
0.46403951023767875,0.9065393930759368,0.08517879178829126
0.4642195699146003,0.9065393930759368,0.08510905429860799
0.46429673834756663,0.906681863513321,0.08510851995995676
0.46455396645745445,0.906681863513321,0.08503584385047365
0.46455396645745445,0.9068243339507053,0.08501355157193687
0.46460541207943207,0.9068243339507053,0.08500463224269394
0.46460541207943207,0.9069668043880895,0.08499930819390965
0.46463113489042085,0.9069668043880895,0.08498608287390161
0.46463113489042085,0.9071092748254738,0.08498064126144492
0.4648369173783311,0.9071092748254738,0.08489065063875716
0.4648369173783311,0.907251745262858,0.08486854561899053
0.46542854203107314,0.907251745262858,0.08473572641911378
0.46542854203107314,0.9073942157002421,0.08467665293247803
0.4656086017079947,0.9073942157002421,0.08463179283234895
0.4656086017079947,0.9075366861376264,0.0846300590329254
0.46578866138491615,0.9075366861376264,0.08455138193181566
0.4658401070068937,0.9075366861376264,0.08455085831282798
0.46591727543986006,0.9075366861376264,0.08453969251951775
0.4659687210618376,0.9076791565750106,0.08451660672110718
0.4662259491717255,0.9076791565750106,0.08447946334970022
0.46627739479370306,0.9076791565750106,0.08447686549061677
0.46640600884864697,0.9076791565750106,0.08442401745506373
0.46640600884864697,0.9078216270123949,0.08442075507515341
0.46643173165963575,0.9078216270123949,0.08441860996069188
0.46643173165963575,0.9081065678871634,0.08441268941161593
0.4665346229035909,0.9081065678871634,0.08437035666890827
0.4666117913365573,0.9081065678871634,0.0843603473160434
0.4667404053915012,0.9081065678871634,0.08430423551939611
0.4667404053915012,0.9082490383245476,0.08427819378564556
0.4668432966354563,0.9082490383245476,0.08426365102480862
0.46692046506842266,0.9082490383245476,0.0842520947789818
0.4669719106904002,0.9082490383245476,0.08424327170784797
0.4670233563123778,0.9082490383245476,0.0842401582817018
0.467126247556333,0.9082490383245476,0.08420755117863403
0.467126247556333,0.9083915087619319,0.08412738347577299
0.46715197036732176,0.9083915087619319,0.08412619648644802
0.4672034159892993,0.9083915087619319,0.08411152506678825
0.4672291388002881,0.9083915087619319,0.08408823426305058
0.46728058442226567,0.9083915087619319,0.08407520415270221
0.46733203004424323,0.9083915087619319,0.08406878853226504
0.46733203004424323,0.9085339791993161,0.08406115233604833
0.46746064409918714,0.9085339791993161,0.0840258557089811
0.4675635353431423,0.9085339791993161,0.0840149368186013
0.46828377405082827,0.9085339791993161,0.08379338757964237
0.46833521967280584,0.9085339791993161,0.0837916231544365
0.4684895565387385,0.9085339791993161,0.08372487636762078
0.46854100216071615,0.9088189200740846,0.0837203366473891
0.4685924477826937,0.9088189200740846,0.083686964646346
0.4685924477826937,0.9089613905114688,0.08368465589494764
0.4686181705936825,0.9089613905114688,0.08368050166803206
0.4686181705936825,0.9091038609488531,0.08367670559795816
0.4687467846486264,0.9091038609488531,0.08363386226058167
0.46879823027060397,0.9092463313862373,0.08363262880227751
0.4689011215145591,0.9092463313862373,0.08359155371835882
0.4690040127585143,0.9092463313862373,0.08359036528827528
0.4690811811914806,0.9092463313862373,0.08355746711645216
0.4690811811914806,0.9093888018236216,0.08355364170332316
0.4694927461673012,0.9093888018236216,0.08344559589008638
0.4694927461673012,0.9095312722610058,0.08343922924513432
0.46956991460026754,0.9095312722610058,0.08342081610705936
0.4696213602222451,0.9095312722610058,0.0834125966138975
0.46967280584422266,0.9095312722610058,0.08341207552909914
0.46967280584422266,0.9096737426983901,0.083387408496994
0.4697242514662002,0.9096737426983901,0.08337759949255313
0.4697242514662002,0.9098162131357743,0.08337462847081493
0.4697756970881778,0.9098162131357743,0.08336872813945499
0.4697756970881778,0.9099586835731586,0.08336286094686335
0.46995575676509926,0.9099586835731586,0.08332109668901566
0.46995575676509926,0.9101011540105428,0.08331243036004493
0.47008437082004323,0.9101011540105428,0.08327152715634117
0.47008437082004323,0.9102436244479271,0.08327010779581276
0.47018726206399836,0.9102436244479271,0.08323375999940988
0.47018726206399836,0.9103860948853113,0.08323273627514449
0.4702901533079535,0.9103860948853113,0.08318562546390104
0.4702901533079535,0.9105285653226955,0.0831853375220192
0.47036732174091983,0.9105285653226955,0.08317087512346036
0.4704187673628974,0.9105285653226955,0.08316686185556722
0.4704444901738862,0.9105285653226955,0.08314803405728298
0.4704444901738862,0.9106710357600798,0.08313911087666197
0.4704959357958638,0.9106710357600798,0.08312671095132963
0.4704959357958638,0.910813506197464,0.08312512091601443
0.47057310422883014,0.910813506197464,0.08311740736031333
0.4706245498508077,0.910813506197464,0.08309978607290006
0.4707531639057516,0.910813506197464,0.08306488534760935
0.4708046095277292,0.910813506197464,0.08306319284389278
0.4708046095277292,0.9109559766348483,0.0830617285194691
0.47137051136948244,0.9109559766348483,0.08293988366872872
0.47142195699146,0.9109559766348483,0.08292918363031998
0.4716277394793703,0.9109559766348483,0.08286307148808408
0.4716277394793703,0.9110984470722325,0.08284809685224512
0.47183352196728057,0.9110984470722325,0.0827685002447473
0.47185924477826935,0.9112409175096168,0.08276212277062411
0.47206502726617966,0.9112409175096168,0.08272357660169398
0.47206502726617966,0.911383387947001,0.08271075243659852
0.47234797818705626,0.911383387947001,0.08263966732447299
0.4723994238090338,0.9115258583843853,0.08262647377713032
0.4726309291079329,0.9115258583843853,0.0825714592183837
0.47273382035188805,0.9115258583843853,0.08257118054394692
0.47273382035188805,0.9116683288217695,0.08257085598109297
0.4727852659738656,0.9116683288217695,0.08256184925453841
0.4728367115958432,0.9116683288217695,0.08256153900133875
0.47288815721782074,0.9116683288217695,0.0825607877226572
0.47309393970573105,0.9116683288217695,0.08247205371514103
0.47309393970573105,0.9118107992591538,0.08247159804490158
0.47347978187056283,0.9118107992591538,0.08235102236586403
0.4735055046815516,0.911953269696538,0.08235014954466749
0.47409712933429365,0.911953269696538,0.08215773913053065
0.4741485749562712,0.911953269696538,0.08215302049742633
0.4743029118222039,0.911953269696538,0.08213928605677664
0.4743286346331927,0.9120957401339223,0.08213614330162382
0.47463730836505813,0.9120957401339223,0.08204935416290259
0.4746887539870357,0.9120957401339223,0.08204926030986152
0.4747916452309908,0.9120957401339223,0.08203323093668204
0.4747916452309908,0.9122382105713065,0.08203157472561824
0.4750745961518675,0.9122382105713065,0.08194349797827125
0.47512604177384504,0.9122382105713065,0.08192719443426721
0.4755118839386768,0.9122382105713065,0.08184697236461043
0.4755633295606544,0.9122382105713065,0.08184169784842757
0.4755633295606544,0.9123806810086907,0.08182857576137573
0.47576911204856465,0.9123806810086907,0.08178006395738119
0.4758205576705422,0.9123806810086907,0.08177668421849649
0.47597489453647496,0.9123806810086907,0.0817491023885495
0.47597489453647496,0.912523151446075,0.08174785470673052
0.47600061734746374,0.912523151446075,0.08172811885955132
0.47600061734746374,0.9126656218834592,0.08172648950914418
0.4760777857804301,0.9126656218834592,0.08170006446323726
0.47612923140240765,0.9126656218834592,0.08169443309179956
0.476206399835374,0.9126656218834592,0.08168290892781695
0.476206399835374,0.9128080923208435,0.0816747104636551
0.4764121823232843,0.9128080923208435,0.08163810317517825
0.47651507356723943,0.9128080923208435,0.08163163436976222
0.4766694104331721,0.9128080923208435,0.0815851549604317
0.4766951332441609,0.9129505627582276,0.0815821300380146
0.4766951332441609,0.9130930331956119,0.08157399513890999
0.47674657886613847,0.9130930331956119,0.08156617122393645
0.47677230167712725,0.9132355036329961,0.08156466104546958
0.4769523613540488,0.9132355036329961,0.0815190079423098
0.4769523613540488,0.9133779740703803,0.08150298648505144
0.47700380697602635,0.9133779740703803,0.08150159114696269
0.4770552525980039,0.9133779740703803,0.08148660082350288
0.4771066982199815,0.9133779740703803,0.08146767150855122
0.47715814384195904,0.9133779740703803,0.08145822629903551
0.47715814384195904,0.9135204445077646,0.08145820202173756
0.4772095894639366,0.9135204445077646,0.08143065585399457
0.47726103508591416,0.9135204445077646,0.08142074761891974
0.47728675789690295,0.9135204445077646,0.08141416789576666
0.47728675789690295,0.9136629149451488,0.08140765088982682
0.4773124807078918,0.9136629149451488,0.08139463667409037
0.47733820351888057,0.9138053853825331,0.08139292873141794
0.4774410947628357,0.9138053853825331,0.08137797424408877
0.4774410947628357,0.9139478558199173,0.08134491276463868
0.4774668175738245,0.9139478558199173,0.081339776468542
0.4774668175738245,0.9142327966946858,0.08132060194742212
0.47762115443975717,0.9142327966946858,0.08128585749479178
0.4777240456837123,0.9142327966946858,0.0812516555681899
0.47777549130568986,0.9142327966946858,0.08123841490114822
0.47798127379360017,0.9142327966946858,0.08114142993428072
0.4780841650375553,0.9142327966946858,0.08113860156104638
0.47836711595843195,0.9142327966946858,0.08105556563288038
0.47836711595843195,0.9143752671320701,0.08104222242309993
0.47852145282436465,0.9143752671320701,0.08096019612356548
0.47852145282436465,0.9145177375694543,0.08095416851125745
0.47913880028809547,0.9145177375694543,0.08077650948941935
0.47919024591007303,0.9145177375694543,0.0807540416386043
0.479318859965017,0.9145177375694543,0.0807259078787346
0.47937030558699456,0.9146602080068386,0.0807242874121078
0.47949891964193847,0.9146602080068386,0.0807064657098816
0.47955036526391603,0.9146602080068386,0.08070131273781869
0.4796275336968824,0.9146602080068386,0.08068330933338415
0.4796275336968824,0.9148026784442228,0.08067369254294887
0.47975614775182635,0.9148026784442228,0.08065654685215269
0.4798075933738039,0.9148026784442228,0.08065515063353222
0.4798590389957815,0.9148026784442228,0.08065016433149609
0.47991048461775904,0.9148026784442228,0.08063965416287878
0.4799619302397366,0.9148026784442228,0.0806296670779282
0.48006482148369173,0.914945148881607,0.0806161439847061
0.4803220495935796,0.914945148881607,0.08055802217702011
0.4803220495935796,0.9152300897563755,0.0805439343198098
0.48055355489247864,0.9152300897563755,0.08048939240956719
0.4806050005144562,0.9152300897563755,0.08047440145405067
0.48065644613643377,0.9152300897563755,0.08042966943070182
0.48070789175841133,0.9152300897563755,0.08042812333174487
0.4811451795452207,0.9152300897563755,0.0802840819368988
0.48119662516719824,0.9153725601937598,0.08027162683978728
0.4812995164111534,0.9153725601937598,0.08019877936201616
0.481350962033131,0.9153725601937598,0.08018802372765199
0.48140240765510856,0.9153725601937598,0.08017002978244257
0.48140240765510856,0.915515030631144,0.08015499638846575
0.4814538532770861,0.915515030631144,0.08013433283690344
0.4815052988990637,0.915515030631144,0.08013192077696961
0.4816081901430188,0.915515030631144,0.08010589250100572
0.4816081901430188,0.9156575010685283,0.08010579693473498
0.48176252700895156,0.9156575010685283,0.08005190146317649
0.4818139726309291,0.9156575010685283,0.080049492004617
0.48194258668587303,0.9156575010685283,0.08002321123958184
0.4819940323078506,0.9156575010685283,0.08002026257407976
0.4820969235518057,0.9156575010685283,0.08000051671274085
0.48217409198477207,0.9156575010685283,0.07999881170959336
0.48240559728367116,0.9156575010685283,0.07993233413301333
0.4825084885276263,0.9156575010685283,0.07993141257151005
0.48276571663751416,0.9156575010685283,0.07986533250314026
0.4828428850704805,0.9156575010685283,0.0798588470340779
0.4829972219364132,0.9156575010685283,0.07982986924086254
0.48304866755839077,0.9156575010685283,0.07982511639117917
0.4834859553452001,0.9156575010685283,0.07968976889352417
0.4834859553452001,0.9157999715059125,0.07968630470144403
0.483614569400144,0.9157999715059125,0.07966870746007781
0.483614569400144,0.9159424419432968,0.07965841460855894
0.48382035188805433,0.9159424419432968,0.07959506620073988
0.4838717975100319,0.9159424419432968,0.07957194175488382
0.4840004115649758,0.9159424419432968,0.07953094942379717
0.4840004115649758,0.916084912380681,0.07953058832535366
0.4841290256199197,0.916084912380681,0.07949286534824525
0.48418047124189734,0.916084912380681,0.07948251187809292
0.4844119765407964,0.916084912380681,0.07943434660323857
0.4844119765407964,0.9162273828180653,0.07943382129635149
0.48456631340672907,0.9162273828180653,0.07938741019770634
0.48461775902870663,0.9163698532554495,0.07938242635384198
0.4847206502726618,0.9163698532554495,0.07937207214642775
0.4848492643276057,0.9165123236928338,0.07935580257364884
0.4849007099495833,0.9165123236928338,0.079342318037641
0.4850293240045272,0.9165123236928338,0.0793174742789847
0.4850293240045272,0.916654794130218,0.07930680339206438
0.4852351064924375,0.916654794130218,0.07927550958324885
0.48528655211441507,0.916654794130218,0.07926950093465415
0.4853894433583702,0.916654794130218,0.07924356556446104
0.4853894433583702,0.9167972645676022,0.07923956536169162
0.48556950303529167,0.9167972645676022,0.07920691460413357
0.4856466714682581,0.9167972645676022,0.07920563011987122
0.4858781767671571,0.9167972645676022,0.07914784584152383
0.4860325136330898,0.9170822054423707,0.07912912720757247
0.4861096820660562,0.9170822054423707,0.07911390177675248
0.4861096820660562,0.917224675879755,0.07911175045942329
0.48616112768803377,0.917224675879755,0.07910298940019397
0.48618685049902255,0.917224675879755,0.07910104454438592
0.48634118736495524,0.917224675879755,0.07908787046835764
0.4864183557979216,0.917224675879755,0.07906480973718383
0.4864183557979216,0.9173671463171392,0.07906261749493465
0.48649552423088793,0.9173671463171392,0.07904311899447522
0.4865984154748431,0.9173671463171392,0.07901913634808905
0.4866498610968207,0.9173671463171392,0.07901512719296239
0.4868813663957197,0.9173671463171392,0.07897190865212952
0.48698425763967484,0.9173671463171392,0.07896427975731024
0.48708714888363003,0.9173671463171392,0.07892545785235501
0.4871385945056076,0.9173671463171392,0.07891566257524998
0.48721576293857394,0.9173671463171392,0.07890355432427805
0.48731865418252907,0.9173671463171392,0.07889508050027821
0.48747299104846176,0.9173671463171392,0.07887093541203717
0.4875244366704393,0.9173671463171392,0.07886954642010736
0.48755015948142816,0.9173671463171392,0.07885484318358568
0.4876016051034057,0.9173671463171392,0.07885169736201215
0.4876530507253833,0.9173671463171392,0.07884695019384295
0.4876530507253833,0.9175096167545235,0.07883136351711766
0.48770449634736085,0.9175096167545235,0.07881702888067418
0.48770449634736085,0.9176520871919077,0.0788079719620249
0.48785883321329354,0.9176520871919077,0.07876855426827378
0.48785883321329354,0.917794557629292,0.07876573690317729
0.48796172445724867,0.917794557629292,0.07873873297908873
0.48803889289021507,0.917794557629292,0.07873498971771595
0.48806461570120385,0.917794557629292,0.07872730863748675
0.4881160613231814,0.917794557629292,0.07871962121511435
0.4882961210001029,0.917794557629292,0.07866514761913253
0.48834756662208045,0.917794557629292,0.07866458023405337
0.4884504578660356,0.917794557629292,0.07863185626057136
0.48850190348801314,0.917794557629292,0.07862995030706414
0.488527626299002,0.917794557629292,0.07862786244235456
0.488527626299002,0.9179370280666762,0.07862070825789573
0.48857907192097955,0.9179370280666762,0.07860929901800712
0.4886305175429571,0.9179370280666762,0.07860696063117706
0.488759131597901,0.9179370280666762,0.07858474998159466
0.4888105772198786,0.9179370280666762,0.07857200008792456
0.48888774565284493,0.9179370280666762,0.07856458305634666
0.489119250951744,0.9179370280666762,0.078462353228911
0.489119250951744,0.9180794985040605,0.07846034472003048
0.48922214219569915,0.9180794985040605,0.07841700710301147
0.48922214219569915,0.9182219689414447,0.0783927052383704
0.4893250334396543,0.9182219689414447,0.07837734979366918
0.48937647906163184,0.9182219689414447,0.078365727533794
0.4894279246836094,0.9182219689414447,0.07834363889373082
0.48947937030558697,0.9182219689414447,0.07833267825916014
0.48960798436053093,0.9182219689414447,0.07828747393869974
0.48973659841547484,0.9182219689414447,0.07828193203086058
0.4897880440374524,0.9182219689414447,0.0782666444489232
0.4900195493363515,0.9182219689414447,0.07822657705132316
0.49007099495832906,0.9182219689414447,0.07821807880767839
0.4901738862022842,0.9182219689414447,0.07816510873326427
0.49022533182426176,0.918364439378829,0.0781644001763867
0.49035394587920567,0.918364439378829,0.0781465778266808
0.49035394587920567,0.9185069098162132,0.07813034002173413
0.4906883424220599,0.9185069098162132,0.07805437250756819
0.4906883424220599,0.9186493802535973,0.07805181344160557
0.49073978804403745,0.9186493802535973,0.0780252267223943
0.49073978804403745,0.9187918506909816,0.07801117597818608
0.4908169564770038,0.9187918506909816,0.07800183122631185
0.4908169564770038,0.9189343211283658,0.07799603792296746
0.49097129334293654,0.9189343211283658,0.07796345140155199
0.4910227389649141,0.9189343211283658,0.07795350514747382
0.4917944232945776,0.9189343211283658,0.07772862055478709
0.4918458689165552,0.9189343211283658,0.07772534981386241
0.4920773742154543,0.9189343211283658,0.07764662259710128
0.4920773742154543,0.9190767915657501,0.07762355214940947
0.4921802654594094,0.9190767915657501,0.07759763037960554
0.4921802654594094,0.9192192620031343,0.07758662184691069
0.49259183043522997,0.9192192620031343,0.07748239582455643
0.49259183043522997,0.9193617324405186,0.07748180665817345
0.4928747813561066,0.9193617324405186,0.07740726771119244
0.4928747813561066,0.9195042028779028,0.077406996944513
0.49290050416709535,0.9195042028779028,0.07740540998707574
0.4929262269780842,0.9197891437526713,0.07739939061254955
0.49300339541105054,0.9197891437526713,0.07739418996659708
0.49300339541105054,0.9199316141900555,0.07739280746681505
0.49315773227698323,0.9199316141900555,0.07734967982784054
0.4932349007099496,0.9199316141900555,0.07733676187416412
0.4933377919539047,0.9199316141900555,0.07731261129429903
0.49338923757588227,0.9199316141900555,0.07730131676016694
0.49338923757588227,0.9200740846274398,0.07728771132452426
0.4934406831978599,0.9200740846274398,0.07728486677037069
0.49349212881983745,0.920216555064824,0.07728186223281625
0.4935950200637926,0.920216555064824,0.07724391352223293
0.49364646568577014,0.920216555064824,0.07724305108837196
0.4937236341187365,0.920216555064824,0.07723115415067551
0.49377507974071405,0.920216555064824,0.07720220795767231
0.493903693795658,0.920216555064824,0.07718204374305222
0.4939551394176356,0.920216555064824,0.07717772830163358
0.49400658503961314,0.920216555064824,0.0771747305699907
0.4940837534725795,0.920216555064824,0.07717276813691508
0.49462393250334397,0.920216555064824,0.07702962907444183
0.49462393250334397,0.9203590255022083,0.07701053970588141
0.49467537812532153,0.9203590255022083,0.07699531074316494
0.4947268237472991,0.9203590255022083,0.0769873017745915
0.4949326062352094,0.9203590255022083,0.07694382926074174
0.49498405185718697,0.9203590255022083,0.07693697181186702
0.4951898343450972,0.9203590255022083,0.0768795888071996
0.4951898343450972,0.9205014959395925,0.07687110753294372
0.4953441712110299,0.9205014959395925,0.07682870054874813
0.4953441712110299,0.9206439663769768,0.07682306361500876
0.4954213396439963,0.920786436814361,0.07681098861423005
0.4954470624549851,0.920786436814361,0.07680348087223432
0.4954727852659739,0.9209289072517453,0.07679194057452636
0.4956013993209178,0.9209289072517453,0.0767542908347043
0.4956013993209178,0.9210713776891295,0.07674000566249868
0.4957042905648729,0.9210713776891295,0.0767265903490094
0.4957557361868505,0.9210713776891295,0.07670893867703786
0.4960901327297047,0.9210713776891295,0.07659563919609065
0.49614157835168227,0.9212138481265137,0.07659110642524322
0.49614157835168227,0.921356318563898,0.07658067760563592
0.49619302397365983,0.9214987890012822,0.07656359380273238
0.4964245292725589,0.9214987890012822,0.07649258570292139
0.4964245292725589,0.9216412594386665,0.07648856162557008
0.49686181705936827,0.9216412594386665,0.07640413901467084
0.49691326268134584,0.9216412594386665,0.07639444479185362
0.49704187673628974,0.9216412594386665,0.07638572905978078
0.4970933223582673,0.9216412594386665,0.07637883484485236
0.49753061014507666,0.9216412594386665,0.07624663717229059
0.4975820557670542,0.9216412594386665,0.07624399714803015
0.4980965119868299,0.9216412594386665,0.07613921980354503
0.4980965119868299,0.9217837298760507,0.07613604833418561
0.49817368041979626,0.9217837298760507,0.07612325521169871
0.49817368041979626,0.921926200313435,0.07612268057960767
0.4982251260417738,0.921926200313435,0.07611895628203469
0.4982251260417738,0.9222111411882035,0.07610432355636634
0.4983022944747402,0.9222111411882035,0.0760450908944597
0.4983537400967178,0.9222111411882035,0.07603554933263873
0.49840518571869535,0.9222111411882035,0.07601634616264968
0.4984823541516617,0.9222111411882035,0.07600198333989884
0.4986366910175944,0.9222111411882035,0.07595216157461838
0.4987395822615495,0.9222111411882035,0.07594028866724177
0.4987395822615495,0.9223536116255877,0.07593550550643338
0.49889391912748227,0.9223536116255877,0.07590783498985017
0.49891964193847105,0.922496082062972,0.07589521357988709
0.4989710875604486,0.922496082062972,0.07587566166156463
0.49904825599341496,0.922496082062972,0.07587193953566777
0.49917687004835887,0.922496082062972,0.07584096670976066
0.49917687004835887,0.9226385525003562,0.07583039505231803
0.49920259285934765,0.9226385525003562,0.07582915739961613
0.49920259285934765,0.9227810229377404,0.07582092607825494
0.49922831567033643,0.9227810229377404,0.07580450891445781
0.49922831567033643,0.9229234933751247,0.07579836743356035
0.49953698940220187,0.9229234933751247,0.07571521517703692
0.4996141578351682,0.9230659638125089,0.07570895159473066
0.499639880646157,0.9230659638125089,0.07570870964801477
0.499639880646157,0.9232084342498932,0.07570474808535727
0.4996656034571458,0.9232084342498932,0.07568138916112344
0.49971704907912334,0.9232084342498932,0.07566514705409315
0.5002057824879103,0.9232084342498932,0.0755196049360811
0.5002572281098878,0.9232084342498932,0.07551798897790468
0.5003086737318654,0.9233509046872774,0.07550745866275031
0.500360119353843,0.9233509046872774,0.0754913745391331
0.5003858421648317,0.9234933751246617,0.07548956117587648
0.5004115649758205,0.9234933751246617,0.07548438313818241
0.5004630105977981,0.9234933751246617,0.07547855006737399
0.5004630105977981,0.9237783159994302,0.07546073145561284
0.5007459615186748,0.9237783159994302,0.07538477255583399
0.5007459615186748,0.9239207864368144,0.07538404229538691
0.5007716843296636,0.9240632568741987,0.07538306598552427
0.5009002983846075,0.9240632568741987,0.07534928503147627
0.5009002983846075,0.924348197748967,0.07533655684329123
0.5010546352505402,0.924348197748967,0.07531150599070106
0.5011060808725177,0.924348197748967,0.07530668729726211
0.501311863360428,0.924348197748967,0.0752562766966375
0.5013633089824056,0.924348197748967,0.07525607167734646
0.5014147546043831,0.924348197748967,0.07524618448506157
0.5014919230373496,0.924348197748967,0.07524540359125502
0.5016205370922935,0.924348197748967,0.07523694573308053
0.501671982714271,0.924348197748967,0.0752332251707876
0.5018263195802037,0.924348197748967,0.07518780930944396
0.5019034880131701,0.924348197748967,0.07518779941760458
0.5019292108241589,0.924348197748967,0.07518056959814393
0.5019806564461364,0.924348197748967,0.07517312954882244
0.5020063792571252,0.924348197748967,0.07516955317704589
0.5020063792571252,0.9244906681863513,0.07516419852061304
0.5023150529889906,0.9244906681863513,0.07508202536963626
0.5023922214219569,0.9246331386237355,0.07506647205216974
0.5025722810988785,0.9246331386237355,0.07501543802562563
0.5026751723428337,0.9246331386237355,0.07501277946348123
0.5028552320197551,0.9246331386237355,0.07492996023009654
0.5029066776417327,0.9246331386237355,0.07492452837012288
0.502983846074699,0.9246331386237355,0.074909324367249
0.5030352916966766,0.9246331386237355,0.0749080159944648
0.5032667969955756,0.9246331386237355,0.07485076440549898
0.5033182426175532,0.9246331386237355,0.07484835325169016
0.5033954110505195,0.9246331386237355,0.07484382827018404
0.5033954110505195,0.9247756090611198,0.07483802011010336
0.503704084782385,0.9247756090611198,0.07476252363316141
0.5038584216483177,0.9247756090611198,0.0747465258308729
0.5040127585142504,0.9247756090611198,0.0747053494330672
0.5040384813252392,0.924918079498504,0.07469994537931707
0.5040899269472168,0.924918079498504,0.0746910995076749
0.5046043831669925,0.924918079498504,0.07457635402002176
0.5046558287889701,0.924918079498504,0.07456949906500619
0.5046815515999589,0.924918079498504,0.07456894586231458
0.5046815515999589,0.9250605499358883,0.07456847357640536
0.5049902253318242,0.9250605499358883,0.07448821212838415
0.5050416709538018,0.9250605499358883,0.07448320352199046
0.5055304043625888,0.9250605499358883,0.07432199136145715
0.5056332956065439,0.9250605499358883,0.07431440231488258
0.5056590184175327,0.9250605499358883,0.0743039808413797
0.5056590184175327,0.9252030203732725,0.0743031139766379
0.5058133552834654,0.9252030203732725,0.07427914201944155
0.505864800905443,0.9252030203732725,0.07426252294435501
0.5059419693384093,0.9252030203732725,0.07424833103302333
0.5059419693384093,0.9253454908106568,0.07424788682786258
0.5059676921493981,0.9253454908106568,0.07423559801928926
0.5060191377713756,0.9253454908106568,0.0742353811780696
0.5060448605823644,0.9253454908106568,0.07422185038948498
0.506096306204342,0.9253454908106568,0.07421757426933306
0.506327811503241,0.9253454908106568,0.07412979009454627
0.506327811503241,0.9256304316854252,0.07411425769579391
0.5064307027471963,0.9256304316854252,0.07411058717427428
0.5068422677230168,0.9256304316854252,0.07399907087024699
0.5068679905340056,0.9257729021228095,0.07399856913567496
0.5069194361559831,0.9257729021228095,0.07397415860853793
0.5069966045889495,0.9257729021228095,0.073953569217967
0.5070223273999382,0.9257729021228095,0.07394703344208817
0.5070223273999382,0.9259153725601937,0.07394621335804974
0.5070737730219158,0.9259153725601937,0.07393053610177476
0.5073052783208148,0.9259153725601937,0.07389867813607309
0.5073052783208148,0.926057842997578,0.07387623286565034
0.5073310011318037,0.926057842997578,0.07386670276472018
0.5074081695647701,0.926057842997578,0.07385285823367718
0.5074338923757589,0.926057842997578,0.07384390656216645
0.5074338923757589,0.9262003134349622,0.07384089593341171
0.5075625064307028,0.9262003134349622,0.07381131707433145
0.5075625064307028,0.9263427838723465,0.07379343138113557
0.5076139520526803,0.9263427838723465,0.07379016074999079
0.5076139520526803,0.9264852543097307,0.07378845573489697
0.5076653976746579,0.9264852543097307,0.07375191824755471
0.5076653976746579,0.926627724747115,0.073740656734051
0.5078711801625682,0.926627724747115,0.07369072235001783
0.5078711801625682,0.9267701951844992,0.07368613384417196
0.5078969029735569,0.9267701951844992,0.07366387405374963
0.5079483485955345,0.9267701951844992,0.07365163682717535
0.5079997942175121,0.9267701951844992,0.0736407876758963
0.5081026854614672,0.9267701951844992,0.07363006970620377
0.5081541310834448,0.9267701951844992,0.07360809879688589
0.5081541310834448,0.9269126656218835,0.07360595208513702
0.5082055767054223,0.9269126656218835,0.07358025939080536
0.5082570223273999,0.9269126656218835,0.0735784616419523
0.5084370820043215,0.9269126656218835,0.07351335747607673
0.508488527626299,0.9269126656218835,0.07350940144597239
0.5086943101142093,0.9269126656218835,0.07348660592970739
0.5087457557361869,0.9269126656218835,0.07348239601476926
0.5088743697911308,0.9269126656218835,0.07345366060821266
0.5088743697911308,0.9270551360592677,0.07344433986582123
0.5091573207120074,0.9270551360592677,0.0732886622247327
0.5091830435229961,0.927197606496652,0.07328206262090936
0.5091830435229961,0.9273400769340362,0.07327227671477535
0.5092344891449737,0.9273400769340362,0.07325860788289935
0.5093116575779402,0.9273400769340362,0.07319950701601245
0.5093888260109065,0.9273400769340362,0.07319556654105586
0.509568885687828,0.9273400769340362,0.07316427368276843
0.5096717769317831,0.9273400769340362,0.07315328129337437
0.5100061734746373,0.9273400769340362,0.07308111110054256
0.5100061734746373,0.9274825473714204,0.07307670621740504
0.5100576190966148,0.9274825473714204,0.07305319982899691
0.5100576190966148,0.9276250178088047,0.07303886622776008
0.5104691840724355,0.9276250178088047,0.07292834789870732
0.5104691840724355,0.9277674882461889,0.07291135390528276
0.5108550262372672,0.9277674882461889,0.07285720270109325
0.5108550262372672,0.9279099586835732,0.07285442289945865
0.511240868402099,0.9279099586835732,0.07273806519342388
0.511240868402099,0.9280524291209574,0.07273366079999502
0.5113180368350654,0.9280524291209574,0.07271943696281594
0.511369482457043,0.9280524291209574,0.07270403270609536
0.5114466508900093,0.9280524291209574,0.07269521636305526
0.5114466508900093,0.9281948995583417,0.07269122765234957
0.5115495421339644,0.9281948995583417,0.0726512472528786
0.511600987755942,0.9281948995583417,0.07264490532157897
0.5116524333779195,0.9281948995583417,0.07263004165156954
0.5116524333779195,0.9283373699957259,0.07262795712394186
0.5116781561889083,0.9283373699957259,0.07262782466110534
0.5117296018108859,0.9283373699957259,0.07262367264510286
0.5118067702438522,0.9283373699957259,0.07259105145140447
0.5118067702438522,0.9284798404331102,0.0725874628892522
0.5119353842987961,0.9284798404331102,0.07256088269762036
0.5119868299207737,0.9284798404331102,0.0725604059303901
0.5122955036526392,0.9284798404331102,0.07244378583669764
0.5122955036526392,0.9286223108704944,0.07244256406077837
0.5123726720856056,0.9286223108704944,0.07243119074647847
0.5124755633295607,0.9286223108704944,0.0724273951376463
0.5126813458174709,0.9286223108704944,0.07232882837326275
0.5126813458174709,0.9287647813078787,0.07231948827750467
0.5128871283053812,0.9287647813078787,0.07227814453787054
0.5129385739273588,0.9287647813078787,0.07227726503747627
0.5130414651713139,0.9287647813078787,0.07224335283432402
0.5130929107932914,0.9287647813078787,0.07223585712882144
0.513633089824056,0.9287647813078787,0.07206661182739006
0.513633089824056,0.9289072517452629,0.07206222070748879
0.513864595122955,0.9289072517452629,0.07199515203845414
0.5139417635559214,0.9289072517452629,0.07199021404203626
0.5139674863669101,0.9289072517452629,0.07198863666699888
0.5140189319888877,0.9289072517452629,0.0719837041631264
0.5152279041053607,0.9289072517452629,0.07168643459536911
0.5152279041053607,0.9290497221826471,0.07168636693652625
0.5152793497273382,0.9290497221826471,0.0716823632171026
0.5153565181603046,0.9290497221826471,0.07167598248165177
0.5156394690811812,0.9290497221826471,0.07157786081992921
0.5156909147031588,0.9290497221826471,0.07157295200249451
0.5158452515690914,0.9290497221826471,0.07156325623031742
0.5159224200020578,0.9290497221826471,0.07155191278109553
0.5159995884350241,0.9290497221826471,0.07154991972321673
0.5164111534108448,0.9290497221826471,0.07142743812729453
0.5164111534108448,0.9291921926200314,0.07142550569435098
0.5164368762218335,0.9293346630574156,0.07142255307485967
0.5165140446547999,0.9293346630574156,0.0714215558686575
0.5166426587097438,0.9293346630574156,0.0713852581158007
0.5166426587097438,0.9294771334947999,0.07137839982878627
0.5167198271427101,0.9294771334947999,0.07136157575438422
0.5169513324416092,0.9296196039321841,0.07135461572823328
0.5172857289844635,0.9296196039321841,0.07127092165634286
0.5173886202284186,0.9296196039321841,0.07126674848159197
0.5174400658503961,0.9296196039321841,0.0712490652802969
0.5174400658503961,0.9297620743695684,0.07124556128177627
0.5175944027163288,0.9297620743695684,0.0712146333501336
0.5176458483383064,0.9297620743695684,0.07121157590509268
0.5177230167712727,0.9297620743695684,0.07118101591771869
0.5177230167712727,0.9299045448069525,0.07118001624868797
0.5178773536372054,0.9299045448069525,0.07116523885974212
0.5181860273690709,0.9299045448069525,0.07111950424745887
0.5182631958020373,0.9299045448069525,0.0711191045719154
0.5182889186130261,0.9299045448069525,0.07110474238465421
0.5183403642350036,0.9299045448069525,0.07110001506665556
0.5183660870459924,0.9299045448069525,0.07109629124361208
0.51841753266797,0.9299045448069525,0.07109163569562438
0.5189577116987344,0.9299045448069525,0.0709756677667132
0.519009157320712,0.9299045448069525,0.07096954368882202
0.5191892169976335,0.9299045448069525,0.07091969543030113
0.5191892169976335,0.9300470152443367,0.07091863873796908
0.5196522275954316,0.9300470152443367,0.07079342973362378
0.5197036732174092,0.9300470152443367,0.07078589784716852
0.519960901327297,0.9300470152443367,0.07071843968238432
0.5200380697602635,0.9300470152443367,0.07070645372281703
0.5201924066261961,0.9300470152443367,0.0706582304025373
0.5201924066261961,0.930189485681721,0.07065479774649211
0.5203981891141064,0.930189485681721,0.07058836217363279
0.5203981891141064,0.9303319561191052,0.07058361027581204
0.5205268031690503,0.9303319561191052,0.07054356907841708
0.5205268031690503,0.9304744265564895,0.07053935250903236
0.5205782487910279,0.9304744265564895,0.07053706690401351
0.5206554172239942,0.9304744265564895,0.07051862487286198
0.5207325856569606,0.9304744265564895,0.07051269297647902
0.5208611997119045,0.9304744265564895,0.07050382798311765
0.5208611997119045,0.9306168969938737,0.0704849442131825
0.520912645333882,0.9306168969938737,0.07046769283146441
0.5209640909558596,0.9306168969938737,0.07046053332455644
0.5211955962547588,0.9306168969938737,0.07036880646423072
0.5212470418767363,0.9306168969938737,0.07036597165368694
0.5213242103097027,0.9306168969938737,0.07036435000802921
0.5213756559316802,0.9306168969938737,0.07036054288624316
0.5215557156086017,0.9306168969938737,0.07031416958833384
0.5216586068525568,0.930759367431258,0.07029606884375879
0.5216843296635456,0.930759367431258,0.07027414441496517
0.5218386665294783,0.930759367431258,0.07026677056528458
0.5218901121514559,0.930759367431258,0.07023785835477526
0.5219415577734334,0.9309018378686422,0.07022689552595501
0.5219672805844222,0.9309018378686422,0.07022560090320898
0.5219672805844222,0.9310443083060265,0.07022328917693726
0.5221473402613438,0.9310443083060265,0.07016882904262452
0.5221473402613438,0.9311867787434107,0.07016469012249855
0.5222245086943101,0.9311867787434107,0.0701350293956677
0.5222759543162877,0.9311867787434107,0.07013461257201441
0.5224045683712316,0.9311867787434107,0.07011855610028778
0.5224560139932092,0.9311867787434107,0.07011057238247738
0.522481736804198,0.9311867787434107,0.07009657237188749
0.5226103508591419,0.9311867787434107,0.07009485487733585
0.5228418561580409,0.9311867787434107,0.07001651118143648
0.5229190245910073,0.9311867787434107,0.07001162129563927
0.5229704702129849,0.9311867787434107,0.06998602539040816
0.5230219158349625,0.9311867787434107,0.06997853743418504
0.5232276983228727,0.9311867787434107,0.06994169621183355
0.5232791439448503,0.9311867787434107,0.06993443903024948
0.5232791439448503,0.931329249180795,0.0699272164860913
0.5235363720547381,0.931329249180795,0.06987105746052222
0.5235878176767157,0.931329249180795,0.06986239430149235
0.5239736598415475,0.931329249180795,0.06978979672162818
0.5239736598415475,0.9314717196181792,0.06978856299479672
0.5240251054635251,0.9314717196181792,0.06977646979312692
0.5240765510855027,0.9314717196181792,0.06977645342802183
0.524153719518469,0.9314717196181792,0.0697574116600715
0.5242051651404466,0.9314717196181792,0.06974007632797433
0.5242823335734129,0.9314717196181792,0.0697373345847285
0.524385224817368,0.9314717196181792,0.06972446359964413
0.524385224817368,0.9316141900555635,0.06971743479143737
0.524513838872312,0.9316141900555635,0.06968045555694702
0.5245652844942895,0.9316141900555635,0.06967864320580118
0.5246938985492334,0.9316141900555635,0.06963939341620563
0.524745344171211,0.9316141900555635,0.06963437595451315
0.5250025722810989,0.9316141900555635,0.06957987084680346
0.5250540179030765,0.9316141900555635,0.06957297422642822
0.5251569091470316,0.9316141900555635,0.06954877076267837
0.5252083547690092,0.9316141900555635,0.06954834088708842
0.5253884144459307,0.9316141900555635,0.0694750253613672
0.5254913056898858,0.9316141900555635,0.06945340213216715
0.5255684741228521,0.9316141900555635,0.06942693045089805
0.5255684741228521,0.9317566604929477,0.06942555234481602
0.5260314847206503,0.9317566604929477,0.06932147304780009
0.5260829303426279,0.9317566604929477,0.06932034399263784
0.5262629900195493,0.9317566604929477,0.06926659065867825
0.5263144356415269,0.9318991309303319,0.06926348439097207
0.5263401584525157,0.9318991309303319,0.06926259863613675
0.5263401584525157,0.9320416013677162,0.06924175635558698
0.5263658812635045,0.9320416013677162,0.0692369936264565
0.5263658812635045,0.9321840718051004,0.06922557619964113
0.526417326885482,0.9321840718051004,0.06922427782479978
0.526417326885482,0.9323265422424847,0.06920993195831852
0.5264687725074596,0.9323265422424847,0.06920559763923652
0.5268288918613026,0.9323265422424847,0.06905767166763388
0.526906060294269,0.9323265422424847,0.06905403413157632
0.5272147340261344,0.9323265422424847,0.06897480553918414
0.527266179648112,0.9323265422424847,0.06897271498014032
0.5274462393250334,0.9323265422424847,0.06891454249980215
0.5274462393250334,0.9324690126798689,0.06891396928709032
0.5277034674349212,0.9324690126798689,0.06882852448488776
0.5277549130568988,0.9324690126798689,0.06882671406230684
0.5278320814898653,0.9324690126798689,0.0688259388331785
0.5281922008437082,0.9324690126798689,0.06875957842857247
0.5282436464656858,0.9324690126798689,0.06875780896359862
0.5283722605206297,0.9324690126798689,0.06868640014045081
0.5284751517645848,0.9324690126798689,0.0686842035573717
0.5285780430085399,0.9324690126798689,0.06866257213676201
0.5285780430085399,0.9326114831172532,0.06866208261299332
0.5288352711184279,0.9326114831172532,0.06859926826898843
0.5288867167404054,0.9326114831172532,0.06859716385039831
0.528938162362383,0.9326114831172532,0.06858873557904455
0.528938162362383,0.9328964239920217,0.06857994714293915
0.5290153307953493,0.9328964239920217,0.06855321754844955
0.5290153307953493,0.9330388944294059,0.06854129936530329
0.5290410536063381,0.9330388944294059,0.06853168101999686
0.5290924992283157,0.9330388944294059,0.06852736827857803
0.5291439448502933,0.9330388944294059,0.06852609161243692
0.5291439448502933,0.9331813648667902,0.06851899827364745
0.5291953904722708,0.9331813648667902,0.06849721838215977
0.5291953904722708,0.9333238353041744,0.0684930643845738
0.5299156291799568,0.9333238353041744,0.06823305519517107
0.5299413519909456,0.9334663057415586,0.06822290915531767
0.530018520423912,0.9334663057415586,0.06821705391996902
0.5300699660458895,0.9334663057415586,0.06820969449755086
0.5303786397777549,0.9334663057415586,0.06811928087343826
0.5304300853997325,0.9334663057415586,0.06811574623003551
0.5305072538326988,0.9334663057415586,0.06810104911588348
0.5305072538326988,0.9336087761789429,0.06809923843029245
0.5305586994546764,0.9336087761789429,0.0680715260249596
0.5306101450766539,0.9337512466163271,0.06806873542911487
0.5307644819425867,0.9337512466163271,0.06803564158456292
0.5307644819425867,0.9340361874910956,0.0680313659080856
0.5309959872414858,0.9340361874910956,0.06797077360073175
0.5309959872414858,0.9341786579284799,0.06796368255804584
0.5310474328634633,0.9341786579284799,0.0679574938849714
0.5310988784854409,0.9341786579284799,0.0679423237263269
0.531201769729396,0.9341786579284799,0.06793325358263275
0.5314332750282951,0.9343211283658641,0.06791589194284983
0.5314847206502726,0.9343211283658641,0.06791084599843221
0.5314847206502726,0.9344635988032484,0.06790885143034527
0.5317676715711493,0.9344635988032484,0.06783183290501145
0.5318191171931269,0.9344635988032484,0.06782369170281262
0.5321535137359811,0.9344635988032484,0.06774643645564668
0.5321535137359811,0.9347485396780169,0.06772695351221832
0.5322564049799362,0.9347485396780169,0.06766966906726422
0.5322564049799362,0.9348910101154011,0.0676660860633533
0.5324364646568577,0.9348910101154011,0.06758205608767989
0.5324364646568577,0.9350334805527853,0.06756933470602237
0.5324879102788352,0.9350334805527853,0.06754602403766984
0.5325908015227904,0.9350334805527853,0.06753236154179175
0.5326422471447679,0.9351759509901696,0.06753057600829947
0.5329766436876222,0.9351759509901696,0.06742624700666082
0.5330280893095998,0.9351759509901696,0.06742525314995193
0.5334653770964091,0.9351759509901696,0.06729668475597775
0.5334653770964091,0.9353184214275538,0.06729240318363226
0.5335168227183866,0.9353184214275538,0.06727201940222637
0.5338769420722297,0.9353184214275538,0.06719597364944851
0.5339283876942073,0.9353184214275538,0.06717132122503747
0.5343656754810165,0.9353184214275538,0.06708600985242494
0.5343913982920053,0.935460891864938,0.06708235886584808
0.5348544088898035,0.935460891864938,0.06697663993352171
0.5349830229447474,0.935460891864938,0.06696897383442062
0.5352145282436465,0.935460891864938,0.06691043810888297
0.5352916966766128,0.935460891864938,0.0669063819781941
0.5356518160304559,0.935460891864938,0.06682346558150318
0.5357032616524334,0.935460891864938,0.06682272373909419
0.5359090441403437,0.935460891864938,0.06678709160692557
0.5359090441403437,0.9356033623023222,0.06677387307610803
0.536346331927153,0.9356033623023222,0.06667847906039197
0.5363977775491305,0.9356033623023222,0.06667482986733168
0.5364235003601193,0.9356033623023222,0.06667151333974737
0.5364235003601193,0.9357458327397065,0.06664245635713227
0.5364749459820969,0.9357458327397065,0.0666133119732224
0.5365263916040744,0.9357458327397065,0.06660316819529896
0.5368350653359399,0.9357458327397065,0.06654715943886085
0.5368865109579175,0.9357458327397065,0.06653700230250283
0.5369379565798951,0.9357458327397065,0.06653501329300851
0.5369379565798951,0.9358883031770907,0.06652055960925696
0.5369894022018726,0.9358883031770907,0.0665170556151622
0.5370408478238502,0.9358883031770907,0.06651075928995154
0.5371437390678053,0.9358883031770907,0.0664721371690371
0.5371951846897829,0.936030773614475,0.06646694604538282
0.5372209075007717,0.936030773614475,0.06646258137612844
0.5372723531227492,0.936030773614475,0.06645546618057668
0.537298075933738,0.936030773614475,0.06644385692725309
0.537298075933738,0.9363157144892434,0.0664407144848542
0.5375553040436258,0.9363157144892434,0.06637720674153084
0.5375553040436258,0.9364581849266277,0.06636346136405595
0.5376067496656035,0.9364581849266277,0.06633654918675118
0.5376067496656035,0.9366006553640119,0.06633589540573924
0.5376581952875811,0.9366006553640119,0.0663130227719582
0.5378639777754913,0.9366006553640119,0.06625983692610138
0.5378639777754913,0.9367431258013962,0.06625220870112103
0.5379154233974689,0.9367431258013962,0.06625080619292775
0.5379668690194465,0.9367431258013962,0.0662473740767364
0.538018314641424,0.9367431258013962,0.06624012550011459
0.5383012655623006,0.9367431258013962,0.0661899908133334
0.5383527111842782,0.9368855962387804,0.06618679423931216
0.538378433995267,0.9368855962387804,0.06617275258480572
0.538378433995267,0.9370280666761647,0.06616605560170381
0.5384813252392221,0.9370280666761647,0.06612313451647235
0.5385584936721884,0.9371705371135489,0.06612230552057012
0.5388671674040539,0.9371705371135489,0.0660528093272363
0.5389186130260315,0.9371705371135489,0.06604638962095584
0.5390729498919642,0.9371705371135489,0.06599023517794626
0.5391243955139418,0.9371705371135489,0.06597045840700219
0.5392272867578969,0.9371705371135489,0.06593867505253473
0.5392787323798744,0.9371705371135489,0.06593202596023924
0.539330178001852,0.9371705371135489,0.06589556938236904
0.5394073464348184,0.9374554779883174,0.0658931667168188
0.5394587920567959,0.9374554779883174,0.06588529275638513
0.5395102376787735,0.9374554779883174,0.06588455544532756
0.5398960798436053,0.9374554779883174,0.0657916337622891
0.5398960798436053,0.9375979484257017,0.06578975963245341
0.5399732482765717,0.9375979484257017,0.0657765407725342
0.5399732482765717,0.9377404188630859,0.06576327401385768
0.5401790307644819,0.9377404188630859,0.06573643233998781
0.5402561991974483,0.9377404188630859,0.06573403287603373
0.540410536063381,0.9377404188630859,0.06570952722867937
0.540539150118325,0.9378828893004701,0.06570622533836186
0.5407192097952465,0.9378828893004701,0.06566309645868271
0.5409507150941455,0.9378828893004701,0.06565574359594294
0.5409764379051343,0.9378828893004701,0.06565467809146702
0.5409764379051343,0.9380253597378544,0.06564684128861822
0.5410793291490894,0.9380253597378544,0.06561561166237717
0.5410793291490894,0.9381678301752386,0.06561558820063838
0.5411564975820558,0.9381678301752386,0.06560943872825661
0.5412079432040333,0.9381678301752386,0.06558346957362957
0.5413365572589772,0.9381678301752386,0.06551197323654079
0.5414394485029324,0.9381678301752386,0.06550874913135216
0.5415423397468876,0.9381678301752386,0.06547511976754801
0.5416452309908427,0.9383103006126229,0.06546654797133829
0.5416709538018315,0.9383103006126229,0.06545408854236846
0.5417223994238091,0.9383103006126229,0.06545088230088528
0.5417481222347978,0.9383103006126229,0.06544922167713897
0.5417481222347978,0.9384527710500071,0.0654437222085047
0.5417738450457866,0.9384527710500071,0.06543748146646886
0.5419281819117193,0.9384527710500071,0.06543742952912614
0.5420053503446857,0.9384527710500071,0.06542142580949879
0.5420567959666632,0.9384527710500071,0.06540876834243864
0.5421596872106184,0.9384527710500071,0.06537832444096692
0.5421596872106184,0.9385952414873914,0.06537312131993762
0.5425969749974278,0.9385952414873914,0.0652866475050704
0.5426226978084165,0.9387377119247756,0.06526164585825414
0.5428542031073156,0.9387377119247756,0.0651978715260276
0.5428542031073156,0.9388801823621599,0.0651967402947867
0.543162876839181,0.9388801823621599,0.065125913661842
0.5432400452721473,0.9388801823621599,0.06511649327513251
0.5433429365161024,0.9390226527995441,0.06511353035782087
0.5433429365161024,0.9391651232369284,0.06511134363820041
0.5435487190040128,0.9391651232369284,0.06509280232840406
0.5436258874369791,0.9391651232369284,0.06509107943461974
0.5436258874369791,0.9393075936743126,0.0650879450882402
0.5436516102479679,0.9393075936743126,0.06507768519232963
0.5437287786809343,0.9393075936743126,0.0650672136370096
0.5439088383578558,0.9393075936743126,0.06502667071452199
0.5439602839798333,0.9393075936743126,0.06502347732468589
0.5441660664677436,0.9393075936743126,0.06494641117067187
0.5441660664677436,0.9394500641116968,0.06494509260143153
0.5444747401996091,0.9394500641116968,0.06483964535197811
0.5445261858215866,0.9394500641116968,0.06483882931132857
0.5447319683094969,0.9394500641116968,0.06478485926434309
0.5447319683094969,0.9395925345490811,0.06477880681702312
0.5448863051754296,0.9395925345490811,0.06474696748253306
0.5449377507974071,0.9395925345490811,0.06472949314581804
0.5452207017182837,0.9395925345490811,0.0646479225278189
0.5452721473402613,0.9395925345490811,0.06464750154092234
0.5454007613952052,0.9395925345490811,0.06460088452495795
0.5454522070171829,0.9395925345490811,0.06458499548754008
0.5454779298281717,0.9395925345490811,0.06457381818095788
0.545555098261138,0.9395925345490811,0.06456413206937286
0.5456322666941044,0.9395925345490811,0.06454609332338952
0.5456837123160819,0.9395925345490811,0.0645434384987146
0.5458894948039922,0.9395925345490811,0.06448491264094425
0.5458894948039922,0.9397350049864653,0.06448055688395835
0.5462238913468463,0.9397350049864653,0.06441857113029764
0.5462238913468463,0.9400199458612338,0.06439587575060282
0.5464553966457455,0.9400199458612338,0.06435892309875625
0.5464553966457455,0.9401624162986181,0.06435586138340325
0.5465325650787118,0.9401624162986181,0.06434918341532184
0.5465325650787118,0.9403048867360023,0.06433392666835838
0.5465582878897006,0.9403048867360023,0.06433237993644833
0.5465582878897006,0.9404473571733866,0.06432852718590008
0.5466869019446445,0.9404473571733866,0.06429019163117859
0.5466869019446445,0.9405898276107708,0.064289352588889
0.5467897931885997,0.9405898276107708,0.06426776445654465
0.5467897931885997,0.9407322980481551,0.06426481377382681
0.546866961621566,0.9407322980481551,0.06424932248601188
0.546866961621566,0.9408747684855393,0.06422890426674212
0.5469441300545324,0.9408747684855393,0.06421029820721057
0.5469955756765099,0.9408747684855393,0.06419481578921456
0.5469955756765099,0.9410172389229234,0.06419171020251524
0.5472785265973865,0.9410172389229234,0.064104896101842
0.5473556950303529,0.9410172389229234,0.06409789735782023
0.5473814178413418,0.9410172389229234,0.06409117476962019
0.5473814178413418,0.9411597093603077,0.06408886715530884
0.5474071406523305,0.9411597093603077,0.06407313386983086
0.5474328634633193,0.9413021797976919,0.06407051172621452
0.5475614775182632,0.9413021797976919,0.06403054406027192
0.5475614775182632,0.9414446502350762,0.06402949811586059
0.5477158143841959,0.9414446502350762,0.06399353082477019
0.5477672600061735,0.9414446502350762,0.06398172443125247
0.5478444284391398,0.9414446502350762,0.06396497734098258
0.5478958740611174,0.9414446502350762,0.06395549320895583
0.5479730424940837,0.9414446502350762,0.06393189389309659
0.5480244881160613,0.9415871206724604,0.06392599808682288
0.5481273793600164,0.9415871206724604,0.06389994995816609
0.5481273793600164,0.9418720615472289,0.06389238270409565
0.5484360530918819,0.9418720615472289,0.06380914561806243
0.548538944335837,0.9418720615472289,0.06379129529729395
0.5485903899578146,0.9418720615472289,0.06378214494322035
0.548667558390781,0.9418720615472289,0.06377666083196992
0.548667558390781,0.9420145319846132,0.06377483420116782
0.5487447268237473,0.9420145319846132,0.06375469663871088
0.5488476180677024,0.9420145319846132,0.0637450653170884
0.5489505093116576,0.9420145319846132,0.06371538291365189
0.5489505093116576,0.9421570024219974,0.06370727076167265
0.5489762321226463,0.9422994728593816,0.06370424542634326
0.5490019549336351,0.9422994728593816,0.06369719516652572
0.5490019549336351,0.9424419432967659,0.06368871988956003
0.5491048461775903,0.9424419432967659,0.06364157968823173
0.5491048461775903,0.9425844137341501,0.06363361347858558
0.5492077374215454,0.9425844137341501,0.06360609861427585
0.549259183043523,0.9425844137341501,0.0635967735113751
0.5492849058545117,0.9425844137341501,0.06358568261697348
0.5493620742874782,0.9425844137341501,0.06357462189638566
0.5495421339643997,0.9425844137341501,0.06355033261762748
0.5495935795863772,0.9425844137341501,0.06354955920778092
0.5497736392632987,0.9425844137341501,0.0634972311079428
0.5498250848852763,0.9425844137341501,0.06349628182934917
0.5503652639160408,0.9425844137341501,0.06334661770447717
0.5503652639160408,0.9428693546089186,0.06333703235329073
0.5503909867270296,0.9428693546089186,0.06331852603288574
0.5504424323490071,0.9428693546089186,0.06330916035895516
0.5505453235929623,0.9428693546089186,0.06326825422242671
0.5505967692149398,0.9428693546089186,0.06326805703433071
0.5507253832698837,0.9428693546089186,0.06322107359343203
0.5507768288918613,0.9428693546089186,0.0632208677612875
0.5511883938676818,0.9428693546089186,0.06311122374564238
0.5512398394896594,0.9428693546089186,0.06310829094516746
0.5512655623006482,0.9428693546089186,0.06310303511721554
0.5512655623006482,0.9430118250463029,0.06310152819563747
0.5515485132215249,0.9430118250463029,0.06305051477357516
0.5516256816544912,0.9430118250463029,0.06304759793117429
0.5519343553863566,0.9430118250463029,0.06296157992062958
0.5519858010083342,0.9430118250463029,0.06295516299065958
0.552011523819323,0.9430118250463029,0.06295232355972406
0.552011523819323,0.9431542954836871,0.06294958060575488
0.5522173063072332,0.9431542954836871,0.06288902842557141
0.5522687519292109,0.9431542954836871,0.06288583214070363
0.5523459203621772,0.9431542954836871,0.06285276649490498
0.5523459203621772,0.9432967659210714,0.06283564795991045
0.5524230887951436,0.9432967659210714,0.0628261054024578
0.5524230887951436,0.9434392363584556,0.06282211485205445
0.552731762527009,0.9434392363584556,0.0627238122617043
0.552731762527009,0.9435817067958399,0.0627127278819225
0.5528860993929416,0.9435817067958399,0.0626823657576743
0.5529375450149192,0.9435817067958399,0.06268051090830698
0.5529889906368968,0.9435817067958399,0.06267304395551689
0.5530404362588743,0.9435817067958399,0.06266742985106773
0.5531176046918407,0.9435817067958399,0.06264752577657852
0.553194773124807,0.9435817067958399,0.06264140298981744
0.5533491099907398,0.9435817067958399,0.06261353214535238
0.5533491099907398,0.9437241772332241,0.06260269006684889
0.5533748328017286,0.9437241772332241,0.062597739020048
0.5533748328017286,0.9440091181079926,0.0625870507549658
0.553683506533594,0.9440091181079926,0.06254518247280333
0.553683506533594,0.9441515885453768,0.06254448742602488
0.5537092293445828,0.9441515885453768,0.06252959702353164
0.5537349521555716,0.9442940589827611,0.06252877668772833
0.5540179030764482,0.9442940589827611,0.06248134438459989
0.5540179030764482,0.9444365294201453,0.06247773688006825
0.5541207943204033,0.9444365294201453,0.06245456251610283
0.5541207943204033,0.9445789998575296,0.06245250079983122
0.5541722399423809,0.9445789998575296,0.06244428786830388
0.5541722399423809,0.9447214702949138,0.06244121424060033
0.5542751311863361,0.9447214702949138,0.06242285561310502
0.5543265768083137,0.9448639407322981,0.062422527089876376
0.5544294680522688,0.9448639407322981,0.06241236116730201
0.5544294680522688,0.9450064111696823,0.06240425460173316
0.5545323592962239,0.9450064111696823,0.06239676538982474
0.5547124189731454,0.9450064111696823,0.062376330610689895
0.5547124189731454,0.9451488816070666,0.06237505584802307
0.5547381417841342,0.9451488816070666,0.06236465757114507
0.5547895874061117,0.9451488816070666,0.06235541381783586
0.5548924786500669,0.9451488816070666,0.06233231373742374
0.5549696470830332,0.9451488816070666,0.06233031770679104
0.554995369894022,0.9451488816070666,0.06233014510239956
0.554995369894022,0.9452913520444508,0.06231434328747141
0.5550468155159995,0.9452913520444508,0.06230663201958378
0.5550982611379771,0.9455762929192193,0.06230057593433787
0.5552268751929211,0.9455762929192193,0.062267047486764544
0.5552268751929211,0.9457187633566035,0.06226493295677349
0.5557413314126968,0.9457187633566035,0.0621645224949138
0.5557927770346743,0.9457187633566035,0.06216220932180186
0.5558184998456631,0.9457187633566035,0.062156973566575915
0.5558699454676407,0.9457187633566035,0.06214719530757689
0.5560242823335734,0.9457187633566035,0.06210861126044443
0.5560757279555509,0.9457187633566035,0.06210684130426426
0.5561528963885174,0.9457187633566035,0.06209768474864094
0.556204342010495,0.9457187633566035,0.06209272062175322
0.5562815104434613,0.9457187633566035,0.06208621633678683
0.5564872929313716,0.9457187633566035,0.06206759894287092
0.5565387385533491,0.9457187633566035,0.06206292001943423
0.5565644613643379,0.9457187633566035,0.062051453545670834
0.556667352608293,0.9457187633566035,0.06203139107989264
0.5567959666632369,0.9457187633566035,0.06200368032748659
0.5567959666632369,0.9458612337939878,0.0620036616524471
0.5568731350962033,0.9458612337939878,0.061995891924548484
0.5570017491511472,0.9458612337939878,0.061995738735298934
0.55715608601708,0.9458612337939878,0.061964234023392295
0.5572075316390576,0.9458612337939878,0.06196378634801841
0.5572847000720239,0.9458612337939878,0.061951188285556916
0.5573361456940015,0.9458612337939878,0.06195047617660306
0.5574390369379566,0.9458612337939878,0.061937204147937644
0.5574904825599342,0.9458612337939878,0.061931954373980067
0.5575419281819117,0.9458612337939878,0.06192450126342565
0.5575419281819117,0.946003704231372,0.06191125458775708
0.5576448194258669,0.946003704231372,0.061879486310427674
0.5576962650478444,0.946003704231372,0.06186570468422389
0.5576962650478444,0.9461461746687563,0.06185711572801085
0.5577991562917995,0.9461461746687563,0.06182598854843103
0.5577991562917995,0.9462886451061405,0.06181751035835732
0.5582107212676202,0.9462886451061405,0.06173567099460129
0.5582878897005865,0.9462886451061405,0.06173390615081656
0.5583393353225641,0.9462886451061405,0.061730216896035854
0.5586480090544295,0.9462886451061405,0.06168642063212146
0.5586480090544295,0.9464311155435248,0.061673533385266634
0.5588280687313509,0.9464311155435248,0.061630466436899685
0.5588795143533285,0.9464311155435248,0.061627582761238926
0.5589824055972836,0.9464311155435248,0.06159820288609035
0.5590338512192612,0.9464311155435248,0.06159632810913528
0.5592139108961828,0.9464311155435248,0.06157052271670496
0.5592653565181603,0.9464311155435248,0.06154917341378023
0.5596254758720033,0.9464311155435248,0.06148958643870765
0.5596254758720033,0.946573585980909,0.06148458663415982
0.5600370408478238,0.946573585980909,0.061405005370967825
0.5600884864698015,0.946573585980909,0.0614033189851456
0.5602428233357342,0.946573585980909,0.061387816478111305
0.5602942689577117,0.946573585980909,0.06138596101474934
0.5602942689577117,0.9467160564182932,0.061384609885435405
0.5603199917687005,0.9468585268556774,0.06138114047131252
0.5606286655005659,0.9468585268556774,0.06129448615744691
0.5606286655005659,0.9470009972930616,0.061293485049485064
0.5609373392324313,0.9470009972930616,0.061211775369767935
0.5609887848544088,0.9470009972930616,0.061202034505163316
0.5616318551291285,0.9470009972930616,0.06108236074593187
0.5616833007511061,0.9470009972930616,0.06107837539052539
0.5617090235620948,0.9470009972930616,0.06107469568541823
0.5617090235620948,0.9471434677304459,0.06106112585869179
0.5617861919950612,0.9471434677304459,0.06104029757069878
0.5617861919950612,0.9472859381678301,0.06103417307001599
0.5619148060500051,0.9472859381678301,0.061011525257291324
0.5620176972939603,0.9472859381678301,0.0609916883235925
0.5620691429159379,0.9472859381678301,0.060965222647019146
0.5620691429159379,0.9474284086052144,0.060962538844928506
0.5621977569708818,0.9474284086052144,0.06093202945171768
0.5622492025928594,0.9474284086052144,0.06092542561993368
0.5626350447576911,0.9474284086052144,0.06089220058726575
0.5626350447576911,0.9475708790425986,0.06088874692498348
0.562763658812635,0.9475708790425986,0.0608588835033131
0.562763658812635,0.9477133494799829,0.06085097591889454
0.563020886922523,0.9477133494799829,0.06078091379848633
0.563020886922523,0.9478558199173671,0.0607793067869388
0.5631495009774669,0.9478558199173671,0.060753170688313644
0.5632009465994444,0.9478558199173671,0.06075239830140602
0.5633295606543883,0.9478558199173671,0.0606916941748429
0.5633810062763659,0.9478558199173671,0.060661127737969875
0.5634581747093322,0.9478558199173671,0.0606594850662353
0.5635867887642761,0.9478558199173671,0.06064911103528515
0.5636896800082313,0.9478558199173671,0.060634009593228844
0.5637668484411976,0.9478558199173671,0.06060596721381563
0.5638697396851527,0.9478558199173671,0.060603415337335015
0.5640497993620743,0.9478558199173671,0.060528262408294
0.5640497993620743,0.9479982903547514,0.060524354168925584
0.5641526906060295,0.9479982903547514,0.06050755597053059
0.564204136228007,0.9479982903547514,0.06049922982651685
0.56456425558185,0.9479982903547514,0.060429907447971165
0.56456425558185,0.9481407607921356,0.060429440150642305
0.5645899783928388,0.9481407607921356,0.06041802097891978
0.5645899783928388,0.9482832312295199,0.06041335540971844
0.5646414240148163,0.9482832312295199,0.060410073667926466
0.5646671468258051,0.9482832312295199,0.060409677328681445
0.5646671468258051,0.9484257016669041,0.060408985029678036
0.5647443152587714,0.9484257016669041,0.06037501993980928
0.5647443152587714,0.9485681721042883,0.06037396345506484
0.5648729293137154,0.9485681721042883,0.06033720531521956
0.5648729293137154,0.9487106425416726,0.060326516548328525
0.5648986521247041,0.9487106425416726,0.060319227586193555
0.5648986521247041,0.9488531129790568,0.06031416590203056
0.5651044346126145,0.9488531129790568,0.06029102578351791
0.5651558802345921,0.9488531129790568,0.06028797578030999
0.5652073258565696,0.9489955834164411,0.06028612520435575
0.5653359399115135,0.9489955834164411,0.06024974185732944
0.5654131083444799,0.9489955834164411,0.06024255829575414
0.5654388311554687,0.9489955834164411,0.06024111802161118
0.5655417223994238,0.9491380538538253,0.06023301498951468
0.5662105154851322,0.9491380538538253,0.0600840373903348
0.5662619611071098,0.9491380538538253,0.06008210487322113
0.5666478032719415,0.9491380538538253,0.05997527867616558
0.5667249717049079,0.9491380538538253,0.0599710713897222
0.566827862948863,0.9491380538538253,0.059961377028154204
0.5669050313818295,0.9491380538538253,0.059960430479126026
0.5669821998147958,0.9491380538538253,0.05994267448263308
0.5670336454367734,0.9491380538538253,0.05993939243317734
0.5671622594917173,0.9491380538538253,0.05989373811780442
0.5671622594917173,0.9492805242912096,0.05988018630563324
0.5672137051136948,0.9492805242912096,0.059874235238054414
0.5672908735466612,0.9492805242912096,0.05986775700799169
0.5673423191686388,0.9492805242912096,0.05986728940439538
0.5673423191686388,0.9494229947285938,0.05986676490453732
0.5675738244675378,0.9494229947285938,0.05984332126216415
0.5675738244675378,0.9495654651659781,0.05984300691405743
0.5676767157114929,0.9495654651659781,0.05983341128409905
0.5678053297664368,0.9495654651659781,0.0598226939965999
0.5678824981994033,0.9495654651659781,0.059799825818985276
0.5679339438213808,0.9495654651659781,0.05979767467767002
0.5680882806873135,0.9495654651659781,0.05978029261634301
0.5680882806873135,0.9497079356033623,0.059774886707639356
0.5682168947422575,0.9497079356033623,0.05975804647303912
0.5682168947422575,0.9498504060407466,0.05975797484063317
0.5683455087972014,0.9498504060407466,0.059738360447108736
0.5684226772301677,0.9498504060407466,0.059734365130026154
0.5686027369070892,0.9498504060407466,0.05970082918560836
0.5686541825290667,0.9498504060407466,0.05969725685549264
0.5687570737730219,0.9498504060407466,0.059688607901233724
0.5688085193949994,0.9498504060407466,0.05968426261335941
0.5689114106389547,0.9499928764781308,0.05967508204182594
0.568988579071921,0.9499928764781308,0.059663782655235795
0.5690400246938986,0.9499928764781308,0.059655886035757395
0.5691429159378537,0.9499928764781308,0.059634298583040535
0.5691686387488425,0.950135346915515,0.05963201396230318
0.5692458071818088,0.950135346915515,0.059622533741674776
0.5692458071818088,0.9502778173528993,0.05961749952047356
0.5692972528037864,0.9502778173528993,0.05960841553297504
0.569348698425764,0.9504202877902835,0.059608319496193815
0.5696830949686181,0.9504202877902835,0.05955042285739326
0.5696830949686181,0.9505627582276678,0.059520299590862503
0.5698374318345509,0.9505627582276678,0.059489597656955814
0.5698374318345509,0.950705228665052,0.059486461793630645
0.5701203827554275,0.950705228665052,0.05943493811396139
0.5701203827554275,0.9508476991024363,0.05942483736600337
0.5701461055664163,0.9508476991024363,0.05941481463033529
0.5701975511883939,0.9509901695398205,0.05941322092816346
0.5703776108653154,0.9509901695398205,0.05940008596329618
0.5704290564872929,0.9509901695398205,0.05939915290719705
0.5706348389752032,0.9509901695398205,0.0593561027139571
0.5706862845971807,0.9509901695398205,0.05935427568450996
0.5706862845971807,0.9511326399772048,0.05935256012015148
0.5707634530301471,0.9511326399772048,0.05933169014897937
0.5707634530301471,0.951275110414589,0.059317132501974824
0.5710978495730014,0.951275110414589,0.05922091930134172
0.5712264636279453,0.951275110414589,0.05921938432148433
0.5713550776828892,0.951275110414589,0.059187189362819824
0.5714579689268443,0.951275110414589,0.0591758252709189
0.5716894742257433,0.951275110414589,0.059119002290880796
0.5716894742257433,0.9514175808519733,0.05910884676954166
0.5718952567136537,0.9514175808519733,0.059060894946324036
0.5718952567136537,0.9515600512893575,0.05905955645637615
0.5720238707685976,0.9515600512893575,0.0590400257794973
0.5720495935795864,0.9517025217267417,0.0590390562256207
0.572101039201564,0.9517025217267417,0.059029935576087
0.572101039201564,0.951844992164126,0.05902991783377798
0.5722296532565079,0.951844992164126,0.058986720537604224
0.572332544500463,0.951844992164126,0.058979393196288164
0.5724611585554069,0.951844992164126,0.058943414862581846
0.5724611585554069,0.9521299330388945,0.05891867585461641
0.5726154954213396,0.9521299330388945,0.058904104412658975
0.5726669410433172,0.9521299330388945,0.05889171781751636
0.5727698322872724,0.9521299330388945,0.05888245920687864
0.57282127790925,0.9521299330388945,0.05887144744145877
0.5729498919641939,0.9521299330388945,0.05884775606271472
0.5730013375861714,0.9521299330388945,0.058841215065464726
0.5735415166169359,0.9521299330388945,0.05872326600858891
0.5735929622389134,0.9521299330388945,0.05871134719104347
0.5737987447268238,0.9521299330388945,0.05863658832157096
0.5738501903488014,0.9521299330388945,0.058633144947749335
0.5738759131597901,0.9521299330388945,0.058630809569307024
0.5738759131597901,0.9522724034762786,0.05862451585806443
0.574133141269678,0.9522724034762786,0.058589245880325234
0.5741588640806667,0.9524148739136629,0.05858777176352098
0.5750077168432967,0.9524148739136629,0.058309356934107534
0.5750591624652742,0.9524148739136629,0.05830587098823701
0.5755993414960386,0.9524148739136629,0.05822429041841299
0.5756507871180162,0.9524148739136629,0.05822190896075265
0.5758822924169154,0.9524148739136629,0.05813800630778448
0.5759337380388929,0.9524148739136629,0.05813569095947383
0.5759851836608705,0.9524148739136629,0.05810309659745617
0.5759851836608705,0.9525573443510471,0.05810151530902008
0.5760109064718593,0.9525573443510471,0.05808207427789777
0.5760109064718593,0.9526998147884314,0.058066624117327936
0.5764739170696573,0.9526998147884314,0.057981127811323724
0.5764739170696573,0.9528422852258156,0.057970101002201235
0.5765510855026237,0.9528422852258156,0.057958749079263086
0.5766025311246012,0.9528422852258156,0.05795709349790509
0.5768083136125116,0.9528422852258156,0.05793327534410881
0.5768083136125116,0.9531272261005841,0.057924830646973874
0.5768597592344892,0.9531272261005841,0.05792469911310124
0.5777086119971191,0.9531272261005841,0.0577116733299163
0.5777600576190967,0.9531272261005841,0.057707970494916036
0.5777857804300854,0.9531272261005841,0.057701741060621904
0.577837226052063,0.9531272261005841,0.057698889433373556
0.5781458997839284,0.9531272261005841,0.057671386373770304
0.578197345405906,0.9531272261005841,0.057658692783806226
0.5784802963267826,0.9531272261005841,0.05756924019471714
0.5784802963267826,0.9532696965379683,0.057563964061173936
0.5785060191377713,0.9532696965379683,0.05756281329312055
0.5785574647597489,0.9532696965379683,0.057557696645277594
0.5789433069245807,0.9532696965379683,0.05743772929260595
0.5789947525465583,0.9532696965379683,0.05743090606172185
0.5790719209795246,0.9532696965379683,0.057417343395472754
0.5791748122234798,0.9532696965379683,0.05738103078858582
0.5792262578454573,0.9534121669753526,0.05738083137739821
0.5796892684432555,0.9534121669753526,0.057280547393006295
0.5796892684432555,0.9535546374127368,0.057276514328994305
0.5797149912542443,0.9535546374127368,0.0572697807331385
0.5797149912542443,0.9536971078501211,0.05726800573353206
0.5798950509311658,0.9536971078501211,0.0572333305789849
0.5798950509311658,0.9538395782875053,0.05722950185101707
0.5799207737421546,0.9538395782875053,0.057229286450663795
0.5799207737421546,0.9539820487248896,0.05722895167871362
0.5799722193641321,0.9539820487248896,0.05722804732941355
0.5799722193641321,0.9541245191622738,0.05722376481712732
0.5801522790410536,0.9541245191622738,0.05719180697626456
0.5802037246630312,0.9541245191622738,0.057184898149679766
0.5803580615289639,0.9541245191622738,0.057115485825765935
0.5803837843399526,0.954266989599658,0.057113687720358346
0.5804095071509414,0.954266989599658,0.057113320168827426
0.5804095071509414,0.9544094600370423,0.05708977415975299
0.5804352299619302,0.9544094600370423,0.05708550320376727
0.5804866755839078,0.9544094600370423,0.057085061145948766
0.5808467949377508,0.9544094600370423,0.05701612233061362
0.5809239633707172,0.9544094600370423,0.05700071836264772
0.5810525774256611,0.9544094600370423,0.05695359304479816
0.5811554686696162,0.9544094600370423,0.056951983373265916
0.5812840827245601,0.9544094600370423,0.05687545329062612
0.5812840827245601,0.9545519304744265,0.05687419719338457
0.58213293548719,0.9545519304744265,0.05666291101341454
0.5821843811091676,0.9545519304744265,0.05665043300588873
0.5825187776520218,0.9545519304744265,0.05658540064727307
0.5825702232739994,0.9545519304744265,0.056584831540454114
0.5827760057619097,0.9545519304744265,0.05655690500402537
0.5827760057619097,0.9546944009118108,0.056552269189125676
0.5828017285728985,0.9546944009118108,0.0565464528693367
0.582853174194876,0.9546944009118108,0.05653385650067859
0.5831104023047639,0.9546944009118108,0.05643448832557817
0.5831618479267414,0.9546944009118108,0.05643185493520945
0.5831618479267414,0.954836871349195,0.056429135163073324
0.5832647391706965,0.954836871349195,0.05639609839401019
0.5832647391706965,0.9549793417865793,0.056395060154353846
0.583444798847618,0.9549793417865793,0.05634249183995976
0.5834962444695957,0.9549793417865793,0.05634083577493686
0.5835219672805845,0.9549793417865793,0.0563388674431068
0.583573412902562,0.9549793417865793,0.05633745705066565
0.5836763041465172,0.9549793417865793,0.05632727818915532
0.5837277497684947,0.9549793417865793,0.05632218108222752
0.5839592550673938,0.9549793417865793,0.05628085747217649
0.5840107006893713,0.9549793417865793,0.05627058751580146
0.5843708200432143,0.9549793417865793,0.05619359319703419
0.5844222656651918,0.9549793417865793,0.056191029861918776
0.5844479884761806,0.9549793417865793,0.056183214858603926
0.5844994340981583,0.9549793417865793,0.056170917791622074
0.5845766025311246,0.9549793417865793,0.0561668413964262
0.5846023253421134,0.9549793417865793,0.05616256836504872
0.584653770964091,0.9549793417865793,0.05615795282642489
0.5847566622080461,0.9549793417865793,0.05614437696678239
0.5848338306410125,0.9549793417865793,0.05613806382356298
0.58488527626299,0.9549793417865793,0.056125934552970186
0.5849367218849676,0.9549793417865793,0.05611094867329436
0.5849367218849676,0.9551218122239635,0.05609842272270099
0.5850138903179339,0.9551218122239635,0.05608638414007839
0.5850653359399115,0.9551218122239635,0.056080707620253675
0.5851682271838666,0.9551218122239635,0.05605371501679298
0.5851682271838666,0.9552642826613478,0.05605217090176665
0.5851939499948554,0.955406753098732,0.056051916808061535
0.5853225640497993,0.955406753098732,0.05602000972366767
0.5853225640497993,0.9555492235361163,0.05601466429975924
0.5858370202695751,0.9555492235361163,0.055921541984663085
0.5858884658915526,0.9555492235361163,0.05591772186679008
0.5859399115135302,0.9555492235361163,0.055908621966075676
0.5859913571355078,0.9555492235361163,0.05590512621613601
0.5860170799464965,0.9555492235361163,0.055895986133040386
0.5860685255684741,0.9555492235361163,0.055893918460440485
0.586197139623418,0.9555492235361163,0.0558755409730671
0.5863000308673731,0.9556916939735005,0.05587284044130831
0.5863771993003395,0.9556916939735005,0.05586001055993617
0.5864286449223172,0.9556916939735005,0.055859302116348444
0.5864800905442947,0.9556916939735005,0.0558557006796566
0.5865315361662723,0.9556916939735005,0.055843171951225484
0.5870459923860479,0.9556916939735005,0.05568043651783672
0.5870974380080255,0.9556916939735005,0.05567860185011029
0.5872003292519806,0.9556916939735005,0.055657264251127464
0.5872517748739582,0.9556916939735005,0.05565357766332945
0.5873289433069245,0.9556916939735005,0.05563899119453019
0.5873546661179133,0.9558341644108848,0.055629780555818076
0.5877147854717564,0.9558341644108848,0.055578289252335863
0.5877919539047227,0.9558341644108848,0.05557610007712683
0.5881263504475769,0.9558341644108848,0.05549957878997694
0.5881777960695544,0.9558341644108848,0.05548757736329067
0.5884350241794424,0.9558341644108848,0.05543931605997631
0.5884350241794424,0.955976634848269,0.05543869816960461
0.5885379154233975,0.955976634848269,0.05542566551141635
0.5886408066673526,0.955976634848269,0.05542467869714464
0.5886665294783414,0.9561191052856532,0.05542214294425544
0.588717975100319,0.9561191052856532,0.055403989766513194
0.5888208663442741,0.9562615757230375,0.055399761938390905
0.5888208663442741,0.9564040461604217,0.055388206047962234
0.5888465891552629,0.9564040461604217,0.055387862476642874
0.5888465891552629,0.956546516597806,0.05538556297871397
0.5890523716431731,0.956546516597806,0.055358598254386056
0.5891552628871283,0.956546516597806,0.055344939108369746
0.5893867681860274,0.956546516597806,0.05531087167413166
0.589438213808005,0.956546516597806,0.05531085374352817
0.5895925506739377,0.956546516597806,0.05528501343055011
0.5896439962959152,0.956546516597806,0.055278351249499494
0.5897468875398704,0.956546516597806,0.05526166572945549
0.5897983331618479,0.956546516597806,0.05525794751627126
0.5898240559728367,0.956546516597806,0.05524943583852844
0.5899012244058031,0.956546516597806,0.055246095390937854
0.5899269472167918,0.956546516597806,0.05523893572837691
0.5899269472167918,0.9566889870351902,0.05522848910670389
0.5899783928387694,0.9566889870351902,0.055218520467600465
0.590029838460747,0.9566889870351902,0.05521839581248922
0.5900812840827245,0.9566889870351902,0.05520720234518706
0.5900812840827245,0.957116398347343,0.05519223424262908
0.5901070068937133,0.957116398347343,0.05519144598433175
0.5901327297047021,0.9572588687847272,0.05519109393267641
0.5903642350036012,0.9572588687847272,0.055138344343314424
0.5904156806255788,0.9572588687847272,0.05512681162408756
0.5904414034365676,0.9572588687847272,0.055121557698472975
0.5904928490585452,0.9572588687847272,0.05512065003669737
0.5906986315464554,0.9572588687847272,0.05507655143595861
0.590750077168433,0.9572588687847272,0.055070096029786804
0.5908272456013993,0.9572588687847272,0.05504728712801304
0.5909301368453544,0.9572588687847272,0.05504232569379389
0.5910844737112871,0.9572588687847272,0.05502075250090099
0.5910844737112871,0.9575438096594957,0.055002461690023895
0.5912902561991974,0.9575438096594957,0.0549775369650393
0.5913931474431526,0.9575438096594957,0.054961473875234326
0.5914188702541414,0.9575438096594957,0.05495979572256793
0.591470315876119,0.9575438096594957,0.054957047153711844
0.5915217614980965,0.9575438096594957,0.05495665417291932
0.5915989299310629,0.9575438096594957,0.0549553039069439
0.5916760983640292,0.9575438096594957,0.054950806478721755
0.5917275439860068,0.9575438096594957,0.05493400966561552
0.5917789896079844,0.95768628009688,0.0549303455738654
0.5922677230167712,0.95768628009688,0.05484590573920918
0.5923191686387489,0.95768628009688,0.054843107826413676
0.5923963370717152,0.95768628009688,0.05482413750320446
0.5924477826936928,0.95768628009688,0.0548153267850656
0.5926535651816031,0.95768628009688,0.05477154364628411
0.5927564564255582,0.95768628009688,0.054765161936491676
0.5930394073464348,0.95768628009688,0.05472782465318883
0.5930394073464348,0.9578287505342642,0.05472550048661214
0.5931165757794011,0.9578287505342642,0.054711715222155295
0.5932194670233563,0.9578287505342642,0.054708960779188645
0.5937596460541208,0.9578287505342642,0.054584007660324355
0.5938110916760984,0.9578287505342642,0.05457660139619247
0.5938882601090647,0.9578287505342642,0.05456860128152886
0.5939911513530198,0.9578287505342642,0.05455074592517871
0.5941197654079637,0.9578287505342642,0.054526637388665276
0.5941197654079637,0.9579712209716483,0.05451289564354624
0.5948400041156497,0.9579712209716483,0.054330479017390264
0.5948914497376273,0.9579712209716483,0.05430469874530809
0.5949428953596049,0.9579712209716483,0.0542986034794829
0.5949943409815824,0.9579712209716483,0.05429560321335002
0.5949943409815824,0.9581136914090326,0.05429066033428704
0.5957917481222348,0.9581136914090326,0.05410760954484985
0.5958174709332236,0.9582561618464168,0.054105380379211775
0.5961518674760777,0.9582561618464168,0.05401379748178924
0.596254758720033,0.9583986322838011,0.05401051656352458
0.5963062043420105,0.9583986322838011,0.054000162147813474
0.5964605412079432,0.9583986322838011,0.053964126462486654
0.5965119868299208,0.9583986322838011,0.0539602184357125
0.5966920465068423,0.9583986322838011,0.053919558605931436
0.5967434921288198,0.9583986322838011,0.05391859753809651
0.597077888671674,0.9583986322838011,0.05384618988541058
0.597077888671674,0.9585411027211853,0.053842676297955014
0.5971036114826628,0.9585411027211853,0.05383827549239247
0.5971550571046403,0.9586835731585696,0.05383797587524707
0.5973351167815619,0.9586835731585696,0.05380399744209317
0.5973865624035395,0.9586835731585696,0.05378383448510374
0.597438008025517,0.9586835731585696,0.0537824635735182
0.597438008025517,0.9588260435959538,0.0537610462963862
0.5979010186233151,0.9588260435959538,0.05366363032519149
0.5979524642452927,0.9588260435959538,0.053661233549730555
0.5981068011112254,0.9588260435959538,0.05362505027305264
0.5982096923551806,0.9588260435959538,0.053611018485356744
0.5988527626299002,0.9588260435959538,0.05349393343784824
0.5988527626299002,0.9591109844707223,0.053486788343849435
0.5989042082518777,0.9591109844707223,0.05348469578249221
0.5989556538738553,0.9591109844707223,0.05347967207987347
0.599470110093631,0.9591109844707223,0.053349728503372516
0.5995215557156086,0.9591109844707223,0.0533445748344446
0.5995730013375862,0.9591109844707223,0.053322591437128086
0.5996501697705525,0.9591109844707223,0.05331844630003078
0.599830229447474,0.9591109844707223,0.05326672720433627
0.5998816750694516,0.9591109844707223,0.05326286579561155
0.5999845663134067,0.9591109844707223,0.05325444708839314
0.5999845663134067,0.9592534549081065,0.05325324097037109
0.6002417944232946,0.9592534549081065,0.05319184081198788
0.6002932400452722,0.9592534549081065,0.053188252333027944
0.6003446856672497,0.9592534549081065,0.053180898822492544
0.6003446856672497,0.9593959253454908,0.05317727491410159
0.6005247453441712,0.9593959253454908,0.05315048101379503
0.60055046815516,0.959538395782875,0.05313490355356271
0.6008848646980142,0.959538395782875,0.053061609424473015
0.6010134787529581,0.959538395782875,0.05305640892403551
0.6010392015639469,0.959538395782875,0.053056173693399586
0.6011420928079021,0.959538395782875,0.0530416763049533
0.6011420928079021,0.9596808662202593,0.053040047567646555
0.6011678156188909,0.9596808662202593,0.05303352907739721
0.6012192612408684,0.9596808662202593,0.05303195016862954
0.6013993209177899,0.9596808662202593,0.05299143304072303
0.6014507665397675,0.9596808662202593,0.05298088688139078
0.6016822718386665,0.9596808662202593,0.05293663325519126
0.6017337174606441,0.9596808662202593,0.05293615406675055
0.602351064924375,0.9596808662202593,0.05280906856507623
0.6024025105463525,0.9596808662202593,0.0528078534502796
0.6026597386562403,0.9596808662202593,0.0527783321550522
0.6026597386562403,0.9598233366576435,0.052774666962721005
0.6027883527111842,0.9598233366576435,0.05273676461882811
0.6028655211441506,0.9598233366576435,0.052735782774877685
0.6030455808210722,0.9598233366576435,0.05270020789105265
0.6031484720650273,0.9598233366576435,0.05268948234125919
0.6032770861199712,0.9598233366576435,0.052687106543928525
0.603534314229859,0.9598233366576435,0.052635749689512214
0.603534314229859,0.9599658070950278,0.05262775132081528
0.6036114826628254,0.9599658070950278,0.05260893102047556
0.603662928284803,0.9599658070950278,0.05260627808583437
0.6037658195287581,0.9599658070950278,0.05259160985206689
0.6038172651507356,0.9599658070950278,0.05258923739701992
0.6039201563946908,0.9599658070950278,0.05257228696718636
0.6039716020166683,0.9599658070950278,0.05256705854364572
0.604254552937545,0.9599658070950278,0.05252586194962009
0.604254552937545,0.960108277532412,0.05251964625731023
0.6047690091573207,0.960108277532412,0.052441828340092096
0.6048204547792982,0.960108277532412,0.052440992275828074
0.604846177590287,0.960108277532412,0.052432735045639556
0.6048976232122646,0.960108277532412,0.05242853729417113
0.6051548513221525,0.960108277532412,0.05239443389770549
0.6052062969441301,0.960108277532412,0.052380964797316645
0.6054378022430291,0.960108277532412,0.052343100685791594
0.6055406934869842,0.960108277532412,0.05234173836660458
0.6058493672188496,0.960108277532412,0.052247829887109826
0.6059008128408272,0.960108277532412,0.05224597426339622
0.6059008128408272,0.9602507479697963,0.052244036382963495
0.6061065953287376,0.9602507479697963,0.05220146514845816
0.6061580409507151,0.9603932184071805,0.05220065003826147
0.6062609321946703,0.9603932184071805,0.052193167174941144
0.6067496656034571,0.9603932184071805,0.052112849043008995
0.6067496656034571,0.9605356888445648,0.052111343791903894
0.6067753884144459,0.9605356888445648,0.05210535408081082
0.6067753884144459,0.960678159281949,0.05209710052626811
0.6069811709023563,0.960678159281949,0.05207410924250173
0.6069811709023563,0.9608206297193332,0.05207308420434136
0.607006893713345,0.9608206297193332,0.052064011782631085
0.6070583393353226,0.9608206297193332,0.052061711203031824
0.6072126762012553,0.9608206297193332,0.052036686687227815
0.6072898446342216,0.9608206297193332,0.052023733793869445
0.6072898446342216,0.9609631001567175,0.05200954379313469
0.6073927358781768,0.9609631001567175,0.051985291306961896
0.6074441815001543,0.9609631001567175,0.051979482986650664
0.607598518366087,0.9609631001567175,0.051946237026382965
0.6077014096100422,0.9609631001567175,0.05194419270249937
0.6078814692869636,0.9609631001567175,0.05192400453565724
0.6079843605309189,0.9609631001567175,0.05192086153730458
0.608087251774874,0.9609631001567175,0.051914379281811
0.6084988167506945,0.9609631001567175,0.05183673819327818
0.6085502623726721,0.9609631001567175,0.05183453931128318
0.6087303220495935,0.9609631001567175,0.05178346701520944
0.6087817676715711,0.9609631001567175,0.05177422214439633
0.6088589361045375,0.9609631001567175,0.05175095000026589
0.6089103817265151,0.9609631001567175,0.051747157863367366
0.6089875501594815,0.9609631001567175,0.051736054909030126
0.6090132729704703,0.9611055705941017,0.051730647634361124
0.6090647185924478,0.9611055705941017,0.05172953311684968
0.6094505607572795,0.9611055705941017,0.05163422645148815
0.6094505607572795,0.961248041031486,0.05163188758647986
0.6095791748122235,0.961248041031486,0.05161000057507316
0.6096048976232122,0.9613905114688702,0.05160539909924685
0.6096820660561786,0.9613905114688702,0.05159378609152106
0.6096820660561786,0.9615329819062545,0.05159157187410784
0.6098106801111225,0.9615329819062545,0.05156772063663185
0.6098364029221113,0.9616754523436387,0.05156084477443189
0.609887848544089,0.9616754523436387,0.051557401347998535
0.6099392941660665,0.9616754523436387,0.05155450688937828
0.6099650169770553,0.9616754523436387,0.05154998371203378
0.6099650169770553,0.961817922781023,0.05154876111386717
0.6100164625990329,0.961817922781023,0.05153537961633503
0.6100679082210104,0.961817922781023,0.05153404743024414
0.6102479678979319,0.961817922781023,0.051498492687014036
0.6102736907089207,0.9621028636557915,0.05149374739478413
0.6104280275748534,0.9621028636557915,0.051439247546247374
0.6104794731968309,0.9621028636557915,0.05142888824766603
0.6105566416297973,0.9621028636557915,0.051394865927544345
0.6105566416297973,0.9622453340931757,0.05138808515488056
0.6106338100627636,0.9622453340931757,0.051372757639169764
0.6106338100627636,0.9623878045305599,0.05135207255236745
0.6107367013067188,0.9623878045305599,0.051333572924899866
0.6108138697396851,0.9623878045305599,0.05131927111474156
0.6108653153616628,0.9623878045305599,0.05130280422759088
0.6109167609836403,0.9623878045305599,0.05130117537578757
0.6110968206605618,0.9623878045305599,0.05127039845840178
0.6111482662825394,0.9623878045305599,0.051263907544508235
0.6114054943924272,0.9623878045305599,0.051166926871736455
0.6114054943924272,0.9625302749679442,0.051166767435145796
0.611662722502315,0.9625302749679442,0.05112680343752738
0.6117141681242926,0.9625302749679442,0.05112423618873661
0.6128459718077992,0.9625302749679442,0.05092640690739482
0.6128974174297768,0.9625302749679442,0.05092234956334903
0.6130260314847207,0.9625302749679442,0.050908368820806876
0.6130260314847207,0.9626727454053284,0.05090811719279787
0.6131546455396646,0.9626727454053284,0.050856540985723224
0.6132060911616422,0.9626727454053284,0.05085152204676723
0.6132318139726309,0.9626727454053284,0.050846074402349936
0.6132832595946085,0.9626727454053284,0.050842860333323955
0.6133347052165861,0.9626727454053284,0.05082070771477243
0.6133604280275748,0.9628152158427127,0.05082048290410043
0.6136433789484514,0.9628152158427127,0.050747632637240116
0.6136433789484514,0.9629576862800969,0.05074216546459639
0.6136691017594402,0.9629576862800969,0.05074095628697406
0.6137205473814178,0.9629576862800969,0.05074058998644534
0.6138748842473506,0.9629576862800969,0.05071120259512399
0.6139263298693282,0.9629576862800969,0.050699668994799156
0.6139520526803169,0.9631001567174812,0.05069340303169506
0.6142607264121823,0.9631001567174812,0.05062243091573211
0.6143378948451487,0.9631001567174812,0.050618203547969115
0.614415063278115,0.9631001567174812,0.050598457353791516
0.6144665089000926,0.9631001567174812,0.050598447923931845
0.6148009054429469,0.9631001567174812,0.050522199296385226
0.6148523510649244,0.9631001567174812,0.05051924294341947
0.6151610247967898,0.9631001567174812,0.050445590047474766
0.6152124704187674,0.9631001567174812,0.05043978068396118
0.6152896388517337,0.9631001567174812,0.05042801675513232
0.6153410844737113,0.9631001567174812,0.050422527829461966
0.6153668072847001,0.9631001567174812,0.05040760786725203
0.6154182529066776,0.9631001567174812,0.05040470818173946
0.6158040950715095,0.9631001567174812,0.0503647201272714
0.615855540693487,0.9631001567174812,0.05036288325674737
0.6159327091264534,0.9631001567174812,0.050332092587218075
0.6160098775594197,0.9631001567174812,0.05032850891287111
0.61621566004733,0.9631001567174812,0.050290539645174576
0.6162671056693075,0.9631001567174812,0.05029034618171745
0.616447165346229,0.9631001567174812,0.05025845186113038
0.6164986109682066,0.9631001567174812,0.05025707644510093
0.6165243337791954,0.9631001567174812,0.05025460362597988
0.6165757794011729,0.9631001567174812,0.05024450022530368
0.6166015022121617,0.9631001567174812,0.050242114288685226
0.6166015022121617,0.9632426271548654,0.050241326398504094
0.6166529478341393,0.9632426271548654,0.05024028378466604
0.6168330075110608,0.9632426271548654,0.05020975672574668
0.6169101759440272,0.9632426271548654,0.050208478963007105
0.6169616215660048,0.9632426271548654,0.05020140483972898
0.6169873443769935,0.9632426271548654,0.05019969436256921
0.6170387899989711,0.9632426271548654,0.05019822596251999
0.6170645128099599,0.9632426271548654,0.05017938379191312
0.617167404053915,0.9632426271548654,0.05016700021752698
0.6172960181088589,0.9632426271548654,0.05014934811528412
0.6172960181088589,0.9633850975922497,0.050143455129758506
0.6173217409198477,0.9633850975922497,0.05014028451317231
0.6173731865418253,0.9633850975922497,0.05013651883822271
0.6174503549747916,0.9633850975922497,0.050127599618292974
0.6174503549747916,0.9635275680296338,0.05012025231016078
0.6175018005967692,0.9635275680296338,0.050108511969877575
0.6175789690297355,0.9635275680296338,0.050108288071587355
0.6176818602736908,0.9635275680296338,0.05008437649764681
0.6177333058956683,0.9635275680296338,0.05008130865764675
0.6177847515176459,0.9635275680296338,0.05007254653835163
0.6178619199506122,0.9635275680296338,0.05007028352366048
0.6179133655725898,0.9635275680296338,0.05006935436956622
0.6179905340055561,0.9635275680296338,0.05004721064960135
0.6180419796275337,0.9635275680296338,0.05003746480987578
0.6180419796275337,0.963670038467018,0.05003375455002256
0.6181448708714888,0.963670038467018,0.04999624639992959
0.6181448708714888,0.9638125089044023,0.04999340310908283
0.618247762115444,0.9638125089044023,0.04998329597453684
0.6182992077374215,0.9638125089044023,0.049975165888528704
0.6183249305484103,0.9638125089044023,0.04997430662830712
0.6183763761703879,0.9638125089044023,0.04996552777889888
0.6187364955242309,0.9638125089044023,0.049890208797232584
0.6187879411462085,0.9638125089044023,0.04988192028023239
0.6188908323901636,0.9638125089044023,0.049864790901513904
0.6189422780121412,0.9638125089044023,0.04986331290542879
0.6190194464451075,0.9638125089044023,0.04985219411862827
0.6190708920670851,0.9638125089044023,0.04985002537819319
0.6192252289330178,0.9638125089044023,0.0498251290774747
0.6192766745549954,0.9638125089044023,0.049824537610857283
0.6199711904516926,0.9638125089044023,0.04972249024460256
0.6200226360736701,0.9638125089044023,0.049716102312689435
0.6206914291593786,0.9638125089044023,0.04956417503714321
0.6206914291593786,0.9639549793417865,0.04956251617189978
0.6208714888363001,0.9639549793417865,0.04952350581002921
0.6209229344582776,0.9639549793417865,0.049514359689890236
0.6210772713242103,0.9639549793417865,0.049487852835660685
0.6211287169461879,0.9639549793417865,0.04948259435063767
0.6213859450560757,0.9639549793417865,0.04945152802162251
0.621463113489042,0.9639549793417865,0.04944503965682955
0.6221061837637617,0.9639549793417865,0.049296730787315134
0.6221576293857393,0.9639549793417865,0.04929500735273785
0.6221576293857393,0.9640974497791708,0.049289045614630156
0.6222347978187056,0.9640974497791708,0.0492841131852478
0.6222862434406832,0.9640974497791708,0.0492817822412431
0.622311966251672,0.9640974497791708,0.04928032608969196
0.6223634118736495,0.964239920216555,0.04927196255425791
0.6231865418252907,0.964239920216555,0.04909031064869572
0.6231865418252907,0.9643823906539393,0.04908747782901134
0.6232379874472682,0.9643823906539393,0.049081309482996334
0.6233151558802346,0.9643823906539393,0.049064454788388355
0.623495215557156,0.9643823906539393,0.04902525015213285
0.6235466611791337,0.9643823906539393,0.04902481365584449
0.6237009980450664,0.9643823906539393,0.048977610874914916
0.623752443667044,0.9643823906539393,0.04896547689270988
0.6237781664780327,0.9643823906539393,0.04896496266154969
0.6238296121000103,0.9645248610913235,0.04894642110232362
0.623983948965943,0.9645248610913235,0.048928420654503216
0.6240353945879206,0.9645248610913235,0.048926578722263046
0.6240611173989093,0.9645248610913235,0.04891871935546581
0.6241382858318757,0.9645248610913235,0.04891376798768584
0.6244984051857186,0.9645248610913235,0.04883714634171017
0.6244984051857186,0.9646673315287078,0.04883395565914991
0.6245498508076963,0.9646673315287078,0.04882246763060352
0.624704187673629,0.9646673315287078,0.04880031792634009
0.6247556332956066,0.9646673315287078,0.04879788914074701
0.6249099701615393,0.9646673315287078,0.048775070127105774
0.6249099701615393,0.964809801966092,0.04877423907716609
0.6251671982714271,0.964809801966092,0.04872643037467308
0.6252186438934046,0.964809801966092,0.04872399923197846
0.6252443667043934,0.964809801966092,0.04872206503588797
0.6253215351373598,0.964809801966092,0.04871217760674287
0.6254501491923037,0.964809801966092,0.04868560201353451
0.6255015948142814,0.9649522724034763,0.0486841734245586
0.6264018931988887,0.9649522724034763,0.048511599594312074
0.6264276160098775,0.9650947428408605,0.0484836197234884
0.6266591213087767,0.9650947428408605,0.048439014579248804
0.6266591213087767,0.965379683715629,0.048436257554762205
0.6266848441197654,0.965379683715629,0.04842286334181075
0.6267620125527318,0.965379683715629,0.048418550136889116
0.6271993003395411,0.965379683715629,0.04835419891143079
0.6272507459615186,0.965379683715629,0.048352536482629514
0.6275594196933841,0.965379683715629,0.04829957760209545
0.6275594196933841,0.9655221541530132,0.048296709860961934
0.6276108653153617,0.9655221541530132,0.04829351078839291
0.6276623109373393,0.9655221541530132,0.048280511480247215
0.6277137565593168,0.9655221541530132,0.048279136700287835
0.627816647803272,0.9655221541530132,0.048266670161624
0.6278680934252495,0.9655221541530132,0.04826380038850816
0.6281767671571149,0.9655221541530132,0.04821463800343886
0.6282282127790925,0.9655221541530132,0.048208052431933046
0.6282282127790925,0.9656646245903975,0.04820342469975048
0.6282539355900812,0.9656646245903975,0.04819945836285638
0.6283053812120588,0.9656646245903975,0.04819913870382403
0.6283568268340364,0.9656646245903975,0.04819018057191923
0.6284082724560139,0.9656646245903975,0.04819012802821244
0.6284854408889804,0.9656646245903975,0.048170817563309744
0.628536886510958,0.9656646245903975,0.048165447513606685
0.6285626093219467,0.9656646245903975,0.0481638059686702
0.6286140549439243,0.9656646245903975,0.04816322221091597
0.6286912233768907,0.9656646245903975,0.048140257300648824
0.628768391809857,0.9656646245903975,0.048130321089132934
0.6288970058648009,0.9656646245903975,0.04811655047043031
0.6289484514867785,0.9656646245903975,0.0481146596791794
0.6293085708406214,0.9656646245903975,0.048056693557460596
0.629360016462599,0.9656646245903975,0.048052156893035616
0.6294114620845767,0.9656646245903975,0.048050135732319504
0.6294114620845767,0.9658070950277817,0.048049501121730294
0.6294629077065542,0.9658070950277817,0.048037040957999495
0.6295400761395206,0.9658070950277817,0.04802716656183105
0.6295657989505093,0.9658070950277817,0.04802472950563988
0.6296172445724869,0.9658070950277817,0.04801516351993248
0.629720135816442,0.9658070950277817,0.048008511961671864
0.6297458586274308,0.965949565465166,0.04800795942662512
0.6297973042494084,0.965949565465166,0.04800249066500403
0.6298744726823747,0.965949565465166,0.04800131938432789
0.6299259183043523,0.965949565465166,0.047986467566224565
0.6300030867373186,0.965949565465166,0.047973027820552315
0.6300288095483074,0.9660920359025502,0.047971107226114945
0.6300545323592962,0.9660920359025502,0.04796200598127166
0.6300545323592962,0.9662345063399345,0.0479585444462694
0.6301317007922626,0.9662345063399345,0.04794270027268067
0.6301317007922626,0.9663769767773187,0.04794241423449215
0.6307233254450046,0.9663769767773187,0.047829878458460616
0.630800493877971,0.9663769767773187,0.04782571801160234
0.6313149500977466,0.9663769767773187,0.04773212136617368
0.6313663957197243,0.9663769767773187,0.04771713104932616
0.6314178413417019,0.9663769767773187,0.047692204330137745
0.6314692869636794,0.9663769767773187,0.04768183091298128
0.6316493466406009,0.9663769767773187,0.047655176507836364
0.6317007922625785,0.9663769767773187,0.04765472704470086
0.6317265150735673,0.9663769767773187,0.04765112385314031
0.6317779606955448,0.9663769767773187,0.04765096989225284
0.6318036835065336,0.9663769767773187,0.0476452060361978
0.6318036835065336,0.966519447214703,0.047642291787602646
0.6318551291285112,0.966519447214703,0.04761792597287289
0.6319322975614775,0.966519447214703,0.047615222578982465
0.6320094659944439,0.966519447214703,0.047606348379695754
0.6320609116164214,0.966519447214703,0.04760446712899271
0.6320866344274102,0.9666619176520872,0.047589883270832675
0.6321895256713653,0.9666619176520872,0.04757821597046113
0.6321895256713653,0.9668043880894714,0.047573208443025324
0.6322409712933429,0.9668043880894714,0.04756841193045801
0.6322924169153205,0.9668043880894714,0.047564377028723404
0.6326525362691635,0.9668043880894714,0.0475197328057286
0.6326782590801523,0.9669468585268557,0.04751261488135553
0.6329097643790513,0.9669468585268557,0.04747287025678113
0.6329869328120177,0.9669468585268557,0.047472346796401846
0.6332698837328943,0.9669468585268557,0.047429088170445444
0.633321329354872,0.9670893289642399,0.04742746788270636
0.6334499434098159,0.9670893289642399,0.04736327110062142
0.6335013890317934,0.9670893289642399,0.04736069450636343
0.6340672908735466,0.9670893289642399,0.04726687787466973
0.6341701821175018,0.9670893289642399,0.047263130371385555
0.6342216277394793,0.9670893289642399,0.04726068963364734
0.6343245189834346,0.9670893289642399,0.047254496832484484
0.634504578660356,0.9670893289642399,0.04722590797027723
0.6345560242823336,0.9670893289642399,0.047225621821494014
0.6346846383372775,0.9670893289642399,0.047203860611001625
0.6347360839592551,0.9670893289642399,0.04719910984617213
0.6348389752032102,0.9670893289642399,0.04717582402975604
0.6348904208251878,0.9670893289642399,0.04717236700854913
0.6349161436361765,0.9670893289642399,0.047169063382858874
0.6349675892581541,0.9670893289642399,0.047161219718081564
0.6351733717460644,0.9670893289642399,0.04713568004524925
0.6352762629900196,0.9670893289642399,0.04713063207570967
0.6355592139108962,0.9670893289642399,0.04707975208332864
0.6357135507768289,0.9670893289642399,0.04707894535770768
0.6358936104537504,0.9670893289642399,0.047054711252254626
0.6359450560757279,0.9670893289642399,0.047053570106700755
0.6359707788867167,0.9670893289642399,0.047053292223892026
0.6359707788867167,0.9672317994016242,0.04705211173504685
0.6360222245086943,0.9672317994016242,0.04704996158160808
0.636176561374627,0.9672317994016242,0.04703502930302395
0.636176561374627,0.9673742698390084,0.047015619509185674
0.6362280069966045,0.9673742698390084,0.04700597229935392
0.6362794526185822,0.9673742698390084,0.047000666626387216
0.6363308982405598,0.9673742698390084,0.04698902990178551
0.6363823438625373,0.9673742698390084,0.046977722386299096
0.6363823438625373,0.9675167402763927,0.04697738323205135
0.6365109579174812,0.9675167402763927,0.046951501471007906
0.6365624035394588,0.9675167402763927,0.04694264780789362
0.6368196316493466,0.9675167402763927,0.046884316042049866
0.6369482457042905,0.9675167402763927,0.04688059884863106
0.6370254141372569,0.9675167402763927,0.04686613155024714
0.6370254141372569,0.9676592107137769,0.04685715125890627
0.6371540281922008,0.9676592107137769,0.046841688857781213
0.6371540281922008,0.9678016811511612,0.04684153018956168
0.6372826422471448,0.9678016811511612,0.04682101236665455
0.6373340878691224,0.9679441515885454,0.04681450057762647
0.6374884247350551,0.9679441515885454,0.04675091645939993
0.6375398703570326,0.9679441515885454,0.04674979929466418
0.6375655931680214,0.9679441515885454,0.04674944830622763
0.6375913159790102,0.9680866220259297,0.046743313949666764
0.6376427616009878,0.9680866220259297,0.04673796066170278
0.6376942072229653,0.9680866220259297,0.04673665224512527
0.637848544088898,0.9680866220259297,0.04670438933319022
0.637848544088898,0.9682290924633139,0.046688113607266005
0.638080049387797,0.9682290924633139,0.04663289167969695
0.638080049387797,0.9683715629006981,0.046625405932950906
0.638337277497685,0.9683715629006981,0.046582605333876474
0.638337277497685,0.9685140333380824,0.0465752073331531
0.6386716740405392,0.9685140333380824,0.04649710321073974
0.6387231196625167,0.9685140333380824,0.04649502499885252
0.6388260109064718,0.9685140333380824,0.04645929293971766
0.6388774565284494,0.9685140333380824,0.04645680208171911
0.6390575162053709,0.9685140333380824,0.046425560474558154
0.6391346846383372,0.9685140333380824,0.04642059659990532
0.6394948039921803,0.9685140333380824,0.04637563737661756
0.6395462496141578,0.9685140333380824,0.046367963540437034
0.6397777549130569,0.9685140333380824,0.04632133066718978
0.6397777549130569,0.9687989742128509,0.046312791811082187
0.6401893198888775,0.9687989742128509,0.04623056196180506
0.6402407655108551,0.9687989742128509,0.046225873866246645
0.6411667867064513,0.9687989742128509,0.046058005651539356
0.6412954007613952,0.9687989742128509,0.046049731740817786
0.6414240148163391,0.9687989742128509,0.046012959487693746
0.6414754604383167,0.9687989742128509,0.04601104815520062
0.6416297973042494,0.9687989742128509,0.04599191064897762
0.6416297973042494,0.9689414446502351,0.04599131184352269
0.6422471447679803,0.9689414446502351,0.0458377535345224
0.6422728675789691,0.9690839150876194,0.04583592399221224
0.6422985903899578,0.9690839150876194,0.04583315038426482
0.6423500360119354,0.9690839150876194,0.045829758257129864
0.6424272044449018,0.9690839150876194,0.04581071115044509
0.6425043728778681,0.9690839150876194,0.04580644346154345
0.6425558184998457,0.9690839150876194,0.045805898607700846
0.6428130466097335,0.9690839150876194,0.045786290705684046
0.6428387694207223,0.9692263855250035,0.045779112783873324
0.642993106286655,0.9692263855250035,0.04575649980335294
0.6430445519086325,0.9692263855250035,0.04574578597555665
0.643353225640498,0.9692263855250035,0.04569862507416331
0.643353225640498,0.9693688559623878,0.04569587614113045
0.6435590081284083,0.9693688559623878,0.04566599282479902
0.6436104537503858,0.969511326399772,0.0456657537318158
0.6436618993723634,0.969511326399772,0.0456488373073543
0.6437647906163185,0.969511326399772,0.04564006170209592
0.6437905134273073,0.969511326399772,0.04563214688180108
0.6438676818602737,0.969511326399772,0.045618581105374215
0.6440477415371952,0.969511326399772,0.045586514751188106
0.6440991871591728,0.969511326399772,0.04558402303261391
0.6441506327811504,0.969511326399772,0.045572787094332115
0.6442020784031279,0.969511326399772,0.045569001581902566
0.6445107521349933,0.969511326399772,0.04548981466166112
0.6445621977569709,0.969511326399772,0.04548583351873423
0.6449480399218026,0.969511326399772,0.045428243792591645
0.6450509311657578,0.969511326399772,0.04542024392918618
0.6451280995987242,0.969511326399772,0.04538121799713162
0.6451795452207018,0.969511326399772,0.045379219198729406
0.6453081592756457,0.969511326399772,0.045345097267180355
0.6453596048976232,0.969511326399772,0.045344569330357326
0.645385327708612,0.969511326399772,0.04533955387758495
0.6454367733305896,0.969511326399772,0.045334635655009135
0.6456940014404774,0.969511326399772,0.04527491806579427
0.645745447062455,0.969511326399772,0.04527222399541151
0.6467743595020063,0.969511326399772,0.045071209302204436
0.6468258051239839,0.9696537968371562,0.045057064932455454
0.6471087560448606,0.9696537968371562,0.04500739530292263
0.6471602016668382,0.9697962672745405,0.045001644421814375
0.6477003806976026,0.9697962672745405,0.044858820626324895
0.6477518263195802,0.9697962672745405,0.04485505026937485
0.6478032719415577,0.9697962672745405,0.04484733294463905
0.6479061631855129,0.9697962672745405,0.04484276003152744
0.6480090544294681,0.9697962672745405,0.04482622451859035
0.6480605000514457,0.9697962672745405,0.04482405548048039
0.6482405597283671,0.9697962672745405,0.04480739920624956
0.6482920053503447,0.9699387377119247,0.044802989263834136
0.6484463422162774,0.9699387377119247,0.044768433684174526
0.648497787838255,0.9699387377119247,0.04476574057615292
0.6485235106492437,0.9699387377119247,0.0447613685538222
0.6485235106492437,0.970081208149309,0.04476061195856227
0.6487807387591316,0.970081208149309,0.0446972012346996
0.6488579071920979,0.970081208149309,0.044687794029508864
0.649089412490997,0.970081208149309,0.04463899751313781
0.6491665809239634,0.970081208149309,0.04463591807798129
0.6491923037349522,0.970081208149309,0.04463318134781195
0.6492437493569297,0.970081208149309,0.0446239191368035
0.6493723634118737,0.970081208149309,0.044611716113853866
0.6494238090338512,0.970081208149309,0.04460548291919448
0.6495524230887951,0.970081208149309,0.044598617991839125
0.6496038687107727,0.970081208149309,0.04459549742270997
0.6497324827657166,0.970081208149309,0.044560157539109274
0.6497324827657166,0.9702236785866932,0.04455922946502306
0.6504784442843914,0.9702236785866932,0.04441439167291782
0.650529889906369,0.9702236785866932,0.044407299078127876
0.6506070583393353,0.9702236785866932,0.044395100148092934
0.6506070583393353,0.9703661490240775,0.04437337751978625
0.6507871180162568,0.9703661490240775,0.04434945621466678
0.6508385636382343,0.9703661490240775,0.044345025021002626
0.6509414548821896,0.9703661490240775,0.044324161308576325
0.6510186233151559,0.9703661490240775,0.044324037242802226
0.6511729601810886,0.9703661490240775,0.04429897890236949
0.6512244058030662,0.9703661490240775,0.044298921259835755
0.6512244058030662,0.9705086194614617,0.04429843208805587
0.6512758514250437,0.9705086194614617,0.04429561940835246
0.6513015742360325,0.9705086194614617,0.044294535518660985
0.6513530198580101,0.9705086194614617,0.04428587959670612
0.651713139211853,0.9705086194614617,0.04424100582361427
0.6517645848338306,0.9705086194614617,0.04423024984181524
0.6520989813766849,0.9705086194614617,0.04415039855762608
0.6521504269986624,0.9705086194614617,0.04414941139745197
0.6522533182426176,0.9705086194614617,0.04414257040628425
0.6522533182426176,0.970651089898846,0.044135167475267904
0.6524076551085503,0.970651089898846,0.04409182527193231
0.6524591007305278,0.970651089898846,0.044091372321317907
0.6525105463525054,0.970651089898846,0.044087169370124635
0.652561991974483,0.970651089898846,0.044081487766073776
0.6526648832184381,0.970651089898846,0.04406172767258135
0.6527163288404156,0.970651089898846,0.04405578985322067
0.6528192200843708,0.970651089898846,0.04404400148847781
0.6528706657063484,0.970651089898846,0.04404348826694242
0.6535651816030456,0.970651089898846,0.04391677142460946
0.6535651816030456,0.9707935603362302,0.0438978383543172
0.6536423500360119,0.9707935603362302,0.04388365253248291
0.6536937956579895,0.9707935603362302,0.043879119171363765
0.653745241279967,0.9707935603362302,0.043875846893926825
0.6537966869019446,0.9707935603362302,0.04386964112960395
0.6538481325239223,0.9707935603362302,0.04385639987608189
0.6538995781458998,0.9707935603362302,0.04385492215847153
0.6539253009568886,0.9707935603362302,0.04385285133312859
0.6539767465788662,0.9707935603362302,0.04385068739127164
0.6540539150118325,0.9707935603362302,0.043847789559040735
0.6541053606338101,0.9707935603362302,0.043836830459838674
0.654233974688754,0.9707935603362302,0.043811618085776
0.6542854203107316,0.9707935603362302,0.04380851251021819
0.6545426484206194,0.9707935603362302,0.04377149209559269
0.6546455396645745,0.9707935603362302,0.04375302095827696
0.6547741537195184,0.9707935603362302,0.0437028329687371
0.6548255993414961,0.9707935603362302,0.04370180806377799
0.6550313818294063,0.9707935603362302,0.043666027386112805
0.6550828274513839,0.9707935603362302,0.043655568001501714
0.6553400555612717,0.9707935603362302,0.04359596095889616
0.6553400555612717,0.9709360307736145,0.043595820314169406
0.6553915011832493,0.9709360307736145,0.04359386076635978
0.6554686696162156,0.9709360307736145,0.04358168783393311
0.6555715608601708,0.9709360307736145,0.04356339505707227
0.6556744521041259,0.9709360307736145,0.043550989953127374
0.6557001749151147,0.9709360307736145,0.043542486178739286
0.6557773433480811,0.9709360307736145,0.04354142666358751
0.6558287889700587,0.9709360307736145,0.04351376460122641
0.6558802345920363,0.9709360307736145,0.04350925500019553
0.655905957403025,0.9709360307736145,0.04350281805756739
0.6559574030250026,0.9709360307736145,0.04350265870340456
0.6565747504887334,0.9709360307736145,0.043346789244468976
0.6566261961107109,0.9709360307736145,0.043343393829011374
0.6567805329766437,0.9709360307736145,0.043302443337795815
0.6568319785986213,0.9709360307736145,0.04330174035553299
0.6568577014096101,0.9709360307736145,0.04329561612146449
0.6569091470315876,0.9709360307736145,0.04328913240239719
0.6570120382755428,0.9709360307736145,0.04327710110896915
0.6570634838975203,0.9709360307736145,0.04327270450278168
0.6571920979524642,0.9709360307736145,0.043242495782265834
0.6572949891964194,0.9709360307736145,0.04323729904845213
0.6573464348183969,0.9709360307736145,0.043233053529167245
0.6573978804403745,0.9709360307736145,0.04321462474152049
0.6576036629282848,0.9709360307736145,0.04319034479159291
0.6576551085502623,0.9709360307736145,0.043189411309662314
0.6576808313612511,0.9709360307736145,0.04318462419077941
0.6577322769832288,0.9709360307736145,0.043182871175818885
0.6578608910381727,0.9709360307736145,0.04315506515386152
0.6579895050931166,0.9709360307736145,0.04315035787276752
0.6580923963370717,0.9709360307736145,0.04313119094928494
0.6580923963370717,0.9710785012109987,0.04312744473161682
0.6583753472579483,0.9710785012109987,0.04307740818408096
0.6584267928799259,0.9710785012109987,0.0430703734069098
0.6586068525568474,0.9710785012109987,0.043033211899155224
0.6586582981788249,0.9710785012109987,0.043024121665531975
0.658786912233769,0.9710785012109987,0.0430061367112988
0.6588383578557465,0.9710785012109987,0.04298910637444169
0.6592242000205782,0.9710785012109987,0.04291686217881135
0.6593013684535446,0.9710785012109987,0.042911003011210404
0.6594814281304661,0.9710785012109987,0.042892277251501236
0.6594814281304661,0.971220971648383,0.04288511379978399
0.6595328737524436,0.971220971648383,0.042868279584878786
0.65961004218541,0.9713634420857672,0.042863386242560704
0.6597129334293652,0.9713634420857672,0.042853303093956345
0.6597643790513428,0.9713634420857672,0.04284641695198845
0.6597901018623316,0.9713634420857672,0.04283060493943437
0.6598415474843091,0.9713634420857672,0.04282665952974898
0.6598929931062867,0.9713634420857672,0.042806247015140735
0.6599444387282642,0.9713634420857672,0.042804523498405474
0.6602273896491409,0.9713634420857672,0.042777203199326735
0.6603045580821072,0.9716483829605357,0.04276630556701446
0.6603817265150735,0.9716483829605357,0.04275067131358466
0.6604588949480399,0.9716483829605357,0.04274863028066576
0.6605103405700175,0.9716483829605357,0.042744418382315255
0.6606132318139726,0.9716483829605357,0.04273826118752652
0.6606646774359503,0.9716483829605357,0.04273301943832693
0.6607161230579278,0.9716483829605357,0.04273036483171418
0.6612305792777035,0.9716483829605357,0.042644812549505605
0.661282024899681,0.9716483829605357,0.0426397721131006
0.661282024899681,0.9717908533979199,0.04263894824047242
0.6613591933326474,0.9717908533979199,0.042619895576548335
0.6614106389546249,0.9717908533979199,0.042617262323355276
0.6614363617656137,0.9717908533979199,0.04261719389978069
0.6614878073875913,0.9717908533979199,0.04260307640509112
0.6616421442535241,0.9717908533979199,0.04259040620355032
0.6617193126864904,0.9717908533979199,0.04258386462562805
0.6617964811194568,0.9719333238353042,0.04258291240841909
0.6618479267414343,0.9719333238353042,0.042570678045940884
0.6619250951744007,0.9719333238353042,0.042559629910708836
0.6619508179853895,0.9719333238353042,0.04255926445255756
0.662002263607367,0.9719333238353042,0.04255330253560153
0.6620279864183558,0.9719333238353042,0.04255143976117757
0.6620279864183558,0.9720757942726884,0.042550981136358974
0.6622080460952773,0.9720757942726884,0.04251475918223982
0.6622594917172548,0.9720757942726884,0.042503437988350753
0.6622852145282436,0.9720757942726884,0.04249727719567229
0.6623366601502212,0.9720757942726884,0.04249674698956542
0.6623881057721988,0.9720757942726884,0.0424884870975794
0.6623881057721988,0.9723607351474569,0.042484752656410926
0.6626196110710979,0.9723607351474569,0.042406693422996994
0.6626967795040642,0.9723607351474569,0.04240084677876443
0.6633912954007614,0.9723607351474569,0.042292642057763515
0.6634427410227389,0.9723607351474569,0.04229022008937853
0.6635199094557053,0.9723607351474569,0.042279193081364
0.6635970778886717,0.9723607351474569,0.04224638848083453
0.6636485235106493,0.9723607351474569,0.04224355850040657
0.6636485235106493,0.9725032055848412,0.04224187609131913
0.6636999691326269,0.9725032055848412,0.0422298048950751
0.6638543059985595,0.9725032055848412,0.042205963814057675
0.6638543059985595,0.9726456760222254,0.04220317841352113
0.6639314744315259,0.9726456760222254,0.042179856897091056
0.6639314744315259,0.9727881464596096,0.04217814350142235
0.6642658709743801,0.9727881464596096,0.04213164711489865
0.6642658709743801,0.9729306168969939,0.04211832789562156
0.6643173165963576,0.9729306168969939,0.04211404701953696
0.664394485029324,0.9729306168969939,0.042104335168751936
0.6644973762732791,0.9729306168969939,0.042094726057099824
0.6645488218952567,0.9729306168969939,0.04208980110994894
0.6646259903282231,0.9729306168969939,0.042078149592989854
0.6646774359502007,0.9729306168969939,0.04207810041100169
0.6648832184381109,0.9729306168969939,0.04202761095237015
0.6649346640600885,0.9729306168969939,0.04202500575843789
0.665346229035909,0.9729306168969939,0.04195817641390156
0.665346229035909,0.9730730873343781,0.04195648784266274
0.6660150221216175,0.9730730873343781,0.041834098554583275
0.6661179133655726,0.9730730873343781,0.04183059178845164
0.6661436361765614,0.9730730873343781,0.04180166215550394
0.6662465274205165,0.9730730873343781,0.041797100306035576
0.6663236958534828,0.9730730873343781,0.04178379326589525
0.6663751414754604,0.9730730873343781,0.041756734893240964
0.6664008642864492,0.9730730873343781,0.04175619546971979
0.6664523099084267,0.9730730873343781,0.04174285097354208
0.6667609836402922,0.9730730873343781,0.04169387644703004
0.666786706451281,0.9732155577717624,0.04167794615971072
0.6669924889391913,0.9732155577717624,0.04164912560714741
0.6670953801831464,0.9732155577717624,0.04164388961035083
0.6671211029941352,0.9732155577717624,0.04163178826814944
0.6671982714271015,0.9732155577717624,0.04162112157040235
0.6673268854820454,0.9732155577717624,0.04159928890138491
0.667378331104023,0.9732155577717624,0.041597086892851035
0.6674812223479782,0.9732155577717624,0.04156771135616269
0.6675583907809446,0.9732155577717624,0.04156380886117568
0.6676612820248997,0.9732155577717624,0.04153819964323475
0.6677641732688548,0.9732155577717624,0.04153789502461396
0.6680728470007202,0.9732155577717624,0.04147517267381286
0.6681242926226978,0.9732155577717624,0.04147190388864173
0.6682271838666529,0.9732155577717624,0.041458138404840354
0.6682786294886305,0.9732155577717624,0.0414577551879228
0.6686130260314848,0.9732155577717624,0.04141348086905183
0.6686130260314848,0.9733580282091466,0.04140337012626058
0.6691274822512604,0.9733580282091466,0.041338085469269474
0.6692046506842267,0.9733580282091466,0.041337357054842296
0.6692303734952155,0.9733580282091466,0.04133084044475203
0.6692818191171931,0.9733580282091466,0.041324361207272495
0.6698219981479576,0.9733580282091466,0.04123878445264111
0.6698734437699352,0.9733580282091466,0.04123208714280299
0.671571149295195,0.9733580282091466,0.04086327739175383
0.6716740405391501,0.9733580282091466,0.04085666499082881
0.6718283774050828,0.9733580282091466,0.04081700942872227
0.6718798230270604,0.9733580282091466,0.04081278147735092
0.6719827142710155,0.9733580282091466,0.04080485665344685
0.6720341598929931,0.9733580282091466,0.04080247338089412
0.6721884967589258,0.9733580282091466,0.040793184680737
0.6722399423809033,0.9733580282091466,0.040778776738142335
0.6724457248688137,0.9733580282091466,0.04074894368035688
0.6724714476798025,0.9735004986465309,0.040737872517874
0.6725486161127688,0.9735004986465309,0.04072965577994146
0.6726000617347464,0.9735004986465309,0.040724500727882515
0.672651507356724,0.9735004986465309,0.04071653289406266
0.6727286757896903,0.9735004986465309,0.040703682634670696
0.6727801214116679,0.9735004986465309,0.040687027453762445
0.6727801214116679,0.9736429690839151,0.040673892406734094
0.6728572898446342,0.9736429690839151,0.0406653658461395
0.6729087354666118,0.9736429690839151,0.04066392176899554
0.6733203004424323,0.9736429690839151,0.04061885731921554
0.67337174606441,0.9736429690839151,0.0406170233299428
0.6735003601193539,0.9736429690839151,0.04060445031309054
0.6735518057413314,0.9736429690839151,0.040594123129610075
0.6737061426072641,0.9736429690839151,0.04055797997474241
0.6738090338512193,0.9737854395212994,0.04054916097818476
0.6738604794731968,0.9737854395212994,0.04054452571102552
0.6738604794731968,0.9739279099586836,0.04054448530361362
0.6742463216380286,0.9739279099586836,0.04046840741370292
0.6742977672600061,0.9739279099586836,0.04046381324088913
0.6745035497479165,0.9739279099586836,0.04043382447333982
0.6745035497479165,0.9740703803960679,0.040428993303417385
0.674554995369894,0.9740703803960679,0.04042509985631491
0.6746578866138492,0.9743553212708363,0.04042505392162875
0.674683609424838,0.9743553212708363,0.04042110580205724
0.6747865006687931,0.9743553212708363,0.040418837329776795
0.6748636691017594,0.9743553212708363,0.04041633078956011
0.675146620022636,0.9743553212708363,0.04037543830729589
0.6752237884556024,0.9743553212708363,0.040370202268576565
0.6752495112665912,0.9743553212708363,0.040366505447093234
0.6753009568885688,0.9743553212708363,0.04034875730737951
0.6755067393764791,0.9743553212708363,0.04030440641943672
0.6755067393764791,0.9744977917082206,0.04030361779024951
0.6759697499742772,0.9744977917082206,0.04024336855578349
0.6759697499742772,0.9746402621456048,0.04023554029202326
0.6768186027369071,0.9746402621456048,0.040116079801920126
0.6768700483588846,0.9746402621456048,0.04011458402590334
0.6770501080358061,0.9746402621456048,0.04008225499092484
0.6771272764687725,0.9746402621456048,0.040080606241943616
0.6771529992797612,0.9746402621456048,0.040078420737149144
0.6772044449017388,0.9746402621456048,0.04007641608405242
0.6774873958226155,0.9746402621456048,0.04002536602697914
0.6775902870665707,0.9746402621456048,0.04001372845912067
0.6777189011215146,0.9746402621456048,0.03999470081366602
0.6777189011215146,0.974782732582989,0.03998519809574637
0.6777960695544809,0.974782732582989,0.03996437660774723
0.6777960695544809,0.9749252030203732,0.03996417971620283
0.6780532976643687,0.9749252030203732,0.0399295889383868
0.6781047432863463,0.9750676734577575,0.03992783564778906
0.6781561889083239,0.9750676734577575,0.039926189944114565
0.6783105257742567,0.9750676734577575,0.03990435177238364
0.6783619713962342,0.9750676734577575,0.039903342670589786
0.6785163082621669,0.9750676734577575,0.039845189647608616
0.6785934766951333,0.9750676734577575,0.03983981797883023
0.6786963679390884,0.9750676734577575,0.039809289027022764
0.678747813561066,0.9750676734577575,0.039808156255245856
0.6787992591830435,0.9750676734577575,0.03980658686130349
0.6788764276160099,0.9750676734577575,0.0398020523027601
0.6789278732379874,0.9750676734577575,0.039799645208774444
0.6789278732379874,0.9752101438951417,0.039798895684681444
0.6790307644819426,0.9752101438951417,0.03979709172968732
0.6790564872929313,0.9752101438951417,0.03979157516380473
0.6791079329149089,0.9752101438951417,0.03978753856489117
0.6793137154028193,0.9752101438951417,0.03976109645276121
0.6793908838357856,0.9752101438951417,0.03975378195388169
0.6796738347566622,0.9752101438951417,0.03971458704645011
0.6797252803786398,0.9752101438951417,0.03969784130119579
0.6797510031896286,0.9752101438951417,0.03968926869474638
0.6797510031896286,0.975352614332526,0.039683322684227806
0.6797767260006173,0.975352614332526,0.039681087451875444
0.6798538944335837,0.975352614332526,0.039679739652613975
0.6800596769214939,0.975352614332526,0.039638574358042265
0.6801368453544603,0.975352614332526,0.039623573577982116
0.6802911822203931,0.975352614332526,0.039603872687949376
0.6802911822203931,0.9754950847699102,0.03957839543455118
0.680419796275337,0.9754950847699102,0.039560903089796935
0.6804712418973146,0.9754950847699102,0.03955504261459658
0.6810885893610453,0.9754950847699102,0.039419879992865774
0.6811657577940118,0.9754950847699102,0.03941453129586501
0.6812943718489557,0.9754950847699102,0.0394036263701901
0.681371540281922,0.9754950847699102,0.039391338037297136
0.6816802140137874,0.9754950847699102,0.03933656596168438
0.681731659635765,0.9754950847699102,0.03933354159526082
0.6817573824467538,0.9754950847699102,0.039319360529372745
0.6818345508797201,0.9754950847699102,0.039318003077017036
0.6820660561786192,0.9754950847699102,0.03927677546667096
0.6821175018005967,0.9754950847699102,0.03927580878862959
0.6821432246115856,0.9754950847699102,0.03927405399496598
0.6821689474225744,0.9756375552072944,0.0392605257747163
0.682220393044552,0.9756375552072944,0.039253970583953954
0.682220393044552,0.9757800256446787,0.03924361791254323
0.6822461158555407,0.9757800256446787,0.03923661494386673
0.6822975614775183,0.9757800256446787,0.03923121540866679
0.6826319580203725,0.9757800256446787,0.03917699434208375
0.68268340364235,0.9757800256446787,0.03916783643343909
0.6828120176972939,0.9757800256446787,0.03915842003478168
0.6828634633192715,0.9757800256446787,0.039158159654143494
0.6829149089412491,0.9757800256446787,0.03915783306423125
0.6829663545632266,0.9757800256446787,0.03915398661817554
0.6829920773742154,0.9757800256446787,0.039153212226874255
0.683043522996193,0.9757800256446787,0.03914915006920403
0.683172137051137,0.9757800256446787,0.039140975713056095
0.683172137051137,0.9759224960820629,0.03913466884408142
0.6832235826731146,0.9759224960820629,0.039131672417645424
0.683403642350036,0.9759224960820629,0.03910682889043763
0.6834550879720136,0.9759224960820629,0.03909877495035705
0.6835837020269575,0.9759224960820629,0.03906211233711597
0.6836865932709126,0.9759224960820629,0.039050386211193576
0.683995267002778,0.9759224960820629,0.038995555784821646
0.6840467126247556,0.9759224960820629,0.03899513154814333
0.6840724354357444,0.9759224960820629,0.038988237143474824
0.6840724354357444,0.9760649665194472,0.03898776684587431
0.6845611688445313,0.9760649665194472,0.038908150357602374
0.6845611688445313,0.9762074369568314,0.03889743278095149
0.6846126144665089,0.9762074369568314,0.03889046703462065
0.6849984566313406,0.9762074369568314,0.03881525544430705
0.6850499022533182,0.9762074369568314,0.03881265011122963
0.6851270706862846,0.9762074369568314,0.0388029240438301
0.6851270706862846,0.9763499073942157,0.03879819287525092
0.6855386356621052,0.9763499073942157,0.03869975972437103
0.6855900812840827,0.9763499073942157,0.03869832986508523
0.6855900812840827,0.9764923778315999,0.03869178070792737
0.6857444181500154,0.9764923778315999,0.038671586900753153
0.685795863771993,0.9764923778315999,0.03867141815526264
0.685795863771993,0.9766348482689842,0.038671334965012134
0.6858987550159481,0.9766348482689842,0.03866253160321114
0.6860016462599032,0.9766348482689842,0.03865951043362627
0.6862074287478136,0.9766348482689842,0.038632497682775636
0.6862588743697912,0.9766348482689842,0.038621499767607786
0.6862588743697912,0.9767773187063684,0.03861509845861462
0.6864389340467126,0.9767773187063684,0.0385919727724431
0.6864389340467126,0.9769197891437527,0.038557671133240524
0.6866704393456117,0.9769197891437527,0.03849698299510319
0.6867218849675892,0.9769197891437527,0.03849575032818712
0.6868762218335219,0.9769197891437527,0.03846461091996278
0.6869276674554995,0.9769197891437527,0.03846138201599527
0.6870305586994547,0.9769197891437527,0.03843901323024063
0.6870305586994547,0.9770622595811369,0.03843791012754038
0.6870562815104435,0.9770622595811369,0.03843752551022143
0.6871591727543986,0.9770622595811369,0.038433645251181085
0.6872877868093425,0.9770622595811369,0.03840373060373468
0.6873392324313201,0.9770622595811369,0.03840057960247844
0.6876479061631855,0.9770622595811369,0.03833742855005626
0.6876993517851631,0.9770622595811369,0.038325943296556815
0.6877765202181294,0.9770622595811369,0.03832278282998591
0.6878794114620845,0.9770622595811369,0.03831701018167921
0.6879051342730733,0.9770622595811369,0.03829733998748754
0.6880594711390061,0.9770622595811369,0.038288857741806806
0.6881109167609837,0.9770622595811369,0.03826714681532756
0.6881623623829612,0.9770622595811369,0.03826462049325051
0.6882395308159276,0.9770622595811369,0.03825799121440292
0.6883681448708715,0.9770622595811369,0.038225575649197006
0.6884195904928491,0.9770622595811369,0.03822540072927313
0.6884453133038378,0.9770622595811369,0.03822214086348772
0.6884967589258154,0.9770622595811369,0.038206083080846685
0.6889854923346024,0.9770622595811369,0.03811364844120176
0.6890369379565799,0.9770622595811369,0.038110999268160035
0.6891655520115239,0.9770622595811369,0.03808705319187722
0.6892941660664678,0.9770622595811369,0.038086910998970894
0.6894485029324005,0.9770622595811369,0.038011649033240766
0.689499948554378,0.9770622595811369,0.03800460091644553
0.6895513941763556,0.9770622595811369,0.03799696707938757
0.6896028397983331,0.9770622595811369,0.037994656265135936
0.6896285626093219,0.9770622595811369,0.03799334006113221
0.6897828994752546,0.9770622595811369,0.03798112910151669
0.689988681963165,0.9770622595811369,0.03795650109291082
0.689988681963165,0.9772047300185212,0.03795285473970923
0.6900915732071201,0.9772047300185212,0.037940479605202374
0.6901430188290977,0.9772047300185212,0.03793818503244596
0.6907089206708509,0.9772047300185212,0.0378248267147094
0.6907860891038172,0.9772047300185212,0.03782147819089471
0.6908375347257948,0.9772047300185212,0.037818647152940574
0.6909147031587611,0.9773472004559054,0.03781815124342782
0.6910433172137052,0.9773472004559054,0.03779673772449012
0.6910947628356827,0.9773472004559054,0.03779308098892337
0.6911204856466715,0.9773472004559054,0.03779198521740125
0.6911204856466715,0.9774896708932896,0.03778206963486842
0.691532050622492,0.9774896708932896,0.03773070660591981
0.691532050622492,0.9776321413306739,0.037727083181937834
0.6923037349521556,0.9776321413306739,0.037642175608798914
0.6923551805741331,0.9776321413306739,0.03764212908254359
0.6923809033851219,0.9776321413306739,0.03763724362790042
0.6924323490070995,0.9776321413306739,0.03763355010534924
0.6924580718180883,0.9776321413306739,0.03763302587787457
0.6925095174400658,0.9776321413306739,0.03763248390164924
0.6927410227389649,0.9776321413306739,0.037599246294102606
0.6927924683609424,0.9776321413306739,0.03759816563469582
0.6930754192818191,0.9776321413306739,0.03754685244360895
0.6931268649037967,0.9776321413306739,0.037545133582891764
0.6931783105257743,0.9776321413306739,0.03753999172439774
0.6932040333367631,0.9777746117680581,0.03753966607414568
0.6934098158246733,0.9777746117680581,0.037505091503887526
0.6934869842576397,0.9777746117680581,0.03749820327880157
0.6937442123675275,0.9777746117680581,0.037464724755620446
0.693795657989505,0.9777746117680581,0.037463353300545475
0.6938213808004938,0.9777746117680581,0.03746281828168367
0.6938985492334603,0.9777746117680581,0.037462334316626496
0.6941300545323593,0.9777746117680581,0.037430901599246856
0.6942072229653257,0.9777746117680581,0.03742987081325022
0.6945416195081798,0.9777746117680581,0.03737197376865369
0.6946187879411462,0.9777746117680581,0.0373706357067186
0.6949274616730117,0.9777746117680581,0.037340062407279634
0.6949789072949892,0.9777746117680581,0.03733679641756648
0.6950303529169668,0.9777746117680581,0.03732840110938241
0.6951332441609219,0.9777746117680581,0.03731948552976947
0.695364749459821,0.9777746117680581,0.037291290481105195
0.6954161950817985,0.9777746117680581,0.03729024784975763
0.6954419178927873,0.9777746117680581,0.03728955030818016
0.6956734231916863,0.9777746117680581,0.0372892207870842
0.696084988167507,0.9777746117680581,0.03724096162406812
0.6961621566004733,0.9777746117680581,0.03723818194946233
0.6962907706554172,0.9779170822054424,0.03723716885315099
0.6963422162773948,0.9779170822054424,0.03722328795694789
0.6963679390883836,0.9780595526428266,0.0372226603136885
0.6964708303323387,0.9780595526428266,0.03720648496743215
0.6965737215762938,0.9780595526428266,0.03720489292805048
0.696805226875193,0.9780595526428266,0.037177538993217366
0.6969595637411257,0.9780595526428266,0.03716235776959122
0.6970110093631032,0.9780595526428266,0.03714135490903727
0.6970624549850808,0.9780595526428266,0.03713299884153819
0.6972167918510135,0.9780595526428266,0.03710959674082581
0.697268237472991,0.9780595526428266,0.03710825816832981
0.6973711287169462,0.9780595526428266,0.03708382496982436
0.6974225743389237,0.9780595526428266,0.03708275892465262
0.6974997427718901,0.9780595526428266,0.037067965756703826
0.6977826936927668,0.9780595526428266,0.037065055746891964
0.6978855849367219,0.9780595526428266,0.037054798496756476
0.6979627533696883,0.9780595526428266,0.037052607422516134
0.6981685358575985,0.9780595526428266,0.03699998038118817
0.6982714271015537,0.9780595526428266,0.036997771609477
0.6984000411564976,0.9780595526428266,0.03697729030758221
0.6984514867784751,0.9780595526428266,0.03697592362298676
0.6984772095894639,0.9780595526428266,0.0369703727484432
0.6984772095894639,0.9782020230802109,0.03696077020502908
0.6986829920773742,0.9782020230802109,0.036923578139520116
0.6987344376993518,0.9782020230802109,0.03692046875689349
0.6988116061323182,0.9782020230802109,0.036903463124921626
0.6988630517542957,0.9783444935175951,0.03690294970621933
0.6992488939191275,0.9783444935175951,0.03682999741149208
0.6993517851630826,0.9783444935175951,0.036828700976670146
0.6996090132729704,0.9783444935175951,0.03677042088683077
0.699660458894948,0.9783444935175951,0.03676901229161308
0.7002006379257125,0.9783444935175951,0.036692073393021996
0.7002520835476901,0.9783444935175951,0.03669022385655476
0.7002778063586789,0.9783444935175951,0.03668936506378101
0.7003292519806564,0.9783444935175951,0.036685669915381934
0.7007922625784546,0.9783444935175951,0.03662094161579442
0.7007922625784546,0.9786294343923636,0.036615916592739
0.7008437082004322,0.9786294343923636,0.036614802721398707
0.7012809959872415,0.9786294343923636,0.03655252043551264
0.701332441609219,0.9786294343923636,0.03653813072847283
0.7016668381520733,0.9786294343923636,0.036490167201372284
0.7017697293960284,0.9786294343923636,0.036488628613468146
0.7022070171828377,0.9786294343923636,0.036424492475914484
0.7022584628048153,0.9786294343923636,0.03641951253048676
0.7023870768597592,0.9786294343923636,0.03639400461518515
0.7024642452927256,0.9786294343923636,0.03639245519382891
0.7024899681037143,0.9786294343923636,0.03638747669419948
0.7025414137256919,0.9786294343923636,0.036386332192572736
0.7025928593476695,0.9786294343923636,0.036380154705992006
0.7026443049696471,0.9787719048297479,0.03637767280654079
0.7026957505916247,0.9787719048297479,0.03636261202292666
0.7027471962136023,0.9787719048297479,0.036358691821971045
0.7028243646465686,0.9787719048297479,0.036351381917333864
0.7028758102685462,0.9787719048297479,0.036348468186311655
0.7030815927564564,0.9787719048297479,0.03631787988936997
0.703133038378434,0.9787719048297479,0.0363154629910659
0.7032359296223891,0.9787719048297479,0.036303517962445825
0.7032873752443667,0.9787719048297479,0.03629532865326702
0.7038789998971088,0.9787719048297479,0.036207570157763574
0.7039304455190863,0.9789143752671321,0.03620658823230398
0.7040076139520527,0.9789143752671321,0.0362050744441615
0.7040333367630415,0.9789143752671321,0.03620400859659727
0.704084782385019,0.9789143752671321,0.03620137392331162
0.7041105051960078,0.9789143752671321,0.03620059797674344
0.7042391192509517,0.9789143752671321,0.03619712696852187
0.7043677333058956,0.9789143752671321,0.03617321633931468
0.7044963473608395,0.9790568457045163,0.03615878174138761
0.7047278526597387,0.9790568457045163,0.03612522179101975
0.7047792982817163,0.9790568457045163,0.03612404638093241
0.704805021092705,0.9790568457045163,0.036119678148638715
0.7048564667146826,0.9790568457045163,0.03611535221870462
0.7048821895256714,0.9790568457045163,0.03610908429999616
0.7048821895256714,0.9791993161419006,0.03610623053075319
0.7049079123366602,0.9791993161419006,0.036101580115485594
0.7049593579586377,0.9791993161419006,0.03609457390953592
0.7050365263916041,0.9791993161419006,0.036090470101796335
0.7050879720135816,0.9791993161419006,0.03608713943012645
0.7057053194773125,0.9791993161419006,0.03599080515096403
0.7057567650992901,0.9791993161419006,0.03598058074413203
0.7059882703981891,0.9791993161419006,0.03595300995467253
0.7060911616421442,0.9791993161419006,0.03594725131886878
0.7061426072641218,0.9791993161419006,0.035934047470981924
0.7062712213190657,0.9791993161419006,0.03593308076191034
0.7062969441300545,0.9791993161419006,0.03592024645111309
0.7063483897520321,0.9791993161419006,0.03591762947250117
0.7065284494289535,0.9791993161419006,0.03587822952933558
0.7065541722399424,0.9793417865792848,0.03587296721058811
0.7066313406729088,0.9793417865792848,0.03586989573860421
0.7066570634838976,0.9794842570166691,0.035852697627816565
0.7067085091058751,0.9794842570166691,0.0358489498258247
0.7067085091058751,0.9796267274540533,0.035842009151991205
0.7067599547278527,0.9796267274540533,0.03583637807700592
0.7068114003498303,0.9796267274540533,0.0358360750339202
0.7072486881366395,0.9796267274540533,0.03576785139430526
0.7073001337586171,0.9796267274540533,0.03576643423197464
0.7074544706245498,0.9796267274540533,0.0357430915566788
0.7075059162465274,0.9796267274540533,0.035736935534678105
0.7075316390575163,0.9796267274540533,0.03573188466677712
0.7075830846794938,0.9796267274540533,0.03572319527914731
0.7077374215454265,0.9796267274540533,0.035680562463516835
0.7077888671674041,0.9796267274540533,0.035672084330933884
0.708148986521247,0.9796267274540533,0.03561075840788467
0.7082004321432246,0.9796267274540533,0.03560564289578146
0.7083804918201461,0.9796267274540533,0.03558132617069507
0.7084319374421236,0.9796267274540533,0.03557891937059748
0.7089978392838769,0.9796267274540533,0.03550619761939239
0.7090750077168433,0.9796267274540533,0.0355037376594931
0.7092550673937648,0.9796267274540533,0.035485025582996176
0.7093065130157423,0.9796267274540533,0.03548247013669385
0.7093836814487087,0.9796267274540533,0.035473434313164826
0.7093836814487087,0.9797691978914376,0.03547152492540396
0.7097695236135405,0.9797691978914376,0.035381224326808784
0.7098209692355181,0.9797691978914376,0.03537502786327381
0.7098466920465069,0.9797691978914376,0.03537420667741561
0.7098981376684844,0.9797691978914376,0.035372433980431627
0.7100267517234283,0.9797691978914376,0.0353390022607703
0.7100781973454059,0.9799116683288218,0.03533667600508749
0.7103868710772713,0.9799116683288218,0.03530038552181616
0.7104640395102377,0.9799116683288218,0.03529329319715903
0.7104897623212265,0.9799116683288218,0.035291111181665245
0.7105412079432041,0.9799116683288218,0.03528989287695289
0.7110042185410022,0.9799116683288218,0.03523167547992872
0.7110556641629797,0.9799116683288218,0.03522589665148321
0.7110556641629797,0.9800541387662061,0.03522565708346408
0.7112357238399012,0.9800541387662061,0.035203603901657665
0.7112871694618788,0.9800541387662061,0.03520172106832725
0.7113643378948451,0.9800541387662061,0.03516639125656639
0.7114415063278116,0.9800541387662061,0.035161949751108645
0.7115958431937442,0.9800541387662061,0.03515021324381017
0.7116472888157218,0.9800541387662061,0.03514881420412267
0.7118787941146208,0.9800541387662061,0.03509967907007839
0.7119045169256096,0.9801966092035903,0.03509964210619112
0.711981685358576,0.9801966092035903,0.035093834197591336
0.7120331309805535,0.9801966092035903,0.035093226548496205
0.7121360222245087,0.9801966092035903,0.03506946883141716
0.712213190657475,0.9801966092035903,0.03506178517637266
0.7123160819014301,0.9801966092035903,0.035041566986467106
0.7123160819014301,0.9803390796409744,0.035040310232573535
0.7123418047124189,0.9803390796409744,0.0350302274144093
0.7124189731453854,0.9803390796409744,0.035022567250605124
0.7125218643893405,0.9803390796409744,0.03499734534253624
0.7125218643893405,0.9804815500783587,0.034987233219221384
0.7125733100113181,0.9804815500783587,0.03497986240072268
0.7125733100113181,0.9806240205157429,0.03497443292010517
0.7125990328223069,0.9806240205157429,0.034971452103544576
0.7126504784442844,0.9806240205157429,0.03496798119536995
0.7128819837431835,0.9806240205157429,0.0349348388613967
0.712933429365161,0.9806240205157429,0.03492971078298395
0.7133449943409815,0.9806240205157429,0.03486910965095865
0.7134993312069143,0.9806240205157429,0.03486466717462705
0.7135764996398807,0.9806240205157429,0.0348560528479924
0.7136279452618582,0.9806240205157429,0.03485290937873179
0.7137308365058134,0.9806240205157429,0.03484533835752121
0.7137565593168022,0.9807664909531272,0.03484351517480272
0.71401378742669,0.9807664909531272,0.0348086877067099
0.7140909558596563,0.9807664909531272,0.034805427844704785
0.7145282436464657,0.9807664909531272,0.03475064214236459
0.7145796892684433,0.9807664909531272,0.034734393992545416
0.7146825805123984,0.9807664909531272,0.03472288616830259
0.714734026134376,0.9807664909531272,0.03472099205267466
0.7148626401893199,0.9807664909531272,0.034693156619247274
0.7149140858112975,0.9807664909531272,0.03468987218995435
0.7150684226772301,0.9807664909531272,0.03467031385880587
0.7151198682992077,0.9807664909531272,0.03466458966862581
0.715325650787118,0.9807664909531272,0.03464262883418839
0.7153770964090956,0.9807664909531272,0.03463975876078586
0.7157629385739274,0.9807664909531272,0.0345677220344443
0.7158143841959049,0.9807664909531272,0.03456542908604471
0.7159172754398601,0.9807664909531272,0.03455553175650497
0.7159687210618376,0.9807664909531272,0.03455257043479104
0.7160201666838152,0.9807664909531272,0.034546949185879465
0.7160716123057927,0.9807664909531272,0.03453968262345225
0.7163031176046918,0.9807664909531272,0.034489420150398686
0.7163545632266695,0.9807664909531272,0.03448850159390169
0.7165089000926022,0.9807664909531272,0.034468504914429925
0.7165603457145797,0.9807664909531272,0.03446206047248647
0.7167146825805124,0.9807664909531272,0.034440891973699254
0.71676612820249,0.9807664909531272,0.03443613708901431
0.7171519703673217,0.9807664909531272,0.03439486134876467
0.7171776931783105,0.9809089613905114,0.034387424984937985
0.717229138800288,0.9809089613905114,0.03438387507798582
0.7172805844222656,0.9809089613905114,0.034382118730740076
0.7180008231299516,0.9809089613905114,0.03426807902873503
0.7180522687519292,0.9809089613905114,0.03426516833535712
0.7181037143739067,0.9809089613905114,0.034259053814212306
0.7181551599958843,0.9809089613905114,0.03425549329202608
0.7182837740508283,0.9809089613905114,0.03423669074705227
0.7182837740508283,0.9810514318278957,0.034236664260780765
0.7183352196728059,0.9810514318278957,0.034234442530568454
0.7185152793497274,0.9810514318278957,0.03420909442507411
0.7185152793497274,0.9813363727026642,0.03419996950804262
0.7185924477826937,0.9813363727026642,0.03418442502435839
0.7186438934046713,0.9813363727026642,0.03418309761902467
0.7190040127585142,0.9813363727026642,0.03413859168614638
0.719029735569503,0.9814788431400484,0.034135695371211264
0.7190811811914806,0.9814788431400484,0.0341348406431556
0.7193641321123573,0.9814788431400484,0.03410659087611076
0.7195699146002675,0.9814788431400484,0.034105374505606606
0.7196470830332339,0.9814788431400484,0.034099202349049916
0.7196728058442227,0.9816213135774327,0.03408819243069866
0.7200072023870768,0.9816213135774327,0.03406579596750031
0.7201615392530095,0.9816213135774327,0.03405846964571029
0.7201872620639983,0.9816213135774327,0.03405612391233019
0.720238707685976,0.9816213135774327,0.0340514901339712
0.7204959357958638,0.9816213135774327,0.03402047461555051
0.7205473814178414,0.9816213135774327,0.0340180007319427
0.7211390060705833,0.9816213135774327,0.033937341417783894
0.7211904516925609,0.9816213135774327,0.03393558617400439
0.7212933429365161,0.9816213135774327,0.03391910763084739
0.7212933429365161,0.9817637840148169,0.033916903901371885
0.7217049079123367,0.9817637840148169,0.03385027518920358
0.7217563535343142,0.9817637840148169,0.03384775377634951
0.7222450869431012,0.9817637840148169,0.033787819787669794
0.7222965325650788,0.9817637840148169,0.033779022918021
0.7225280378639778,0.9817637840148169,0.03375453452784509
0.7226309291079329,0.9817637840148169,0.03375154986972679
0.7226566519189217,0.9817637840148169,0.03374738073207495
0.7227080975408993,0.9817637840148169,0.033745500242616716
0.722733820351888,0.9817637840148169,0.033745467914352664
0.722733820351888,0.9819062544522011,0.033745158431390934
0.7229910484617759,0.9819062544522011,0.03369022979374431
0.7230424940837534,0.9819062544522011,0.033689919552189564
0.7231711081386974,0.9819062544522011,0.03367554548875047
0.7232482765716638,0.9819062544522011,0.03367404308474836
0.7233511678156189,0.9819062544522011,0.0336620188671989
0.7234026134375965,0.9819062544522011,0.03366194573759489
0.7237112871694619,0.9819062544522011,0.03360320904081947
0.7237627327914394,0.9819062544522011,0.03359493387689231
0.7238399012244058,0.9819062544522011,0.03358852136426876
0.7239170696573721,0.9819062544522011,0.03358770529929747
0.7239427924683609,0.9819062544522011,0.033584842261309214
0.7239427924683609,0.9820487248895854,0.03358244698396466
0.7243543574441815,0.9820487248895854,0.03350731058585064
0.7244572486881367,0.9820487248895854,0.033498361241455915
0.7248430908529684,0.9820487248895854,0.03344099837195311
0.7249202592859347,0.9820487248895854,0.033438157427975755
0.7251003189628563,0.9820487248895854,0.033411138184746905
0.7251003189628563,0.9821911953269696,0.03340781092058258
0.7256662208046095,0.9821911953269696,0.033326433786802015
0.7257176664265871,0.9821911953269696,0.03332555953593378
0.7257433892375759,0.9821911953269696,0.033322910676583516
0.7257948348595534,0.9821911953269696,0.03331926099015341
0.7258977261035086,0.9821911953269696,0.033312775283716865
0.7261035085914189,0.9821911953269696,0.03331198794434714
0.7261806770243853,0.9821911953269696,0.03330946947442599
0.7262321226463628,0.9821911953269696,0.03330935122065706
0.7265407963782282,0.9821911953269696,0.0332598913891131
0.7266179648111946,0.9821911953269696,0.03325798462321319
0.7266436876221833,0.9821911953269696,0.03325610187915875
0.7267208560551497,0.9821911953269696,0.033231569537787595
0.726798024488116,0.9821911953269696,0.0331968664567758
0.726798024488116,0.9823336657643539,0.03319577874914746
0.7268237472991048,0.9823336657643539,0.033185061078924785
0.7269009157320712,0.9823336657643539,0.033183651065372466
0.7269523613540487,0.9823336657643539,0.03317842429564122
0.727055252598004,0.9823336657643539,0.03316596577316885
0.727055252598004,0.9824761362017381,0.033165167548346135
0.7271581438419591,0.9824761362017381,0.03315539646397375
0.7272610350859142,0.9824761362017381,0.0331502330976484
0.7273896491408581,0.9824761362017381,0.03312593617839014
0.7274153719518469,0.9826186066391224,0.033125023278910024
0.727518263195802,0.9826186066391224,0.03311516560754647
0.7275697088177796,0.9826186066391224,0.033109847977105554
0.7276211544397572,0.9826186066391224,0.03310079029674694
0.7276726000617347,0.9826186066391224,0.03309767084828925
0.7276726000617347,0.9827610770765066,0.0330967116325532
0.7277497684947011,0.9827610770765066,0.033090773630969454
0.7278012141166786,0.9827610770765066,0.033087688109918884
0.7279298281716226,0.9827610770765066,0.0330539099506423
0.7280069966045889,0.9827610770765066,0.033045671910436274
0.7281098878485441,0.9827610770765066,0.033022569980027075
0.7281613334705217,0.9827610770765066,0.03302209290199071
0.7283928387694207,0.9827610770765066,0.03297743451210237
0.7284442843913983,0.9827610770765066,0.03297663786099043
0.728598621257331,0.9827610770765066,0.03295963159015357
0.7286500668793086,0.9827610770765066,0.03295799431704945
0.7288558493672188,0.9827610770765066,0.032938538292534035
0.7289072949891964,0.9827610770765066,0.032936681452689756
0.7290359090441404,0.9827610770765066,0.032910430336071037
0.729087354666118,0.9829035475138909,0.03290455274144463
0.7293960283979833,0.9829035475138909,0.03284919835694943
0.7294474740199609,0.9829035475138909,0.03283956653684982
0.7296532565078712,0.9829035475138909,0.032816881433516965
0.7297304249408375,0.9829035475138909,0.03281233991293335
0.7297818705628151,0.9829035475138909,0.03280884086266132
0.7301162671056693,0.9829035475138909,0.032749601193570406
0.7301677127276469,0.9829035475138909,0.032738487899584647
0.7306564461364338,0.9829035475138909,0.032646744766018025
0.7307078917584113,0.9829035475138909,0.03264519497116757
0.7307336145694001,0.9829035475138909,0.032635949575823796
0.7307850601913777,0.9829035475138909,0.032633265549813044
0.7308879514353328,0.9829035475138909,0.03261794475407794
0.7309393970573104,0.9829035475138909,0.03261375765407453
0.7310422883012656,0.9829035475138909,0.03259984542734178
0.7310937339232432,0.9829035475138909,0.032599603200097214
0.7311709023562095,0.9829035475138909,0.03259182950951006
0.7311966251671983,0.9831884883886594,0.03259121432251538
0.7316081901430188,0.9831884883886594,0.032527742947132024
0.7316596357649964,0.9831884883886594,0.03252545696200136
0.7317110813869739,0.9831884883886594,0.03250200744287127
0.7317625270089515,0.9831884883886594,0.032499723520722106
0.7318396954419178,0.9831884883886594,0.03249424442057677
0.7319425866858731,0.9831884883886594,0.03249272267484186
0.7321740919847721,0.9831884883886594,0.0324600214890931
0.7322512604177385,0.9831884883886594,0.03245751030842682
0.732302706039716,0.9831884883886594,0.03244995412167052
0.7323541516616936,0.9831884883886594,0.032447315677268225
0.7327399938265253,0.9831884883886594,0.0323922811467306
0.7328171622594917,0.9831884883886594,0.03239101333582528
0.7329200535034469,0.9831884883886594,0.03237132272673936
0.7329714991254245,0.9831884883886594,0.03236512068387737
0.733022944747402,0.9831884883886594,0.032352532512641315
0.7331001131803684,0.9831884883886594,0.032347886979559544
0.7332287272353123,0.9831884883886594,0.0323343906524627
0.7333058956682786,0.9831884883886594,0.03232742423133633
0.7333573412902562,0.9831884883886594,0.032325527680954716
0.7334859553452001,0.9831884883886594,0.03230747695917895
0.7334859553452001,0.9833309588260436,0.03230498275570883
0.7337174606440992,0.9833309588260436,0.032276705431793215
0.7337689062660767,0.9833309588260436,0.03226316472299323
0.7340518571869534,0.9833309588260436,0.032230434921554973
0.7341290256199198,0.9833309588260436,0.032225694167584126
0.7342319168638749,0.9833309588260436,0.03222001957821515
0.7342833624858525,0.9833309588260436,0.03221641743044248
0.7347463730836505,0.9833309588260436,0.03215214289981018
0.7347978187056281,0.9834734292634278,0.03214820895643086
0.7349778783825497,0.9834734292634278,0.03212000600078726
0.7350293240045273,0.9836158997008121,0.03211931830805589
0.7351579380594712,0.9836158997008121,0.032102126340085
0.7352351064924375,0.9836158997008121,0.03209908273443762
0.7354408889803478,0.9836158997008121,0.032068584236946945
0.7354923346023253,0.9836158997008121,0.032068449232329106
0.7357495627122131,0.9836158997008121,0.032012089224233965
0.7358010083341907,0.9836158997008121,0.03201131012105047
0.7358781767671572,0.9836158997008121,0.0320059241257063
0.7359553452001235,0.9836158997008121,0.03200206601622573
0.7359810680111123,0.9836158997008121,0.031998240149512684
0.7360325136330899,0.9836158997008121,0.03199796035395204
0.7361096820660562,0.9836158997008121,0.03198350587687904
0.7361868504990225,0.9836158997008121,0.03197715898875734
0.7362897417429777,0.9836158997008121,0.03196532315244283
0.7363411873649552,0.9836158997008121,0.03196282090665099
0.7365212470418767,0.9836158997008121,0.03192716120815245
0.7366241382858318,0.9836158997008121,0.03191880201312309
0.7367013067187982,0.9836158997008121,0.03191520250588938
0.7367013067187982,0.9837583701381963,0.03191415863926575
0.73708714888363,0.9837583701381963,0.03187009384123604
0.7371385945056076,0.9837583701381963,0.03186889117981937
0.737807387591316,0.9837583701381963,0.03178085702774319
0.7379360016462599,0.9837583701381963,0.03177830769857444
0.7379874472682375,0.9837583701381963,0.03176961898821832
0.7380131700792263,0.9837583701381963,0.031765758910070024
0.7380903385121926,0.9839008405755806,0.031761512571533014
0.7382446753781253,0.9839008405755806,0.03174845419642161
0.7383218438110917,0.9839008405755806,0.03174498606064964
0.7384761806770244,0.9839008405755806,0.031725177752965274
0.7385276262990019,0.9839008405755806,0.03172350918480802
0.738759131597901,0.9839008405755806,0.031689757044416005
0.7388105772198786,0.9839008405755806,0.031679160662217286
0.7388363000308674,0.9839008405755806,0.03167039323925184
0.738887745652845,0.9839008405755806,0.03166946050706896
0.7389906368968001,0.9839008405755806,0.03166263265714624
0.7390935281407552,0.9839008405755806,0.031658196057294676
0.7392735878176767,0.9839008405755806,0.0316280753207941
0.7393250334396543,0.9839008405755806,0.03162517897273683
0.7393507562506431,0.9839008405755806,0.031624149587028506
0.7394022018726206,0.9839008405755806,0.03161304132400805
0.7394022018726206,0.9840433110129648,0.03161230377383658
0.739479370305587,0.9840433110129648,0.03160150416363081
0.7395308159275645,0.9840433110129648,0.031600870745598315
0.7395565387385533,0.9840433110129648,0.031599059403318516
0.7396337071715197,0.9840433110129648,0.03159698947110507
0.7399681037143739,0.9840433110129648,0.031541859070394154
0.7400195493363515,0.9840433110129648,0.03153869323480246
0.7404053915011832,0.9840433110129648,0.031486968781098516
0.7404053915011832,0.9841857814503491,0.03147363480738756
0.7406883424220598,0.9841857814503491,0.03140592711016722
0.7407397880440375,0.9841857814503491,0.0314046695936979
0.7407912336660151,0.9841857814503491,0.031402531101199616
0.7408426792879926,0.9841857814503491,0.03139061314217286
0.7409970161539253,0.9841857814503491,0.031367006114326385
0.7409970161539253,0.9843282518877333,0.031359203934930184
0.7411770758308468,0.9843282518877333,0.03134382018286994
0.7412285214528244,0.9843282518877333,0.031343756429408565
0.741382858318757,0.9843282518877333,0.03132734205215918
0.7414343039407346,0.9843282518877333,0.031326555528376085
0.7416143636176561,0.9843282518877333,0.03131457781232047
0.7416658092396337,0.9843282518877333,0.03131357821977114
0.7418973145385328,0.9843282518877333,0.031302368589979
0.7419487601605104,0.9843282518877333,0.0313004578061653
0.7419744829714991,0.9843282518877333,0.031298154624302556
0.7420516514044655,0.9844707223251176,0.03129585175958
0.7421802654594094,0.9844707223251176,0.03128505171589181
0.742231711081387,0.9844707223251176,0.031283513341950564
0.7424889391912748,0.9844707223251176,0.03124418013411752
0.7425403848132524,0.9844707223251176,0.031242341832215623
0.7426947216791852,0.9844707223251176,0.031216994944799542
0.7427461673011627,0.9844707223251176,0.031214226745407078
0.742951949789073,0.9844707223251176,0.031198384716166615
0.7430548410330281,0.9844707223251176,0.031194852224100462
0.7430805638440169,0.9844707223251176,0.031191360197982063
0.7430805638440169,0.9846131927625018,0.03118847182406557
0.7432349007099496,0.9846131927625018,0.03116128690160738
0.7433377919539047,0.9846131927625018,0.03115791402090487
0.7433635147648935,0.9846131927625018,0.031152094850772687
0.743414960386871,0.9846131927625018,0.031151885005665913
0.7435178516308262,0.9846131927625018,0.03113824490757248
0.7435692972528037,0.9846131927625018,0.031137175987464596
0.7438779709846692,0.9846131927625018,0.03105901888185578
0.7439551394176356,0.9846131927625018,0.031056388275660075
0.7440065850396131,0.9846131927625018,0.031053355206718657
0.7442380903385122,0.9846131927625018,0.031017835736271877
0.7443409815824673,0.9846131927625018,0.031015086579650113
0.7444695956374112,0.9846131927625018,0.031009594178992204
0.7446239325033439,0.9846131927625018,0.031006143671526414
0.7447011009363104,0.9846131927625018,0.030991123495361303
0.7448039921802655,0.9846131927625018,0.0309825854551851
0.7451383887231197,0.9846131927625018,0.030941771498176403
0.7452412799670748,0.9846131927625018,0.030938918063060875
0.7454213396439963,0.9846131927625018,0.030918702765813554
0.7455242308879514,0.9846131927625018,0.030903142027143456
0.7457814589978393,0.9846131927625018,0.030850137105029443
0.7458586274308057,0.9846131927625018,0.0308465254883515
0.7460644099187159,0.9846131927625018,0.030790214623781394
0.7461158555406935,0.9846131927625018,0.030789763138261553
0.7463988064615701,0.9846131927625018,0.03074255190306064
0.7464502520835476,0.9846131927625018,0.03074254008033584
0.7466045889494805,0.9846131927625018,0.030697230092484363
0.7466817573824468,0.9846131927625018,0.030685858026805655
0.747016153925301,0.9846131927625018,0.030637542925447358
0.7470418767362897,0.984755663199886,0.03063707290149202
0.7471190451692561,0.984755663199886,0.0306329344465273
0.7471704907912337,0.984755663199886,0.030630164814505857
0.7476849470110094,0.984755663199886,0.030552580970675904
0.7478392838769421,0.984755663199886,0.030548824649625942
0.7479421751208972,0.984755663199886,0.03053034698962114
0.7480193435538636,0.984755663199886,0.03052565758905299
0.7480450663648524,0.984755663199886,0.030523845586400856
0.7480965119868299,0.984755663199886,0.030520657936835466
0.7484823541516616,0.984755663199886,0.03047597813690456
0.7485595225846281,0.984755663199886,0.030473349389314446
0.748688136639572,0.984755663199886,0.030467240069688865
0.7487395822615496,0.984755663199886,0.0304672238607302
0.7487910278835271,0.984755663199886,0.030464765972296567
0.7487910278835271,0.9848981336372703,0.030462996576187045
0.7492283156703364,0.9848981336372703,0.030409712989901118
0.7493312069142916,0.9848981336372703,0.03040651159028404
0.7494083753472579,0.9848981336372703,0.03039012871623753
0.7494340981582467,0.9850406040746545,0.03038931464214355
0.7497942175120897,0.9850406040746545,0.030350141447697602
0.7498971087560449,0.9850406040746545,0.03034709327686089
0.7501543368659327,0.9850406040746545,0.03032131494749816
0.7502057824879103,0.9850406040746545,0.03032029966062042
0.750360119353843,0.9850406040746545,0.030308330642666376
0.7504115649758205,0.9850406040746545,0.030306539297081478
0.750488733408787,0.9850406040746545,0.030296260229357875
0.7505401790307645,0.9850406040746545,0.03029487888904334
0.7505659018417533,0.9850406040746545,0.030292273566437045
0.7505659018417533,0.9851830745120388,0.030286147468395738
0.7506945158966972,0.9851830745120388,0.0302772987676021
0.7507716843296636,0.9851830745120388,0.030274288786927155
0.7508231299516411,0.9851830745120388,0.030272597165796826
0.7508488527626299,0.9851830745120388,0.03027201864289839
0.7509002983846075,0.9851830745120388,0.030268516891588975
0.7509260211955963,0.9851830745120388,0.030266534229721167
0.7509260211955963,0.985325544949423,0.030265420605113273
0.750951744006585,0.985325544949423,0.030260733460333575
0.750951744006585,0.9854680153868073,0.03025424825798235
0.7510031896285626,0.9854680153868073,0.030251528426248505
0.7510546352505402,0.9854680153868073,0.030251227671619405
0.7511060808725177,0.9854680153868073,0.030239426522642474
0.7511575264944953,0.9854680153868073,0.03023875127305238
0.7513375861714168,0.9854680153868073,0.03021958788855679
0.7513890317933943,0.9854680153868073,0.03021772706083663
0.7514662002263608,0.9854680153868073,0.030215175679659072
0.7514919230373496,0.9854680153868073,0.030214219227608873
0.7515433686593271,0.9854680153868073,0.030213157117799226
0.7516205370922935,0.9854680153868073,0.03018745856327614
0.7516205370922935,0.9856104858241915,0.03018671798252353
0.7518263195802037,0.9856104858241915,0.030160020100101558
0.7519549336351476,0.9856104858241915,0.03015953464942361
0.7520063792571252,0.9856104858241915,0.030147624752919672
0.7520835476900916,0.9856104858241915,0.030144330392039967
0.7523664986109682,0.9856104858241915,0.030099609160919426
0.752520835476901,0.9856104858241915,0.030097149244546557
0.7526751723428337,0.9856104858241915,0.030046715450724522
0.7527523407758,0.9856104858241915,0.03004535157837461
0.7529324004527215,0.9856104858241915,0.030030714729911853
0.7531381829406317,0.9856104858241915,0.030030203101462167
0.7532153513735981,0.9856104858241915,0.030022474424350444
0.7532153513735981,0.9857529562615758,0.030020413089067666
0.7533696882395308,0.9857529562615758,0.030003811887811073
0.7534211338615084,0.98589542669896,0.03000318902604631
0.7536011935384299,0.98589542669896,0.02994836905077772
0.7536526391604075,0.98589542669896,0.029946941377643477
0.7538069760263402,0.98589542669896,0.02992230428903234
0.7538069760263402,0.9860378971363442,0.029919468936518125
0.7542442638131495,0.9860378971363442,0.029869704723622197
0.754295709435127,0.9860378971363442,0.029867183893592667
0.7545014919230374,0.9860378971363442,0.02984574368967689
0.754552937545015,0.9860378971363442,0.029844359634827372
0.7548358884658916,0.9860378971363442,0.029820778777196126
0.7548873340878691,0.9860378971363442,0.02982034518215292
0.7549130568988579,0.9860378971363442,0.029818401512402625
0.7549130568988579,0.9861803675737284,0.029813773608770036
0.755015948142813,0.9861803675737284,0.029786945463448847
0.7550673937647906,0.9861803675737284,0.029784840815778334
0.7552474534417121,0.9861803675737284,0.029755918635167838
0.7552988990636896,0.9861803675737284,0.029752015147802575
0.7553760674966561,0.9861803675737284,0.029738115576957727
0.7554017903076449,0.9863228380111126,0.029736496112622735
0.7556590184175327,0.9863228380111126,0.029701752602616843
0.755736186850499,0.9863228380111126,0.029700128376122265
0.7561477518263195,0.9863228380111126,0.029639686003411474
0.7561991974482971,0.9863228380111126,0.029637036126756687
0.756327811503241,0.9863228380111126,0.029624870877003717
0.7563792571252187,0.9863228380111126,0.029624501363735758
0.7565078711801626,0.9863228380111126,0.029608389872518612
0.7565593168021402,0.9863228380111126,0.029605381806718713
0.7566364852351065,0.9863228380111126,0.029599758843934888
0.7567136536680729,0.9863228380111126,0.02959780934003941
0.7571252186438934,0.9863228380111126,0.029506533682060188
0.7571766642658709,0.9863228380111126,0.02950180139908041
0.7572538326988373,0.9863228380111126,0.02949301364355739
0.7572538326988373,0.9864653084484969,0.02949298128084869
0.7573310011318037,0.9864653084484969,0.029485688287265593
0.7574081695647701,0.9864653084484969,0.029484945088273467
0.7574338923757589,0.9866077788858811,0.02948302745082353
0.7574853379977364,0.9866077788858811,0.029482447048021228
0.7575882292416916,0.9866077788858811,0.029478415608333117
0.7576396748636691,0.9868927197606496,0.0294772375892858
0.7576653976746579,0.9868927197606496,0.029476677845874225
0.7577168432966355,0.9868927197606496,0.029475442539435636
0.7583084679493776,0.9868927197606496,0.029346695473034642
0.7583084679493776,0.9870351901980339,0.02934493014726375
0.7583856363823439,0.9870351901980339,0.029344857239141257
0.7588229241691532,0.9870351901980339,0.02929664164942786
0.7589258154131083,0.9870351901980339,0.029286581003302236
0.7590544294680522,0.9870351901980339,0.029271061944315935
0.7591058750900298,0.9871776606354181,0.02927039698960278
0.7597746681757382,0.9871776606354181,0.029173390276136062
0.759800390986727,0.9874626015101866,0.029162771615937267
0.7600318962856261,0.9874626015101866,0.029118564256089125
0.7600318962856261,0.9876050719475709,0.029115592678823854
0.7604177384504579,0.9876050719475709,0.029062642939450323
0.7604691840724355,0.9876050719475709,0.029060545497364136
0.7607006893713345,0.9876050719475709,0.029025758231787158
0.7608550262372672,0.9876050719475709,0.02901949623812707
0.7611636999691326,0.9876050719475709,0.02897741389116707
0.7612151455911101,0.9876050719475709,0.02897460434566912
0.7613952052680317,0.9876050719475709,0.028946523668258936
0.7614466508900093,0.9876050719475709,0.028946207472984858
0.7615238193229756,0.9876050719475709,0.028944111560966646
0.7615752649449532,0.9876050719475709,0.028940515436776962
0.7618582158658298,0.9876050719475709,0.02891005108362899
0.7619353842987961,0.9876050719475709,0.028909500659439143
0.7619868299207737,0.9876050719475709,0.02890596654598013
0.7620382755427513,0.9876050719475709,0.028904604562225867
0.7622697808416504,0.9876050719475709,0.02887643416110012
0.7623469492746168,0.9876050719475709,0.028876343012424584
0.7624241177075831,0.9876050719475709,0.02886283737323931
0.7624755633295607,0.9876050719475709,0.02886002023238185
0.7624755633295607,0.9877475423849551,0.02885462377726865
0.7625012861405495,0.9877475423849551,0.028851984264757054
0.762552731762527,0.9877475423849551,0.028847875801200493
0.7626041773845046,0.9877475423849551,0.028846911900723457
0.7628614054943924,0.9877475423849551,0.028840040046395253
0.763144356415269,0.9877475423849551,0.028795407538819182
0.7632472476592242,0.9877475423849551,0.028794880315335256
0.7633758617141682,0.9877475423849551,0.028780107392631045
0.7634273073361457,0.9877475423849551,0.028775833897155004
0.763633089824056,0.9877475423849551,0.028736058517535232
0.7637617038789999,0.9878900128223393,0.028734206958072918
0.7638131495009775,0.9878900128223393,0.02873124030190284
0.7638903179339438,0.9878900128223393,0.028724594248581033
0.7639160407449326,0.9878900128223393,0.02871404859017905
0.7640189319888877,0.9878900128223393,0.02870841272718968
0.764353328531742,0.9878900128223393,0.028671727533928423
0.7644047741537195,0.9878900128223393,0.028671334943895597
0.7644819425866859,0.9878900128223393,0.02865509193908596
0.7645591110196522,0.9878900128223393,0.028651924528509978
0.764584833830641,0.9878900128223393,0.028650805735091614
0.7646362794526186,0.9878900128223393,0.028648310834342723
0.7646620022636074,0.9878900128223393,0.02863927376606519
0.7646620022636074,0.9880324832597236,0.028637813575334754
0.7647648935075625,0.9880324832597236,0.02862507117737383
0.7648163391295401,0.9880324832597236,0.028623161472838502
0.7649706759954727,0.9880324832597236,0.028605285365903295
0.7650221216174503,0.9880324832597236,0.028600912869981246
0.765305072538327,0.9880324832597236,0.028558428813107033
0.765305072538327,0.9883174241344921,0.0285485844167019
0.7653565181603046,0.9883174241344921,0.028547594439367215
0.7657423603251363,0.9883174241344921,0.028463091689616842
0.7657938059471139,0.9883174241344921,0.02845661549761716
0.7658452515690914,0.9883174241344921,0.028450928649348943
0.765896697191069,0.9883174241344921,0.028448703568102616
0.7665654902767775,0.9883174241344921,0.028361074702525666
0.766616935898755,0.9883174241344921,0.02835243169945495
0.7667455499536989,0.9883174241344921,0.02833127522378702
0.7667969955756765,0.9883174241344921,0.028330877548421216
0.766977055252598,0.9883174241344921,0.02829432211611757
0.7670285008745755,0.9883174241344921,0.028291451424028603
0.7670285008745755,0.9884598945718763,0.02829140785514669
0.7679030764481942,0.9884598945718763,0.02818583236474897
0.7679545220701718,0.9884598945718763,0.02818413532746269
0.768649037966869,0.9884598945718763,0.02808852669866156
0.7687004835888466,0.9884598945718763,0.028083140157247527
0.7687519292108241,0.9884598945718763,0.02808027031074392
0.7688548204547793,0.9884598945718763,0.02807448453471062
0.768880543265768,0.9884598945718763,0.0280731948548877
0.7689319888877456,0.9884598945718763,0.028069493786765085
0.7689834345097232,0.9884598945718763,0.028066887070068818
0.7690348801317007,0.9884598945718763,0.028063986186549553
0.769137771375656,0.9884598945718763,0.028051451029040834
0.7692406626196111,0.9884598945718763,0.02804748097963002
0.7693178310525774,0.9884598945718763,0.028044162351497728
0.7693949994855438,0.9884598945718763,0.028031129565492825
0.7694464451075214,0.9884598945718763,0.028021754920478113
0.7694721679185101,0.9884598945718763,0.028021585746503833
0.7695236135404877,0.9884598945718763,0.028021273797068084
0.7699351785163082,0.9884598945718763,0.02794467512160172
0.7700123469492746,0.9884598945718763,0.027940761300041087
0.7700380697602635,0.9884598945718763,0.02793835421513164
0.7701152381932298,0.9884598945718763,0.027937757310934
0.7701409610042186,0.9884598945718763,0.02793624210819044
0.7702181294371849,0.9884598945718763,0.027932444077764407
0.7703981891141064,0.9884598945718763,0.027898344242905555
0.770449634736084,0.9884598945718763,0.027896749208481036
0.7705268031690503,0.9884598945718763,0.027889757134605238
0.7705782487910279,0.9884598945718763,0.027888947405891092
0.7706039716020167,0.9884598945718763,0.027888260929693383
0.7706554172239942,0.9884598945718763,0.027887683537652502
0.7707325856569606,0.9886023650092606,0.02788380563091096
0.772481736804198,0.9886023650092606,0.027655845562969916
0.7725331824261755,0.9886023650092606,0.027655262784856395
0.7728675789690297,0.9886023650092606,0.027597379577263208
0.772944747401996,0.9886023650092606,0.02759174508426826
0.772944747401996,0.9887448354466448,0.027590538993830356
0.7730219158349625,0.9887448354466448,0.02758241263732975
0.7731762527008952,0.9887448354466448,0.027563887280850196
0.7732276983228727,0.9887448354466448,0.02756343317919148
0.7733048667558391,0.9887448354466448,0.02755091152620984
0.7733820351888054,0.9887448354466448,0.027547728279536075
0.774745344171211,0.9887448354466448,0.027378516697156605
0.7747967897931886,0.9887448354466448,0.027370917953517288
0.7750540179030765,0.9887448354466448,0.027347441050750508
0.7751311863360428,0.9887448354466448,0.02734619921318018
0.7751569091470316,0.9887448354466448,0.02734615277151844
0.7751569091470316,0.9888873058840291,0.02734025562141188
0.7754141372569194,0.9888873058840291,0.027323851089053
0.7755170285008746,0.9888873058840291,0.027321636777265967
0.7760572075316391,0.9888873058840291,0.02725864252728621
0.7761086531536167,0.9888873058840291,0.02725701840335909
0.7761343759646054,0.9888873058840291,0.027256894889993118
0.776185821586583,0.9888873058840291,0.027254129197842317
0.7762629900195493,0.9888873058840291,0.027246972443165953
0.776417326885482,0.9888873058840291,0.02724236815630637
0.7767002778063586,0.9888873058840291,0.02719730979086565
0.776777446239325,0.9888873058840291,0.027187620431873873
0.776906060294269,0.9888873058840291,0.027182381148900148
0.7769575059162466,0.9888873058840291,0.027176528647884085
0.7771632884041568,0.9888873058840291,0.027144953136127227
0.7772147340261344,0.9888873058840291,0.02714158775769542
0.7776005761909661,0.9888873058840291,0.02707291993170673
0.7777034674349212,0.9888873058840291,0.027070498533223436
0.7779092499228316,0.9888873058840291,0.027057352375325167
0.7780121411667867,0.9888873058840291,0.027048866426626027
0.7781664780327194,0.9888873058840291,0.027030516623334826
0.7782436464656858,0.9888873058840291,0.027029526504358727
0.7783208148986521,0.9888873058840291,0.02701053184637029
0.7783722605206297,0.9888873058840291,0.0270030114796366
0.7787066570634839,0.9888873058840291,0.026962481712138574
0.7787838254964502,0.9888873058840291,0.02695541345535554
0.7787838254964502,0.9890297763214133,0.026954139759315304
0.7789124395513942,0.9890297763214133,0.026936642883751537
0.778938162362383,0.9891722467587976,0.02693091939884237
0.7791439448502933,0.9891722467587976,0.026902282411496337
0.7791953904722708,0.9891722467587976,0.026900035177165358
0.7794268957711699,0.9891722467587976,0.026874269022409587
0.7795555098261138,0.9891722467587976,0.026870471433021056
0.7796069554480913,0.9891722467587976,0.026859133427580163
0.7796584010700689,0.9891722467587976,0.026857404089694455
0.7797098466920465,0.9891722467587976,0.02684492156411772
0.7797870151250129,0.9891722467587976,0.026842519507864593
0.7798127379360017,0.9891722467587976,0.02684160410945721
0.779889906368968,0.9891722467587976,0.026837910089239043
0.7799156291799568,0.9891722467587976,0.026837054689256956
0.7799670748019344,0.9891722467587976,0.026833471920065886
0.780250025722811,0.9891722467587976,0.02680301194603867
0.7803014713447886,0.9891722467587976,0.02680047804522815
0.7808673731865419,0.9891722467587976,0.026725572486720424
0.7809445416195082,0.9893147171961818,0.026722590683377994
0.780970264430497,0.9893147171961818,0.026718086115849318
0.7810217100524746,0.9893147171961818,0.026717956550159988
0.7810731556744521,0.9893147171961818,0.02671359773098149
0.7811760469184073,0.9893147171961818,0.026710943367414617
0.781201769729396,0.9893147171961818,0.02671080374673484
0.7812532153513736,0.9893147171961818,0.02670520926530147
0.7813303837843399,0.9893147171961818,0.02670218098410842
0.7816905031381829,0.9893147171961818,0.02665330630022949
0.7816905031381829,0.989457187633566,0.026652571511767045
0.7817933943821381,0.989457187633566,0.026640174461018965
0.7817933943821381,0.9895996580709503,0.026637159073238815
0.7821020681140035,0.9895996580709503,0.026588050701559587
0.7821792365469699,0.9895996580709503,0.02658591413878452
0.7822049593579586,0.9895996580709503,0.026585269489646533
0.7822564049799362,0.9895996580709503,0.02658514443466077
0.7823078506019138,0.9895996580709503,0.026579428008701483
0.7823078506019138,0.9897421285083345,0.0265787315018544
0.7823850190348801,0.9897421285083345,0.026571264201204682
0.7823850190348801,0.9898845989457188,0.026569754336527734
0.7824621874678465,0.9898845989457188,0.026557763820840095
0.7825908015227904,0.9898845989457188,0.026555391883718138
0.7828480296326783,0.9898845989457188,0.026536569979474924
0.7829766436876222,0.9898845989457188,0.026532680216575424
0.7833367630414652,0.9898845989457188,0.0264743089188952
0.7833367630414652,0.990027069383103,0.026471605273746094
0.7833624858524539,0.990027069383103,0.026470295427975483
0.7834139314744315,0.990027069383103,0.026467975600043873
0.7834910999073978,0.990027069383103,0.026467551374765797
0.7835168227183866,0.990027069383103,0.026467523493107496
0.7835682683403642,0.990027069383103,0.026462894587865545
0.7836711595843193,0.990027069383103,0.026446915704206257
0.783722605206297,0.990027069383103,0.026442758521956114
0.7839026648832185,0.990027069383103,0.026424215876292064
0.783954110505196,0.990027069383103,0.026423384400155736
0.7839798333161848,0.990027069383103,0.026422421861512533
0.7840312789381624,0.990027069383103,0.0263963423394579
0.7843656754810165,0.990027069383103,0.026366613389994995
0.7844171211029941,0.990027069383103,0.026360258609996315
0.784545735157938,0.990027069383103,0.026351162358374872
0.7845971807799156,0.990027069383103,0.026349856038996353
0.7847000720238708,0.990027069383103,0.02632978972139718
0.7847515176458484,0.990027069383103,0.026321865131183432
0.7849058545117811,0.990027069383103,0.026286725045254814
0.7849573001337586,0.990027069383103,0.026286092971574228
0.785034468566725,0.990027069383103,0.026263303637500943
0.7850859141887025,0.990027069383103,0.02625733561031858
0.7851116369996913,0.990027069383103,0.026253588782118756
0.7851630826216689,0.990027069383103,0.02625228727045553
0.7853688651095792,0.990027069383103,0.02622236824732371
0.7854203107315567,0.990027069383103,0.02622136747381474
0.7862948863051754,0.990027069383103,0.02609974652105131
0.7864235003601193,0.9901695398204873,0.026098071768638247
0.7868350653359399,0.9901695398204873,0.026029925169666054
0.7868865109579175,0.9901695398204873,0.02602876969855495
0.7872723531227492,0.9901695398204873,0.025986465054254077
0.7873237987447268,0.9901695398204873,0.025971304716553595
0.7878639777754913,0.9901695398204873,0.025900709708171786
0.7879668690194465,0.9901695398204873,0.02590057410498757
0.788018314641424,0.9901695398204873,0.025897889969411503
0.7880954830743904,0.9901695398204873,0.025871938954239018
0.7881469286963679,0.9901695398204873,0.02586825459712663
0.7883012655623006,0.9901695398204873,0.025853899668246444
0.7883527111842782,0.9901695398204873,0.025851873812216243
0.788378433995267,0.9901695398204873,0.02585009755324418
0.7884556024282333,0.9901695398204873,0.025844856855613007
0.7888157217820764,0.9901695398204873,0.025802580592327002
0.7889186130260315,0.9901695398204873,0.02580208634943397
0.7889700586480091,0.9901695398204873,0.0258016114737122
0.7892272867578969,0.9901695398204873,0.02576292477838534
0.7892787323798744,0.9901695398204873,0.025761555923567252
0.7894587920567959,0.9901695398204873,0.02574858979678601
0.7895102376787735,0.9901695398204873,0.025746575366789808
0.7895874061117399,0.9901695398204873,0.025745881092465023
0.7896902973556951,0.9901695398204873,0.025728185203404755
0.7896902973556951,0.9903120102578715,0.025724374185517433
0.7900246938985492,0.9903120102578715,0.02566882682253748
0.7901018623315156,0.9903120102578715,0.02565478458767922
0.7903076448194258,0.9903120102578715,0.02564142107460313
0.790410536063381,0.9903120102578715,0.025640365372639
0.7904362588743697,0.9903120102578715,0.02563865345478552
0.7904877044963473,0.9903120102578715,0.025638244189844873
0.7905134273073361,0.9903120102578715,0.02563778749032054
0.7905648729293138,0.9903120102578715,0.02563032262473221
0.7905648729293138,0.9904544806952558,0.025629359946862034
0.7906677641732689,0.9904544806952558,0.025623256937207933
0.7907192097952465,0.9904544806952558,0.025612438484629636
0.790770655417224,0.9904544806952558,0.02560935502512998
0.7908478238501904,0.9904544806952558,0.025594169615243394
0.7908478238501904,0.99059695113264,0.025589264616890803
0.7911822203930445,0.99059695113264,0.02553560736555386
0.7912593888260109,0.99059695113264,0.025532835572792012
0.7914908941249099,0.99059695113264,0.02550599426280033
0.7915423397468876,0.99059695113264,0.025498803321542453
0.7915937853688652,0.99059695113264,0.025495816398102722
0.7916452309908427,0.99059695113264,0.025494604724766615
0.7919024591007305,0.99059695113264,0.02545754787449299
0.7919539047227081,0.99059695113264,0.02545395905590584
0.7920310731556744,0.99059695113264,0.02543721648477013
0.792082518777652,0.99059695113264,0.025425814111368378
0.792314024076551,0.99059695113264,0.025401358280988825
0.7923654696985286,0.99059695113264,0.025398751837850026
0.792571252186439,0.99059695113264,0.025380088775453436
0.7926484206194053,0.99059695113264,0.025377481330409752
0.7934458277600576,0.99059695113264,0.025270765897083804
0.793522996193024,0.99059695113264,0.025262348575031606
0.7943204033336763,0.99059695113264,0.02513428083431177
0.7943975717666426,0.99059695113264,0.025133480084970152
0.7947319683094969,0.99059695113264,0.025068152574546206
0.794834859553452,0.99059695113264,0.02506618750092118
0.794834859553452,0.9907394215700243,0.025059924452919477
0.7949634736083959,0.9907394215700243,0.025049811011225633
0.7950406420413623,0.9907394215700243,0.025049126691640257
0.7950920876633398,0.9907394215700243,0.025042324006593723
0.7951435332853174,0.9907394215700243,0.02504063968175953
0.7956065438831156,0.9907394215700243,0.024979120198010032
0.7956579895050931,0.9907394215700243,0.024977775587219243
0.7958123263710258,0.9907394215700243,0.02495743215989815
0.7958637719930034,0.9907394215700243,0.024955162647193285
0.7960952772919024,0.9907394215700243,0.024918352635369283
0.79614672291388,0.9907394215700243,0.02491608159230716
0.7963525054017903,0.9907394215700243,0.024894149453194608
0.7964039510237679,0.9907394215700243,0.024891131221456392
0.7965840107006894,0.9907394215700243,0.024869798732213688
0.796635456322667,0.9907394215700243,0.024867058248230125
0.7966869019446445,0.9907394215700243,0.024860813377032095
0.7967640703776109,0.9907394215700243,0.024860178101142404
0.7968412388105772,0.9907394215700243,0.024855070306986412
0.7968926844325548,0.9907394215700243,0.024854141726317825
0.7968926844325548,0.9908818920074085,0.02485275029462985
0.7971241897314538,0.9908818920074085,0.024832523555334704
0.7971756353534314,0.9908818920074085,0.024830853143026962
0.7974071406523305,0.9908818920074085,0.02481541649954988
0.7974071406523305,0.9910243624447928,0.02481432964954425
0.797587200329252,0.9910243624447928,0.024800638398806814
0.7976386459512296,0.9910243624447928,0.02479431097724235
0.7980759337380389,0.9910243624447928,0.024742471664761283
0.7981273793600164,0.9910243624447928,0.024738148982439794
0.7982045477929828,0.9910243624447928,0.02472504333843528
0.7982559934149603,0.9910243624447928,0.02472300814749578
0.7982817162259491,0.9910243624447928,0.02472074261654942
0.7983331618479267,0.9910243624447928,0.02471806203481649
0.7986161127688034,0.9910243624447928,0.02467241586103867
0.798667558390781,0.991166832882177,0.02466648751925583
0.7986932812017697,0.991166832882177,0.024665356203738272
0.7987447268237473,0.991166832882177,0.024659745216475848
0.7988218952567137,0.991166832882177,0.024655403918174015
0.7988733408786912,0.991166832882177,0.024654046208939254
0.7992077374215454,0.991166832882177,0.02461164907951005
0.799259183043523,0.991166832882177,0.024608605705694214
0.7992849058545117,0.991166832882177,0.02460711885913536
0.7993363514764894,0.991166832882177,0.02460683382300074
0.7996964708303324,0.991166832882177,0.024557011856900565
0.7997479164523099,0.991166832882177,0.0245518060342235
0.7997993620742875,0.991166832882177,0.02454623011616594
0.7999022533182426,0.991166832882177,0.02454360735343846
0.7999279761292314,0.991166832882177,0.024531207345375453
0.799979421751209,0.991166832882177,0.02452854029739326
0.8001080358061529,0.991166832882177,0.024521728690939666
0.800210927050108,0.991166832882177,0.024516402856466824
0.8002366498610968,0.991166832882177,0.024515158713490883
0.8002880954830743,0.991166832882177,0.02450682340824313
0.800699660458895,0.991166832882177,0.02446113285232672
0.8008025517028501,0.991166832882177,0.024457982595588377
0.8010083341907603,0.991166832882177,0.024431348705319825
0.8010083341907603,0.9913093033195612,0.02442768448791966
0.8011369482457043,0.9913093033195612,0.024412869687324208
0.8011883938676818,0.9913093033195612,0.02441025832621169
0.8012141166786706,0.9913093033195612,0.02440795320959394
0.8012655623006482,0.9913093033195612,0.024406224567109166
0.801291285111637,0.9913093033195612,0.024405943556929353
0.8013684535446034,0.9913093033195612,0.024405474553747294
0.8016256816544912,0.9913093033195612,0.024363707098841298
0.8017028500874576,0.9913093033195612,0.024361358264548768
0.8021401378742669,0.9913093033195612,0.024313441538653516
0.8022687519292109,0.9913093033195612,0.02431327729405778
0.8025002572281099,0.9913093033195612,0.02428976634848575
0.8025774256610763,0.9913093033195612,0.02428844944826093
0.8026803169050314,0.9913093033195612,0.024268836604043127
0.8028089309599753,0.9913093033195612,0.024255589261836737
0.8028346537709641,0.9913093033195612,0.024251063909168077
0.8028860993929416,0.9913093033195612,0.02424747321976134
0.8031176046918407,0.9913093033195612,0.024229406581703698
0.8031433275028295,0.9914517737569455,0.024227959813256563
0.8032976643687623,0.9914517737569455,0.024207856383941826
0.8033491099907398,0.9914517737569455,0.024205986404238593
0.8034005556127174,0.9914517737569455,0.02418813083327965
0.803452001234695,0.9914517737569455,0.02418781142768565
0.8034777240456837,0.9914517737569455,0.02418767516878147
0.8035291696676613,0.9914517737569455,0.024185923178962492
0.8036063381006276,0.9914517737569455,0.024178359512722025
0.8036577837226052,0.9914517737569455,0.024177168041818093
0.8038121205885379,0.9914517737569455,0.024146376259667732
0.8038121205885379,0.9915942441943296,0.024146241044502564
0.8039407346434818,0.9915942441943296,0.024125839754724175
0.8039921802654594,0.9915942441943296,0.02412308186139126
0.8041979627533696,0.9915942441943296,0.02409672391590952
0.8042494083753473,0.9915942441943296,0.024095038528089852
0.8043265768083137,0.9915942441943296,0.02409379416916154
0.8045066364852351,0.9915942441943296,0.024056678183898672
0.8045580821072127,0.9915942441943296,0.02405613551503752
0.8047124189731454,0.9915942441943296,0.02404920066145754
0.804763864595123,0.9915942441943296,0.02402242009002962
0.8049439242720444,0.9915942441943296,0.02400852006927023
0.804995369894022,0.9915942441943296,0.02400759283651631
0.8054583804918202,0.9915942441943296,0.023971254791139734
0.8055355489247865,0.9915942441943296,0.023965725214050645
0.8056384401687416,0.9915942441943296,0.023952519884334042
0.8056898857907192,0.9915942441943296,0.02395211378157949
0.8057927770346743,0.9915942441943296,0.023927403534799607
0.8058442226566519,0.9915942441943296,0.023926513819688335
0.8059985595225846,0.9915942441943296,0.023902663239350887
0.8060500051445622,0.9915942441943296,0.023902206221318122
0.8061786191995062,0.9915942441943296,0.023891951248967012
0.8062300648214837,0.9915942441943296,0.02388530320418415
0.8064101244984052,0.9915942441943296,0.02386877477681809
0.8064615701203828,0.9915942441943296,0.02386245366630487
0.8065644613643379,0.9915942441943296,0.02385119181710612
0.8066416297973042,0.9915942441943296,0.023850201428588635
0.8067959666632369,0.9915942441943296,0.023836240097037
0.8068988579071921,0.9915942441943296,0.023835348815451626
0.8075676509929005,0.9915942441943296,0.02376846182421035
0.8076190966148781,0.9915942441943296,0.023764721696514047
0.8077734334808108,0.9915942441943296,0.023738754955076685
0.8078248791027883,0.9915942441943296,0.02373288919243541
0.807979215968721,0.9915942441943296,0.02372095027403113
0.8080306615906986,0.9915942441943296,0.023707277077419615
0.8081335528346538,0.9915942441943296,0.023702591412908872
0.8081849984566314,0.9915942441943296,0.023690834217586963
0.8084422265665192,0.9915942441943296,0.023640681966912967
0.8085193949994856,0.9915942441943296,0.023629040108319194
0.8087251774873958,0.9915942441943296,0.023598880376101947
0.8087766231093734,0.9915942441943296,0.023594988641419526
0.8093682477621155,0.9915942441943296,0.02352493861260276
0.809419693384093,0.9915942441943296,0.02352410952159481
0.8094454161950818,0.9915942441943296,0.02352300383914254
0.8095225846280482,0.9915942441943296,0.023522271934273017
0.8096769214939809,0.9915942441943296,0.023505840241212557
0.8097283671159584,0.9915942441943296,0.02349744032252902
0.8099598724148575,0.9915942441943296,0.023469041433924278
0.8099598724148575,0.9917367146317139,0.023467629461125194
0.8100370408478238,0.9917367146317139,0.023461618527486894
0.8100370408478238,0.9918791850690981,0.023451216529102717
0.8100627636588127,0.9918791850690981,0.02344863199835382
0.8101142092807903,0.9918791850690981,0.023441755463591677
0.8102171005247454,0.9918791850690981,0.023433946928827394
0.810268546146723,0.9918791850690981,0.023432610199164972
0.810500051445622,0.9918791850690981,0.02340646486122568
0.8105514970675995,0.9918791850690981,0.02340495803371448
0.8105772198785883,0.9918791850690981,0.02340490996301017
0.8106801111225435,0.9918791850690981,0.023404452477079986
0.810731556744521,0.9918791850690981,0.023400094541961534
0.8108344479884761,0.9918791850690981,0.02339535306599804
0.8109116164214425,0.9918791850690981,0.02338697266504097
0.8109887848544088,0.9918791850690981,0.023383686823275136
0.8112460129642968,0.9918791850690981,0.023331496913574144
0.8112974585862743,0.9918791850690981,0.023327082395411036
0.8117347463730836,0.9918791850690981,0.02327699891477439
0.8118376376170388,0.9918791850690981,0.02327086210204273
0.8120691429159379,0.9918791850690981,0.023258607674058827
0.8121205885379155,0.9918791850690981,0.02325676919999963
0.8125835991357135,0.9918791850690981,0.02320458665206121
0.8126864903796687,0.9918791850690981,0.023196935396600227
0.8130466097335117,0.9918791850690981,0.02315688697536537
0.8131495009774669,0.9918791850690981,0.02315367870319584
0.8131752237884556,0.9918791850690981,0.023153588904424538
0.8132266694104332,0.9918791850690981,0.023152540355214035
0.8133295606543883,0.9918791850690981,0.02314054059415959
0.8133295606543883,0.9921641259438666,0.02313746302583758
0.8134324518983435,0.9921641259438666,0.023132677979127474
0.8135096203313098,0.9921641259438666,0.023122728309298308
0.8135610659532874,0.9921641259438666,0.02311999281478245
0.8135867887642761,0.9921641259438666,0.023118537068900522
0.8136382343862537,0.9921641259438666,0.02311475745297048
0.8137411256302088,0.9921641259438666,0.023090468166628724
0.8137411256302088,0.9923065963812508,0.02308755730159906
0.8139211853071303,0.9923065963812508,0.023069272503941807
0.813972630929108,0.9923065963812508,0.02306564904491205
0.8141012449840519,0.9923065963812508,0.02305212122614111
0.8142813046609734,0.9923065963812508,0.02304446624414227
0.8145385327708612,0.9923065963812508,0.023018887652892242
0.8145899783928388,0.9923065963812508,0.02301529769510631
0.8150529889906369,0.9923065963812508,0.022968752414748717
0.8151044346126145,0.9923065963812508,0.022968550379267916
0.8151816030455808,0.9923065963812508,0.022962742266341592
0.815284494289536,0.9923065963812508,0.022960448818428708
0.8154131083444799,0.9923065963812508,0.022947132648579248
0.8154645539664575,0.9923065963812508,0.022941796858663245
0.8158503961312892,0.9923065963812508,0.022885045644504953
0.8159790101862332,0.9923065963812508,0.022883934007986783
0.8160561786191995,0.9923065963812508,0.022882451979328366
0.8160819014301883,0.9923065963812508,0.022882285479189766
0.8161333470521659,0.9923065963812508,0.022880949851760937
0.8161590698631547,0.9923065963812508,0.02287563200471109
0.816236238296121,0.9923065963812508,0.022871748265721078
0.8162876839180986,0.9923065963812508,0.022870690330659058
0.8163391295400761,0.9923065963812508,0.0228681602120739
0.8166735260829303,0.9923065963812508,0.022838697214067647
0.8167249717049079,0.9923065963812508,0.022834450250101727
0.816956477003807,0.9923065963812508,0.02280007262958352
0.8170079226257846,0.9923065963812508,0.02279831429051647
0.8170850910587509,0.9923065963812508,0.022796648671793134
0.8175223788455602,0.9923065963812508,0.022759446689929276
0.8175738244675378,0.9923065963812508,0.022759046660738327
0.8176767157114929,0.9923065963812508,0.022754697767423317
0.8177281613334705,0.9923065963812508,0.022750262644575747
0.8182940631752238,0.9923065963812508,0.022713038578177355
0.8183455087972014,0.9923065963812508,0.02271171187847353
0.8187570737730219,0.9923065963812508,0.02266720096780825
0.8188342422059882,0.9923065963812508,0.022662030627423488
0.8188599650169771,0.9923065963812508,0.022659545065035876
0.8188599650169771,0.9924490668186351,0.022658074976310873
0.8190143018829098,0.9924490668186351,0.022650752700946086
0.8190657475048874,0.9924490668186351,0.022642908931687102
0.8190914703158761,0.9924490668186351,0.022641420106686246
0.8191686387488425,0.9924490668186351,0.022641365019974425
0.8192972528037864,0.9924490668186351,0.022635876929986268
0.8195030352916967,0.9924490668186351,0.022620818211388262
0.8195544809136742,0.9924490668186351,0.0226158547675225
0.8199917687004836,0.9924490668186351,0.022547091570422485
0.8200432143224612,0.9924490668186351,0.022544379813687187
0.8201461055664163,0.9924490668186351,0.022537515038412833
0.8201975511883939,0.9924490668186351,0.022534513322840323
0.8201975511883939,0.9925915372560193,0.0225326101975964
0.8202489968103714,0.9925915372560193,0.022529633008789064
0.8203776108653154,0.9925915372560193,0.022500198507387263
0.8204805021092705,0.9925915372560193,0.022497742251695516
0.8205833933532256,0.9925915372560193,0.02248456227168571
0.8207377302191583,0.9925915372560193,0.022482766115240898
0.8208148986521248,0.9925915372560193,0.022479788644290948
0.8208148986521248,0.9927340076934036,0.02247556692838598
0.8210721267620126,0.9927340076934036,0.02244158176093265
0.8211492951949789,0.9927340076934036,0.02243599492724977
0.8211750180059677,0.9927340076934036,0.022435616099258832
0.8212264636279453,0.9927340076934036,0.022431142193696553
0.821252186438934,0.9927340076934036,0.022430994097736984
0.8213036320609116,0.9927340076934036,0.022430292009016174
0.8216637514147546,0.9927340076934036,0.022375067285629973
0.8216637514147546,0.9928764781307878,0.022374023068384336
0.8217666426587097,0.9928764781307878,0.022372899290063974
0.8217923654696986,0.9928764781307878,0.02236166489489921
0.8218438110916761,0.9928764781307878,0.022360513366455476
0.8218695339026649,0.9928764781307878,0.022357630628050237
0.8219467023356313,0.9928764781307878,0.022345544428360006
0.8221524848235415,0.9928764781307878,0.02232626317398554
0.8222039304455191,0.9928764781307878,0.022322479680713193
0.8233100113180368,0.9928764781307878,0.02219602267954141
0.823412902561992,0.9928764781307878,0.022194927754226032
0.8236701306718798,0.9928764781307878,0.022163699754160004
0.8237215762938573,0.9928764781307878,0.022155584076374
0.823773021915835,0.9928764781307878,0.022150367336772576
0.8238244675378126,0.9928764781307878,0.022147586598651108
0.8242617553246219,0.9928764781307878,0.02209926711103159
0.8243132009465994,0.9928764781307878,0.022098755627319153
0.8243132009465994,0.9930189485681721,0.02208722475465966
0.8246990431114312,0.9930189485681721,0.02203168015849639
0.8247504887334088,0.9930189485681721,0.022030539953671394
0.8249562712213191,0.9930189485681721,0.022000722841376285
0.8250077168432967,0.9930189485681721,0.021997982632610623
0.8252392221421957,0.9930189485681721,0.021963926243499084
0.8253421133861508,0.9930189485681721,0.021960835757679487
0.8253678361971396,0.9930189485681721,0.02195674763819076
0.8253678361971396,0.9931614190055563,0.02195391438734187
0.8254707274410947,0.9931614190055563,0.021944068443631032
0.8255221730630723,0.9931614190055563,0.02194269547548559
0.8257279555509827,0.9931614190055563,0.02192148480217291
0.8258308467949378,0.9931614190055563,0.02191638982818848
0.8259594608498817,0.9931614190055563,0.021903240915206
0.8260109064718593,0.9931614190055563,0.021902918555913715
0.8261137977158144,0.9931614190055563,0.021879344697416318
0.8261909661487807,0.9931614190055563,0.021872757064322887
0.8262938573927359,0.9931614190055563,0.021866760582223303
0.8265253626916349,0.9931614190055563,0.02184428092846551
0.82662825393559,0.9931614190055563,0.021843882139622142
0.8267311451795453,0.9931614190055563,0.021824767169965772
0.8267825908015228,0.9931614190055563,0.02182262332628737
0.8268340364235004,0.9931614190055563,0.021814023545656022
0.826885482045478,0.9931614190055563,0.021813999414271045
0.8270912645333882,0.9931614190055563,0.021792048995462446
0.8271684329663546,0.9931614190055563,0.021789389794617645
0.8272198785883321,0.9931614190055563,0.0217852836089785
0.827348492643276,0.9931614190055563,0.02178465066872836
0.8276571663751415,0.9931614190055563,0.02173000918902896
0.8277086119971191,0.9931614190055563,0.02172428086707218
0.8278115032410742,0.9931614190055563,0.021710540774303816
0.8278629488630518,0.9931614190055563,0.021710512720854534
0.8285574647597489,0.9931614190055563,0.02166287170966286
0.8286603560037041,0.9931614190055563,0.021649585206812958
0.8288661384916144,0.9931614190055563,0.0216084000367129
0.828917584113592,0.9931614190055563,0.021606222986510347
0.8292262578454573,0.9931614190055563,0.021559193169133305
0.8292777034674349,0.9931614190055563,0.021559052362365758
0.8294063175223788,0.9931614190055563,0.02153657293887019
0.8294834859553452,0.9931614190055563,0.021536164616292732
0.8295092087663339,0.9931614190055563,0.021527027493632934
0.8295606543883115,0.9931614190055563,0.02152652896275871
0.8296892684432555,0.9931614190055563,0.021516033590182355
0.8297664368762219,0.9931614190055563,0.021514393547687582
0.8301265562300648,0.9931614190055563,0.02148093968899147
0.8301780018520424,0.9931614190055563,0.021476360501542884
0.8304095071509414,0.9931614190055563,0.021453471402668695
0.830460952772919,0.9931614190055563,0.021450337873274217
0.8304866755839078,0.9931614190055563,0.0214421835700882
0.830589566827863,0.9931614190055563,0.021426428988055617
0.8306924580718181,0.9931614190055563,0.021416769497120666
0.8307181808828069,0.9933038894429406,0.02141487476799749
0.8307439036937957,0.9933038894429406,0.021414678612928114
0.8307953493157733,0.9933038894429406,0.021408328176127256
0.8308467949377508,0.9933038894429406,0.021396619458926094
0.830949686181706,0.9933038894429406,0.02139195527542876
0.8310268546146723,0.9933038894429406,0.021380472322870686
0.8311554686696162,0.9933038894429406,0.021375838227451115
0.831181191480605,0.9933038894429406,0.02137446445984276
0.8312326371025825,0.9933038894429406,0.021372669086554545
0.8313869739685152,0.9933038894429406,0.021354092504463386
0.8314898652124704,0.9933038894429406,0.021349999879843158
0.8316184792674144,0.9933038894429406,0.021338183398428842
0.831669924889392,0.9933038894429406,0.021333205884065634
0.8319528758102686,0.9933038894429406,0.021289876251666146
0.8320043214322461,0.9933038894429406,0.021289030006738294
0.8320300442432349,0.9933038894429406,0.021282534594359793
0.8320814898652125,0.9933038894429406,0.021281429026954294
0.83213293548719,0.9933038894429406,0.02127259992956946
0.8322101039201564,0.9933038894429406,0.02126542582500958
0.8325959460849882,0.9933038894429406,0.021221179651626974
0.8326731145179546,0.9933038894429406,0.021214155886309337
0.8328274513838873,0.9933038894429406,0.02119554858254688
0.8328788970058648,0.9933038894429406,0.021188758415893662
0.8331618479267414,0.9933038894429406,0.021139946554375018
0.8332647391706965,0.9933038894429406,0.02113982287315808
0.833444798847618,0.9933038894429406,0.021122291686484617
0.8334962444695957,0.9933038894429406,0.021121217764852405
0.8336763041465172,0.9933038894429406,0.02110955629214399
0.8337277497684947,0.9933038894429406,0.021108822073503473
0.8340621463113489,0.9933038894429406,0.021064025357655912
0.8342164831772816,0.9933038894429406,0.021061954632509164
0.8344479884761806,0.9933038894429406,0.021034686123321437
0.8344994340981583,0.9933038894429406,0.02103369615608656
0.8345251569091471,0.9933038894429406,0.021032836409925038
0.8345766025311246,0.9933038894429406,0.021029624231794955
0.8349624446959564,0.9933038894429406,0.020978525160878517
0.8350138903179339,0.9933038894429406,0.02097194837622331
0.8351682271838666,0.9933038894429406,0.02096614221473387
0.8352196728058442,0.9933038894429406,0.020964079129982324
0.8355283465377097,0.9933038894429406,0.02091550421607211
0.8355283465377097,0.9934463598803248,0.020912963155748532
0.8360170799464965,0.9934463598803248,0.02083506534668182
0.8360685255684741,0.9934463598803248,0.020826948058968054
0.8361714168124292,0.9934463598803248,0.02081772636037753
0.836197139623418,0.9934463598803248,0.020816972498011635
0.8362743080563844,0.9934463598803248,0.02081431452707893
0.8364029221113283,0.9934463598803248,0.020799877078464375
0.836454367733306,0.9934463598803248,0.02079632008377926
0.8367373186541825,0.9934463598803248,0.02076598266419072
0.8367887642761601,0.9934463598803248,0.020764240717602807
0.8367887642761601,0.9935888303177091,0.02076018546532841
0.8369945467640704,0.9935888303177091,0.02073893822688707
0.8370459923860479,0.9935888303177091,0.020737403774736245
0.8372003292519806,0.9935888303177091,0.020724191857495307
0.8372517748739582,0.9937313007550933,0.020720372316285963
0.8373032204959358,0.9937313007550933,0.020706216420178312
0.8375861714168125,0.9937313007550933,0.020673566140753732
0.83763761703879,0.9937313007550933,0.020672709543556825
0.8376890626607676,0.9937313007550933,0.020668344076014557
0.8377662310937339,0.9937313007550933,0.020668118613000806
0.8378176767157115,0.9937313007550933,0.020666590970378228
0.8378433995267003,0.9937313007550933,0.020665139949356346
0.8378948451486778,0.9937313007550933,0.020661494009105195
0.8380749048255993,0.9937313007550933,0.020636016461112433
0.8381263504475769,0.9937313007550933,0.020635411595927074
0.8386922522893302,0.9937313007550933,0.02057372096679228
0.8387436979113078,0.9937313007550933,0.020570607706685028
0.8388465891552629,0.9937313007550933,0.020554215420325428
0.8388980347772405,0.9937313007550933,0.02054464110385729
0.838949480399218,0.9937313007550933,0.020539572116633438
0.8390009260211956,0.9937313007550933,0.020538429756471844
0.8393610453750386,0.9937313007550933,0.020493928883010635
0.839438213808005,0.9937313007550933,0.020491960956544066
0.8394639366189938,0.9937313007550933,0.020484499189480674
0.8395153822409713,0.9937313007550933,0.0204830764702365
0.8395411050519601,0.9937313007550933,0.020475694932903472
0.8395925506739377,0.9937313007550933,0.020474501991441307
0.8399269472167918,0.9937313007550933,0.02042005768233215
0.8399783928387694,0.9937313007550933,0.020417423539125228
0.8401327297047021,0.9937313007550933,0.020408331218018157
0.8402356209486572,0.9938737711924776,0.020405025617784876
0.8406471859244778,0.9938737711924776,0.020350920009748252
0.8406986315464554,0.9938737711924776,0.020350630966524126
0.8410073052783208,0.9938737711924776,0.02028786462861696
0.8411616421442535,0.9938737711924776,0.02028693576826496
0.8413417018211751,0.9938737711924776,0.020265416569908077
0.8413931474431526,0.9938737711924776,0.02026255780859311
0.8414960386871078,0.9938737711924776,0.020248779565525496
0.8415474843090853,0.9938737711924776,0.020248629782011335
0.8416246527420517,0.9938737711924776,0.02022331558189322
0.8416760983640292,0.9938737711924776,0.020211527762802068
0.8418047124189731,0.9938737711924776,0.02020032335336882
0.8418561580409507,0.9938737711924776,0.020193846896138075
0.8422677230167712,0.9938737711924776,0.02014572594845106
0.8423191686387489,0.9938737711924776,0.020142000787023377
0.8431422985903899,0.9938737711924776,0.020062203721579783
0.843245189834345,0.9938737711924776,0.020060563011641847
0.8432966354563227,0.9938737711924776,0.020054063292711203
0.8433480810783003,0.9938737711924776,0.02005204110802746
0.8437853688651096,0.9938737711924776,0.01998437581264585
0.8438368144870871,0.9938737711924776,0.019983287293199332
0.8439139829200535,0.9938737711924776,0.01998015185951549
0.8440168741640086,0.9938737711924776,0.019974584649174308
0.8445056075727956,0.9938737711924776,0.019919470671228436
0.8445827760057619,0.9938737711924776,0.019916586716613602
0.8448914497376273,0.9938737711924776,0.01988039102077629
0.84504578660356,0.9938737711924776,0.019875860961889907
0.8450972322255376,0.9938737711924776,0.019873830833468446
0.8452772919024591,0.9938737711924776,0.019863808208551107
0.8452772919024591,0.9940162416298618,0.019848757230390892
0.8453287375244367,0.9940162416298618,0.019846994078400525
0.8454059059574031,0.9940162416298618,0.019835306646264712
0.8454573515793806,0.9940162416298618,0.01983438302591248
0.8456116884453133,0.9940162416298618,0.019818515877911974
0.8456631340672909,0.9940162416298618,0.019815600243880935
0.8457917481222348,0.9940162416298618,0.019800599738046907
0.8458431937442124,0.9940162416298618,0.01979398528354411
0.8460232534211338,0.9940162416298618,0.01976798819965157
0.8460746990431114,0.9940162416298618,0.019767399354067048
0.8462290359090442,0.9940162416298618,0.019738180035271218
0.8463833727749769,0.9940162416298618,0.01973779376043677
0.8465634324518984,0.9940162416298618,0.01969191494336919
0.8466406008848647,0.994158712067246,0.019691761736112128
0.8467949377507974,0.994158712067246,0.0196772497219879
0.8468721061837637,0.994158712067246,0.019675954382089893
0.8469235518057413,0.994158712067246,0.019674423895362343
0.8470007202387076,0.994158712067246,0.01967194219830051
0.8470521658606852,0.994158712067246,0.019665868815382327
0.8473351167815619,0.994158712067246,0.019622239183307445
0.8473865624035395,0.994158712067246,0.019621622107707137
0.8475408992694722,0.994158712067246,0.01960357481381365
0.8476437905134273,0.994158712067246,0.019600320056230074
0.8480553554892478,0.994158712067246,0.01955206543875126
0.8481582467332031,0.994158712067246,0.019544825309826295
0.8481839695441918,0.994158712067246,0.019541657859416642
0.8483125835991357,0.994158712067246,0.019540058871447184
0.8484669204650684,0.994158712067246,0.019527442881230303
0.8485698117090236,0.994158712067246,0.019524841531715426
0.8486469801419899,0.994158712067246,0.019512526482233523
0.8486984257639675,0.994158712067246,0.019511925312244292
0.8487241485749563,0.994158712067246,0.019505855118767287
0.8488527626299002,0.994158712067246,0.019500876609160292
0.8489813766848441,0.994158712067246,0.019495084977832988
0.8490328223068216,0.994158712067246,0.019494783104693516
0.849238604794732,0.994158712067246,0.0194796972690029
0.8493157732276984,0.994158712067246,0.019473212648937508
0.8493672188496759,0.994158712067246,0.019467944475263916
0.8494443872826423,0.994158712067246,0.01946525660503971
0.8494958329046198,0.994158712067246,0.01946518903767505
0.8495730013375862,0.994158712067246,0.01946130147945436
0.8496244469595637,0.994158712067246,0.019459982633909967
0.8497787838254964,0.994158712067246,0.01944552687675127
0.849830229447474,0.994158712067246,0.019441861646081127
0.8500874575573618,0.994158712067246,0.019423686350650234
0.8500874575573618,0.9943011825046303,0.019419814849374873
0.8501646259903283,0.9943011825046303,0.019418368445564476
0.8503704084782385,0.9943011825046303,0.019399749502401614
0.8504218541002161,0.9943011825046303,0.01939465158169561
0.8504475769112049,0.9943011825046303,0.019393032025909678
0.8504475769112049,0.9944436529420145,0.019389214047343055
0.8504990225331824,0.9944436529420145,0.019386943775016183
0.85055046815516,0.9944436529420145,0.019383374394364977
0.8506019137771376,0.9944436529420145,0.019378573490963762
0.8507562506430703,0.9944436529420145,0.019346636826509677
0.8508334190760366,0.9944436529420145,0.0193460203797845
0.850910587509003,0.9944436529420145,0.01934055683547835
0.8509620331309805,0.9944436529420145,0.01933767237517357
0.8511163699969133,0.9944436529420145,0.01931547346003157
0.8511678156188909,0.9944436529420145,0.019312992755597093
0.8511935384298797,0.9944436529420145,0.019312987591389844
0.851270706862846,0.9944436529420145,0.01931104257777723
0.8513478752958124,0.9944436529420145,0.019304766775685142
0.8514250437287787,0.9944436529420145,0.019304420415024746
0.851630826216689,0.9944436529420145,0.01928710311128079
0.8516822718386665,0.9944436529420145,0.019286898091558567
0.8517851630826216,0.9944436529420145,0.01926994828933507
0.851862331515588,0.9944436529420145,0.019269519834822217
0.8519137771375656,0.9944436529420145,0.01926050359106132
0.8519137771375656,0.9945861233793988,0.019256481395028384
0.8520681140034984,0.9945861233793988,0.019238920395237603
0.8521195596254759,0.9945861233793988,0.019235922566940712
0.8524539561683301,0.9945861233793988,0.019198949329850844
0.8525054017903076,0.9945861233793988,0.019198020289601592
0.8525311246012964,0.9945861233793988,0.01919797958330226
0.852582570223274,0.9945861233793988,0.01919627826949105
0.8527369070892067,0.9945861233793988,0.019180428582080907
0.852814075522173,0.9945861233793988,0.019179759052639037
0.85330280893096,0.9945861233793988,0.019129026901457666
0.8533542545529376,0.9945861233793988,0.019128094236464388
0.8534828686078815,0.9945861233793988,0.019112740121032323
0.853534314229859,0.9945861233793988,0.019102612962974115
0.8537658195287581,0.9945861233793988,0.01908030473600829
0.8538429879617244,0.9945861233793988,0.01907676236838555
0.853894433583702,0.9945861233793988,0.01907149241082776
0.8539716020166683,0.9945861233793988,0.01906986055427921
0.8542031073155675,0.9945861233793988,0.019043000468266208
0.8543059985595226,0.9945861233793988,0.01904080888859486
0.8545889494803992,0.9945861233793988,0.019008076497069225
0.8546403951023768,0.9945861233793988,0.01900739537150712
0.8547947319683095,0.9945861233793988,0.018983359711472147
0.8549490688342422,0.9945861233793988,0.018980595851661026
0.8549747916452309,0.9945861233793988,0.018976458915764192
0.8550262372672086,0.9945861233793988,0.018969612023427892
0.8551291285111637,0.9945861233793988,0.01896789768496498
0.8551805741331413,0.9945861233793988,0.0189668729247306
0.8552320197551189,0.9945861233793988,0.01896476014432524
0.855334910999074,0.9945861233793988,0.018947624896266824
0.8553863566210516,0.9945861233793988,0.01894159472658443
0.8554635250540179,0.9945861233793988,0.018936185420263093
0.8555149706759955,0.9945861233793988,0.01893528821315109
0.8555921391089618,0.9945861233793988,0.018926717179327153
0.8556693075419282,0.9945861233793988,0.018921414916463628
0.8559779812737937,0.9945861233793988,0.018899565847856563
0.8560808725177488,0.9945861233793988,0.018898889138125922
0.8561323181397263,0.9945861233793988,0.018892666188287353
0.8561837637617039,0.9945861233793988,0.018892622845778178
0.856286655005659,0.9945861233793988,0.018867910182585493
0.8563381006276366,0.9945861233793988,0.018867598296559224
0.8564924374935693,0.9945861233793988,0.018859202269884818
0.8565953287375244,0.9945861233793988,0.018857419440024448
0.856646774359502,0.9945861233793988,0.01885541887541811
0.8567239427924683,0.9945861233793988,0.018850474649521286
0.8567753884144459,0.9945861233793988,0.018843631154985597
0.8568268340364235,0.9945861233793988,0.018836709263124876
0.8570583393353226,0.9945861233793988,0.018819301419319916
0.8571097849573002,0.9945861233793988,0.01881583293713665
0.8571869533902665,0.9945861233793988,0.018808894940876446
0.8572383990122441,0.9945861233793988,0.01880603637959317
0.8574956271221319,0.9945861233793988,0.018783931473568515
0.8575727955550982,0.9945861233793988,0.01878052967138312
0.8577528552320197,0.9945861233793988,0.018773747270234592
0.8577785780430085,0.994728593816783,0.01877142784442496
0.8578300236649861,0.994728593816783,0.018769336309264816
0.8579071920979524,0.994728593816783,0.018749064978547964
0.8579586377199301,0.994728593816783,0.01874860924396281
0.8580100833419076,0.994728593816783,0.01874252804705665
0.8581129745858628,0.994728593816783,0.018739899058997124
0.8586274308056384,0.994728593816783,0.018690061997807955
0.8587303220495935,0.994728593816783,0.018689154578153268
0.8589103817265151,0.994728593816783,0.01868065660099211
0.8589618273484927,0.994728593816783,0.018676795630371962
0.8590647185924478,0.994728593816783,0.018660373521860223
0.8590647185924478,0.9948710642541673,0.018657478307732313
0.8591161642144254,0.9948710642541673,0.018652269206272734
0.8591933326473917,0.9948710642541673,0.01864931835927677
0.8594505607572795,0.9948710642541673,0.01861797866809065
0.8595277291902459,0.9948710642541673,0.01861756437553458
0.8595534520012347,0.9948710642541673,0.018617224854454096
0.8597077888671674,0.9948710642541673,0.01860409903493614
0.8597849573001337,0.9948710642541673,0.018598741077947026
0.8598364029221113,0.9948710642541673,0.01859788320398137
0.8600936310319992,0.9948710642541673,0.01857386734408491
0.8601707994649656,0.9948710642541673,0.018569119768994193
0.8602222450869431,0.9948710642541673,0.01856908186254783
0.8602994135199095,0.9948710642541673,0.018565163953251924
0.8602994135199095,0.9950135346915515,0.01855764418162532
0.860350859141887,0.9950135346915515,0.018550559911533593
0.8603765819528758,0.9950135346915515,0.01854922882435233
0.8604280275748534,0.9950135346915515,0.018546410114442833
0.8606595328737524,0.9950135346915515,0.018517597420875612
0.8607367013067188,0.9950135346915515,0.01851079083671923
0.8608910381726516,0.9950135346915515,0.018495816107468057
0.8609424837946291,0.9950135346915515,0.01848758457173958
0.8609682066056179,0.9950135346915515,0.01847650821831141
0.8610453750385842,0.9950135346915515,0.018475356410555824
0.8611482662825394,0.9950135346915515,0.018467721488127208
0.8611739890935282,0.9951560051289358,0.018465823817920397
0.8616369996913262,0.9951560051289358,0.018417963202562934
0.8617656137462701,0.9951560051289358,0.018416752007156024
0.8619971190451693,0.9951560051289358,0.018392392536631084
0.8620485646671469,0.9951560051289358,0.018391908723369193
0.8625115752649449,0.9951560051289358,0.018344768441698616
0.8625630208869225,0.9951560051289358,0.018344702702188374
0.8628974174297768,0.9951560051289358,0.018320867390077378
0.8629488630517543,0.9951560051289358,0.01831952968070186
0.863823438625373,0.9951560051289358,0.018231345386148467
0.8639263298693282,0.9951560051289358,0.01822291523084069
0.8641321123572384,0.9951560051289358,0.018184725998327437
0.8642092807902048,0.9951560051289358,0.018177157577212073
0.864415063278115,0.9951560051289358,0.018149551401380512
0.8645179545220701,0.9951560051289358,0.018147163792304005
0.8645694001440477,0.9951560051289358,0.01814243612118663
0.8646208457660253,0.9951560051289358,0.01813472596634949
0.8650838563638235,0.9951560051289358,0.018085211710067228
0.8651610247967898,0.9951560051289358,0.018082664466908163
0.8653668072847001,0.9951560051289358,0.018056450025130528
0.8654182529066776,0.9951560051289358,0.018052793780300253
0.8654439757176664,0.9951560051289358,0.018048975437965954
0.8655468669616215,0.9951560051289358,0.018048749753500754
0.8656497582055767,0.99529847556632,0.018047270673578832
0.8659327091264534,0.99529847556632,0.01802021343032878
0.8660356003704085,0.99529847556632,0.018014887869144045
0.8661899372363412,0.99529847556632,0.018003026815976406
0.8662413828583188,0.99529847556632,0.018001807482451965
0.866447165346229,0.99529847556632,0.017987164529207747
0.8664986109682066,0.99529847556632,0.01798715540510026
0.8668330075110608,0.99529847556632,0.017955371700310096
0.866935898755016,0.99529847556632,0.01795144575748151
0.8672188496758926,0.99529847556632,0.017912684000383688
0.8672960181088589,0.99529847556632,0.017910721099868084
0.8673474637308365,0.99529847556632,0.01790476413620553
0.8674246321638028,0.99529847556632,0.01790185783080181
0.8675532462187467,0.99529847556632,0.01788862888852023
0.8676046918407243,0.99529847556632,0.017885598293150392
0.8676304146517131,0.99529847556632,0.01787906913291592
0.8677333058956683,0.99529847556632,0.017870230324916095
0.8679648111945674,0.99529847556632,0.017843351007638265
0.8680162568165449,0.99529847556632,0.01784208520089241
0.8683249305484103,0.99529847556632,0.01780301168493148
0.8684020989813767,0.99529847556632,0.017801720166167274
0.8686336042802757,0.99529847556632,0.01777918187585852
0.8686850499022534,0.99529847556632,0.017776861905439294
0.8687364955242309,0.99529847556632,0.0177619086609846
0.8688393867681861,0.99529847556632,0.01776064936351898
0.86896800082313,0.99529847556632,0.017758911732767432
0.8690451692560963,0.99529847556632,0.0177574712977002
0.8693281201769729,0.99529847556632,0.017739175936444453
0.8693538429879617,0.9954409460037043,0.017738848148130173
0.8693795657989505,0.9954409460037043,0.017735451725220668
0.869431011420928,0.9954409460037043,0.017730210233201236
0.8695081798538944,0.9954409460037043,0.017724959835160828
0.8696110710978495,0.9954409460037043,0.017715831163608906
0.8697911307747711,0.9954409460037043,0.017697792284556157
0.8699454676407038,0.9954409460037043,0.017692551743774838
0.8701255273176253,0.9954409460037043,0.01765857724877964
0.8701769729396028,0.9954409460037043,0.01765696802578955
0.8703570326165243,0.9954409460037043,0.01764296645418401
0.8704084782385019,0.9954409460037043,0.01764224224686962
0.8706142607264122,0.9954409460037043,0.017618149083793888
0.8706657063483898,0.9954409460037043,0.017617973414164344
0.8708200432143225,0.9954409460037043,0.017596502851286038
0.8708972116472888,0.9954409460037043,0.017596431664671893
0.8709486572692664,0.9954409460037043,0.017595059882201284
0.8709743800802552,0.9954409460037043,0.017593453285954474
0.8710258257022327,0.9954409460037043,0.017590863983528895
0.8711801625681654,0.9954409460037043,0.017556509158868066
0.8712830538121206,0.9954409460037043,0.01754958383609657
0.8713602222450869,0.9954409460037043,0.0175354955453076
0.8714116678670645,0.9954409460037043,0.017535218825168123
0.8715402819220084,0.9954409460037043,0.017533574872232918
0.8716688959769524,0.9954409460037043,0.017518020557260514
0.87172034159893,0.9954409460037043,0.017513151682003167
0.8720547381417841,0.9954409460037043,0.017473369474718847
0.8721319065747505,0.9954409460037043,0.017466332416196766
0.8724148574956271,0.9954409460037043,0.017421847340825868
0.8727235312274926,0.9954409460037043,0.017415856011295743
0.8728778680934253,0.9954409460037043,0.017410441243260737
0.8729550365263916,0.9954409460037043,0.017409432697983257
0.8733408786912233,0.9954409460037043,0.017385706920233404
0.8734437699351785,0.9954409460037043,0.01737981239795424
0.8734437699351785,0.9955834164410885,0.01737060828626448
0.8735209383681448,0.9955834164410885,0.017366255806069257
0.8735981068011113,0.9955834164410885,0.01736321749898393
0.873752443667044,0.9955834164410885,0.01734896261181913
0.8738038892890215,0.9955834164410885,0.017345823258885704
0.8739325033439654,0.9955834164410885,0.01733869251285268
0.873983948965943,0.9955834164410885,0.017338072819469322
0.8740868402098981,0.9955834164410885,0.01732378123616085
0.8741382858318757,0.9955834164410885,0.0173233072486506
0.874344068319786,0.9955834164410885,0.01730091735114211
0.8744469595637411,0.9955834164410885,0.017289465886176032
0.8745498508076963,0.9955834164410885,0.017272186751189134
0.8746527420516514,0.9955834164410885,0.017267420290687164
0.8746784648626402,0.9955834164410885,0.01726548881036303
0.8746784648626402,0.9957258868784727,0.017259128525083448
0.8751157526494495,0.9957258868784727,0.017202322196737348
0.8751671982714271,0.9957258868784727,0.01719494708194048
0.8752186438934046,0.9957258868784727,0.017187439517556635
0.8752700895153822,0.9957258868784727,0.01718417509667856
0.8753472579483486,0.9957258868784727,0.017170497149997663
0.8753987035703261,0.9957258868784727,0.01716842247018614
0.8775851425043729,0.9957258868784727,0.016886259247304376
0.8776365881263505,0.9957258868784727,0.016884035822590987
0.8776623109373393,0.9957258868784727,0.016883024871747043
0.8777652021812944,0.995868357315857,0.016880236844142082
0.87827965840107,0.995868357315857,0.01681050602499081
0.8783568268340364,0.995868357315857,0.016806264206903992
0.8783825496450252,0.995868357315857,0.01680540303761849
0.8784339952670028,0.9960108277532412,0.01680027583916207
0.8784597180779916,0.9960108277532412,0.016793949102364755
0.878536886510958,0.9960108277532412,0.016792282870693426
0.8786140549439243,0.9960108277532412,0.016780655618169323
0.8786912233768907,0.9960108277532412,0.016776546514167965
0.8788198374318346,0.9960108277532412,0.01676523685655958
0.8788970058648009,0.9960108277532412,0.016761610759376256
0.878999897108756,0.9960108277532412,0.01674068989648529
0.8790513427307336,0.9960108277532412,0.016740363066593714
0.8792828480296326,0.9960108277532412,0.01672376896497234
0.8793342936516102,0.9960108277532412,0.016723458260922103
0.8794371848955654,0.9960108277532412,0.016706622989533466
0.879488630517543,0.9960108277532412,0.016704194119777846
0.8795400761395206,0.9960108277532412,0.016701286703140614
0.8795915217614981,0.9960108277532412,0.01670098981977411
0.8797973042494084,0.9960108277532412,0.01668368746690497
0.879848749871386,0.9960108277532412,0.016679452787925843
0.8798744726823747,0.9960108277532412,0.016676601156717083
0.8799259183043523,0.9960108277532412,0.01667151239749352
0.880080255170285,0.9960108277532412,0.016662827038215137
0.8801831464142401,0.9960108277532412,0.016655753872374716
0.8802345920362177,0.9960108277532412,0.016651373444157555
0.8802860376581952,0.9960108277532412,0.01664780294143149
0.8804918201461056,0.9960108277532412,0.016635877826469476
0.8805432657680832,0.9960108277532412,0.01662982486882961
0.8806461570120383,0.9960108277532412,0.016628018485077042
0.8807233254450046,0.9960108277532412,0.016624730792269785
0.8807747710669822,0.9960108277532412,0.016623805866434537
0.8808262166889598,0.9960108277532412,0.016620459740286447
0.8809291079329149,0.9960108277532412,0.016619752476980866
0.8811091676098364,0.9960108277532412,0.016579442221739227
0.8811606132318139,0.9960108277532412,0.016575940484927644
0.8812892272867578,0.9960108277532412,0.01655692226901417
0.8813663957197243,0.9960108277532412,0.016556887783238765
0.8814435641526907,0.9960108277532412,0.016553885870492644
0.8814950097746682,0.9960108277532412,0.016552534245758213
0.8815979010186233,0.9960108277532412,0.016539909252851648
0.8816493466406009,0.9960108277532412,0.016528358730153955
0.8818294063175224,0.9960108277532412,0.0165018973828248
0.8818808519394999,0.9960108277532412,0.016500715648147722
0.8819580203724663,0.9960108277532412,0.01648904687825776
0.8820351888054326,0.9960108277532412,0.01648881655559746
0.8823181397263092,0.9960108277532412,0.016449870666256167
0.8824210309702645,0.9960108277532412,0.016445053288889188
0.8828583187570738,0.9960108277532412,0.016394076142181906
0.8828583187570738,0.9961532981906255,0.01638606490706466
0.8829354871900401,0.9961532981906255,0.016382081070862524
0.8832184381109167,0.9961532981906255,0.016365578079156607
0.8832698837328943,0.9961532981906255,0.016364621801016253
0.8833727749768495,0.9961532981906255,0.016335259072042942
0.8834242205988271,0.9961532981906255,0.016331740691538803
0.8835785574647598,0.9961532981906255,0.01632022644902852
0.8836557258977261,0.9961532981906255,0.016318619631888125
0.8838100627636588,0.9961532981906255,0.016300116566813686
0.8838615083856364,0.9961532981906255,0.016297997689799233
0.8838872311966252,0.9961532981906255,0.016296760849806687
0.8840158452515691,0.9961532981906255,0.016294790498611177
0.8840672908735466,0.9961532981906255,0.01628693447465087
0.8841187364955242,0.9961532981906255,0.016282043437837554
0.8842216277394793,0.9961532981906255,0.016279090650279292
0.8842987961724458,0.9961532981906255,0.016274415519866362
0.8843245189834346,0.9961532981906255,0.016273316395829112
0.8843759646054121,0.9961532981906255,0.016269341958382283
0.8846589155262887,0.9961532981906255,0.016237469994235545
0.8847618067702439,0.9961532981906255,0.016237380926479673
0.8849675892581541,0.9961532981906255,0.016215349938279725
0.8850190348801317,0.9962957686280097,0.016212656677973964
0.8850704805021092,0.9962957686280097,0.016209295202787848
0.8851476489350756,0.9962957686280097,0.016208256015693114
0.8851733717460644,0.9962957686280097,0.016208003316799724
0.8852505401790307,0.996438239065394,0.01620595431981102
0.8852762629900196,0.996438239065394,0.016198643946209113
0.8853277086119972,0.996438239065394,0.016197695459370307
0.8854305998559523,0.996438239065394,0.016189703623972176
0.8855077682889186,0.996438239065394,0.01618646836874332
0.8857135507768289,0.996438239065394,0.01617942944498238
0.8857649963988065,0.996438239065394,0.016175838580901013
0.8859193332647392,0.996438239065394,0.016160081506412113
0.8859707788867167,0.996438239065394,0.01615850826015035
0.8862022841856158,0.996438239065394,0.016121847337467583
0.8862794526185822,0.996438239065394,0.01612075187457783
0.8865109579174812,0.996438239065394,0.016112424860564096
0.8865881263504476,0.996438239065394,0.01610641140161516
0.8869739685152793,0.996438239065394,0.01605993542169078
0.8870254141372569,0.996438239065394,0.01605946844739143
0.887128305381212,0.996438239065394,0.016047004543159334
0.8872311966251673,0.996438239065394,0.01604251177239295
0.8875398703570326,0.996438239065394,0.016010633762403068
0.8876427616009878,0.996438239065394,0.016005983947375298
0.8876684844119765,0.996438239065394,0.016003258464519915
0.8877199300339541,0.996438239065394,0.016002477292761882
0.8877713756559317,0.9965807095027782,0.01599978875835661
0.8879514353328531,0.9965807095027782,0.015984241901758206
0.8880028809548307,0.9965807095027782,0.015984003146749783
0.8882086634427411,0.9965807095027782,0.015971405620485924
0.8882601090647186,0.9965807095027782,0.015970836360511872
0.8883630003086738,0.9965807095027782,0.015953807382886803
0.8884144459306513,0.9965807095027782,0.01595374712175506
0.8884916143636177,0.9965807095027782,0.015947248242376116
0.888568782796584,0.9965807095027782,0.01594450483020571
0.8888002880954831,0.9965807095027782,0.01593641119072546
0.8888517337174606,0.9965807095027782,0.015935468051034764
0.888928902150427,0.9965807095027782,0.015929936299918703
0.8889803477724045,0.9965807095027782,0.01592799708833481
0.8891089618273484,0.9965807095027782,0.015927259755667094
0.8891604074493261,0.9965807095027782,0.01592260709182979
0.8892632986932812,0.9965807095027782,0.015920555829084092
0.8893404671262476,0.9965807095027782,0.015914817631409416
0.8893919127482252,0.9965807095027782,0.015914646815581555
0.8894690811811915,0.9965807095027782,0.01590781138991302
0.8895205268031691,0.9965807095027782,0.015902082193985298
0.8896234180471242,0.9965807095027782,0.01589112789948865
0.8897263092910793,0.9965807095027782,0.015889297400839438
0.8899063689680008,0.9965807095027782,0.015874309286268307
0.8899835374009671,0.9965807095027782,0.015868744571740794
0.8902407655108551,0.9965807095027782,0.015840039493436892
0.8902922111328326,0.9965807095027782,0.015824776600788983
0.890369379565799,0.9965807095027782,0.015818910947994855
0.8904208251877765,0.9965807095027782,0.015814625902535066
0.8906266076756868,0.9965807095027782,0.015778778724213707
0.890832390163597,0.9965807095027782,0.015777979802027397
0.8908838357855746,0.9965807095027782,0.015774486799873533
0.8909352814075522,0.9965807095027782,0.015757376532862855
0.8910124498405185,0.9965807095027782,0.015747338936134645
0.8910124498405185,0.9967231799401625,0.0157454628186344
0.8910896182734849,0.9967231799401625,0.015743947004772996
0.8911925095174401,0.9967231799401625,0.015733390360452935
0.8912439551394177,0.9967231799401625,0.015732719145643705
0.8913725691943616,0.9967231799401625,0.0157215257048866
0.8914754604383167,0.9967231799401625,0.01571214393368293
0.8915011832493055,0.9967231799401625,0.01570855918728956
0.8915526288712831,0.9967231799401625,0.015706513642350383
0.8916555201152382,0.9967231799401625,0.015698103968721427
0.8917069657372158,0.9967231799401625,0.01569672613560488
0.8918613026031484,0.9967231799401625,0.015681023759412518
0.8918613026031484,0.9968656503775467,0.015680892685559004
0.891912748225126,0.9968656503775467,0.01567925599166633
0.8919899166580924,0.9968656503775467,0.015676578139718438
0.892401481633913,0.9968656503775467,0.015644816231392716
0.8924786500668793,0.9968656503775467,0.015642071860233826
0.8926072641218232,0.9968656503775467,0.015633308760206407
0.8926587097438008,0.9968656503775467,0.015633136079299104
0.8927873237987447,0.9968656503775467,0.015617754955911632
0.8928902150426998,0.9968656503775467,0.0156173535481695
0.8929673834756662,0.9968656503775467,0.01561395567494996
0.8930188290976437,0.9968656503775467,0.015613670992933475
0.8930445519086325,0.9968656503775467,0.015611197661877104
0.8930959975306102,0.997008120814931,0.015609916834410285
0.8936361765613746,0.997008120814931,0.015556958020127874
0.8936876221833522,0.997008120814931,0.015556712074311488
0.8937905134273073,0.997008120814931,0.015549869729800339
0.8938934046712624,0.997008120814931,0.015544244281194119
0.894896594299825,0.997008120814931,0.015465897330984666
0.8949480399218026,0.997008120814931,0.015464711367043018
0.8950252083547691,0.997008120814931,0.01546230436906757
0.8950509311657578,0.997008120814931,0.015460643591243814
0.8951023767877354,0.997008120814931,0.015457556881688973
0.8951280995987242,0.997008120814931,0.015452939872618986
0.8952567136536681,0.997008120814931,0.015451872273969493
0.8953081592756457,0.997008120814931,0.015449506942739248
0.8953596048976232,0.997008120814931,0.015442506739358805
0.895385327708612,0.997008120814931,0.01543832161591752
0.8954367733305896,0.997008120814931,0.015435590199864695
0.8955139417635559,0.997008120814931,0.015419068328564331
0.8955911101965223,0.997008120814931,0.015410929163980434
0.895616833007511,0.997008120814931,0.015402500636862429
0.8956682786294886,0.997008120814931,0.015401620860464814
0.8956682786294886,0.9971505912523152,0.015399102880610614
0.895745447062455,0.9971505912523152,0.015394429668740791
0.8958997839283876,0.9971505912523152,0.015385461547297112
0.895976952361354,0.9971505912523152,0.015380834013420169
0.8970315876118943,0.9971505912523152,0.015307033047612429
0.8970830332338718,0.9971505912523152,0.01530620454031215
0.8971602016668382,0.9971505912523152,0.015301078294460828
0.8972630929107933,0.9971505912523152,0.01529499478505943
0.8977003806976026,0.9971505912523152,0.015241611457868544
0.8978032719415577,0.9971505912523152,0.015237610301317928
0.8978289947525465,0.9971505912523152,0.015236004688464047
0.8978289947525465,0.9972930616896993,0.01523264142877348
0.8978804403745241,0.9972930616896993,0.015223732395668516
0.8979318859965016,0.9972930616896993,0.015222155563542509
0.8980347772404569,0.9972930616896993,0.01521215066636161
0.8980862228624344,0.9972930616896993,0.015207644767428063
0.8981633912954008,0.9972930616896993,0.015207049237850597
0.8986521247041876,0.9972930616896993,0.01515744944504431
0.8987550159481428,0.9972930616896993,0.015153618156917978
0.8988321843811091,0.9972930616896993,0.015145991683781397
0.8988836300030867,0.9972930616896993,0.015145623507137235
0.8989607984360531,0.9972930616896993,0.015139816649300752
0.8990122440580307,0.9972930616896993,0.01513471835046451
0.899089412490997,0.9972930616896993,0.015134070098420487
0.8991665809239634,0.9972930616896993,0.015131210221669933
0.8992694721679185,0.9972930616896993,0.015130261878695166
0.8993209177898961,0.9972930616896993,0.01512752758545693
0.8995009774668176,0.9972930616896993,0.015126828494553367
0.8996038687107727,0.9972930616896993,0.015118219755680293
0.8996553143327503,0.9972930616896993,0.015115535870644922
0.8997839283876942,0.9972930616896993,0.015114139626471646
0.8998868196316493,0.9972930616896993,0.01511098001108582
0.8998868196316493,0.9974355321270836,0.015109425975127938
0.9002726617964811,0.9974355321270836,0.015074518588210777
0.9003241074184587,0.9974355321270836,0.015073600985765387
0.900529889906369,0.9974355321270836,0.015062558320666624
0.9005813355283465,0.9974355321270836,0.015062292688169722
0.900761395205268,0.9974355321270836,0.015044621373754927
0.9008642864492231,0.9974355321270836,0.015040494455097815
0.9010957917481223,0.9974355321270836,0.015011197488389947
0.9011472373700998,0.9974355321270836,0.015010734433862041
0.9011729601810886,0.9974355321270836,0.015008852066930234
0.9013272970470213,0.9974355321270836,0.015004647652291208
0.9014559111019652,0.9974355321270836,0.01499993739563939
0.9015073567239428,0.9974355321270836,0.014992413668533284
0.9015588023459203,0.9974355321270836,0.014986062213486612
0.9016616935898755,0.9974355321270836,0.014981836853886555
0.901713139211853,0.9974355321270836,0.01497741141878559
0.9017645848338306,0.9975780025644678,0.014976548718374326
0.9018417532667969,0.9975780025644678,0.014971642740153175
0.9018931988887746,0.9975780025644678,0.014970673935090974
0.901970367321741,0.9975780025644678,0.01496189827621788
0.9020218129437185,0.9975780025644678,0.014960292773540133
0.9022533182426176,0.9975780025644678,0.014938655373339755
0.9023047638645951,0.9975780025644678,0.01493008340226365
0.9024591007305278,0.9975780025644678,0.014913626782870016
0.9025105463525054,0.9975780025644678,0.014913293259673839
0.9025362691634942,0.9975780025644678,0.014912289612721601
0.9026391604074493,0.9975780025644678,0.014910581401146155
0.9028449428953597,0.9975780025644678,0.014891861244750296
0.902922111328326,0.9975780025644678,0.014889138238247834
0.9030764481942587,0.9975780025644678,0.014882609270925717
0.9031278938162363,0.9975780025644678,0.014878448321195625
0.9034880131700792,0.9975780025644678,0.014841768351238056
0.9035394587920568,0.9975780025644678,0.01484127732447854
0.904002469389855,0.9975780025644678,0.014808604015065716
0.9040539150118325,0.9975780025644678,0.01480067612985381
0.9042854203107316,0.9975780025644678,0.014771748611844014
0.9043368659327091,0.9975780025644678,0.014769923036961079
0.9047227080975409,0.9975780025644678,0.014730566282291604
0.9047741537195184,0.9975780025644678,0.014723878866728735
0.9050571046403951,0.9975780025644678,0.014699562641523636
0.9051599958843503,0.9975780025644678,0.014698227385245234
0.9053657783722605,0.9975780025644678,0.014678106656201197
0.9054172239942381,0.9975780025644678,0.014674580468978848
0.9055201152381932,0.9975780025644678,0.014667724179434561
0.9055715608601708,0.9975780025644678,0.014663409540408196
0.9056744521041259,0.9975780025644678,0.014657790575750854
0.9057773433480811,0.9975780025644678,0.014654419093012403
0.9058545117810475,0.9975780025644678,0.014635185818780665
0.9059316802140138,0.9975780025644678,0.014629780542587444
0.9059574030250026,0.9975780025644678,0.014626345631714088
0.9060088486469802,0.9975780025644678,0.014626251466703034
0.9060860170799465,0.9975780025644678,0.014615294461447641
0.9061374627019241,0.9975780025644678,0.014613753131538109
0.9063432451898343,0.9975780025644678,0.014593501587362294
0.9065233048667558,0.9975780025644678,0.014592128184091552
0.906754810165655,0.9975780025644678,0.014575667860815272
0.9068062557876325,0.9975780025644678,0.014572403928333992
0.9071920979524642,0.9975780025644678,0.014520516120581676
0.9072435435744418,0.9975780025644678,0.014520438289610464
0.9075522173063072,0.9975780025644678,0.014482149730786383
0.9076036629282848,0.9975780025644678,0.014481711047519727
0.9078094454161951,0.9975780025644678,0.0144650375525645
0.9078608910381727,0.9975780025644678,0.01446480642669144
0.908066673526083,0.9975780025644678,0.01444775108515165
0.9081695647700381,0.9975780025644678,0.014433380150815163
0.9084782385019035,0.9975780025644678,0.014401010985040139
0.9085811297458586,0.9975780025644678,0.014400688372891286
0.9088383578557465,0.9975780025644678,0.014353395071685357
0.9088898034777241,0.9975780025644678,0.014345285318184601
0.9089669719106904,0.9975780025644678,0.014335338874043022
0.9090441403436568,0.9975780025644678,0.01433218589962342
0.9090698631546456,0.9975780025644678,0.014330365905374195
0.9091213087766231,0.9975780025644678,0.014326387232093327
0.9091984772095895,0.9975780025644678,0.01431313503622894
0.909249922831567,0.9975780025644678,0.014303890380027872
0.9093270912645334,0.9975780025644678,0.014293072530198549
0.9093785368865109,0.9975780025644678,0.014292581273418857
0.9094557053194773,0.9975780025644678,0.014286203304283485
0.9096614878073875,0.9975780025644678,0.014261276443876973
0.909738656240354,0.9975780025644678,0.014258204053551191
0.9098672702952979,0.9975780025644678,0.014245190654134586
0.9099187159172755,0.9975780025644678,0.014244699783990811
0.9100473299722194,0.9975780025644678,0.014228481945844832
0.9100987755941969,0.9975780025644678,0.014219604307390854
0.9101244984051857,0.9975780025644678,0.0142080370679069
0.9101759440271633,0.9975780025644678,0.014197911385307604
0.9103560037040848,0.9975780025644678,0.01416696620673227
0.9104074493260623,0.9975780025644678,0.014161820757674283
0.9104331721370511,0.9975780025644678,0.014161253796386697
0.9104846177590287,0.9975780025644678,0.014156374305102805
0.9107418458689166,0.9975780025644678,0.014127924700862608
0.9108447371128717,0.9975780025644678,0.014127755120191987
0.911050519600782,0.9975780025644678,0.014106729798419359
0.9111019652227595,0.9975780025644678,0.014099705780466302
0.9111791336557259,0.9975780025644678,0.014090684188714562
0.9112305792777035,0.9975780025644678,0.014090058298960378
0.9113849161436361,0.9975780025644678,0.014075859089945362
0.9114878073875913,0.9975780025644678,0.014073387114488916
0.9115135301985801,0.9975780025644678,0.014072621261429741
0.9115649758205576,0.9975780025644678,0.014065290248555552
0.9116164214425352,0.9975780025644678,0.014061996316154665
0.9116935898755016,0.9975780025644678,0.0140611170778481
0.9118479267414343,0.9975780025644678,0.014039352205201486
0.9118993723634119,0.9975780025644678,0.01403891514556954
0.912002263607367,0.9975780025644678,0.01402751950723822
0.9120537092293446,0.9975780025644678,0.014020924529568057
0.9122337689062661,0.9975780025644678,0.013996363505470715
0.9122852145282436,0.9975780025644678,0.013990787997229318
0.9123366601502212,0.9975780025644678,0.013987780299372643
0.9124395513941763,0.9975780025644678,0.013985887364937598
0.912593888260109,0.9975780025644678,0.013974154095045698
0.9126710566930755,0.9975780025644678,0.013973691929879122
0.912722502315053,0.9975780025644678,0.013972080731121194
0.9127482251260418,0.9975780025644678,0.013970146874572058
0.9127996707480194,0.9975780025644678,0.013969644683255948
0.913314126967795,0.9975780025644678,0.013921116680032236
0.9133912954007614,0.9975780025644678,0.013914858901012557
0.9135970778886717,0.9975780025644678,0.013895406398258673
0.9136485235106493,0.9975780025644678,0.013890941432384616
0.9136742463216381,0.9975780025644678,0.013889802945963753
0.9137256919436156,0.9975780025644678,0.013889744262372546
0.9137771375655932,0.9975780025644678,0.013888224135276978
0.9138285831875708,0.9975780025644678,0.013886497779229446
0.9142915937853688,0.9975780025644678,0.013824483908136976
0.9143173165963576,0.9977204730018521,0.013821709320712555
0.9144459306513015,0.9977204730018521,0.013811824902719325
0.9144973762732791,0.9977204730018521,0.013806555315603177
0.9145488218952567,0.9977204730018521,0.013798508056051442
0.9146002675172343,0.9977204730018521,0.013795363271101212
0.9146517131392119,0.9977204730018521,0.013792108201354103
0.9147031587611895,0.9977204730018521,0.013788994605561338
0.9147288815721782,0.9977204730018521,0.01378483636150803
0.914754604383167,0.9978629434392363,0.0137845288159456
0.9157063483897521,0.9978629434392363,0.013692188164718613
0.9157835168227184,0.9978629434392363,0.013691957307450686
0.9158606852556848,0.9978629434392363,0.013678119615513353
0.9158606852556848,0.9980054138766206,0.013676223301747578
0.9161436361765614,0.9980054138766206,0.013637169772521295
0.9161950817985389,0.9980054138766206,0.013636545635305905
0.9166838152073259,0.9980054138766206,0.013602986297572617
0.9167352608293035,0.9980054138766206,0.013590917286514752
0.9169153205062249,0.9980054138766206,0.0135691269185815
0.9169924889391913,0.9980054138766206,0.013567707769398515
0.9170182117501801,0.9980054138766206,0.013563778329985827
0.9171982714271015,0.9980054138766206,0.013558707560134692
0.9172497170490791,0.9980054138766206,0.013551925156353624
0.9173011626710567,0.9980054138766206,0.013551609930888497
0.9175841135919334,0.9980054138766206,0.013512603365614195
0.9176355592139109,0.9980054138766206,0.013510127834768158
0.9176870048358885,0.9980054138766206,0.013505626819100515
0.9177384504578661,0.9980054138766206,0.013503790842956389
0.9179442329457763,0.9980054138766206,0.013485433459868218
0.9179442329457763,0.9981478843140048,0.013482476347727613
0.9183815207325856,0.9981478843140048,0.013414289769608798
0.9184329663545632,0.9981478843140048,0.013411715219999542
0.9184844119765408,0.9981478843140048,0.013407362331751221
0.9185358575985184,0.9981478843140048,0.013407268032041973
0.9187416400864287,0.9981478843140048,0.01338882591151848
0.9187930857084062,0.9981478843140048,0.013384870158833728
0.918818808519395,0.9981478843140048,0.01338298348182168
0.9188702541413726,0.9981478843140048,0.013381827460351733
0.9190245910073053,0.9981478843140048,0.013372724726003444
0.9190760366292828,0.9981478843140048,0.013363927204792467
0.9191017594402716,0.9981478843140048,0.013360297923962077
0.919178927873238,0.9981478843140048,0.01335920214331846
0.9192303734952155,0.9981478843140048,0.01335478613487495
0.9192818191171931,0.9981478843140048,0.013354037328406499
0.919539047227081,0.9981478843140048,0.013315084329887539
0.9195904928490586,0.9981478843140048,0.013314387852482108
0.9196162156600474,0.9981478843140048,0.013314253785591664
0.9196933840930137,0.9981478843140048,0.01331330402963489
0.919899166580924,0.9981478843140048,0.01330213280168122
0.9200020578248791,0.9981478843140048,0.013298069423764778
0.9200277806358679,0.9981478843140048,0.013296437658352176
0.9201049490688342,0.9981478843140048,0.013295304547342705
0.9202592859347669,0.9981478843140048,0.013273551200472812
0.9203107315567445,0.9981478843140048,0.013271850509969615
0.9204650684226773,0.9981478843140048,0.013247812866707362
0.9205165140446548,0.9981478843140048,0.013244097035088234
0.9205936824776212,0.9981478843140048,0.013235407561177005
0.9206451280995988,0.9981478843140048,0.013235257121530059
0.9207222965325651,0.9981478843140048,0.013231311694408105
0.9208251877765202,0.9981478843140048,0.013225517327577973
0.920850910587509,0.9981478843140048,0.013221109692218748
0.9208766333984978,0.998290354751389,0.01321956077187856
0.9209023562094866,0.998290354751389,0.013214089817773694
0.9209538018314641,0.998290354751389,0.013213399783819564
0.921211029941352,0.998290354751389,0.013186951001653274
0.9212624755633295,0.998290354751389,0.013186111759875958
0.9214682580512399,0.998290354751389,0.013163190935041534
0.921571149295195,0.998290354751389,0.013162503523551326
0.9216225949171726,0.998290354751389,0.013160558154151512
0.9216483177281614,0.998290354751389,0.013154338417590599
0.9217254861611277,0.998290354751389,0.01315112973519423
0.9218283774050828,0.998290354751389,0.01312368106510202
0.9218798230270604,0.998290354751389,0.013122977782596319
0.9220856055149707,0.998290354751389,0.013106402718173362
0.9222142195699146,0.998290354751389,0.013100470146578114
0.9222913880028809,0.998290354751389,0.013097849744023645
0.9223685564358474,0.998290354751389,0.013089105156732152
0.9224200020578249,0.998290354751389,0.013087135710575902
0.9225228933017801,0.998290354751389,0.013072519080922393
0.9225743389237576,0.998290354751389,0.013070101385186949
0.9226000617347464,0.998290354751389,0.01307003102565959
0.9226000617347464,0.9984328251887733,0.013065813207714928
0.9228572898446342,0.9984328251887733,0.013044652541470223
0.9229859038995781,0.9984328251887733,0.013043105386339309
0.9231402407655108,0.9984328251887733,0.013019803463779926
0.923243132009466,0.9984328251887733,0.013019635866192892
0.9235518057413314,0.9984328251887733,0.013002390933254561
0.9235518057413314,0.9985752956261575,0.013001837688086307
0.9235775285523202,0.9985752956261575,0.01299878475676042
0.9236546969852866,0.9985752956261575,0.01299462235820008
0.9237318654182529,0.9985752956261575,0.01299216044466012
0.9237833110402305,0.9985752956261575,0.012992148327568287
0.9240148163391295,0.9985752956261575,0.01297168910822767
0.9240662619611071,0.9985752956261575,0.01297116352361428
0.9241177075830846,0.9985752956261575,0.012966395854817922
0.924194876016051,0.9985752956261575,0.012960389457292948
0.9242977672600061,0.9985752956261575,0.012947417769874035
0.9243492128819838,0.9985752956261575,0.012943270774923
0.9245035497479165,0.9985752956261575,0.012929070066803635
0.924554995369894,0.9985752956261575,0.012927162580731129
0.9247607778578043,0.9985752956261575,0.012901063555832643
0.9248122234797819,0.9985752956261575,0.012897281909908367
0.9249408375347258,0.9985752956261575,0.012875734648642136
0.9249922831567033,0.9985752956261575,0.012871509962038754
0.9251723428336248,0.9985752956261575,0.012854394140817307
0.9252237884556024,0.9987177660635418,0.012853501630809417
0.9252752340775799,0.9987177660635418,0.012851362955781476
0.9253266796995576,0.9987177660635418,0.012846622452920758
0.9257896902973557,0.9987177660635418,0.01280151287266907
0.925866858730322,0.9987177660635418,0.012795378425918867
0.9259183043522996,0.9987177660635418,0.012790357930013981
0.9260983640292211,0.9987177660635418,0.012778468886868663
0.9261498096511986,0.9987177660635418,0.012775866182420981
0.9261755324621874,0.9987177660635418,0.012773974357079805
0.926226978084165,0.9987177660635418,0.012771480987445573
0.9263041465171314,0.9987177660635418,0.012766797630027697
0.926355592139109,0.9987177660635418,0.012764221612534933
0.9266128202489968,0.9987177660635418,0.012728438168813297
0.9266642658709744,0.9987177660635418,0.012724016141441943
0.9268186027369071,0.9987177660635418,0.012713991797475748
0.9268700483588846,0.9987177660635418,0.012711214478337986
0.9269729396028398,0.9987177660635418,0.01270179965842784
0.9270501080358061,0.9987177660635418,0.012700972948896105
0.9272301677127276,0.9987177660635418,0.012682122365320046
0.927307336145694,0.9987177660635418,0.012674463403901057
0.9275902870665707,0.9987177660635418,0.012645802414989414
0.927667455499537,0.9987177660635418,0.012639826865664684
0.9276931783105258,0.9987177660635418,0.012638673170041114
0.9277703467434921,0.9987177660635418,0.012636257270011586
0.9278217923654697,0.9987177660635418,0.012634368702182227
0.9278475151764585,0.9987177660635418,0.012633133725936845
0.927898960798436,0.9987177660635418,0.01263081826230708
0.9279761292314024,0.9987177660635418,0.012625561929775578
0.9280275748533799,0.9987177660635418,0.01262184419107344
0.9280532976643687,0.9987177660635418,0.012613848977526907
0.9281047432863463,0.9987177660635418,0.012612956205061976
0.9282333573412903,0.9987177660635418,0.01259683117838951
0.9282848029632679,0.9987177660635418,0.012595415676671644
0.9283362485852454,0.9987177660635418,0.012592830962682416
0.928387694207223,0.9987177660635418,0.012588867090552978
0.9288249819940323,0.9987177660635418,0.012545503787259151
0.9289021504269986,0.9987177660635418,0.012541965145258195
0.9291079329149089,0.9987177660635418,0.012530086766518367
0.9291593785368865,0.9987177660635418,0.012525142486381138
0.9292365469698529,0.9987177660635418,0.012513830882085847
0.9293651610247968,0.9987177660635418,0.012510479522086674
0.9295966663236959,0.9987177660635418,0.012484744649354416
0.9296481119456734,0.9987177660635418,0.012484459017758714
0.9298281716225949,0.9987177660635418,0.012459699060610062
0.9298796172445725,0.9987177660635418,0.012459478210774104
0.9301111225434715,0.9987177660635418,0.012436822082222888
0.9301625681654491,0.9987177660635418,0.012433066002895354
0.9303940734643482,0.9987177660635418,0.012419797885849038
0.9304455190863258,0.9987177660635418,0.012418887970287113
0.9304969647083033,0.9987177660635418,0.012413183696150321
0.9305998559522585,0.9987177660635418,0.012412233676756146
0.9308828068731351,0.9987177660635418,0.0123853345923294
0.9309342524951126,0.9987177660635418,0.012382356680016452
0.9309856981170902,0.9987177660635418,0.012378500242794835
0.9310628665500565,0.9987177660635418,0.012377518930512903
0.9311143121720341,0.9987177660635418,0.01236993173440885
0.9311657577940118,0.9987177660635418,0.012364941034449548
0.9312172034159893,0.9987177660635418,0.012360045020082956
0.9312429262269781,0.9987177660635418,0.012356720729564178
0.9312943718489557,0.9987177660635418,0.012356531679723089
0.9315515999588435,0.9987177660635418,0.012333212655726152
0.9317059368247762,0.9987177660635418,0.012332098915496654
0.9317573824467538,0.9987177660635418,0.0123258631718707
0.9318088280687313,0.9987177660635418,0.012322332569637794
0.9320917789896079,0.9987177660635418,0.012283662702831528
0.9321432246115856,0.9987177660635418,0.012282152243946807
0.9323232842885071,0.9987177660635418,0.012254917418192688
0.9323747299104846,0.9987177660635418,0.012245453966172971
0.9325033439654286,0.9987177660635418,0.012235195226758469
0.9325805123983949,0.9987177660635418,0.012234285065359236
0.9328891861302603,0.9987177660635418,0.012191758148015435
0.9329406317522378,0.9987177660635418,0.012188790644558778
0.9331206914291594,0.9987177660635418,0.012164712625708866
0.9331978598621258,0.9987177660635418,0.012163838003132579
0.9332493054841033,0.9987177660635418,0.012157062814410894
0.933403642350036,0.9987177660635418,0.012153108413798245
0.9334808107830024,0.9987177660635418,0.012142898829204793
0.9335322564049799,0.9987177660635418,0.012139677606488021
0.9338923757588229,0.9987177660635418,0.012095942795820288
0.9338923757588229,0.998860236500926,0.01209056586302414
0.9339438213808005,0.998860236500926,0.01208489422277763
0.9340467126247556,0.998860236500926,0.01207455105327969
0.934123881057722,0.998860236500926,0.01206302423936005
0.9341753266796996,0.998860236500926,0.012062320233847868
0.9343039407346435,0.998860236500926,0.012037760371325817
0.9344068319785986,0.998860236500926,0.01202991584115418
0.9348183969544192,0.998860236500926,0.011981275152284367
0.9348698425763967,0.998860236500926,0.011970610700438034
0.9351270706862846,0.998860236500926,0.011935956613618081
0.935204239119251,0.998860236500926,0.011934734312117895
0.9352299619302398,0.998860236500926,0.011932433776324225
0.9352814075522173,0.998860236500926,0.011932050728741398
0.9354100216071612,0.998860236500926,0.011922915897513306
0.9354614672291388,0.998860236500926,0.01192126446449073
0.9357186953390266,0.998860236500926,0.011882484409420519
0.9357701409610042,0.998860236500926,0.01188199455672966
0.9359244778269369,0.998860236500926,0.011865311139188114
0.9359759234489144,0.998860236500926,0.01186119947093024
0.9362074287478136,0.998860236500926,0.01184695556382341
0.9362845971807799,0.998860236500926,0.011845750514942252
0.9363103199917687,0.998860236500926,0.011843662442540417
0.9364646568577014,0.998860236500926,0.011836165179146
0.9365418252906678,0.998860236500926,0.011833380643521987
0.9365418252906678,0.9990027069383103,0.011833035699195363
0.9366447165346229,0.9990027069383103,0.011827794405857016
0.9367218849675892,0.9990027069383103,0.011821031413904368
0.9368504990225331,0.9990027069383103,0.011806140188003173
0.9369276674554995,0.9990027069383103,0.011800059262804075
0.936979113077477,0.9990027069383103,0.011796274035832763
0.9370305586994547,0.9990027069383103,0.01179232114623846
0.9371077271324211,0.9990027069383103,0.011791811730571046
0.9374421236752752,0.9990027069383103,0.011762436588145528
0.9374935692972528,0.9990027069383103,0.01176151107916976
0.9375450149192304,0.9990027069383103,0.011760879459285953
0.9376736289741743,0.9990027069383103,0.011750771354232378
0.9379565798950509,0.9990027069383103,0.01172260823855159
0.9380594711390061,0.9990027069383103,0.011717108061246236
0.9382395308159276,0.9990027069383103,0.011702340961032728
0.9382909764379052,0.9990027069383103,0.011700026580466047
0.9383424220598827,0.9990027069383103,0.011695131595884681
0.9383938676818603,0.9990027069383103,0.011690381521801713
0.9384967589258154,0.9990027069383103,0.011680100771552973
0.938548204547793,0.9990027069383103,0.01167190714585894
0.9387025414137257,0.9990027069383103,0.011656650645912838
0.9388568782796584,0.9990027069383103,0.01165562778831966
0.9389083239016359,0.9990027069383103,0.011653601905601978
0.9389597695236135,0.9990027069383103,0.01165272298172608
0.9390369379565799,0.9990027069383103,0.011643701703543922
0.9390883835785575,0.9990027069383103,0.011643516583162712
0.939268443255479,0.9990027069383103,0.011632050552786476
0.9393198888774565,0.9990027069383103,0.01163136434463518
0.9394742257433892,0.9990027069383103,0.011615705710848228
0.9395513941763556,0.9990027069383103,0.011614718643433402
0.9396028397983331,0.9990027069383103,0.011613149544167351
0.9396285626093219,0.9990027069383103,0.011608320089037685
0.9396800082312995,0.9990027069383103,0.011607767526423817
0.939731453853277,0.9990027069383103,0.011603963601619614
0.9398086222862434,0.9990027069383103,0.01159859622874121
0.939860067908221,0.9990027069383103,0.011595721703274192
0.9399115135301985,0.9990027069383103,0.011587173915378503
0.9403488013170079,0.9990027069383103,0.011541571139624045
0.9404002469389855,0.9990027069383103,0.011540479866256679
0.940580306615907,0.9990027069383103,0.011518350559638147
0.9406317522378845,0.9990027069383103,0.011516155178302727
0.9407346434818397,0.9990027069383103,0.011515669157200406
0.9409147031587611,0.9990027069383103,0.011483822141844858
0.9409661487807388,0.9990027069383103,0.011482884021418227
0.9413519909455705,0.9990027069383103,0.011441340916209486
0.9414034365675481,0.9990027069383103,0.011428756387884577
0.9414548821895257,0.9990027069383103,0.011419890554568213
0.9416092190554584,0.9990027069383103,0.011412115361397973
0.9418664471653462,0.9990027069383103,0.011376917466262432
0.9419178927873239,0.9990027069383103,0.011374204686551797
0.9420465068422678,0.9990027069383103,0.011362587068826703
0.9421236752752341,0.9990027069383103,0.011351673825320124
0.9422780121411668,0.9990027069383103,0.01132362024313753
0.9423809033851219,0.9990027069383103,0.01132261036826872
0.9425609630620434,0.9990027069383103,0.011289319918108527
0.9426381314950097,0.9990027069383103,0.01127881892211328
0.9427410227389649,0.9990027069383103,0.011275795463667722
0.9428181911719312,0.9990027069383103,0.011273132614078264
0.9431783105257743,0.9990027069383103,0.011227659375706751
0.9432297561477518,0.9990027069383103,0.011219770913344437
0.9432554789587406,0.9990027069383103,0.011207750291635435
0.9433583702026958,0.9990027069383103,0.011205789570705657
0.9435127070686284,0.9990027069383103,0.011199028967222763
0.9435898755015948,0.9990027069383103,0.011198224046672672
0.9436413211235724,0.9990027069383103,0.01119474076172946
0.9436927667455499,0.9990027069383103,0.011183041618807756
0.9437699351785163,0.9990027069383103,0.011177209787089245
0.9438213808004938,0.9990027069383103,0.011175209402810212
0.9438471036114826,0.9990027069383103,0.011174097332580858
0.9439242720444491,0.9990027069383103,0.011172193087502136
0.9439757176664266,0.9990027069383103,0.011170995153432386
0.9440271632884042,0.9990027069383103,0.011156880515644216
0.944052886099393,0.9990027069383103,0.011156876883111004
0.9441557773433481,0.9990027069383103,0.011155002228912844
0.9442586685873032,0.9990027069383103,0.011135188417817745
0.9443615598312584,0.9990027069383103,0.011132075414680255
0.9444130054532359,0.9990027069383103,0.011114088054536573
0.9444130054532359,0.9991451773756945,0.011108820268171147
0.9444387282642247,0.9991451773756945,0.01109928637252221
0.9444901738862023,0.9991451773756945,0.011086714692424211
0.9445673423191686,0.9991451773756945,0.011077764979120613
0.9446187879411462,0.9991451773756945,0.01107653477540703
0.9447216791851013,0.9991451773756945,0.011067155894665715
0.9448245704290565,0.9991451773756945,0.011063904772379477
0.9448502932400453,0.9991451773756945,0.011055746321083427
0.9449017388620229,0.9991451773756945,0.011049441266016013
0.9449531844840005,0.9991451773756945,0.011040373943204588
0.9450560757279556,0.9991451773756945,0.011036659073679789
0.9451075213499331,0.9991451773756945,0.011034940201083617
0.9452875810268546,0.9991451773756945,0.011033777400995355
0.9454933635147649,0.9991451773756945,0.011004811460859257
0.9455448091367424,0.9991451773756945,0.011003409622754562
0.9456219775697088,0.9991451773756945,0.010999358404674435
0.9456734231916863,0.9991451773756945,0.010996983216500257
0.9456991460026751,0.9991451773756945,0.010995620586120016
0.9458020372466304,0.9991451773756945,0.010990494500102836
0.9459563741125631,0.9991451773756945,0.01097242792588911
0.9460078197345406,0.9991451773756945,0.010970751769365733
0.9460335425455294,0.9991451773756945,0.010964213631331675
0.946084988167507,0.9991451773756945,0.010954529523483825
0.9461621566004733,0.9991451773756945,0.010950948138116458
0.9462136022224509,0.9991451773756945,0.010948496928666762
0.9466251671982714,0.9991451773756945,0.010885477316354215
0.9467280584422265,0.9991451773756945,0.010883614092217726
0.9467795040642042,0.9991451773756945,0.010882954796129458
0.9468823953081593,0.9991451773756945,0.010879751763301335
0.9470110093631032,0.9991451773756945,0.010842730630264306
0.9470624549850808,0.9991451773756945,0.01084225371229341
0.9474225743389237,0.9991451773756945,0.010781697236306764
0.9474997427718901,0.9991451773756945,0.010779006449600784
0.9476798024488116,0.9991451773756945,0.010765345823324089
0.9477312480707891,0.9991451773756945,0.010765306414525007
0.9478598621257331,0.9991451773756945,0.010754582175963527
0.9479113077477107,0.9991451773756945,0.010754424672123048
0.948117090235621,0.9991451773756945,0.01072871128133313
0.9481942586685873,0.9991451773756945,0.010724390757824116
0.9482714271015537,0.9991451773756945,0.010717754804989182
0.9483743183455088,0.9991451773756945,0.010713926392230469
0.9484000411564976,0.9991451773756945,0.010713746598917374
0.9484514867784751,0.9991451773756945,0.010710176934422624
0.9488630517542957,0.9991451773756945,0.010656894284432323
0.9489402201872621,0.9991451773756945,0.010654455360437222
0.9489916658092397,0.9991451773756945,0.01064830991189273
0.949068834242206,0.9991451773756945,0.01064775241610457
0.9494032307850602,0.9991451773756945,0.01060931046947867
0.9494546764070377,0.9991451773756945,0.01060618120030695
0.9495061220290153,0.9991451773756945,0.010599309158340332
0.9496090132729704,0.9991451773756945,0.010597443500784471
0.9496861817059368,0.9991451773756945,0.010589446632765604
0.9497376273279144,0.9991451773756945,0.01058544310977544
0.9497633501389032,0.9991451773756945,0.010583053774731852
0.9498147957608808,0.9991451773756945,0.010582536877040373
0.950380697602634,0.9991451773756945,0.010523529551881376
0.9504578660356003,0.9991451773756945,0.01052314525378071
0.9508951538224097,0.9991451773756945,0.010482123496932639
0.9509465994443873,0.9991451773756945,0.010472270933082286
0.9510494906883424,0.9991451773756945,0.010443811858461974
0.9511266591213088,0.9991451773756945,0.010442910808728221
0.9512295503652639,0.9991451773756945,0.010432291786195185
0.9512809959872415,0.9991451773756945,0.010425861206180234
0.9513838872311966,0.9991451773756945,0.010411767817752849
0.9514353328531742,0.9991451773756945,0.010403245928285492
0.9517954522070172,0.9991451773756945,0.010354863485423341
0.9518468978289948,0.9991451773756945,0.010349633536583278
0.9518983434509724,0.9991451773756945,0.010346829680633928
0.9519497890729499,0.9991451773756945,0.010338937683626842
0.9520784031278938,0.9991451773756945,0.010331572072858284
0.9521298487498714,0.9991451773756945,0.010324956955639451
0.9521555715608602,0.9991451773756945,0.010322173678142149
0.9522327399938265,0.9991451773756945,0.010320522203367858
0.9522841856158041,0.9991451773756945,0.010309511372332013
0.9523870768597592,0.9991451773756945,0.010306867028433213
0.9525414137256919,0.9991451773756945,0.01029356792974449
0.9525928593476695,0.9991451773756945,0.010292768453917548
0.9527214734026135,0.9991451773756945,0.01028505449267826
0.9528243646465686,0.9992876478130788,0.010283387158604244
0.9528500874575574,0.9992876478130788,0.010281692974156745
0.952901533079535,0.9992876478130788,0.010281400878904287
0.9531844840004116,0.9992876478130788,0.010250235627479294
0.9532359296223891,0.9992876478130788,0.010249012634485832
0.9532616524333779,0.9992876478130788,0.010247150907787677
0.953364543677333,0.9992876478130788,0.010232588319323178
0.9534417121102994,0.9992876478130788,0.010229704645877604
0.953621771787221,0.9992876478130788,0.010216445641964313
0.9536989402201873,0.9992876478130788,0.010204632652599683
0.9537246630311761,0.9992876478130788,0.010195786286494205
0.9537761086531537,0.9992876478130788,0.01019208029789674
0.95385327708612,0.9992876478130788,0.010181226112241506
0.9539047227080976,0.9992876478130788,0.010180817312664108
0.9539304455190863,0.9992876478130788,0.010179893315440128
0.9539818911410639,0.9992876478130788,0.010176852580471277
0.9540076139520527,0.9992876478130788,0.01017518909034725
0.9540590595740303,0.9992876478130788,0.01017156788481764
0.954213396439963,0.9992876478130788,0.01015866688820298
0.9542905648729293,0.9992876478130788,0.010158644809402043
0.9543677333058956,0.9992876478130788,0.010142103318972315
0.9544963473608395,0.9992876478130788,0.010137532536436821
0.9545992386047948,0.9992876478130788,0.01012617718309331
0.9546506842267724,0.9992876478130788,0.010124787609110349
0.954805021092705,0.9992876478130788,0.010107687722426427
0.9548821895256714,0.9992876478130788,0.010099386045169714
0.9549079123366602,0.9992876478130788,0.010098984586806331
0.9549593579586377,0.9992876478130788,0.010093630359555766
0.9551394176355592,0.9992876478130788,0.010066535804051518
0.9551908632575368,0.9992876478130788,0.010064558635613506
0.9553194773124807,0.9992876478130788,0.010052919687151694
0.9554223685564358,0.9992876478130788,0.010050147482410251
0.9554995369894022,0.9992876478130788,0.010049305858149683
0.9556795966663237,0.9992876478130788,0.010022795212914175
0.9557310422883013,0.9992876478130788,0.010021157549738997
0.9557567650992901,0.9992876478130788,0.010020740073861719
0.9558082107212676,0.9992876478130788,0.010020691190281327
0.9558339335322564,0.9992876478130788,0.010018420355072853
0.955885379154234,0.9992876478130788,0.010016988712993115
0.9564255581849984,0.9992876478130788,0.009960764111149331
0.9565541722399424,0.9992876478130788,0.009955076017364447
0.9566570634838976,0.9992876478130788,0.009930188545343395
0.9567085091058751,0.9992876478130788,0.009926031391768054
0.9567856775388415,0.9992876478130788,0.009919946265021202
0.956837123160819,0.9992876478130788,0.009918943936242635
0.9570429056487293,0.9992876478130788,0.009898986628381373
0.9571200740816956,0.9992876478130788,0.009894518583467243
0.9576602531124602,0.9992876478130788,0.009846705223545136
0.9577374215454265,0.9992876478130788,0.009843661145331483
0.9578145899783929,0.9992876478130788,0.009836013291809557
0.9578660356003704,0.9992876478130788,0.009833020001221656
0.9580460952772919,0.9992876478130788,0.009832740948305592
0.9583290461981685,0.9992876478130788,0.009803134182559138
0.9584062146311348,0.9992876478130788,0.009802741725072821
0.9585348286860789,0.9992876478130788,0.009792625780999485
0.9585862743080564,0.9992876478130788,0.00979124370108464
0.958637719930034,0.9992876478130788,0.009788716864199982
0.9586891655520116,0.9992876478130788,0.009787422844301489
0.9587148883630003,0.9992876478130788,0.009779496613189423
0.9587663339849779,0.9992876478130788,0.009777459614523018
0.9589206708509106,0.9992876478130788,0.009757045736012037
0.9590235620948657,0.9992876478130788,0.009756265317539996
0.9591264533388209,0.9992876478130788,0.009751669807077576
0.9591778989607984,0.9992876478130788,0.009750835390133768
0.9593579586377199,0.9992876478130788,0.00973078070444211
0.9595122955036527,0.9992876478130788,0.009710395059372864
0.9596666323695854,0.9992876478130788,0.009692677683419637
0.959718077991563,0.9992876478130788,0.009690908574853151
0.9599238604794732,0.9992876478130788,0.009674296207605971
0.9600524745344171,0.9992876478130788,0.009669651954409709
0.9600781973454059,0.9992876478130788,0.009666097397702189
0.9601296429673835,0.9992876478130788,0.009656655608656351
0.9602582570223274,0.9992876478130788,0.009637869864165639
0.9603611482662825,0.9992876478130788,0.009625943124360034
0.9604640395102377,0.9992876478130788,0.009623415066750223
0.9606440991871592,0.9992876478130788,0.009589096287211439
0.9607469904311143,0.9992876478130788,0.009588076698262154
0.9608756044860582,0.9992876478130788,0.009565901981597041
0.9609270501080358,0.9992876478130788,0.009562668485725215
0.9610042185410022,0.9992876478130788,0.009554030354995243
0.9610556641629797,0.9992876478130788,0.009542226116471448
0.96126144665089,0.9992876478130788,0.009523940481442382
0.9613128922728675,0.9992876478130788,0.00952117505456954
0.9620074081695648,0.9992876478130788,0.009426921000528448
0.9620588537915423,0.999430118250463,0.009425712051689628
0.9621102994135199,0.999430118250463,0.009423318579658273
0.9621617450354975,0.999430118250463,0.009420443567297435
0.9624446959563742,0.999430118250463,0.009365040510921718
0.9624961415783517,0.999430118250463,0.00935827670582057
0.9625475872003293,0.999430118250463,0.009349044477104608
0.9626504784442844,0.999430118250463,0.009344696285282587
0.9630877662310937,0.999430118250463,0.009300138662085925
0.9631649346640601,0.999430118250463,0.009294187926881069
0.963293548719004,0.999430118250463,0.009276036074334507
0.9635507768288919,0.999430118250463,0.009275494702710283
0.963653668072847,0.999430118250463,0.009266675302016454
0.9637051136948246,0.999430118250463,0.009259754442547606
0.9637308365058134,0.999430118250463,0.009259095940931968
0.9638851733717461,0.999430118250463,0.009251652485053885
0.964373906780533,0.999430118250463,0.009199922927347061
0.9644253524025106,0.999430118250463,0.009199294105312096
0.9645282436464657,0.999430118250463,0.009165311063822465
0.9645796892684433,0.999430118250463,0.009161956733305637
0.9646825805123984,0.999430118250463,0.009155236419662314
0.964734026134376,0.999430118250463,0.009150439869160677
0.9648111945673423,0.999430118250463,0.00913522830120432
0.9648626401893199,0.999430118250463,0.009125742927843331
0.9648883630003087,0.999430118250463,0.009122445005901265
0.9649140858112975,0.9995725886878473,0.00912132110009518
0.964965531433275,0.9995725886878473,0.009112954472247803
0.9650426998662414,0.9995725886878473,0.00911109433210553
0.9654285420310732,0.9995725886878473,0.009066243278363346
0.9654799876530508,0.9995725886878473,0.009062192449062414
0.9655314332750283,0.9995725886878473,0.009060897912608005
0.9655828788970059,0.9995725886878473,0.009059080585512573
0.9657629385739274,0.9995725886878473,0.009038544313007608
0.9658658298178825,0.9995725886878473,0.009037776834461862
0.9659944438728264,0.9995725886878473,0.009022625545340803
0.966045889494804,0.9995725886878473,0.00901496081478533
0.966406008848647,0.9995725886878473,0.008950609188448639
0.9664574544706246,0.9995725886878473,0.008948581261184451
0.9665603457145797,0.9995725886878473,0.008930983454335172
0.9666375141475461,0.9995725886878473,0.008929107339570254
0.9667404053915012,0.9995725886878473,0.00890950110987859
0.9667918510134788,0.9995725886878473,0.00890543380459478
0.9668947422574339,0.9995725886878473,0.008881291778219481
0.9669461878794114,0.9995725886878473,0.00887812097011502
0.966997633501389,0.9995725886878473,0.008872817181527336
0.9670490791233666,0.9995725886878473,0.008870426604316283
0.9671776931783105,0.9995725886878473,0.008853401926375966
0.967229138800288,0.9995725886878473,0.008852946299022118
0.9674091984772096,0.9995725886878473,0.008844528676255677
0.9674606440991872,0.9995725886878473,0.008842499797814696
0.967486366910176,0.9995725886878473,0.008833868654956308
0.9675378125321535,0.9995725886878473,0.008832663371746399
0.9675892581541311,0.9995725886878473,0.008822498952644264
0.9676407037761087,0.9995725886878473,0.00881806332367332
0.967949377507974,0.9995725886878473,0.008767591047386303
0.9680522687519292,0.9995725886878473,0.008764400704133271
0.9685152793497274,0.9995725886878473,0.00870413781490276
0.9685667249717049,0.9995725886878473,0.008701960739174034
0.9686953390266488,0.9995725886878473,0.008690324266280414
0.968798230270604,0.9995725886878473,0.008690293643742566
0.9691069040024693,0.9995725886878473,0.008671122665099605
0.9692097952464245,0.9995725886878473,0.008666512298405643
0.9693384093013685,0.9995725886878473,0.008647521644004206
0.9694155777343348,0.9995725886878473,0.008645203863369732
0.9696470830332339,0.9995725886878473,0.008617863394878179
0.9697242514662002,0.9995725886878473,0.008611750124644805
0.9699043111431217,0.9995725886878473,0.008596621510729222
0.9699557567650993,0.9995725886878473,0.008594400994987388
0.970238707685976,0.9995725886878473,0.008578701414371958
0.9702901533079535,0.9995725886878473,0.008574446545859756
0.9703930445519087,0.9995725886878473,0.008561962124163661
0.9704444901738862,0.9995725886878473,0.008557281581545423
0.970470212984875,0.9995725886878473,0.008557050743160545
0.9705216586068526,0.9995725886878473,0.008556973864803094
0.9705988270398189,0.9995725886878473,0.008548715695611104
0.9706502726617965,0.9995725886878473,0.008546732032908443
0.970701718283774,0.9995725886878473,0.008543119947216465
0.9708046095277292,0.9995725886878473,0.008542416237227516
0.9709589463936619,0.9995725886878473,0.008521056034969107
0.9710875604486058,0.9995725886878473,0.008520840010827042
0.9711390060705833,0.9995725886878473,0.008518785086212182
0.9712676201255274,0.9995725886878473,0.008505842219541924
0.9713190657475049,0.9995725886878473,0.00850304609181192
0.9713447885584937,0.9995725886878473,0.00849945663077818
0.9713962341804713,0.9995725886878473,0.008492910884091277
0.9714219569914601,0.9995725886878473,0.008486057184818931
0.9714734026134376,0.9995725886878473,0.00848429393863336
0.9715762938573927,0.9995725886878473,0.008462800757632054
0.9716277394793703,0.9995725886878473,0.008450310486900564
0.9716791851013479,0.9995725886878473,0.008447537932950581
0.971782076345303,0.9995725886878473,0.008444401493345915
0.9718849675892581,0.9995725886878473,0.008444270197488382
0.9723479781870563,0.9995725886878473,0.00839421138220024
0.9724251466200227,0.9995725886878473,0.008393770418109386
0.9725794834859554,0.9995725886878473,0.008378548171029081
0.9726309291079329,0.9995725886878473,0.008377114330790263
0.9729396028397983,0.9995725886878473,0.00833220648914743
0.9729910484617759,0.9995725886878473,0.008329790056544422
0.9730424940837534,0.9995725886878473,0.008327510958534167
0.973093939705731,0.9995725886878473,0.008326955819447828
0.9731453853277087,0.9995725886878473,0.008325068803159589
0.9731968309496862,0.9995725886878473,0.008324746216154337
0.9732482765716638,0.9995725886878473,0.008319338695983933
0.9733254450046301,0.9995725886878473,0.008318495025931296
0.9735312274925404,0.9995725886878473,0.008290540429727898
0.973582673114518,0.9995725886878473,0.008287085509162453
0.9737627327914394,0.9995725886878473,0.008275401510084893
0.973814178413417,0.9995725886878473,0.008274768517753528
0.9739942380903385,0.9995725886878473,0.008253677890800537
0.9740714065233048,0.9995725886878473,0.008252857014044448
0.9741228521452825,0.9995725886878473,0.008250503036678071
0.9741742977672601,0.9995725886878473,0.008249570776030779
0.9743286346331927,0.9995725886878473,0.008240092149394423
0.9743800802551703,0.9995725886878473,0.008238995884706536
0.9745858627430806,0.9995725886878473,0.0082201442852487
0.9746373083650581,0.9995725886878473,0.008219557359434141
0.9747144767980245,0.9995725886878473,0.008216164750954484
0.974765922420002,0.9995725886878473,0.008216074542996717
0.9748430908529684,0.9995725886878473,0.008206742969936584
0.9749974277189011,0.9995725886878473,0.00819987205737851
0.9750745961518674,0.9995725886878473,0.00819507473825128
0.9751260417738451,0.9995725886878473,0.00819406558709038
0.9752032102068114,0.9995725886878473,0.00818709779132964
0.9752803786397778,0.9995725886878473,0.008182003837788207
0.9753575470727441,0.9995725886878473,0.0081793218364802
0.9754089926947217,0.9995725886878473,0.00817826072936141
0.975614775182632,0.9995725886878473,0.008149624834964998
0.9756662208046095,0.9995725886878473,0.008147934971795463
0.9757176664265871,0.9995725886878473,0.008147115024956495
0.9757948348595534,0.9995725886878473,0.008146013954798411
0.9761035085914189,0.9995725886878473,0.008127082322133139
0.9761549542133965,0.9995725886878473,0.00812696251489311
0.9764121823232843,0.9995725886878473,0.008108098770185626
0.9764636279452619,0.9995725886878473,0.008104719257268416
0.9765922420002058,0.9995725886878473,0.00808807142480413
0.9767465788661385,0.9995725886878473,0.00808804198281659
0.9768237472991048,0.9995725886878473,0.008074443422325283
0.9768751929210824,0.9995725886878473,0.008071050336549816
0.9769523613540487,0.9995725886878473,0.008067686140081812
0.9770038069760263,0.9995725886878473,0.008062309808353119
0.9771066982199815,0.9995725886878473,0.008056209491857818
0.9771581438419591,0.9995725886878473,0.008054529695726577
0.977286757896903,0.9995725886878473,0.00804737640667186
0.9773382035188806,0.9995725886878473,0.008033010004734937
0.9774925403848133,0.9995725886878473,0.008018026719316004
0.9775439860067908,0.9995725886878473,0.008017724057338282
0.9780327194155778,0.9995725886878473,0.007950473556626035
0.9780841650375554,0.9995725886878473,0.007945440212058556
0.9782127790924993,0.9995725886878473,0.007934300686819199
0.9782899475254656,0.9995725886878473,0.00793279712225489
0.9784185615804095,0.9995725886878473,0.007931044917650499
0.9785214528243646,0.9995725886878473,0.007924205119032692
0.9786243440683198,0.9995725886878473,0.007921629307697091
0.9787529581232637,0.9995725886878473,0.007901828977337308
0.9788044037452412,0.9995725886878473,0.007894799059106257
0.9789072949891964,0.9995725886878473,0.007891610518557033
0.9789844634221627,0.9995725886878473,0.007886247884382509
0.9790359090441404,0.9995725886878473,0.007882283202215346
0.979087354666118,0.9995725886878473,0.007880380590477251
0.9792674143430394,0.9995725886878473,0.007858152059001013
0.979318859965017,0.9995725886878473,0.00785583952941186
0.9793703055869946,0.9995725886878473,0.007847575687427206
0.9794217512089721,0.9995725886878473,0.007846932445628677
0.9794731968309497,0.9995725886878473,0.00784525307030442
0.9795246424529273,0.9995725886878473,0.007842324877074657
0.9798075933738039,0.9995725886878473,0.007817936844552566
0.9798847618067702,0.9995725886878473,0.007809165661186437
0.9799876530507254,0.9995725886878473,0.0077999957809885365
0.980039098672703,0.9995725886878473,0.007790462666859076
0.9802191583496245,0.9995725886878473,0.00777237969752243
0.980270603971602,0.9995725886878473,0.0077699703013919055
0.9809651198682993,0.9995725886878473,0.007658860275370476
0.9810165654902768,0.9995725886878473,0.007657386276479547
0.9810937339232432,0.9995725886878473,0.007656827804385492
0.9811451795452207,0.9995725886878473,0.007653730416353367
0.9811966251671983,0.9995725886878473,0.007653286975867138
0.9815052988990637,0.9995725886878473,0.00762099290297525
0.9815567445210412,0.9995725886878473,0.007616617486016026
0.9816339129540076,0.9995725886878473,0.0076156714006701725
0.9819940323078507,0.9995725886878473,0.0075698242633302345
0.9820454779298282,0.9995725886878473,0.007568330275832719
0.9829714991254245,0.9995725886878473,0.007408545714094239
0.983022944747402,0.9995725886878473,0.007400969982621888
0.9831258359913572,0.9995725886878473,0.007389823753648146
0.9832030044243235,0.9995725886878473,0.0073893071722279735
0.9836917378331104,0.9995725886878473,0.007314453110393642
0.9837431834550879,0.9995725886878473,0.007308702838772165
0.9841547484309086,0.9995725886878473,0.007275357356565517
0.9842061940528861,0.9995725886878473,0.007273203144074628
0.9842576396748637,0.9995725886878473,0.007271587783324355
0.9843090852968412,0.9995725886878473,0.007270772890755867
0.9843862537298076,0.9995725886878473,0.007267568981165502
0.9844634221627739,0.9995725886878473,0.007263063407876009
0.9845148677847515,0.9995725886878473,0.0072527835522329396
0.9845663134067291,0.9995725886878473,0.007248600583096992
0.9849007099495833,0.9995725886878473,0.007236604298187287
0.985055046815516,0.9995725886878473,0.007211674387499392
0.985055046815516,0.9997150591252315,0.007209561407476531
0.9851322152484824,0.9997150591252315,0.00720707573692407
0.9852093836814487,0.9997150591252315,0.007194829676269249
0.9852608293034263,0.9997150591252315,0.007194008486825176
0.9853637205473814,0.9997150591252315,0.007175771885823019
0.985415166169359,0.9997150591252315,0.007175651703619608
0.9854666117913365,0.9997150591252315,0.007167109314445158
0.9854666117913365,0.9998575295626158,0.007166276879342413
0.9855437802243029,0.9998575295626158,0.007163622395187801
0.985646671468258,0.9998575295626158,0.007159416627699003
0.9856981170902356,0.9998575295626158,0.007149184177896212
0.9857752855232019,0.9998575295626158,0.007149127335978551
0.9858010083341907,0.9998575295626158,0.007147843586205862
0.9858524539561684,0.9998575295626158,0.007142886511113002
0.9858781767671572,0.9998575295626158,0.007134177328559647
0.9859296223891347,0.9998575295626158,0.007129282198822084
0.9859810680111123,0.9998575295626158,0.007121711388619731
0.9860325136330899,0.9998575295626158,0.007121440261997042
0.9861096820660562,0.9998575295626158,0.007106935372234623
0.9861611276880338,0.9998575295626158,0.007103910429094537
0.9862382961210001,0.9998575295626158,0.007097270811247064
0.9863411873649552,0.9998575295626158,0.0070869471360022075
0.9864440786089104,0.9998575295626158,0.007073682325338706
0.9864955242308879,0.9998575295626158,0.0070698544351960576
0.9866241382858318,0.9998575295626158,0.007050569001591136
0.9866755839078094,0.9998575295626158,0.007049557388047031
0.986855643584731,0.9998575295626158,0.007032013423576
0.9869070892067086,0.9998575295626158,0.007024503105261262
0.9869585348286861,0.9998575295626158,0.007021608351708286
0.9870099804506637,0.9998575295626158,0.007019882094096026
0.9872414857495627,0.9998575295626158,0.0069938119877556
0.9872929313715403,0.9998575295626158,0.006990215625751408
0.9874987138594505,0.9998575295626158,0.0069564693082102315
0.9875758822924169,0.9998575295626158,0.006953055363792713
0.9880388928902151,0.9998575295626158,0.006885375348450685
0.9880903385121926,0.9998575295626158,0.0068838696334580455
0.9882703981891141,0.9998575295626158,0.006853114027739189
0.9883218438110917,0.9998575295626158,0.006846340844192702
0.9884504578660356,0.9998575295626158,0.006844724582868739
0.9884761806770244,0.9998575295626158,0.006837552140035283
0.9885533491099907,0.9998575295626158,0.006837404343987333
0.988887745652845,0.9998575295626158,0.006768906994617699
0.9889391912748225,0.9998575295626158,0.006762779281875476
0.9890935281407552,0.9998575295626158,0.0067447565925748175
0.9891964193847104,0.9998575295626158,0.006739661424789306
0.9892735878176767,0.9998575295626158,0.00673098971021588
0.9893507562506431,0.9998575295626158,0.006729308189303976
0.9894536474945982,0.9998575295626158,0.006708166711239476
0.9895565387385533,0.9998575295626158,0.006695003439994311
0.9896337071715197,0.9998575295626158,0.006688523062764766
0.9897623212264637,0.9998575295626158,0.006644650253367033
0.9898137668484412,0.9998575295626158,0.006639285957030526
0.9898652124704188,0.9998575295626158,0.006630473129717791
0.9899166580923964,0.9998575295626158,0.006628979881180822
0.9905854511781047,0.9998575295626158,0.006497660949945463
0.990662619611071,0.9998575295626158,0.006480431181116928
0.9908684020989814,0.9998575295626158,0.0064046170864662435
0.990919847720959,0.9998575295626158,0.006403457585442107
0.9910741845868917,0.9998575295626158,0.0063716433394917105
0.9911256302088692,0.9998575295626158,0.0063694309343615176
0.9914600267517234,0.9998575295626158,0.006296902226467938
0.991511472373701,0.9998575295626158,0.006295552305567322
0.9919487601605104,0.9998575295626158,0.0062039587269840995
0.9920002057824879,0.9998575295626158,0.0061984671580314005
0.9920259285934767,0.9998575295626158,0.006195184993996736
0.9920773742154543,0.9998575295626158,0.006190473497002002
0.992231711081387,0.9998575295626158,0.006174932547711262
0.9922831567033645,0.9998575295626158,0.006174894829867801
0.9923346023253421,0.9998575295626158,0.006161495091914017
0.9923860479473197,0.9998575295626158,0.006147245120680894
0.9933635147648935,0.9998575295626158,0.005942707453632378
0.9934406831978598,0.9998575295626158,0.005939447297152363
0.9939294166066468,0.9998575295626158,0.005797678873355987
0.9939808622286244,0.9998575295626158,0.0057907056272480505
0.994263813149501,0.9998575295626158,0.00570859497350805
0.9942895359604897,1.0,0.005698870231816272
0.9943152587714785,1.0,0.0056933140258448684
0.9944438728264224,1.0,0.0056811898178994865
0.9944695956374112,1.0,0.005673835855710574
0.9945210412593888,1.0,0.0056662799649465035
0.9948811606132318,1.0,0.005550080311963475
0.994984051857187,1.0,0.00554266971964508
0.9950354974791645,1.0,0.005536216555519618
0.9950869431011421,1.0,0.005535429630880586
0.9960129642967384,1.0,0.0052286663818224164
0.9960644099187159,1.0,0.0052113821987591425
0.9972476592242,1.0,0.004721823140612672
0.9972991048461776,1.0,0.004708173513317479
0.9975306101450766,1.0,0.004608227326573084
0.9976335013890318,1.0,0.004556907389689199
0.9976592242000206,1.0,0.004541833673506754
0.9977106698219982,1.0,0.004514299478729776
0.998328017285729,1.0,0.0042740072414338155
0.9984309085296841,1.0,0.0042374185160923535
0.9984823541516616,1.0,0.004190610859489195
0.9985337997736392,1.0,0.0041899573621895355
0.9988424735055047,1.0,0.00409538183774278
0.998919641938471,1.0,0.004075669004956611
1.0,1.0,0.0027044334917130245
